date,username,to,replies,retweets,favorites,text,mentions,formatted_date,geo,hashtags,urls,permalink,ID,author_id
2020-02-28 23:46:38+00:00,21gjonax,danjo_egoisti,1,0,0,GN flori,,Fri Feb 28 23:46:38 +0000 2020,,,,https://twitter.com/21gjonax/status/1233539032631644160,1233539032631644160,1072806272859324417
2020-02-28 23:29:09+00:00,21gjonax,joaanaaxo,0,0,1,Interesante.,,Fri Feb 28 23:29:09 +0000 2020,,,,https://twitter.com/21gjonax/status/1233534635306602496,1233534635306602496,1072806272859324417
2020-02-28 23:16:10+00:00,21gjonax,joaanaaxo,1,0,0,Pse flet ne shumes?,,Fri Feb 28 23:16:10 +0000 2020,,,,https://twitter.com/21gjonax/status/1233531369273339913,1233531369273339913,1072806272859324417
2020-02-28 23:09:35+00:00,21gjonax,cokollatacikita,2,0,13,Wilson Fisk a.k.a Kingpin,,Fri Feb 28 23:09:35 +0000 2020,,,https://twitter.com/cokollatacikita/status/1233528867144466432,https://twitter.com/21gjonax/status/1233529712238104579,1233529712238104579,1072806272859324417
2020-02-28 23:06:40+00:00,21gjonax,joaanaaxo,1,0,1,Lucy,,Fri Feb 28 23:06:40 +0000 2020,,,,https://twitter.com/21gjonax/status/1233528978507468800,1233528978507468800,1072806272859324417
2020-02-28 23:04:21+00:00,21gjonax,joaanaaxo,0,0,1,Falco,,Fri Feb 28 23:04:21 +0000 2020,,,,https://twitter.com/21gjonax/status/1233528391988600835,1233528391988600835,1072806272859324417
2020-02-28 23:04:00+00:00,21gjonax,joaanaaxo,1,0,0,Sedër,,Fri Feb 28 23:04:00 +0000 2020,,,,https://twitter.com/21gjonax/status/1233528306835824642,1233528306835824642,1072806272859324417
2020-02-28 19:11:39+00:00,21gjonax,SethM4cfarlane,1,0,0,Por nuk thashe as qe sdo largohem. ,,Fri Feb 28 19:11:39 +0000 2020,,,,https://twitter.com/21gjonax/status/1233469832663851010,1233469832663851010,1072806272859324417
2020-02-28 19:08:39+00:00,21gjonax,Fiorelos1,0,0,0,Luspa,,Fri Feb 28 19:08:39 +0000 2020,,,,https://twitter.com/21gjonax/status/1233469079559774208,1233469079559774208,1072806272859324417
2020-02-28 19:07:31+00:00,21gjonax,hiqehiqebrisin,0,0,0,No cap on that sentence.,,Fri Feb 28 19:07:31 +0000 2020,,,,https://twitter.com/21gjonax/status/1233468793575346178,1233468793575346178,1072806272859324417
2020-02-28 19:05:56+00:00,21gjonax,,0,0,0, prap,,Fri Feb 28 19:05:56 +0000 2020,,,,https://twitter.com/21gjonax/status/1233468391974932480,1233468391974932480,1072806272859324417
2020-02-28 19:04:44+00:00,21gjonax,hiqehiqebrisin,1,0,0,Why you say that? ,,Fri Feb 28 19:04:44 +0000 2020,,,,https://twitter.com/21gjonax/status/1233468093965504514,1233468093965504514,1072806272859324417
2020-02-28 19:01:24+00:00,21gjonax,PerendiaQePiVer,0,0,0,Ok m.,,Fri Feb 28 19:01:24 +0000 2020,,,,https://twitter.com/21gjonax/status/1233467251472334850,1233467251472334850,1072806272859324417
2020-02-28 18:59:26+00:00,21gjonax,,0,0,0, ,,Fri Feb 28 18:59:26 +0000 2020,,,,https://twitter.com/21gjonax/status/1233466758993981440,1233466758993981440,1072806272859324417
2020-02-28 18:57:44+00:00,21gjonax,Bere_Veseli,0,0,0,Mos bej anti-reklame. ,,Fri Feb 28 18:57:44 +0000 2020,,,,https://twitter.com/21gjonax/status/1233466330160009220,1233466330160009220,1072806272859324417
2020-02-28 18:56:47+00:00,21gjonax,danjo_egoisti,0,0,0,Flm flori.,,Fri Feb 28 18:56:47 +0000 2020,,,,https://twitter.com/21gjonax/status/1233466090086420481,1233466090086420481,1072806272859324417
2020-02-28 18:55:28+00:00,21gjonax,aarassssss,0,0,0,Jo ca?,,Fri Feb 28 18:55:28 +0000 2020,,,,https://twitter.com/21gjonax/status/1233465758979690498,1233465758979690498,1072806272859324417
2020-02-28 18:54:32+00:00,21gjonax,SethM4cfarlane,1,0,0,Nuk thashe qe do largohem nga twitteri. ,,Fri Feb 28 18:54:32 +0000 2020,,,,https://twitter.com/21gjonax/status/1233465526418051073,1233465526418051073,1072806272859324417
2020-02-28 18:53:06+00:00,21gjonax,diteyyyy,0,0,0,Thnx bro. Edhe 4 tani. Gogogo.,,Fri Feb 28 18:53:06 +0000 2020,,,,https://twitter.com/21gjonax/status/1233465163837329408,1233465163837329408,1072806272859324417
2020-02-28 18:50:27+00:00,21gjonax,alberkamyyy,0,0,0,Flm. Dhe ti gezuar ditlindjen. Edhe 100.,,Fri Feb 28 18:50:27 +0000 2020,,,,https://twitter.com/21gjonax/status/1233464496603172864,1233464496603172864,1072806272859324417
2020-02-28 18:14:47+00:00,21gjonax,,7,0,55,Edhe 6 followers dhe do largohem.,,Fri Feb 28 18:14:47 +0000 2020,,,,https://twitter.com/21gjonax/status/1233455520394203136,1233455520394203136,1072806272859324417
2020-02-28 18:09:16+00:00,21gjonax,redhairenergy,1,0,0,Jo ti.,,Fri Feb 28 18:09:16 +0000 2020,,,,https://twitter.com/21gjonax/status/1233454131416903681,1233454131416903681,1072806272859324417
2020-02-28 18:07:43+00:00,21gjonax,redhairenergy,1,0,0,E ver8.,,Fri Feb 28 18:07:43 +0000 2020,,,,https://twitter.com/21gjonax/status/1233453744903331844,1233453744903331844,1072806272859324417
2020-02-28 18:06:07+00:00,21gjonax,redhairenergy,1,0,1,,,Fri Feb 28 18:06:07 +0000 2020,,,,https://twitter.com/21gjonax/status/1233453341709082624,1233453341709082624,1072806272859324417
2020-02-28 16:08:33+00:00,21gjonax,Twitter,0,0,25,Do you know Victoria's secret?,,Fri Feb 28 16:08:33 +0000 2020,,,https://twitter.com/Twitter/status/1233400721523052544,https://twitter.com/21gjonax/status/1233423755315204097,1233423755315204097,1072806272859324417
2020-02-28 15:05:12+00:00,21gjonax,aarassssss,1,0,5,My deaf friend died laughing when I told this. Lmaooo.,,Fri Feb 28 15:05:12 +0000 2020,,,,https://twitter.com/21gjonax/status/1233407811155001344,1233407811155001344,1072806272859324417
2020-02-28 14:46:28+00:00,21gjonax,,0,2,53,,,Fri Feb 28 14:46:28 +0000 2020,,,,https://twitter.com/21gjonax/status/1233403097029828609,1233403097029828609,1072806272859324417
2020-02-28 14:44:29+00:00,21gjonax,,0,0,10,,,Fri Feb 28 14:44:29 +0000 2020,,,,https://twitter.com/21gjonax/status/1233402599296131077,1233402599296131077,1072806272859324417
2020-02-28 01:37:58+00:00,21gjonax,baziingaaaaaa,2,0,1,"Pse, me ca mund te pikturosh tjeter pervec se me dore???",,Fri Feb 28 01:37:58 +0000 2020,,,,https://twitter.com/21gjonax/status/1233204663614365697,1233204663614365697,1072806272859324417
2020-02-28 00:06:13+00:00,21gjonax,ado1z,1,0,1,Edhe 10000 zemra e laut.,,Fri Feb 28 00:06:13 +0000 2020,,,,https://twitter.com/21gjonax/status/1233181573207470086,1233181573207470086,1072806272859324417
2020-02-27 21:48:35+00:00,21gjonax,bluediggory,1,0,1,S,,Thu Feb 27 21:48:35 +0000 2020,,,,https://twitter.com/21gjonax/status/1233146937613979651,1233146937613979651,1072806272859324417
2020-02-27 21:28:30+00:00,21gjonax,Aleksandro_T,1,0,0,F,,Thu Feb 27 21:28:30 +0000 2020,,,,https://twitter.com/21gjonax/status/1233141885025366027,1233141885025366027,1072806272859324417
2020-02-27 21:07:51+00:00,21gjonax,,0,0,0,Je cheloze se je fake. Huh ,,Thu Feb 27 21:07:51 +0000 2020,,,,https://twitter.com/21gjonax/status/1233136688173649920,1233136688173649920,1072806272859324417
2020-02-27 21:06:09+00:00,21gjonax,ReemDepp,0,0,14,Ja ku paska qenë @diteyyyy gjithë këto kohë.,@diteyyyy,Thu Feb 27 21:06:09 +0000 2020,,,https://twitter.com/ReemDepp/status/1232652971583954944,https://twitter.com/21gjonax/status/1233136261046710287,1233136261046710287,1072806272859324417
2020-02-27 20:51:29+00:00,21gjonax,vet97a,0,0,0,A,,Thu Feb 27 20:51:29 +0000 2020,,,,https://twitter.com/21gjonax/status/1233132567370641414,1233132567370641414,1072806272859324417
2020-02-27 20:39:32+00:00,21gjonax,pukjanropt,1,0,0,F,,Thu Feb 27 20:39:32 +0000 2020,,,,https://twitter.com/21gjonax/status/1233129561656872960,1233129561656872960,1072806272859324417
2020-02-27 20:34:17+00:00,21gjonax,NeutralsStuff,1,0,0,F again.,,Thu Feb 27 20:34:17 +0000 2020,,,,https://twitter.com/21gjonax/status/1233128240027512834,1233128240027512834,1072806272859324417
2020-02-27 17:16:50+00:00,21gjonax,diorChristiannn,1,0,0,Jo ti.,,Thu Feb 27 17:16:50 +0000 2020,,,,https://twitter.com/21gjonax/status/1233078550653231104,1233078550653231104,1072806272859324417
2020-02-27 17:14:06+00:00,21gjonax,rionabehaa,0,0,1,S,,Thu Feb 27 17:14:06 +0000 2020,,,,https://twitter.com/21gjonax/status/1233077861927571458,1233077861927571458,1072806272859324417
2020-02-27 17:13:40+00:00,21gjonax,diorChristiannn,1,0,0,F,,Thu Feb 27 17:13:40 +0000 2020,,,,https://twitter.com/21gjonax/status/1233077754670845952,1233077754670845952,1072806272859324417
2020-02-27 17:13:27+00:00,21gjonax,KijeviSDMN,0,0,0,F,,Thu Feb 27 17:13:27 +0000 2020,,,,https://twitter.com/21gjonax/status/1233077698047729666,1233077698047729666,1072806272859324417
2020-02-27 17:12:58+00:00,21gjonax,annoynglugat,0,0,0,S,,Thu Feb 27 17:12:58 +0000 2020,,,,https://twitter.com/21gjonax/status/1233077575209144320,1233077575209144320,1072806272859324417
2020-02-27 17:12:50+00:00,21gjonax,fjordthechemist,0,0,0,F,,Thu Feb 27 17:12:50 +0000 2020,,,,https://twitter.com/21gjonax/status/1233077544364265474,1233077544364265474,1072806272859324417
2020-02-27 17:12:36+00:00,21gjonax,WeedIAm1,0,0,0,F,,Thu Feb 27 17:12:36 +0000 2020,,,,https://twitter.com/21gjonax/status/1233077486184955904,1233077486184955904,1072806272859324417
2020-02-27 11:06:59+00:00,21gjonax,,1,0,12,Saint Pablo is a MASTERPIECE.,,Thu Feb 27 11:06:59 +0000 2020,,,,https://twitter.com/21gjonax/status/1232985473989173248,1232985473989173248,1072806272859324417
2020-02-27 11:05:09+00:00,21gjonax,deaaa00,1,0,2,Deri ne Zejmen jam une.,,Thu Feb 27 11:05:09 +0000 2020,,,,https://twitter.com/21gjonax/status/1232985012636672007,1232985012636672007,1072806272859324417
2020-02-27 10:41:17+00:00,21gjonax,,0,0,0,S,,Thu Feb 27 10:41:17 +0000 2020,,,,https://twitter.com/21gjonax/status/1232979007387377665,1232979007387377665,1072806272859324417
2020-02-27 10:40:54+00:00,21gjonax,claptrapross,0,0,0,S,,Thu Feb 27 10:40:54 +0000 2020,,,,https://twitter.com/21gjonax/status/1232978911803383809,1232978911803383809,1072806272859324417
2020-02-27 10:40:41+00:00,21gjonax,erisakrasniqii,0,0,1,S,,Thu Feb 27 10:40:41 +0000 2020,,,,https://twitter.com/21gjonax/status/1232978854928617472,1232978854928617472,1072806272859324417
2020-02-27 10:40:28+00:00,21gjonax,koalush,1,0,1,S³,,Thu Feb 27 10:40:28 +0000 2020,,,,https://twitter.com/21gjonax/status/1232978800822161411,1232978800822161411,1072806272859324417
2020-02-27 10:01:24+00:00,21gjonax,kaclali,0,0,0,Hihihi ,,Thu Feb 27 10:01:24 +0000 2020,,,,https://twitter.com/21gjonax/status/1232968970807980032,1232968970807980032,1072806272859324417
2020-02-27 09:58:51+00:00,21gjonax,kari_qa,0,0,1,"Duhen 898.89 gram ar per te mbuluar nje fushe tenisi, kurse per ballin e Herolindit duhet me grabit banken e Zvicres.",,Thu Feb 27 09:58:51 +0000 2020,,,,https://twitter.com/21gjonax/status/1232968329146568705,1232968329146568705,1072806272859324417
2020-02-27 09:51:38+00:00,21gjonax,specicuori,0,0,6,Ke te drejte. Te gjithe kemi nje te perbashket dhe kjo e perbashket eshte se te gjithe jemi te ndryshem. ~shprehjemotivuese.al1 #follow #quotes #motivational #like #sunset #coronavirus #nexhmija #ofl #madrid,,Thu Feb 27 09:51:38 +0000 2020,,#follow #quotes #motivational #like #sunset #coronavirus #nexhmija #ofl #madrid,,https://twitter.com/21gjonax/status/1232966513264676864,1232966513264676864,1072806272859324417
2020-02-27 09:45:58+00:00,21gjonax,NeutralsStuff,1,0,0,F,,Thu Feb 27 09:45:58 +0000 2020,,,,https://twitter.com/21gjonax/status/1232965086744121344,1232965086744121344,1072806272859324417
2020-02-27 09:45:42+00:00,21gjonax,edonisthaqqi,0,0,0,F,,Thu Feb 27 09:45:42 +0000 2020,,,,https://twitter.com/21gjonax/status/1232965018813128704,1232965018813128704,1072806272859324417
2020-02-27 09:45:32+00:00,21gjonax,edisonbahtijar,0,0,0,F,,Thu Feb 27 09:45:32 +0000 2020,,,,https://twitter.com/21gjonax/status/1232964978145099779,1232964978145099779,1072806272859324417
2020-02-27 09:45:01+00:00,21gjonax,rneziriii,0,0,0,S,,Thu Feb 27 09:45:01 +0000 2020,,,,https://twitter.com/21gjonax/status/1232964846947315712,1232964846947315712,1072806272859324417
2020-02-27 09:42:53+00:00,21gjonax,LimiPajaziti,0,0,0,F,,Thu Feb 27 09:42:53 +0000 2020,,,,https://twitter.com/21gjonax/status/1232964309531136003,1232964309531136003,1072806272859324417
2020-02-27 09:42:22+00:00,21gjonax,specicuori,1,0,0,Unike deri diku... ka vend per diskutim.,,Thu Feb 27 09:42:22 +0000 2020,,,,https://twitter.com/21gjonax/status/1232964179197353985,1232964179197353985,1072806272859324417
2020-02-27 09:41:04+00:00,21gjonax,kaclali,1,0,0,Nje S dhe per ty @kaclali,@kaclali,Thu Feb 27 09:41:04 +0000 2020,,,,https://twitter.com/21gjonax/status/1232963851492249600,1232963851492249600,1072806272859324417
2020-02-27 09:40:19+00:00,21gjonax,specicuori,1,0,0,F,,Thu Feb 27 09:40:19 +0000 2020,,,,https://twitter.com/21gjonax/status/1232963664644386816,1232963664644386816,1072806272859324417
2020-02-27 09:40:09+00:00,21gjonax,specicuori,0,0,0,S,,Thu Feb 27 09:40:09 +0000 2020,,,,https://twitter.com/21gjonax/status/1232963621119983617,1232963621119983617,1072806272859324417
2020-02-27 09:39:10+00:00,21gjonax,herbigharo24,0,0,1,"Joooo, jam treguar realist ne cdo vleresim. ",,Thu Feb 27 09:39:10 +0000 2020,,,,https://twitter.com/21gjonax/status/1232963373777682432,1232963373777682432,1072806272859324417
2020-02-27 09:38:17+00:00,21gjonax,,0,0,0,Hihihi. Ca tdush.,,Thu Feb 27 09:38:17 +0000 2020,,,,https://twitter.com/21gjonax/status/1232963150481367040,1232963150481367040,1072806272859324417
2020-02-27 08:54:28+00:00,21gjonax,,0,0,0,S si Sergio Ramos me tkuqe. Hihihi.,,Thu Feb 27 08:54:28 +0000 2020,,,,https://twitter.com/21gjonax/status/1232952127087087616,1232952127087087616,1072806272859324417
2020-02-27 07:24:36+00:00,21gjonax,EsiHasa,0,0,0,S,,Thu Feb 27 07:24:36 +0000 2020,,,,https://twitter.com/21gjonax/status/1232929511462899718,1232929511462899718,1072806272859324417
2020-02-27 07:24:05+00:00,21gjonax,elisabeta_voci,0,0,0,S dhe per ty.,,Thu Feb 27 07:24:05 +0000 2020,,,,https://twitter.com/21gjonax/status/1232929380923510784,1232929380923510784,1072806272859324417
2020-02-27 01:00:51+00:00,21gjonax,jurislavstalin,1,0,0,Gn,,Thu Feb 27 01:00:51 +0000 2020,,,,https://twitter.com/21gjonax/status/1232832935029547009,1232832935029547009,1072806272859324417
2020-02-27 01:00:01+00:00,21gjonax,BoyCeyBoyCey2,2,0,1,F,,Thu Feb 27 01:00:01 +0000 2020,,,,https://twitter.com/21gjonax/status/1232832726992117767,1232832726992117767,1072806272859324417
2020-02-27 00:48:19+00:00,21gjonax,itsme4n1,1,0,1,E ke montu koken mbrapsht.,,Thu Feb 27 00:48:19 +0000 2020,,,,https://twitter.com/21gjonax/status/1232829780598370309,1232829780598370309,1072806272859324417
2020-02-27 00:44:04+00:00,21gjonax,,0,0,0,,,Thu Feb 27 00:44:04 +0000 2020,,,,https://twitter.com/21gjonax/status/1232828712414040065,1232828712414040065,1072806272859324417
2020-02-27 00:40:40+00:00,21gjonax,,0,0,0,Paska mbaru vaji.,,Thu Feb 27 00:40:40 +0000 2020,,,,https://twitter.com/21gjonax/status/1232827857430351873,1232827857430351873,1072806272859324417
2020-02-27 00:18:56+00:00,21gjonax,fabbbbbbb_,0,0,0,Per rrespekt.,,Thu Feb 27 00:18:56 +0000 2020,,,,https://twitter.com/21gjonax/status/1232822386430484481,1232822386430484481,1072806272859324417
2020-02-27 00:16:27+00:00,21gjonax,joaanaaxo,0,0,0,Doja te shkruaja F por nuk u shtypte. ,,Thu Feb 27 00:16:27 +0000 2020,,,,https://twitter.com/21gjonax/status/1232821762703970304,1232821762703970304,1072806272859324417
2020-02-27 00:15:13+00:00,21gjonax,,0,0,0,S,,Thu Feb 27 00:15:13 +0000 2020,,,,https://twitter.com/21gjonax/status/1232821450979127296,1232821450979127296,1072806272859324417
2020-02-26 23:58:33+00:00,21gjonax,1002_2041,0,0,0,S,,Wed Feb 26 23:58:33 +0000 2020,,,,https://twitter.com/21gjonax/status/1232817255576227840,1232817255576227840,1072806272859324417
2020-02-26 23:41:47+00:00,21gjonax,_theblonde__one,0,0,1,S,,Wed Feb 26 23:41:47 +0000 2020,,,,https://twitter.com/21gjonax/status/1232813038417436672,1232813038417436672,1072806272859324417
2020-02-26 23:39:31+00:00,21gjonax,lavdie_qirjako,0,0,0,S,,Wed Feb 26 23:39:31 +0000 2020,,,,https://twitter.com/21gjonax/status/1232812466473750528,1232812466473750528,1072806272859324417
2020-02-26 23:37:40+00:00,21gjonax,lavdie_qirjako,1,0,0,pldh,,Wed Feb 26 23:37:40 +0000 2020,,,,https://twitter.com/21gjonax/status/1232812003946901505,1232812003946901505,1072806272859324417
2020-02-26 23:35:13+00:00,21gjonax,ado1z,0,0,2,ASS,,Wed Feb 26 23:35:13 +0000 2020,,,,https://twitter.com/21gjonax/status/1232811385035403264,1232811385035403264,1072806272859324417
2020-02-26 23:34:38+00:00,21gjonax,scou1y,0,0,0,F,,Wed Feb 26 23:34:38 +0000 2020,,,,https://twitter.com/21gjonax/status/1232811238075387906,1232811238075387906,1072806272859324417
2020-02-26 23:34:18+00:00,21gjonax,vleras_,0,0,0,S,,Wed Feb 26 23:34:18 +0000 2020,,,,https://twitter.com/21gjonax/status/1232811154214395904,1232811154214395904,1072806272859324417
2020-02-26 23:33:53+00:00,21gjonax,ihenor_,1,0,0,F,,Wed Feb 26 23:33:53 +0000 2020,,,,https://twitter.com/21gjonax/status/1232811049826553857,1232811049826553857,1072806272859324417
2020-02-26 23:33:42+00:00,21gjonax,someone01226,0,0,0,S,,Wed Feb 26 23:33:42 +0000 2020,,,,https://twitter.com/21gjonax/status/1232811005241184257,1232811005241184257,1072806272859324417
2020-02-26 23:33:09+00:00,21gjonax,cokollatacikita,0,0,1,Ckm... S,,Wed Feb 26 23:33:09 +0000 2020,,,,https://twitter.com/21gjonax/status/1232810867118481408,1232810867118481408,1072806272859324417
2020-02-26 23:32:25+00:00,21gjonax,pockadinijumar,0,0,0,F,,Wed Feb 26 23:32:25 +0000 2020,,,,https://twitter.com/21gjonax/status/1232810681935781888,1232810681935781888,1072806272859324417
2020-02-26 23:32:14+00:00,21gjonax,_quetos_,0,0,1,S,,Wed Feb 26 23:32:14 +0000 2020,,,,https://twitter.com/21gjonax/status/1232810636540772352,1232810636540772352,1072806272859324417
2020-02-26 23:32:09+00:00,21gjonax,zhakuuu,0,0,1,S,,Wed Feb 26 23:32:09 +0000 2020,,,,https://twitter.com/21gjonax/status/1232810612545216513,1232810612545216513,1072806272859324417
2020-02-26 23:31:44+00:00,21gjonax,peaachhteaa,0,0,1,Ssss,,Wed Feb 26 23:31:44 +0000 2020,,,,https://twitter.com/21gjonax/status/1232810507859562497,1232810507859562497,1072806272859324417
2020-02-26 23:31:26+00:00,21gjonax,ervelinaaa,0,0,0,S+,,Wed Feb 26 23:31:26 +0000 2020,,,,https://twitter.com/21gjonax/status/1232810434287329284,1232810434287329284,1072806272859324417
2020-02-26 23:31:09+00:00,21gjonax,aclockwork_red,1,0,1,SSS,,Wed Feb 26 23:31:09 +0000 2020,,,,https://twitter.com/21gjonax/status/1232810362703110145,1232810362703110145,1072806272859324417
2020-02-26 23:30:58+00:00,21gjonax,gozy02,0,0,1,S,,Wed Feb 26 23:30:58 +0000 2020,,,,https://twitter.com/21gjonax/status/1232810315722764289,1232810315722764289,1072806272859324417
2020-02-26 23:30:52+00:00,21gjonax,joaanaaxo,1,0,1,SSSSSSS,,Wed Feb 26 23:30:52 +0000 2020,,,,https://twitter.com/21gjonax/status/1232810291274174465,1232810291274174465,1072806272859324417
2020-02-26 23:30:44+00:00,21gjonax,Silaaaaaaaaaaa7,0,0,1,S,,Wed Feb 26 23:30:44 +0000 2020,,,,https://twitter.com/21gjonax/status/1232810255765135362,1232810255765135362,1072806272859324417
2020-02-26 21:50:24+00:00,21gjonax,PapuaFitz,1,0,2,Veke.,,Wed Feb 26 21:50:24 +0000 2020,,,,https://twitter.com/21gjonax/status/1232785007749496834,1232785007749496834,1072806272859324417
2020-02-26 21:49:46+00:00,21gjonax,nefeeel,0,0,1,S,,Wed Feb 26 21:49:46 +0000 2020,,,,https://twitter.com/21gjonax/status/1232784849964093446,1232784849964093446,1072806272859324417
2020-02-26 21:49:40+00:00,21gjonax,llorajuaj,1,0,0,S,,Wed Feb 26 21:49:40 +0000 2020,,,,https://twitter.com/21gjonax/status/1232784824420782083,1232784824420782083,1072806272859324417
2020-02-26 21:45:28+00:00,21gjonax,,0,0,0,S,,Wed Feb 26 21:45:28 +0000 2020,,,,https://twitter.com/21gjonax/status/1232783766902493185,1232783766902493185,1072806272859324417
2020-02-26 21:44:51+00:00,21gjonax,doktorrzhivago,0,0,1,S,,Wed Feb 26 21:44:51 +0000 2020,,,,https://twitter.com/21gjonax/status/1232783610463256581,1232783610463256581,1072806272859324417
2020-02-26 21:44:35+00:00,21gjonax,iptomus,0,0,1,S,,Wed Feb 26 21:44:35 +0000 2020,,,,https://twitter.com/21gjonax/status/1232783545078362113,1232783545078362113,1072806272859324417
