date,username,to,replies,retweets,favorites,text,mentions,formatted_date,geo,hashtags,urls,permalink,ID,author_id
2020-02-28 08:11:37+00:00,_______mjp,,1,1,1,Who is getting weeknd tickets pls?!?,,Fri Feb 28 08:11:37 +0000 2020,,,,https://twitter.com/_______mjp/status/1233303728234663936,1233303728234663936,42040508
2020-02-27 11:33:27+00:00,_______mjp,ceerodriguezz,1,0,0,You’re right!! I just don’t know which date or who to go with ,,Thu Feb 27 11:33:27 +0000 2020,,,,https://twitter.com/_______mjp/status/1232992134942412800,1232992134942412800,42040508
2020-02-27 11:30:44+00:00,_______mjp,,2,0,0,Do I see the weeknd in London or Newcastle,,Thu Feb 27 11:30:44 +0000 2020,,,,https://twitter.com/_______mjp/status/1232991452151656448,1232991452151656448,42040508
2020-02-26 23:38:38+00:00,_______mjp,,0,0,0,,,Wed Feb 26 23:38:38 +0000 2020,,,https://open.spotify.com/track/5OY8ipGvQkfzGV84ur9Q6Z?si=4fNRvGiPQdq6RO84U5N_xQ,https://twitter.com/_______mjp/status/1232812245018607617,1232812245018607617,42040508
2020-02-26 12:09:34+00:00,_______mjp,NatxSoul,1,0,0,Yes!!,,Wed Feb 26 12:09:34 +0000 2020,,,,https://twitter.com/_______mjp/status/1232638835181391873,1232638835181391873,42040508
2020-02-26 11:31:34+00:00,_______mjp,NatxSoul,1,0,0,Omg you were there!?!!,,Wed Feb 26 11:31:34 +0000 2020,,,,https://twitter.com/_______mjp/status/1232629273804070912,1232629273804070912,42040508
2020-02-25 23:49:40+00:00,_______mjp,,0,0,2,,,Tue Feb 25 23:49:40 +0000 2020,,,,https://twitter.com/_______mjp/status/1232452632599334917,1232452632599334917,42040508
2020-02-25 16:34:54+00:00,_______mjp,YoungMAMusic,1,0,7,So confused about how many people have liked this on my tl lol,,Tue Feb 25 16:34:54 +0000 2020,,,https://twitter.com/YoungMAMusic/status/1231824832062533632,https://twitter.com/_______mjp/status/1232343222917238784,1232343222917238784,42040508
2020-02-25 14:18:12+00:00,_______mjp,,0,0,1,,,Tue Feb 25 14:18:12 +0000 2020,,,https://open.spotify.com/track/4Z3SKWcGz98EZqRFELon6Z?si=W5DeACPGSceV6Zbxcx9oeg,https://twitter.com/_______mjp/status/1232308818014396416,1232308818014396416,42040508
2020-02-25 14:16:57+00:00,_______mjp,,0,0,0,Why aren’t my IG stories working lol,,Tue Feb 25 14:16:57 +0000 2020,,,,https://twitter.com/_______mjp/status/1232308505085911041,1232308505085911041,42040508
2020-02-25 01:20:39+00:00,_______mjp,KaitMarieox,0,0,1, ,,Tue Feb 25 01:20:39 +0000 2020,,,https://twitter.com/KaitMarieox/status/1229509706252738561,https://twitter.com/_______mjp/status/1232113142890684417,1232113142890684417,42040508
2020-02-24 23:15:07+00:00,_______mjp,TahnSolo,0,0,0,She’s an actual lunatic ,,Mon Feb 24 23:15:07 +0000 2020,,,,https://twitter.com/_______mjp/status/1232081552173096960,1232081552173096960,42040508
2020-02-24 23:07:46+00:00,_______mjp,,0,0,1,She let her dog drink her wine AND out of her glass. I can’t ,,Mon Feb 24 23:07:46 +0000 2020,,,,https://twitter.com/_______mjp/status/1232079700316577792,1232079700316577792,42040508
2020-02-24 23:07:14+00:00,_______mjp,,1,0,2,I’m on episode 6 of love is blind. Jessica is an actual nutter lol she clearly doesn’t want to be with Mark she just loves his attention,,Mon Feb 24 23:07:14 +0000 2020,,,,https://twitter.com/_______mjp/status/1232079565805293570,1232079565805293570,42040508
2020-02-24 22:56:02+00:00,_______mjp,jasebyjason,0,0,0,You can rent a 2 bed 2 bathroom flat in central Newcastle (meaning you could walk everywhere and not spend on travel) for that same price. Absolutely mental,,Mon Feb 24 22:56:02 +0000 2020,,,,https://twitter.com/_______mjp/status/1232076749158088705,1232076749158088705,42040508
2020-02-24 22:52:56+00:00,_______mjp,,1,0,2,I’ve been flat searching on and off in London for 5 years and I’d always have to look at places in Newcastle to ground myself when I’m thinking “£800 isn’t that bad” LOL,,Mon Feb 24 22:52:56 +0000 2020,,,,https://twitter.com/_______mjp/status/1232075970015907846,1232075970015907846,42040508
2020-02-24 22:48:44+00:00,_______mjp,,1,0,0,I could never omds. YUCK,,Mon Feb 24 22:48:44 +0000 2020,,,,https://twitter.com/_______mjp/status/1232074913617522688,1232074913617522688,42040508
2020-02-24 22:48:32+00:00,_______mjp,,1,0,2,God forbid flat sharing for £1K pcm. PCM!!!!!!!,,Mon Feb 24 22:48:32 +0000 2020,,,,https://twitter.com/_______mjp/status/1232074861033463809,1232074861033463809,42040508
2020-02-24 20:57:23+00:00,_______mjp,atbamz,0,0,0,"Yeah it’s like there always has to be a fued created from nothing as well. Whether it’s women in rnb, rap whatever",,Mon Feb 24 20:57:23 +0000 2020,,,,https://twitter.com/_______mjp/status/1232046889266286594,1232046889266286594,42040508
2020-02-24 20:51:06+00:00,_______mjp,atbamz,1,0,0,Exactly. For women it seems we always have to be boxed in. There can only be a few of us winning at once and we have to go above and beyond to be seen which is simply untrue. The standards for men are way lower,,Mon Feb 24 20:51:06 +0000 2020,,,,https://twitter.com/_______mjp/status/1232045310228213764,1232045310228213764,42040508
2020-02-24 20:21:21+00:00,_______mjp,imjustbait,1,0,1,Embarrassing. Very embarrassing,,Mon Feb 24 20:21:21 +0000 2020,,,https://twitter.com/imjustbait/status/1231757912688807936,https://twitter.com/_______mjp/status/1232037820904169472,1232037820904169472,42040508
2020-02-24 20:16:24+00:00,_______mjp,EnkayRockson,0,0,1,It’s very enlightening,,Mon Feb 24 20:16:24 +0000 2020,,,,https://twitter.com/_______mjp/status/1232036577662111745,1232036577662111745,42040508
2020-02-24 19:35:46+00:00,_______mjp,BrickzwithTipz,0,3,5,Nahhhhh wait. I’m not gen Z pls hold on,,Mon Feb 24 19:35:46 +0000 2020,,,https://twitter.com/BrickzwithTipz/status/1231868388747730944,https://twitter.com/_______mjp/status/1232026350208397314,1232026350208397314,42040508
2020-02-24 18:52:55+00:00,_______mjp,,1,0,4,If anything I feel like I’m leaning more towards identifying as pan,,Mon Feb 24 18:52:55 +0000 2020,,,,https://twitter.com/_______mjp/status/1232015566380118016,1232015566380118016,42040508
2020-02-24 18:52:27+00:00,_______mjp,,1,0,5,Dunno how it is for other bi people but my sexuality fluctuates all the time. It’s never a set percentage of 50/50 or 70/30. It changes all the time,,Mon Feb 24 18:52:27 +0000 2020,,,,https://twitter.com/_______mjp/status/1232015450340560897,1232015450340560897,42040508
2020-02-24 12:15:02+00:00,_______mjp,YoungMAMusic,0,0,1,The R&B scene is amazing right now lol but people don’t wanna hear it,,Mon Feb 24 12:15:02 +0000 2020,,,https://twitter.com/YoungMAMusic/status/1231824832062533632,https://twitter.com/_______mjp/status/1231915437979557889,1231915437979557889,42040508
2020-02-24 12:05:20+00:00,_______mjp,,0,0,1,Berhana tonight I can’t waittttt,,Mon Feb 24 12:05:20 +0000 2020,,,,https://twitter.com/_______mjp/status/1231912994440974336,1231912994440974336,42040508
2020-02-24 12:02:13+00:00,_______mjp,EllaDecember,0,0,2,Nope. Never have been,,Mon Feb 24 12:02:13 +0000 2020,,,https://twitter.com/EllaDecember/status/1231698022100295681,https://twitter.com/_______mjp/status/1231912211108573184,1231912211108573184,42040508
2020-02-24 11:57:04+00:00,_______mjp,rs641x,0,0,1,This was like my last house lol and these people were all older than me. Grown adults. Disgusting,,Mon Feb 24 11:57:04 +0000 2020,,,https://twitter.com/rs641x/status/1231783425381740544,https://twitter.com/_______mjp/status/1231910913307021312,1231910913307021312,42040508
2020-02-24 10:56:58+00:00,_______mjp,,0,0,2,I am not mentally prepared for this week lol the money will be sweet but my body is finished,,Mon Feb 24 10:56:58 +0000 2020,,,,https://twitter.com/_______mjp/status/1231895788671950848,1231895788671950848,42040508
2020-02-24 10:16:36+00:00,_______mjp,nicholswhitneyy,0,0,5,My thing is what if being a musician is not God’s will. Tf am I gonna do then ,,Mon Feb 24 10:16:36 +0000 2020,,,https://twitter.com/nicholswhitneyy/status/1231392946345402368,https://twitter.com/_______mjp/status/1231885632240259072,1231885632240259072,42040508
2020-02-23 20:59:37+00:00,_______mjp,,0,1,1,Ima be pissed if I die before I put a song out,,Sun Feb 23 20:59:37 +0000 2020,,,,https://twitter.com/_______mjp/status/1231685064745979905,1231685064745979905,42040508
2020-02-23 19:00:24+00:00,_______mjp,THECLASSICMANNY,1,1,3,My parents got married after 6 months of dating and have been married 38 years this year ,,Sun Feb 23 19:00:24 +0000 2020,,,,https://twitter.com/_______mjp/status/1231655060016377857,1231655060016377857,42040508
2020-02-23 17:48:48+00:00,_______mjp,APESHITWILLOLD,0,0,0,7 fhdkskskw,,Sun Feb 23 17:48:48 +0000 2020,,,https://twitter.com/APESHITWILLOLD/status/1231215508852215813,https://twitter.com/_______mjp/status/1231637044943839233,1231637044943839233,42040508
2020-02-23 17:47:27+00:00,_______mjp,planetalex_,1,0,0,Omg so excited !!,,Sun Feb 23 17:47:27 +0000 2020,,,,https://twitter.com/_______mjp/status/1231636702692872197,1231636702692872197,42040508
2020-02-23 11:46:10+00:00,_______mjp,scotty_13_,0,0,1,LMAOOOO,,Sun Feb 23 11:46:10 +0000 2020,,,https://twitter.com/scotty_13_/status/1230966020250095616,https://twitter.com/_______mjp/status/1231545782760878081,1231545782760878081,42040508
2020-02-23 03:28:36+00:00,_______mjp,Susie73Com,1,0,6,This is a horrible thing to say. How dare you doubt someone’s experience just because it’s not how you think you’d react in the same situation. I am disgusted. Especially coming from a woman. Shame on you.,,Sun Feb 23 03:28:36 +0000 2020,,,,https://twitter.com/_______mjp/status/1231420566239956992,1231420566239956992,42040508
2020-02-22 23:40:23+00:00,_______mjp,sweetsones,0,0,1,Babe ,,Sat Feb 22 23:40:23 +0000 2020,,,,https://twitter.com/_______mjp/status/1231363135916924929,1231363135916924929,42040508
2020-02-22 10:52:32+00:00,_______mjp,SAMDOTIA,1,0,0,This is so on brand ,,Sat Feb 22 10:52:32 +0000 2020,,,,https://twitter.com/_______mjp/status/1231169899030028288,1231169899030028288,42040508
2020-02-22 10:50:01+00:00,_______mjp,AsimKhan21c,0,0,0, so precious,,Sat Feb 22 10:50:01 +0000 2020,,,https://twitter.com/AsimKhan21c/status/1230933047597584385,https://twitter.com/_______mjp/status/1231169263337197568,1231169263337197568,42040508
2020-02-22 10:28:12+00:00,_______mjp,SAMDOTIA,0,0,1, ,,Sat Feb 22 10:28:12 +0000 2020,,,,https://twitter.com/_______mjp/status/1231163774364737536,1231163774364737536,42040508
2020-02-22 10:05:09+00:00,_______mjp,Che_Lingo,0,2,3,This is FIREEEE !!!,,Sat Feb 22 10:05:09 +0000 2020,,,https://twitter.com/Che_Lingo/status/1230901631946022917,https://twitter.com/_______mjp/status/1231157974107852805,1231157974107852805,42040508
2020-02-22 01:58:06+00:00,_______mjp,JadeEatsCookies,0,0,0,Thank u boo ,,Sat Feb 22 01:58:06 +0000 2020,,,,https://twitter.com/_______mjp/status/1231035403634909184,1231035403634909184,42040508
2020-02-22 01:55:37+00:00,_______mjp,miafluffy,0,0,1,My baby I love yours more,,Sat Feb 22 01:55:37 +0000 2020,,,,https://twitter.com/_______mjp/status/1231034778687766528,1231034778687766528,42040508
2020-02-22 01:41:59+00:00,_______mjp,,2,1,58,Hi,,Sat Feb 22 01:41:59 +0000 2020,,,,https://twitter.com/_______mjp/status/1231031350137905153,1231031350137905153,42040508
2020-02-21 14:42:19+00:00,_______mjp,,0,0,0,Imagine it tho wow,,Fri Feb 21 14:42:19 +0000 2020,,,https://open.spotify.com/track/5RMFZVUiUUSYudVpkdjEWb?si=mNJi9R6ITNG_G_mryNfhgw,https://twitter.com/_______mjp/status/1230865337907896320,1230865337907896320,42040508
2020-02-21 14:40:37+00:00,_______mjp,rvse_gold,1,1,1,Akua- Heaven,,Fri Feb 21 14:40:37 +0000 2020,,,https://twitter.com/rvse_gold/status/1230190987886112771,https://twitter.com/_______mjp/status/1230864911598747653,1230864911598747653,42040508
2020-02-21 13:05:52+00:00,_______mjp,Dimej1_,0,0,1,Legit my writing process,,Fri Feb 21 13:05:52 +0000 2020,,,,https://twitter.com/_______mjp/status/1230841066900856832,1230841066900856832,42040508
2020-02-21 12:58:30+00:00,_______mjp,iamKayBayBay,1,0,0,So nasty for what reason??? I hope she has good people around her to help her deal with her life changing over night. It must be amazing yet scary at the same time,,Fri Feb 21 12:58:30 +0000 2020,,,,https://twitter.com/_______mjp/status/1230839209847590912,1230839209847590912,42040508
2020-02-21 12:54:50+00:00,_______mjp,rahm3sh,0,0,1,LMAOOOOOO ,,Fri Feb 21 12:54:50 +0000 2020,,,https://twitter.com/rahm3sh/status/1230584840384327680,https://twitter.com/_______mjp/status/1230838289600589830,1230838289600589830,42040508
2020-02-21 12:14:10+00:00,_______mjp,_CoolStoryCori_,1,11,60,This whole thread is horrible. She was going about her business and happened to be stopped and asked to sing. People are really going in on her for no reason,,Fri Feb 21 12:14:10 +0000 2020,,,https://twitter.com/_CoolStoryCori_/status/1230523531349200896,https://twitter.com/_______mjp/status/1230828054676692992,1230828054676692992,42040508
2020-02-21 01:14:22+00:00,_______mjp,TahnSolo,1,1,1,You’re amazing,,Fri Feb 21 01:14:22 +0000 2020,,,,https://twitter.com/_______mjp/status/1230662010834227200,1230662010834227200,42040508
2020-02-21 01:13:15+00:00,_______mjp,yindsss_,1,0,0, how could I forget that pretty face pls x,,Fri Feb 21 01:13:15 +0000 2020,,,,https://twitter.com/_______mjp/status/1230661728901435392,1230661728901435392,42040508
2020-02-21 01:12:00+00:00,_______mjp,,0,0,1,Look at her man fuckkk,,Fri Feb 21 01:12:00 +0000 2020,,,,https://twitter.com/_______mjp/status/1230661413846294529,1230661413846294529,42040508
2020-02-21 01:09:38+00:00,_______mjp,Tinashe,2,0,4,I’m on my knees pls,,Fri Feb 21 01:09:38 +0000 2020,,,https://twitter.com/Tinashe/status/1230657629937995777,https://twitter.com/_______mjp/status/1230660818230009857,1230660818230009857,42040508
2020-02-21 01:09:07+00:00,_______mjp,yindsss_,1,0,0,Girl whattt,,Fri Feb 21 01:09:07 +0000 2020,,,,https://twitter.com/_______mjp/status/1230660690240790528,1230660690240790528,42040508
2020-02-21 01:02:22+00:00,_______mjp,,0,0,0,Listen** ,,Fri Feb 21 01:02:22 +0000 2020,,,,https://twitter.com/_______mjp/status/1230658990750797827,1230658990750797827,42040508
2020-02-21 01:01:08+00:00,_______mjp,,0,0,0,It’s only by chance I discovered this combo because I had my liked songs on shuffle,,Fri Feb 21 01:01:08 +0000 2020,,,,https://twitter.com/_______mjp/status/1230658679961268224,1230658679961268224,42040508
2020-02-21 01:00:19+00:00,_______mjp,,2,0,0,But listened to it followed by this song? An out of world experience. I am in awe.,,Fri Feb 21 01:00:19 +0000 2020,,,https://open.spotify.com/track/0FVV7zCl7HdQatbc59zfEE?si=RE_R8Qm-S2e3ga__B9LdtQ,https://twitter.com/_______mjp/status/1230658474893336578,1230658474893336578,42040508
2020-02-21 00:59:28+00:00,_______mjp,,1,0,2,First of all this song is stellar. Absolutely breathtaking and it’s lyrics have really hit me right in the chest lol,,Fri Feb 21 00:59:28 +0000 2020,,,https://open.spotify.com/track/4ejyZ4uJEXUURcgKp1kP8v?si=Q9x0w4kmRzOjtM_ueT1MLw,https://twitter.com/_______mjp/status/1230658261201883136,1230658261201883136,42040508
2020-02-20 16:28:41+00:00,_______mjp,theweeknd,0,0,1,Can Don Toliver come to London pls,,Thu Feb 20 16:28:41 +0000 2020,,,https://twitter.com/theweeknd/status/1230524549113901057,https://twitter.com/_______mjp/status/1230529717515800577,1230529717515800577,42040508
2020-02-20 16:09:51+00:00,_______mjp,,0,0,3,Might just have to take the L and pay this extortionate gym membership cos this stomach is going nowhere rn,,Thu Feb 20 16:09:51 +0000 2020,,,,https://twitter.com/_______mjp/status/1230524978505842688,1230524978505842688,42040508
2020-02-20 15:55:48+00:00,_______mjp,MABIN2_,0,0,1,It’s too chaotic ,,Thu Feb 20 15:55:48 +0000 2020,,,,https://twitter.com/_______mjp/status/1230521441524879360,1230521441524879360,42040508
2020-02-20 15:43:20+00:00,_______mjp,,0,2,6,Just wanna get in the studio lol got a lot of shit I wanna say,,Thu Feb 20 15:43:20 +0000 2020,,,,https://twitter.com/_______mjp/status/1230518304512540672,1230518304512540672,42040508
2020-02-20 15:43:02+00:00,_______mjp,NotYamYam,0,0,0,So sad I missed it. It’s one of the most beautiful songs I’ve ever heard ,,Thu Feb 20 15:43:02 +0000 2020,,,,https://twitter.com/_______mjp/status/1230518228801159169,1230518228801159169,42040508
2020-02-20 15:42:37+00:00,_______mjp,,0,0,0,I guess I should start getting ready for work then ,,Thu Feb 20 15:42:37 +0000 2020,,,,https://twitter.com/_______mjp/status/1230518125197697024,1230518125197697024,42040508
2020-02-20 15:40:33+00:00,_______mjp,NotYamYam,1,0,0,Yes please because they’re my fav this song .... ughhhhh,,Thu Feb 20 15:40:33 +0000 2020,,,https://open.spotify.com/track/6HpcOt4B7DjGtCOnH2qfFc?si=kfs1Sz55Sha1mu9Np9gm2A,https://twitter.com/_______mjp/status/1230517606500765696,1230517606500765696,42040508
2020-02-20 15:38:26+00:00,_______mjp,NotYamYam,1,0,0,Yeah but I ended up missing most of it :( was upstairs at the back smh,,Thu Feb 20 15:38:26 +0000 2020,,,,https://twitter.com/_______mjp/status/1230517073736085505,1230517073736085505,42040508
2020-02-20 15:37:23+00:00,_______mjp,,0,0,1,Moonchild are even better live than on their tracks lol pure talent,,Thu Feb 20 15:37:23 +0000 2020,,,,https://twitter.com/_______mjp/status/1230516808806993920,1230516808806993920,42040508
2020-02-20 15:36:38+00:00,_______mjp,NotYamYam,1,0,0,Omgggg you were there???,,Thu Feb 20 15:36:38 +0000 2020,,,,https://twitter.com/_______mjp/status/1230516620826677249,1230516620826677249,42040508
2020-02-20 15:33:35+00:00,_______mjp,NotYamYam,0,0,0,Omds man bdjdksks,,Thu Feb 20 15:33:35 +0000 2020,,,,https://twitter.com/_______mjp/status/1230515851272605696,1230515851272605696,42040508
2020-02-20 15:32:42+00:00,_______mjp,NotYamYam,1,0,0,Pls tell me you know this song,,Thu Feb 20 15:32:42 +0000 2020,,,https://youtu.be/a24FlgXp1LI,https://twitter.com/_______mjp/status/1230515627275751424,1230515627275751424,42040508
2020-02-20 15:17:10+00:00,_______mjp,DannyyLomax,0,0,0,So sorry for your loss ,,Thu Feb 20 15:17:10 +0000 2020,,,,https://twitter.com/_______mjp/status/1230511717907607552,1230511717907607552,42040508
2020-02-20 15:14:06+00:00,_______mjp,katie_eckler,0,1,1,Yes,,Thu Feb 20 15:14:06 +0000 2020,,,https://twitter.com/katie_eckler/status/1229987833181614081,https://twitter.com/_______mjp/status/1230510949234282496,1230510949234282496,42040508
2020-02-20 14:34:18+00:00,_______mjp,AmarRenee,1,0,1,There’s acc 3 dates omg,,Thu Feb 20 14:34:18 +0000 2020,,,,https://twitter.com/_______mjp/status/1230500932024258561,1230500932024258561,42040508
2020-02-20 14:28:05+00:00,_______mjp,,1,1,2,THIS IS NOT A DRILL ,,Thu Feb 20 14:28:05 +0000 2020,,,,https://twitter.com/_______mjp/status/1230499365967532033,1230499365967532033,42040508
2020-02-20 13:32:41+00:00,_______mjp,rarebre3d,0,0,5,Made me realise I focused too much on being the support for everyone else and left nothing for myself.,,Thu Feb 20 13:32:41 +0000 2020,,,https://twitter.com/rarebre3d/status/1230216533630226433,https://twitter.com/_______mjp/status/1230485427167072257,1230485427167072257,42040508
2020-02-20 12:34:42+00:00,_______mjp,EllaTweeets,1,0,1,She’s one of my fav artists ever. She’s stellar,,Thu Feb 20 12:34:42 +0000 2020,,,,https://twitter.com/_______mjp/status/1230470832629190656,1230470832629190656,42040508
2020-02-19 22:15:43+00:00,_______mjp,,0,0,0,Are there any decent nights out playing hip hop/rnb etc tonight pls,,Wed Feb 19 22:15:43 +0000 2020,,,,https://twitter.com/_______mjp/status/1230254661824925696,1230254661824925696,42040508
2020-02-19 19:43:15+00:00,_______mjp,,0,0,0,Loving the music with Jack Dine especially ,,Wed Feb 19 19:43:15 +0000 2020,,,,https://twitter.com/_______mjp/status/1230216293820850176,1230216293820850176,42040508
2020-02-19 19:41:20+00:00,_______mjp,TahnSolo,1,0,1,Noooooo I gave my spare ticket to my friend cos I thought you were going Brighton ,,Wed Feb 19 19:41:20 +0000 2020,,,,https://twitter.com/_______mjp/status/1230215812142764033,1230215812142764033,42040508
2020-02-19 19:40:58+00:00,_______mjp,,2,1,9,Every single song Alex Isley puts out is 10/10,,Wed Feb 19 19:40:58 +0000 2020,,,,https://twitter.com/_______mjp/status/1230215721457737728,1230215721457737728,42040508
2020-02-19 19:26:29+00:00,_______mjp,TahnSolo,1,0,1,Nah what ,,Wed Feb 19 19:26:29 +0000 2020,,,,https://twitter.com/_______mjp/status/1230212072979533826,1230212072979533826,42040508
2020-02-19 19:26:17+00:00,_______mjp,maryandfrens,0,0,1,I tried for a bit but I have literally zero experience or qualifications so it’s proper hard,,Wed Feb 19 19:26:17 +0000 2020,,,,https://twitter.com/_______mjp/status/1230212022689816576,1230212022689816576,42040508
2020-02-19 17:53:32+00:00,_______mjp,SAMDOTIA,0,0,1,Monday ,,Wed Feb 19 17:53:32 +0000 2020,,,,https://twitter.com/_______mjp/status/1230188685141979137,1230188685141979137,42040508
2020-02-19 17:52:29+00:00,_______mjp,SAMDOTIA,1,0,0,Oh we writing another hit?!,,Wed Feb 19 17:52:29 +0000 2020,,,,https://twitter.com/_______mjp/status/1230188419155972096,1230188419155972096,42040508
2020-02-19 17:29:37+00:00,_______mjp,RicWilson,1,0,4,I still can’t believe he’s 33 man what the hell. He’s looked the same for like 20 years pls what,,Wed Feb 19 17:29:37 +0000 2020,,,https://twitter.com/RicWilson/status/1229616981747302400,https://twitter.com/_______mjp/status/1230182665313189889,1230182665313189889,42040508
2020-02-19 15:51:08+00:00,_______mjp,TahnSolo,0,0,0,I’m actually not built for this shit especially having no time to do anything I actually like,,Wed Feb 19 15:51:08 +0000 2020,,,,https://twitter.com/_______mjp/status/1230157881229684738,1230157881229684738,42040508
2020-02-19 15:27:55+00:00,_______mjp,,1,0,2,"Out of all the award shows, a Brit is the only one I really want one day",,Wed Feb 19 15:27:55 +0000 2020,,,,https://twitter.com/_______mjp/status/1230152035556904961,1230152035556904961,42040508
2020-02-19 15:24:38+00:00,_______mjp,,2,0,3,Maybe I should find a music industry job lol,,Wed Feb 19 15:24:38 +0000 2020,,,,https://twitter.com/_______mjp/status/1230151210092593153,1230151210092593153,42040508
2020-02-19 14:59:54+00:00,_______mjp,Super_Shaq,0,0,0,Neneh Cherry,,Wed Feb 19 14:59:54 +0000 2020,,,,https://twitter.com/_______mjp/status/1230144985309368320,1230144985309368320,42040508
2020-02-19 14:43:28+00:00,_______mjp,EnkayRockson,1,0,1,Can’t wait to see you perform at the Brits ,,Wed Feb 19 14:43:28 +0000 2020,,,,https://twitter.com/_______mjp/status/1230140850979643393,1230140850979643393,42040508
2020-02-19 14:34:23+00:00,_______mjp,hutchingss81,0,0,1,Music and politics have gone hand in hand for decades lol what are you even talking about,,Wed Feb 19 14:34:23 +0000 2020,,,https://twitter.com/hutchingss81/status/1229898635506307077,https://twitter.com/_______mjp/status/1230138565197168641,1230138565197168641,42040508
2020-02-19 12:26:44+00:00,_______mjp,LuvSonii,1,0,0,It’s defo gonna be my summer song I love itttt,,Wed Feb 19 12:26:44 +0000 2020,,,,https://twitter.com/_______mjp/status/1230106440909631488,1230106440909631488,42040508
2020-02-19 12:22:27+00:00,_______mjp,,0,0,0,A soft hoe anthem !,,Wed Feb 19 12:22:27 +0000 2020,,,,https://twitter.com/_______mjp/status/1230105361278996481,1230105361278996481,42040508
2020-02-19 12:21:29+00:00,_______mjp,,2,0,0,This song >>>,,Wed Feb 19 12:21:29 +0000 2020,,,https://open.spotify.com/track/3ufurvfo3dLiFqaA4Id7g0?si=1WGGbHiNQ1-nVIGMS0wa6A,https://twitter.com/_______mjp/status/1230105120165318656,1230105120165318656,42040508
2020-02-18 21:11:27+00:00,_______mjp,,0,0,2,Nah my new commute to work is a dream ,,Tue Feb 18 21:11:27 +0000 2020,,,,https://twitter.com/_______mjp/status/1229876102115594240,1229876102115594240,42040508
2020-02-18 21:08:36+00:00,_______mjp,capritran,0,0,0,So happy for you ,,Tue Feb 18 21:08:36 +0000 2020,,,,https://twitter.com/_______mjp/status/1229875384948314116,1229875384948314116,42040508
2020-02-18 07:28:38+00:00,_______mjp,miafluffy,0,0,1, ,,Tue Feb 18 07:28:38 +0000 2020,,,,https://twitter.com/_______mjp/status/1229669033802391552,1229669033802391552,42040508
2020-02-18 00:11:32+00:00,_______mjp,,0,0,2,Newcastle I wanna run to u. @,,Tue Feb 18 00:11:32 +0000 2020,,,,https://twitter.com/_______mjp/status/1229559036087066624,1229559036087066624,42040508
