date,username,to,replies,retweets,favorites,text,mentions,formatted_date,geo,hashtags,urls,permalink,ID,author_id
2020-02-28 23:10:31+00:00,_JustDenver,MarcusShepard,1,0,0,the lord is still working on me,,Fri Feb 28 23:10:31 +0000 2020,,,,https://twitter.com/_JustDenver/status/1233529944552148992,1233529944552148992,23279141
2020-02-28 23:07:50+00:00,_JustDenver,_JustDenver,2,0,2,"good for you, girl. https://twitter.com/hot_aquarius_/status/1233521911453421568?s=21 https://twitter.com/hot_aquarius_/status/1233521911453421568",,Fri Feb 28 23:07:50 +0000 2020,,,"https://twitter.com/hot_aquarius_/status/1233521911453421568?s=21,https://twitter.com/hot_aquarius_/status/1233521911453421568",https://twitter.com/_JustDenver/status/1233529269638201344,1233529269638201344,23279141
2020-02-28 23:05:52+00:00,_JustDenver,MarcusShepard,1,0,1,okay... here goes.,,Fri Feb 28 23:05:52 +0000 2020,,,,https://twitter.com/_JustDenver/status/1233528776451133440,1233528776451133440,23279141
2020-02-28 23:02:31+00:00,_JustDenver,hot_aquarius_,0,0,1, ,,Fri Feb 28 23:02:31 +0000 2020,,,,https://twitter.com/_JustDenver/status/1233527934142468096,1233527934142468096,23279141
2020-02-28 23:02:03+00:00,_JustDenver,MarcusShepard,2,0,3,i would have to,,Fri Feb 28 23:02:03 +0000 2020,,,,https://twitter.com/_JustDenver/status/1233527816127307776,1233527816127307776,23279141
2020-02-28 23:00:15+00:00,_JustDenver,faizsays,0,0,1,aw shit.,,Fri Feb 28 23:00:15 +0000 2020,,,https://twitter.com/faizsays/status/1233522079741272064,https://twitter.com/_JustDenver/status/1233527361095774208,1233527361095774208,23279141
2020-02-28 22:59:34+00:00,_JustDenver,hot_aquarius_,8,2,31,my real response to this tweet is saved as a draft. that’s called growth.,,Fri Feb 28 22:59:34 +0000 2020,,,https://twitter.com/hot_aquarius_/status/1233521911453421568,https://twitter.com/_JustDenver/status/1233527188458278912,1233527188458278912,23279141
2020-02-28 22:41:48+00:00,_JustDenver,akaMARTIAN,1,0,0, ,,Fri Feb 28 22:41:48 +0000 2020,,,,https://twitter.com/_JustDenver/status/1233522718768680960,1233522718768680960,23279141
2020-02-28 22:28:47+00:00,_JustDenver,keywilliamss,1,1,0,and it changes by the day,,Fri Feb 28 22:28:47 +0000 2020,,,,https://twitter.com/_JustDenver/status/1233519442853867521,1233519442853867521,23279141
2020-02-28 20:56:41+00:00,_JustDenver,createdbyjarrod,0,4,10,this would be an appropriate time to throw hands.,,Fri Feb 28 20:56:41 +0000 2020,,,https://twitter.com/createdbyjarrod/status/1233378318910660609,https://twitter.com/_JustDenver/status/1233496263678726145,1233496263678726145,23279141
2020-02-28 20:53:38+00:00,_JustDenver,MaybeMorque,0,0,0,100%,,Fri Feb 28 20:53:38 +0000 2020,,,,https://twitter.com/_JustDenver/status/1233495496246939648,1233495496246939648,23279141
2020-02-28 18:16:04+00:00,_JustDenver,CashApp,0,0,4,let’s do this. $DenverPay i’ll share it with you @jontaoht,@jontaoht,Fri Feb 28 18:16:04 +0000 2020,,,https://twitter.com/CashApp/status/1233436767568703490,https://twitter.com/_JustDenver/status/1233455843040825345,1233455843040825345,23279141
2020-02-28 15:45:12+00:00,_JustDenver,localish,1,1,2,ch. this isn’t a bar. this is a playground.,,Fri Feb 28 15:45:12 +0000 2020,,,https://twitter.com/localish/status/1233164909552099328,https://twitter.com/_JustDenver/status/1233417876645670912,1233417876645670912,23279141
2020-02-28 15:43:49+00:00,_JustDenver,JustBryan_,0,0,2,FOREVER.,,Fri Feb 28 15:43:49 +0000 2020,,,,https://twitter.com/_JustDenver/status/1233417530032525312,1233417530032525312,23279141
2020-02-28 15:39:03+00:00,_JustDenver,RottenTomatoes,1,1,3,"i didn’t realize the Netflix thing was a complete remake. i was like “oh, this story again?” but didn’t quite process it. they lion king’d us. that’s annoying.",,Fri Feb 28 15:39:03 +0000 2020,,,https://twitter.com/RottenTomatoes/status/1232805541837144065,https://twitter.com/_JustDenver/status/1233416329228509186,1233416329228509186,23279141
2020-02-28 06:32:46+00:00,_JustDenver,NicoKartel,0,0,0,fire movie.,,Fri Feb 28 06:32:46 +0000 2020,,,,https://twitter.com/_JustDenver/status/1233278853126090752,1233278853126090752,23279141
2020-02-28 05:40:26+00:00,_JustDenver,,0,3,10,"no, gaga. cool with the video though.",,Fri Feb 28 05:40:26 +0000 2020,,,,https://twitter.com/_JustDenver/status/1233265684886376448,1233265684886376448,23279141
2020-02-28 05:30:07+00:00,_JustDenver,____Kollin,1,0,4,excellent move,,Fri Feb 28 05:30:07 +0000 2020,,,https://twitter.com/____Kollin/status/1233262926317998083,https://twitter.com/_JustDenver/status/1233263085789401090,1233263085789401090,23279141
2020-02-28 00:52:50+00:00,_JustDenver,,0,2,7,or when you *think* no one’s watching. or listening.,,Fri Feb 28 00:52:50 +0000 2020,,,,https://twitter.com/_JustDenver/status/1233193307615813633,1233193307615813633,23279141
2020-02-28 00:50:57+00:00,_JustDenver,,1,41,115,integrity is doing the right thing — even when no one’s watching.,,Fri Feb 28 00:50:57 +0000 2020,,,,https://twitter.com/_JustDenver/status/1233192830907998208,1233192830907998208,23279141
2020-02-28 00:17:52+00:00,_JustDenver,,0,0,1,leg days wear me out SO fast.,,Fri Feb 28 00:17:52 +0000 2020,,,,https://twitter.com/_JustDenver/status/1233184505868873729,1233184505868873729,23279141
2020-02-27 22:56:35+00:00,_JustDenver,,0,0,0,this final season of modern family has had me so emotional,,Thu Feb 27 22:56:35 +0000 2020,,,,https://twitter.com/_JustDenver/status/1233164052311891968,1233164052311891968,23279141
2020-02-27 21:22:15+00:00,_JustDenver,thotlikekidd,0,0,1,i’ll be content with just having this one in full,,Thu Feb 27 21:22:15 +0000 2020,,,,https://twitter.com/_JustDenver/status/1233140311183876096,1233140311183876096,23279141
2020-02-27 20:38:28+00:00,_JustDenver,,2,1,3,@dumblondemusic’s ‘Bianca’ was slightly ahead of its time.,@dumblondemusic,Thu Feb 27 20:38:28 +0000 2020,,,,https://twitter.com/_JustDenver/status/1233129291283673094,1233129291283673094,23279141
2020-02-27 20:29:53+00:00,_JustDenver,Kpholla12,1,1,2,i’m suddenly in the mood for power rangers re-runs,,Thu Feb 27 20:29:53 +0000 2020,,,,https://twitter.com/_JustDenver/status/1233127132324220928,1233127132324220928,23279141
2020-02-27 20:23:05+00:00,_JustDenver,writelikeryan,0,0,1, ,,Thu Feb 27 20:23:05 +0000 2020,,,,https://twitter.com/_JustDenver/status/1233125421618565120,1233125421618565120,23279141
2020-02-27 20:21:11+00:00,_JustDenver,justiceaudre,0,1,150,i know. i know. come. we’re all processing together. there are refreshments in the back.,,Thu Feb 27 20:21:11 +0000 2020,,,,https://twitter.com/_JustDenver/status/1233124943040172033,1233124943040172033,23279141
2020-02-27 20:17:41+00:00,_JustDenver,shannon_sense,2,0,1,"Eminem shot a music video with the Pixel 3 and John Legend did one with the Pixel 2. Pixels are . If I wasn’t me, I’d totally get one",,Thu Feb 27 20:17:41 +0000 2020,,,,https://twitter.com/_JustDenver/status/1233124064090152961,1233124064090152961,23279141
2020-02-27 20:11:34+00:00,_JustDenver,ladygaga,1,0,4,come on #shotoniPhone !,,Thu Feb 27 20:11:34 +0000 2020,,#shotoniPhone,https://twitter.com/ladygaga/status/1233121910931615744,https://twitter.com/_JustDenver/status/1233122522159185920,1233122522159185920,23279141
2020-02-27 20:04:51+00:00,_JustDenver,joshuedwrds,0,30,624,everything outside of ‘didn’t even notice’ was whatever it wanted to be,,Thu Feb 27 20:04:51 +0000 2020,,,,https://twitter.com/_JustDenver/status/1233120830919327744,1233120830919327744,23279141
2020-02-27 20:02:07+00:00,_JustDenver,AcesOnSpades,0,0,4,yes. i thought we were in agreement that was the only part we knew...amid the mumbling,,Thu Feb 27 20:02:07 +0000 2020,,,,https://twitter.com/_JustDenver/status/1233120144890585088,1233120144890585088,23279141
2020-02-27 19:44:45+00:00,_JustDenver,LookAtDustin,0,0,0,,,Thu Feb 27 19:44:45 +0000 2020,,,,https://twitter.com/_JustDenver/status/1233115773477900288,1233115773477900288,23279141
2020-02-27 19:21:15+00:00,_JustDenver,ZeusAndreux,1,0,2,"oh, i def understand the model .. but it feels like i’m being forced into another subscription. that also doesn’t account for the some restaurants’ higher prices",,Thu Feb 27 19:21:15 +0000 2020,,,,https://twitter.com/_JustDenver/status/1233109859538587648,1233109859538587648,23279141
2020-02-27 19:12:56+00:00,_JustDenver,thatsd2,0,0,1,"i really try not to. i’ve cut down a LOT. it’s convenient, but a pocket drain",,Thu Feb 27 19:12:56 +0000 2020,,,,https://twitter.com/_JustDenver/status/1233107765867868160,1233107765867868160,23279141
2020-02-27 19:08:10+00:00,_JustDenver,writelike_mike,4,1,11,"okay!? i remember when @Postmates fees were kinda reasonable, but now everything seems excessively high. not to mention, they don’t readily tell you some restaurants price their items higher in the app to offset their cost of service — on top of the charged service fee.",@Postmates,Thu Feb 27 19:08:10 +0000 2020,,,https://twitter.com/writelike_mike/status/1233103631374782464,https://twitter.com/_JustDenver/status/1233106566485696512,1233106566485696512,23279141
2020-02-27 18:52:45+00:00,_JustDenver,romanxavier_,1,0,48,that’s part of what I’ve been mumbling,,Thu Feb 27 18:52:45 +0000 2020,,,,https://twitter.com/_JustDenver/status/1233102690160218112,1233102690160218112,23279141
2020-02-27 18:49:45+00:00,_JustDenver,twhitson26,4,42,89,wild berry reigns supreme.,,Thu Feb 27 18:49:45 +0000 2020,,,https://twitter.com/twhitson26/status/1232758575799382016,https://twitter.com/_JustDenver/status/1233101931746250753,1233101931746250753,23279141
2020-02-27 18:24:06+00:00,_JustDenver,Luiqidk,0,0,0,let’s hope.,,Thu Feb 27 18:24:06 +0000 2020,,,,https://twitter.com/_JustDenver/status/1233095476443926528,1233095476443926528,23279141
2020-02-27 18:21:11+00:00,_JustDenver,djordxc,1,0,32,plugging in ALL kinds of random words. it’s different every time.,,Thu Feb 27 18:21:11 +0000 2020,,,,https://twitter.com/_JustDenver/status/1233094744814706689,1233094744814706689,23279141
2020-02-27 17:26:35+00:00,_JustDenver,Mister_MKing,0,0,1, ,,Thu Feb 27 17:26:35 +0000 2020,,,,https://twitter.com/_JustDenver/status/1233081003901509632,1233081003901509632,23279141
2020-02-27 17:17:31+00:00,_JustDenver,DojaCat,70,11308,47568,"i honestly don’t know what i’ve been singing this entire time, but i can guarantee you it has not been this.",,Thu Feb 27 17:17:31 +0000 2020,,,https://twitter.com/DojaCat/status/1210349544946323456,https://twitter.com/_JustDenver/status/1233078722846003200,1233078722846003200,23279141
2020-02-27 17:05:35+00:00,_JustDenver,TVLine,0,0,0,this is fire. i see no mention of sticky webb. orlando brown is out. yet again.,,Thu Feb 27 17:05:35 +0000 2020,,,https://twitter.com/TVLine/status/1233074371935264772,https://twitter.com/_JustDenver/status/1233075717140701184,1233075717140701184,23279141
2020-02-27 17:01:07+00:00,_JustDenver,SharSaysSo,1,0,0,"girl, that’ll probably scare you too",,Thu Feb 27 17:01:07 +0000 2020,,,,https://twitter.com/_JustDenver/status/1233074596183588865,1233074596183588865,23279141
2020-02-27 16:54:13+00:00,_JustDenver,JustChefMack,2,1,21,"he is. a canine of color, indeed.",,Thu Feb 27 16:54:13 +0000 2020,,,,https://twitter.com/_JustDenver/status/1233072859494223872,1233072859494223872,23279141
2020-02-27 16:48:10+00:00,_JustDenver,JustChefMack,2,2,27,"my dog doesn’t try to lick my face — like, at all. he’ll sniff and stuff...but he know we don’t play that ",,Thu Feb 27 16:48:10 +0000 2020,,,,https://twitter.com/_JustDenver/status/1233071337205194752,1233071337205194752,23279141
2020-02-27 16:38:21+00:00,_JustDenver,__iamkeenan,0,0,0,incredibly.,,Thu Feb 27 16:38:21 +0000 2020,,,,https://twitter.com/_JustDenver/status/1233068866483261440,1233068866483261440,23279141
2020-02-27 16:35:27+00:00,_JustDenver,fonzfranc,0,0,0,idk. one of y’all came up with a good name for my stans once and i forgot it.,,Thu Feb 27 16:35:27 +0000 2020,,,https://twitter.com/fonzfranc/status/1233063866168422401,https://twitter.com/_JustDenver/status/1233068136456286208,1233068136456286208,23279141
2020-02-27 16:34:45+00:00,_JustDenver,SeauxScoot,1,0,0,SCREAMING.,,Thu Feb 27 16:34:45 +0000 2020,,,,https://twitter.com/_JustDenver/status/1233067960740171776,1233067960740171776,23279141
2020-02-27 16:27:57+00:00,_JustDenver,,1,0,21,"me, omw to the theater with the snacks i brought from home",,Thu Feb 27 16:27:57 +0000 2020,,,,https://twitter.com/_JustDenver/status/1233066246494539777,1233066246494539777,23279141
2020-02-27 16:22:16+00:00,_JustDenver,,2,1,20,please lord delay the inevitable coronavirus quarantine in Los Angeles long enough so i can go see @candymanmovie in theaters. thank you.,@CandymanMovie,Thu Feb 27 16:22:16 +0000 2020,,,,https://twitter.com/_JustDenver/status/1233064816484417539,1233064816484417539,23279141
2020-02-27 16:19:13+00:00,_JustDenver,JustChefMack,1,2,11,"he said “regular, unleaded dick” homygod ",,Thu Feb 27 16:19:13 +0000 2020,,,https://twitter.com/JustChefMack/status/1232849581693599745,https://twitter.com/_JustDenver/status/1233064050767974401,1233064050767974401,23279141
2020-02-27 16:15:24+00:00,_JustDenver,creatorjus,0,0,1,so good.,,Thu Feb 27 16:15:24 +0000 2020,,,,https://twitter.com/_JustDenver/status/1233063091165790208,1233063091165790208,23279141
2020-02-27 16:11:46+00:00,_JustDenver,,34,503,1324,I AM SO FUCKING EXCITED. and this haunted “Say My Name” flip is ,,Thu Feb 27 16:11:46 +0000 2020,,,,https://twitter.com/_JustDenver/status/1233062173623980032,1233062173623980032,23279141
2020-02-27 15:48:30+00:00,_JustDenver,_mothers_,1,0,0,the everlasting shit,,Thu Feb 27 15:48:30 +0000 2020,,,,https://twitter.com/_JustDenver/status/1233056319487139840,1233056319487139840,23279141
2020-02-27 15:40:58+00:00,_JustDenver,melanatedho,3,3,7,wheeewwwww,,Thu Feb 27 15:40:58 +0000 2020,,,https://twitter.com/melanatedho/status/1232808811724828672,https://twitter.com/_JustDenver/status/1233054423808495622,1233054423808495622,23279141
2020-02-27 15:40:20+00:00,_JustDenver,,1,4,19,i’ll say this — the threat of a pandemic is the most 2020 thing to happen to 2020 thus far.,,Thu Feb 27 15:40:20 +0000 2020,,,,https://twitter.com/_JustDenver/status/1233054264240398336,1233054264240398336,23279141
2020-02-27 15:11:12+00:00,_JustDenver,,0,0,0,at least i have @YoungerTV !,@YoungerTV,Thu Feb 27 15:11:12 +0000 2020,,,,https://twitter.com/_JustDenver/status/1233046932022411265,1233046932022411265,23279141
2020-02-27 04:20:53+00:00,_JustDenver,__junez,0,0,0, ,,Thu Feb 27 04:20:53 +0000 2020,,,,https://twitter.com/_JustDenver/status/1232883275380617216,1232883275380617216,23279141
2020-02-27 03:55:17+00:00,_JustDenver,shannon_sense,0,0,0, ,,Thu Feb 27 03:55:17 +0000 2020,,,,https://twitter.com/_JustDenver/status/1232876834766745600,1232876834766745600,23279141
2020-02-27 03:21:16+00:00,_JustDenver,1KwesiJohnson,3,1,16,but it’s so cute though,,Thu Feb 27 03:21:16 +0000 2020,,,https://twitter.com/1KwesiJohnson/status/1232409108860604418,https://twitter.com/_JustDenver/status/1232868272028053505,1232868272028053505,23279141
2020-02-27 03:20:47+00:00,_JustDenver,_TrappedChick,1,0,1,i’m honestly all over the place,,Thu Feb 27 03:20:47 +0000 2020,,,,https://twitter.com/_JustDenver/status/1232868153262166017,1232868153262166017,23279141
2020-02-27 03:09:44+00:00,_JustDenver,AcesOnSpades,0,0,0,a throwback,,Thu Feb 27 03:09:44 +0000 2020,,,,https://twitter.com/_JustDenver/status/1232865372216283136,1232865372216283136,23279141
2020-02-27 03:07:38+00:00,_JustDenver,noringsleft2buy,6,37,91,I never did ... until now,,Thu Feb 27 03:07:38 +0000 2020,,,https://twitter.com/noringsleft2buy/status/1232720585534427137,https://twitter.com/_JustDenver/status/1232864840210735104,1232864840210735104,23279141
2020-02-27 02:12:16+00:00,_JustDenver,djordxc,1,0,2,yes yes. we love @helloBOSCO ‘round here,@helloBOSCO,Thu Feb 27 02:12:16 +0000 2020,,,,https://twitter.com/_JustDenver/status/1232850910285459456,1232850910285459456,23279141
2020-02-27 02:10:37+00:00,_JustDenver,,1,0,5,"i’m relieved, because out of 18,000 songs my library could’ve easily given me some bullshit",,Thu Feb 27 02:10:37 +0000 2020,,,,https://twitter.com/_JustDenver/status/1232850494252445698,1232850494252445698,23279141
2020-02-27 02:09:34+00:00,_JustDenver,,11,4,25,"Shuffle your music, post the first 4 songs that come on and let your followers decide if you have good taste. https://twitter.com/AnthonyJFoster/status/1232848780916973571",,Thu Feb 27 02:09:34 +0000 2020,,,https://twitter.com/AnthonyJFoster/status/1232848780916973571,https://twitter.com/_JustDenver/status/1232850228841041920,1232850228841041920,23279141
2020-02-27 01:51:04+00:00,_JustDenver,InFeRn0AnT,1,0,1,STREETS IS IT,,Thu Feb 27 01:51:04 +0000 2020,,,,https://twitter.com/_JustDenver/status/1232845572534501377,1232845572534501377,23279141
2020-02-26 23:10:57+00:00,_JustDenver,urban_elegance,2,0,0,it is and it’s awful and has a super short lifespan. so cute and so inhumane.,,Wed Feb 26 23:10:57 +0000 2020,,,,https://twitter.com/_JustDenver/status/1232805280485785600,1232805280485785600,23279141
2020-02-26 19:00:58+00:00,_JustDenver,KingBobbyDeal,0,0,1, ,,Wed Feb 26 19:00:58 +0000 2020,,,,https://twitter.com/_JustDenver/status/1232742370178818048,1232742370178818048,23279141
2020-02-26 17:37:18+00:00,_JustDenver,BanjiBambiz,0,0,0, ,,Wed Feb 26 17:37:18 +0000 2020,,,,https://twitter.com/_JustDenver/status/1232721313128566790,1232721313128566790,23279141
2020-02-26 17:37:11+00:00,_JustDenver,djordxc,0,0,0, ,,Wed Feb 26 17:37:11 +0000 2020,,,,https://twitter.com/_JustDenver/status/1232721282933739520,1232721282933739520,23279141
2020-02-26 15:40:27+00:00,_JustDenver,,0,14,44,i wish ciara’s recent music hit as hard as her photos. my god.,,Wed Feb 26 15:40:27 +0000 2020,,,,https://twitter.com/_JustDenver/status/1232691908238962690,1232691908238962690,23279141
2020-02-26 15:25:04+00:00,_JustDenver,BrotherNature,6,11,72,making sure he’s ready for the next fight he starts,,Wed Feb 26 15:25:04 +0000 2020,,,https://twitter.com/BrotherNature/status/1232515819940114432,https://twitter.com/_JustDenver/status/1232688035474505729,1232688035474505729,23279141
2020-02-26 15:24:01+00:00,_JustDenver,CARAMEL0ROCKZ,2,0,4,yep. my birthday ,,Wed Feb 26 15:24:01 +0000 2020,,,https://twitter.com/CARAMEL0ROCKZ/status/1232685840448524288,https://twitter.com/_JustDenver/status/1232687771300454401,1232687771300454401,23279141
2020-02-26 14:45:38+00:00,_JustDenver,BrianMcLight,1,0,0,A SONG.,,Wed Feb 26 14:45:38 +0000 2020,,,,https://twitter.com/_JustDenver/status/1232678113592541190,1232678113592541190,23279141
2020-02-26 14:45:19+00:00,_JustDenver,cdiggi1,0,0,0,THEEEE FUCK.,,Wed Feb 26 14:45:19 +0000 2020,,,,https://twitter.com/_JustDenver/status/1232678032059404290,1232678032059404290,23279141
2020-02-26 06:11:47+00:00,_JustDenver,_Vaun,1,0,0,no. production stalled due to ‘creative differences’ earlier this year,,Wed Feb 26 06:11:47 +0000 2020,,,,https://twitter.com/_JustDenver/status/1232548798255128576,1232548798255128576,23279141
2020-02-26 06:10:33+00:00,_JustDenver,blacksocialite,0,0,0,listen. i overheard one of his videos the other day and i thought “oh. see. electric chair!” ...then i realized he already has one and i laughed so hard. then felt bad. then laughed again.,,Wed Feb 26 06:10:33 +0000 2020,,,,https://twitter.com/_JustDenver/status/1232548487658500096,1232548487658500096,23279141
2020-02-26 06:09:13+00:00,_JustDenver,MuuMuse,0,12,27,OH I KNEW THERE WAS TEA HERE,,Wed Feb 26 06:09:13 +0000 2020,,,https://twitter.com/MuuMuse/status/1232545907582828544,https://twitter.com/_JustDenver/status/1232548149077499904,1232548149077499904,23279141
2020-02-26 04:16:46+00:00,_JustDenver,_Vaun,1,0,0,i often credit that album for changing the way i listen to and interpret music.,,Wed Feb 26 04:16:46 +0000 2020,,,,https://twitter.com/_JustDenver/status/1232519850859253760,1232519850859253760,23279141
2020-02-26 04:05:25+00:00,_JustDenver,,1,0,4,"idk when i became a rage-cleaner, but here i am.",,Wed Feb 26 04:05:25 +0000 2020,,,,https://twitter.com/_JustDenver/status/1232516996543082496,1232516996543082496,23279141
2020-02-26 02:51:11+00:00,_JustDenver,CortnieVee,2,0,4,listen — by no means am i absolving carrie bradshaw. buh-lieve me. but he played. and so did she. but so did he. lol,,Wed Feb 26 02:51:11 +0000 2020,,,,https://twitter.com/_JustDenver/status/1232498315855454209,1232498315855454209,23279141
2020-02-25 22:25:51+00:00,_JustDenver,,0,0,14,i had a dream that i was butt naked sitting in the audience at the oscars ... wrapped in a blanket. do with that what you will.,,Tue Feb 25 22:25:51 +0000 2020,,,,https://twitter.com/_JustDenver/status/1232431542644793344,1232431542644793344,23279141
2020-02-25 21:25:14+00:00,_JustDenver,CraigSJ,0,0,5,PERIOD. CREATOR’S RIGHTS.,,Tue Feb 25 21:25:14 +0000 2020,,,https://twitter.com/CraigSJ/status/1232375210462019586,https://twitter.com/_JustDenver/status/1232416285402656768,1232416285402656768,23279141
2020-02-25 21:03:28+00:00,_JustDenver,MaybeMorque,2,0,0,wait — i forgot what she did,,Tue Feb 25 21:03:28 +0000 2020,,,,https://twitter.com/_JustDenver/status/1232410810367893506,1232410810367893506,23279141
2020-02-25 20:11:59+00:00,_JustDenver,Kpholla12,0,0,0,i wouldn’t wish that on anyone ,,Tue Feb 25 20:11:59 +0000 2020,,,,https://twitter.com/_JustDenver/status/1232397853336584193,1232397853336584193,23279141
2020-02-25 20:10:44+00:00,_JustDenver,Kpholla12,1,0,0,i know it wasn’t. that’s what’s sending me. ,,Tue Feb 25 20:10:44 +0000 2020,,,,https://twitter.com/_JustDenver/status/1232397535911661570,1232397535911661570,23279141
2020-02-25 20:07:46+00:00,_JustDenver,Kpholla12,2,0,2,the ‘here’ is sending me ever so softly,,Tue Feb 25 20:07:46 +0000 2020,,,,https://twitter.com/_JustDenver/status/1232396792509022208,1232396792509022208,23279141
2020-02-25 20:06:03+00:00,_JustDenver,RingsDaily,0,1,1,asscher. cushion is a close second.,,Tue Feb 25 20:06:03 +0000 2020,,,https://twitter.com/RingsDaily/status/1164285639380144128,https://twitter.com/_JustDenver/status/1232396357714862081,1232396357714862081,23279141
2020-02-25 20:05:08+00:00,_JustDenver,TheKalenAllen,1,0,6,this is amazing. can not wait for the reaction.,,Tue Feb 25 20:05:08 +0000 2020,,,,https://twitter.com/_JustDenver/status/1232396128370356226,1232396128370356226,23279141
2020-02-25 17:54:33+00:00,_JustDenver,_Vaun,0,0,0,i’m convinced she’s trolling,,Tue Feb 25 17:54:33 +0000 2020,,,,https://twitter.com/_JustDenver/status/1232363266485055488,1232363266485055488,23279141
2020-02-25 17:54:15+00:00,_JustDenver,itskeyon,1,1,6,this just made me want to fight.,,Tue Feb 25 17:54:15 +0000 2020,,,https://twitter.com/itskeyon/status/1232329585825546240,https://twitter.com/_JustDenver/status/1232363190115127296,1232363190115127296,23279141
2020-02-25 17:51:28+00:00,_JustDenver,akaMARTIAN,0,0,1,she has to be trolling us all,,Tue Feb 25 17:51:28 +0000 2020,,,,https://twitter.com/_JustDenver/status/1232362490089988096,1232362490089988096,23279141
2020-02-25 17:45:44+00:00,_JustDenver,lvteef,0,0,2,it would have to be a bait and switch campaign for any of this to make sense.,,Tue Feb 25 17:45:44 +0000 2020,,,https://twitter.com/lvteef/status/1232360123240071168,https://twitter.com/_JustDenver/status/1232361047392051200,1232361047392051200,23279141
2020-02-25 17:34:52+00:00,_JustDenver,LookAtDustin,0,0,1,god awful.,,Tue Feb 25 17:34:52 +0000 2020,,,,https://twitter.com/_JustDenver/status/1232358313439842304,1232358313439842304,23279141
2020-02-25 17:05:57+00:00,_JustDenver,,5,2,16,"in the event it’s this same song, she should honestly keep it. return to sender.",,Tue Feb 25 17:05:57 +0000 2020,,,https://drive.google.com/file/d/1zMIaCym31C9cQO_GsMLnkZI9iDAJiOkg/view,https://twitter.com/_JustDenver/status/1232351034795642880,1232351034795642880,23279141
2020-02-25 17:00:33+00:00,_JustDenver,ladygaga,3,0,4,is this the same song we’ve heard?,,Tue Feb 25 17:00:33 +0000 2020,,,https://twitter.com/ladygaga/status/1232347823787560960,https://twitter.com/_JustDenver/status/1232349676558401536,1232349676558401536,23279141
2020-02-25 16:05:36+00:00,_JustDenver,Joooo_sgr,0,3,17,"they say kids are like sponges, you know. they soak up everything.",,Tue Feb 25 16:05:36 +0000 2020,,,https://twitter.com/Joooo_sgr/status/1231633133394591749,https://twitter.com/_JustDenver/status/1232335848588267520,1232335848588267520,23279141
2020-02-25 15:58:34+00:00,_JustDenver,TheKalenAllen,0,0,2,lights came back on and you,,Tue Feb 25 15:58:34 +0000 2020,,,,https://twitter.com/_JustDenver/status/1232334076234723328,1232334076234723328,23279141
2020-02-25 15:53:25+00:00,_JustDenver,TheKalenAllen,1,0,3,,,Tue Feb 25 15:53:25 +0000 2020,,,,https://twitter.com/_JustDenver/status/1232332782988193792,1232332782988193792,23279141
