date,username,to,replies,retweets,favorites,text,mentions,formatted_date,geo,hashtags,urls,permalink,ID,author_id
2020-02-28 23:43:30+00:00,advanceddirt,JucikaDaily,0,1,19,The Gift - The Velvet Underground,,Fri Feb 28 23:43:30 +0000 2020,,,https://twitter.com/JucikaDaily/status/1230884885952266251,https://twitter.com/advanceddirt/status/1233538247801872385,1233538247801872385,617355311
2020-02-28 22:44:03+00:00,advanceddirt,GlibPerspective,0,0,1,The whole damn economy is a con job!!!,,Fri Feb 28 22:44:03 +0000 2020,,,,https://twitter.com/advanceddirt/status/1233523286245462016,1233523286245462016,617355311
2020-02-28 21:30:03+00:00,advanceddirt,tolecrien,0,0,3,Yeah this really shakes everything up,,Fri Feb 28 21:30:03 +0000 2020,,,,https://twitter.com/advanceddirt/status/1233504662667612162,1233504662667612162,617355311
2020-02-28 21:25:51+00:00,advanceddirt,thehill,3,1,28,He’s gonna get it lol,,Fri Feb 28 21:25:51 +0000 2020,,,https://twitter.com/thehill/status/1233361454948143104,https://twitter.com/advanceddirt/status/1233503603303702531,1233503603303702531,617355311
2020-02-28 19:41:17+00:00,advanceddirt,AsymptoteOfNow,0,0,1,Just somebody doing something incredibly stupid,,Fri Feb 28 19:41:17 +0000 2020,,,,https://twitter.com/advanceddirt/status/1233477290069299200,1233477290069299200,617355311
2020-02-28 19:20:44+00:00,advanceddirt,,4,1,16,Oh my god,,Fri Feb 28 19:20:44 +0000 2020,,,,https://twitter.com/advanceddirt/status/1233472120140767232,1233472120140767232,617355311
2020-02-28 17:54:40+00:00,advanceddirt,pea__tea,1,0,1,King,,Fri Feb 28 17:54:40 +0000 2020,,,,https://twitter.com/advanceddirt/status/1233450458724753408,1233450458724753408,617355311
2020-02-28 15:51:18+00:00,advanceddirt,,0,0,10,Honestly though bear gang rise up,,Fri Feb 28 15:51:18 +0000 2020,,,,https://twitter.com/advanceddirt/status/1233419411949674498,1233419411949674498,617355311
2020-02-28 15:34:37+00:00,advanceddirt,uncatastrophe,1,0,1,"I think it did do something, and that’s set up the conditions for the current crash. Capital didn’t exactly weather the 2008 crash, it was artificially propped up, and now that failsafe is being blown. The can was kicked down the road a decade and now we might reap what was sown",,Fri Feb 28 15:34:37 +0000 2020,,,,https://twitter.com/advanceddirt/status/1233415214827094017,1233415214827094017,617355311
2020-02-28 15:21:13+00:00,advanceddirt,,6,0,11,Does anybody else feel like this market crash has the potential to be the end of capital as we know it?,,Fri Feb 28 15:21:13 +0000 2020,,,,https://twitter.com/advanceddirt/status/1233411842443100160,1233411842443100160,617355311
2020-02-28 08:12:58+00:00,advanceddirt,mradamscott,0,0,6,simp,,Fri Feb 28 08:12:58 +0000 2020,,,,https://twitter.com/advanceddirt/status/1233304070112153600,1233304070112153600,617355311
2020-02-28 05:44:19+00:00,advanceddirt,careb0t_,1,0,1,LMFAO literally that exact scene. His fucking mesh underwear almost made me pee laughing,,Fri Feb 28 05:44:19 +0000 2020,,,,https://twitter.com/advanceddirt/status/1233266659147669506,1233266659147669506,617355311
2020-02-28 05:41:34+00:00,advanceddirt,,1,0,21,I was just crying laughing watching clips from borat again,,Fri Feb 28 05:41:34 +0000 2020,,,,https://twitter.com/advanceddirt/status/1233265966747807744,1233265966747807744,617355311
2020-02-28 02:50:25+00:00,advanceddirt,nondblon,0,0,1,It’s really really unnerving,,Fri Feb 28 02:50:25 +0000 2020,,,,https://twitter.com/advanceddirt/status/1233222896232742913,1233222896232742913,617355311
2020-02-28 02:37:48+00:00,advanceddirt,,0,0,5,One that is accessible and common as it can be anyway,,Fri Feb 28 02:37:48 +0000 2020,,,,https://twitter.com/advanceddirt/status/1233219720288948225,1233219720288948225,617355311
2020-02-28 02:36:37+00:00,advanceddirt,,2,0,18,"I decided that I think we can survive the coming collapse and build something new from the ashes, but it is absolutely critical that an Internet is preserved",,Fri Feb 28 02:36:37 +0000 2020,,,,https://twitter.com/advanceddirt/status/1233219425249087488,1233219425249087488,617355311
2020-02-28 01:15:31+00:00,advanceddirt,,0,0,19,Good thing the global economy isn’t built on a foundation of bubbles on bubbles on bubbles aha,,Fri Feb 28 01:15:31 +0000 2020,,,,https://twitter.com/advanceddirt/status/1233199013576331264,1233199013576331264,617355311
2020-02-28 01:06:45+00:00,advanceddirt,drippinpitch,0,0,0,"I mean, also because China, South Korea, and japan are going to be out of commission in terms of manufacturing for who knows how long. This has never really happened before, and the economy is much more globally entangled than it was even 20 years ago",,Fri Feb 28 01:06:45 +0000 2020,,,,https://twitter.com/advanceddirt/status/1233196808546816002,1233196808546816002,617355311
2020-02-28 01:00:16+00:00,advanceddirt,drippinpitch,1,0,0,Idk the world economy crashing is good reason to freak out,,Fri Feb 28 01:00:16 +0000 2020,,,,https://twitter.com/advanceddirt/status/1233195177268760576,1233195177268760576,617355311
2020-02-27 22:05:48+00:00,advanceddirt,Infex333,0,0,0,Nah that’s China,,Thu Feb 27 22:05:48 +0000 2020,,,,https://twitter.com/advanceddirt/status/1233151269453234176,1233151269453234176,617355311
2020-02-27 21:44:22+00:00,advanceddirt,meleeideologue,1,0,1,But also with a much higher transmission rate and no known effective treatments yet,,Thu Feb 27 21:44:22 +0000 2020,,,,https://twitter.com/advanceddirt/status/1233145876530352129,1233145876530352129,617355311
2020-02-27 21:33:30+00:00,advanceddirt,,2,0,5,Okay I’m officially fucking scared what the fuck,,Thu Feb 27 21:33:30 +0000 2020,,,https://www.cnbc.com/2020/02/27/japanese-woman-confirmed-as-coronavirus-case-for-2nd-time-weeks-after-initial-recovery.html,https://twitter.com/advanceddirt/status/1233143141470855168,1233143141470855168,617355311
2020-02-27 21:19:21+00:00,advanceddirt,,2,0,7,okay uhhh (Coronavirus cases by country),,Thu Feb 27 21:19:21 +0000 2020,,,,https://twitter.com/advanceddirt/status/1233139579944701952,1233139579944701952,617355311
2020-02-27 17:13:30+00:00,advanceddirt,HURTwordart,0,0,2,Oh no. I have to see them,,Thu Feb 27 17:13:30 +0000 2020,,,,https://twitter.com/advanceddirt/status/1233077710806630400,1233077710806630400,617355311
2020-02-27 07:43:23+00:00,advanceddirt,,1,0,10,If you don’t know PinkleTank you don’t know SHIT about music,,Thu Feb 27 07:43:23 +0000 2020,,,,https://twitter.com/advanceddirt/status/1232934236019032065,1232934236019032065,617355311
2020-02-27 07:41:02+00:00,advanceddirt,,0,0,2,It’s so fucked up and funny to me that king crimson made a song this playful and ethereal,,Thu Feb 27 07:41:02 +0000 2020,,,https://open.spotify.com/track/5StX8dqW6uGKh1j9FN49yA?si=7Iy0j8UBT-epNz17Wd-_jw,https://twitter.com/advanceddirt/status/1232933647197458432,1232933647197458432,617355311
2020-02-27 07:30:10+00:00,advanceddirt,qwizzz,0,0,1,the failed eyes of the beholder,,Thu Feb 27 07:30:10 +0000 2020,,,,https://twitter.com/advanceddirt/status/1232930912620302336,1232930912620302336,617355311
2020-02-27 07:29:16+00:00,advanceddirt,,3,0,22,Still no top listener notif. I guess I’m a fucking loser who doesn’t listen to music and should die,,Thu Feb 27 07:29:16 +0000 2020,,,,https://twitter.com/advanceddirt/status/1232930685821714432,1232930685821714432,617355311
2020-02-27 07:24:50+00:00,advanceddirt,PrettyboiiDB_9,0,8,26,I think about pussy,,Thu Feb 27 07:24:50 +0000 2020,,,https://twitter.com/PrettyboiiDB_9/status/1232449003251359745,https://twitter.com/advanceddirt/status/1232929569507692544,1232929569507692544,617355311
2020-02-27 07:23:55+00:00,advanceddirt,,0,0,5,Ugh just perfect!!!!,,Thu Feb 27 07:23:55 +0000 2020,,,https://open.spotify.com/track/6q86oru5pYitTwVJI3PJWk?si=5JRIPAtQTAuDG755euIhjQ,https://twitter.com/advanceddirt/status/1232929339177459713,1232929339177459713,617355311
2020-02-27 07:04:02+00:00,advanceddirt,,2,1,55,Excited to announce that I have joined Deep Purple,,Thu Feb 27 07:04:02 +0000 2020,,,,https://twitter.com/advanceddirt/status/1232924332067655680,1232924332067655680,617355311
2020-02-27 06:07:54+00:00,advanceddirt,,2,1,26,It’s starting to feel like Bernie has already won,,Thu Feb 27 06:07:54 +0000 2020,,,,https://twitter.com/advanceddirt/status/1232910206956232704,1232910206956232704,617355311
2020-02-27 06:00:22+00:00,advanceddirt,sword_breaker_,0,0,0,Hap birth,,Thu Feb 27 06:00:22 +0000 2020,,,,https://twitter.com/advanceddirt/status/1232908310757593088,1232908310757593088,617355311
2020-02-27 05:07:38+00:00,advanceddirt,icutmyarmsoff,1,0,3,Hell yes,,Thu Feb 27 05:07:38 +0000 2020,,,,https://twitter.com/advanceddirt/status/1232895040445222912,1232895040445222912,617355311
2020-02-27 05:05:57+00:00,advanceddirt,dumassbinch,0,0,0,Thank you,,Thu Feb 27 05:05:57 +0000 2020,,,,https://twitter.com/advanceddirt/status/1232894618586402816,1232894618586402816,617355311
2020-02-27 04:59:14+00:00,advanceddirt,dumassbinch,1,0,0,Hold this block,,Thu Feb 27 04:59:14 +0000 2020,,,,https://twitter.com/advanceddirt/status/1232892924959973376,1232892924959973376,617355311
2020-02-27 04:56:46+00:00,advanceddirt,,2,0,16,We were probably covering the strokes in this picture,,Thu Feb 27 04:56:46 +0000 2020,,,,https://twitter.com/advanceddirt/status/1232892306245615616,1232892306245615616,617355311
2020-02-27 04:56:14+00:00,advanceddirt,,4,0,43,Remembering these pictures of me in my highschool rock band,,Thu Feb 27 04:56:14 +0000 2020,,,,https://twitter.com/advanceddirt/status/1232892170878586880,1232892170878586880,617355311
2020-02-27 04:02:12+00:00,advanceddirt,zandywithaz,0,1,3,Yeah this is fucking insane!!,,Thu Feb 27 04:02:12 +0000 2020,,,https://twitter.com/zandywithaz/status/1232734968461193216,https://twitter.com/advanceddirt/status/1232878576195629057,1232878576195629057,617355311
2020-02-27 03:53:21+00:00,advanceddirt,,0,0,0,i still really like russell brand just off the back of this interview,,Thu Feb 27 03:53:21 +0000 2020,,,https://www.youtube.com/watch?v=3YR4CseY9pk,https://twitter.com/advanceddirt/status/1232876345916411904,1232876345916411904,617355311
2020-02-27 03:19:29+00:00,advanceddirt,clayaiken,0,1,14,My namesake has a point. How can current Bernie ever stand a chance of winning the nomination against past Bernie? He’s going to get swept.,,Thu Feb 27 03:19:29 +0000 2020,,,https://twitter.com/clayaiken/status/1232073088164155392,https://twitter.com/advanceddirt/status/1232867824256765952,1232867824256765952,617355311
2020-02-27 03:08:52+00:00,advanceddirt,,1,0,5,Wallstreetbets is one of these,,Thu Feb 27 03:08:52 +0000 2020,,,,https://twitter.com/advanceddirt/status/1232865153932115970,1232865153932115970,617355311
2020-02-27 03:08:39+00:00,advanceddirt,,1,1,8,The only real accelerationists are people who frequent circlejerk subreddits,,Thu Feb 27 03:08:39 +0000 2020,,,,https://twitter.com/advanceddirt/status/1232865095983616000,1232865095983616000,617355311
2020-02-27 02:33:38+00:00,advanceddirt,CoelecanthJ,1,0,0,"I’ve considered this and determined it is not the case. I’m not being flippant with the word nazi here, he’s nervously made holocaust denier jokes to me (big alex Jones /pol/ guy)",,Thu Feb 27 02:33:38 +0000 2020,,,,https://twitter.com/advanceddirt/status/1232856283738279936,1232856283738279936,617355311
2020-02-27 01:34:37+00:00,advanceddirt,,2,0,6,Nobody will get this cause it was from a split second in the least viewed Cohen brothers movie but it’s one of my favorite moments in any film,,Thu Feb 27 01:34:37 +0000 2020,,,,https://twitter.com/advanceddirt/status/1232841431544320000,1232841431544320000,617355311
2020-02-27 01:29:46+00:00,advanceddirt,,1,0,15,https://twitter.com/jzikah/status/1232422206556131328,,Thu Feb 27 01:29:46 +0000 2020,,,https://twitter.com/jzikah/status/1232422206556131328,https://twitter.com/advanceddirt/status/1232840214139162624,1232840214139162624,617355311
2020-02-27 01:19:03+00:00,advanceddirt,PastelJaws,1,0,5,"It’s just flagrant. He knows I’m extremely online enough to get most of the memes he references, he had to have known I’d recognize the most memed far right webcomic in existence",,Thu Feb 27 01:19:03 +0000 2020,,,,https://twitter.com/advanceddirt/status/1232837514018226179,1232837514018226179,617355311
2020-02-27 01:09:21+00:00,advanceddirt,APHOBIAKILLS,0,0,0,I will when I’m ready,,Thu Feb 27 01:09:21 +0000 2020,,,,https://twitter.com/advanceddirt/status/1232835077064679424,1232835077064679424,617355311
2020-02-27 01:06:15+00:00,advanceddirt,advanceddirt,3,0,56,"lmfao so he just came up to me at the end of the day and was like “hey did you see the picture I sent you last night?” And I said “oh, yeah” in a completely dead affect and he got nervous and said something like “well I thought it was funny. I guess it’s up to interpretation”",,Thu Feb 27 01:06:15 +0000 2020,,,https://twitter.com/advanceddirt/status/1232522908116766722,https://twitter.com/advanceddirt/status/1232834294957002754,1232834294957002754,617355311
2020-02-27 00:28:19+00:00,advanceddirt,kelibacy,1,0,1,Yes,,Thu Feb 27 00:28:19 +0000 2020,,,,https://twitter.com/advanceddirt/status/1232824747685105664,1232824747685105664,617355311
2020-02-26 21:55:03+00:00,advanceddirt,Infex333,0,0,2,I did not listen to The Doldrums 800 times to be disrespected like this,,Wed Feb 26 21:55:03 +0000 2020,,,,https://twitter.com/advanceddirt/status/1232786177712746496,1232786177712746496,617355311
2020-02-26 21:53:07+00:00,advanceddirt,,0,0,10,"There’s literally no way I’m not in that percentile for Delroy Edwards, Dean Blunt, Against All Logic, Laurel Halo, Moodymann, or Ariel Pink.",,Wed Feb 26 21:53:07 +0000 2020,,,,https://twitter.com/advanceddirt/status/1232785692129841152,1232785692129841152,617355311
2020-02-26 21:50:13+00:00,advanceddirt,,2,0,23,If I don’t get a single 1% notif from Spotify I will be procuring a firearm,,Wed Feb 26 21:50:13 +0000 2020,,,,https://twitter.com/advanceddirt/status/1232784961788248065,1232784961788248065,617355311
2020-02-26 21:44:24+00:00,advanceddirt,volvodriver97,1,0,1,I’ve been saying this!!,,Wed Feb 26 21:44:24 +0000 2020,,,,https://twitter.com/advanceddirt/status/1232783497812557824,1232783497812557824,617355311
2020-02-26 21:37:32+00:00,advanceddirt,coronatruther,0,0,0,The pooch has a point,,Wed Feb 26 21:37:32 +0000 2020,,,,https://twitter.com/advanceddirt/status/1232781768752693249,1232781768752693249,617355311
2020-02-26 21:28:26+00:00,advanceddirt,,0,0,11,Ugh thank fucking god for this machine girl album,,Wed Feb 26 21:28:26 +0000 2020,,,,https://twitter.com/advanceddirt/status/1232779480554295296,1232779480554295296,617355311
2020-02-26 21:26:57+00:00,advanceddirt,slinkymusic,0,0,4,brain influencer ,,Wed Feb 26 21:26:57 +0000 2020,,,,https://twitter.com/advanceddirt/status/1232779104924995584,1232779104924995584,617355311
2020-02-26 21:26:26+00:00,advanceddirt,afraidofwasps,0,0,4,Fuck I didn’t even see the header. Astounding,,Wed Feb 26 21:26:26 +0000 2020,,,,https://twitter.com/advanceddirt/status/1232778976428318721,1232778976428318721,617355311
2020-02-26 21:12:53+00:00,advanceddirt,,0,0,3,lrt I hate that I have to give it to p4k but that made me laugh,,Wed Feb 26 21:12:53 +0000 2020,,,,https://twitter.com/advanceddirt/status/1232775565075107840,1232775565075107840,617355311
2020-02-26 21:12:23+00:00,advanceddirt,pitchfork,0,0,8,lmao nice,,Wed Feb 26 21:12:23 +0000 2020,,,,https://twitter.com/advanceddirt/status/1232775439724056576,1232775439724056576,617355311
2020-02-26 21:09:10+00:00,advanceddirt,,1,0,8,I honestly for the life of me can’t figure out how to write a fucking melody so I’m just gonna try and steal the guitar lead one from Starless by King Crimson cause that’s one of the best I’ve ever heard,,Wed Feb 26 21:09:10 +0000 2020,,,,https://twitter.com/advanceddirt/status/1232774631309729792,1232774631309729792,617355311
2020-02-26 21:01:54+00:00,advanceddirt,PastelJaws,0,0,5,Nah I feel like that would actually result in a shooting,,Wed Feb 26 21:01:54 +0000 2020,,,,https://twitter.com/advanceddirt/status/1232772803088117760,1232772803088117760,617355311
2020-02-26 20:56:37+00:00,advanceddirt,TianaHRR,0,0,2,Nah he won’t do shit,,Wed Feb 26 20:56:37 +0000 2020,,,,https://twitter.com/advanceddirt/status/1232771473661513728,1232771473661513728,617355311
2020-02-26 20:53:00+00:00,advanceddirt,KMOV,2,0,10,I’m going Zappa,,Wed Feb 26 20:53:00 +0000 2020,,,https://twitter.com/KMOV/status/1232742516048289792,https://twitter.com/advanceddirt/status/1232770560439926784,1232770560439926784,617355311
2020-02-26 20:51:00+00:00,advanceddirt,eggmcmacy,0,0,4,Operation is a go,,Wed Feb 26 20:51:00 +0000 2020,,,,https://twitter.com/advanceddirt/status/1232770059325468672,1232770059325468672,617355311
2020-02-26 20:49:12+00:00,advanceddirt,,8,0,50,Is it okay if I lie to my nazi coworker and tell him I’m Jewish so he leaves me alone?,,Wed Feb 26 20:49:12 +0000 2020,,,,https://twitter.com/advanceddirt/status/1232769606953000960,1232769606953000960,617355311
2020-02-26 19:50:28+00:00,advanceddirt,,0,0,12,I’m literally going to be too stupid for higher education just from all the brain damage from all the fumes and gasses I breathe every day working in this warehouse,,Wed Feb 26 19:50:28 +0000 2020,,,,https://twitter.com/advanceddirt/status/1232754825919520768,1232754825919520768,617355311
2020-02-26 19:49:21+00:00,advanceddirt,,0,0,9,I’ve been breathing in spray paint fumes non stop the past 2 days and I just got sprayed in the face with diesel. Just another day in the life for your average working class son of toil,,Wed Feb 26 19:49:21 +0000 2020,,,,https://twitter.com/advanceddirt/status/1232754545635123205,1232754545635123205,617355311
2020-02-26 18:21:58+00:00,advanceddirt,,1,0,20,If anybody other than me gets the dean blunt top 1% listener notif I’m deleting again and I’m not coming back,,Wed Feb 26 18:21:58 +0000 2020,,,,https://twitter.com/advanceddirt/status/1232732553016049664,1232732553016049664,617355311
2020-02-26 18:15:46+00:00,advanceddirt,,1,4,26,weird how the guy who isn’t electable keeps winning elections,,Wed Feb 26 18:15:46 +0000 2020,,,,https://twitter.com/advanceddirt/status/1232730991606714368,1232730991606714368,617355311
2020-02-26 16:00:07+00:00,advanceddirt,,0,1,12,,,Wed Feb 26 16:00:07 +0000 2020,,,,https://twitter.com/advanceddirt/status/1232696857089855488,1232696857089855488,617355311
2020-02-26 15:55:03+00:00,advanceddirt,auralfield1,1,0,1,I can’t afford to lose this job tbh,,Wed Feb 26 15:55:03 +0000 2020,,,,https://twitter.com/advanceddirt/status/1232695581652291589,1232695581652291589,617355311
2020-02-26 15:44:18+00:00,advanceddirt,auralfield1,1,0,1,"Pity mostly. He’s a neurotic adult virgin who’s brain has been fried by 4chan. It’s also weird cause I can tell he really really wants me to like him. Like, I think he’s trying to redpill me or something with all the whispered nazi memes",,Wed Feb 26 15:44:18 +0000 2020,,,,https://twitter.com/advanceddirt/status/1232692874254286854,1232692874254286854,617355311
2020-02-26 15:34:40+00:00,advanceddirt,,1,0,12,"This sounds like an exaggeration, but this is literally a convo I had with a coworker who texts me stonetoss comics and walks by me and whispers “all I’m saying is kick all the foreigners out, what’s the problem?”",,Wed Feb 26 15:34:40 +0000 2020,,,,https://twitter.com/advanceddirt/status/1232690452354125826,1232690452354125826,617355311
2020-02-26 15:33:41+00:00,advanceddirt,,1,0,22,"One thing I’ve learned about far right brainlets from being in close proximity to one is that they are nothing but craven opportunists, accusing Bernie Sanders of hating Israel and denying the Holocaust in the same breath.",,Wed Feb 26 15:33:41 +0000 2020,,,,https://twitter.com/advanceddirt/status/1232690205527691266,1232690205527691266,617355311
2020-02-26 15:04:41+00:00,advanceddirt,,0,0,3,"Just not about Bernie Bros, but about people pointing out that he’s a vicious abuser and manipulator",,Wed Feb 26 15:04:41 +0000 2020,,,,https://twitter.com/advanceddirt/status/1232682904540442626,1232682904540442626,617355311
2020-02-26 15:03:48+00:00,advanceddirt,,1,0,10,Best thing about this is boogie1488 basically said the same thing once,,Wed Feb 26 15:03:48 +0000 2020,,,,https://twitter.com/advanceddirt/status/1232682683274129409,1232682683274129409,617355311
2020-02-26 06:33:12+00:00,advanceddirt,,1,0,3,Far right*,,Wed Feb 26 06:33:12 +0000 2020,,,,https://twitter.com/advanceddirt/status/1232554184676823040,1232554184676823040,617355311
2020-02-26 06:32:03+00:00,advanceddirt,,0,0,6,it was a gay slang thing.,,Wed Feb 26 06:32:03 +0000 2020,,,,https://twitter.com/advanceddirt/status/1232553898193252352,1232553898193252352,617355311
2020-02-26 06:32:03+00:00,advanceddirt,,2,0,8,"It’s funny now making the connection between my coworker saying “king” and it being a new fat right meme, cause I noticed that he started saying “good morning king” a month or so ago, and it was really jarring cause it was something I avoided saying at work, because in my mind,",,Wed Feb 26 06:32:03 +0000 2020,,,,https://twitter.com/advanceddirt/status/1232553896469417984,1232553896469417984,617355311
2020-02-26 06:27:50+00:00,advanceddirt,,0,0,6,"I am anxious about how the far right are going to react to the coronavirus, so I’m gonna keep an ear on what he has to say about it at work",,Wed Feb 26 06:27:50 +0000 2020,,,,https://twitter.com/advanceddirt/status/1232552834249289728,1232552834249289728,617355311
2020-02-26 06:26:39+00:00,advanceddirt,,1,0,5,It’s also extremely good that this hasn’t gotten picked up as a big “left media” (breadtube) controversy cause it’s probably going to completely fizzle out and impact nobody outside of the core freaks who are already in on the joke,,Wed Feb 26 06:26:39 +0000 2020,,,,https://twitter.com/advanceddirt/status/1232552539263913985,1232552539263913985,617355311
2020-02-26 06:23:51+00:00,advanceddirt,,1,0,21,"Between that stonetoss comic my coworker sent me and the shit he’s been saying to me recently, it just dawned on me that there’s a concerted effort by fascist LARPers to appropriate saying “king” to each other and make it a redpill, shows you just how hapless these losers are",,Wed Feb 26 06:23:51 +0000 2020,,,,https://twitter.com/advanceddirt/status/1232551834767613952,1232551834767613952,617355311
2020-02-26 06:15:18+00:00,advanceddirt,,0,0,1,,,Wed Feb 26 06:15:18 +0000 2020,,,,https://twitter.com/advanceddirt/status/1232549680828932096,1232549680828932096,617355311
2020-02-26 06:12:57+00:00,advanceddirt,,0,1,22,Can someone please explain what Warren meant when she said “Moriarty is real” and told the moderator she liked her shoelaces??,,Wed Feb 26 06:12:57 +0000 2020,,,,https://twitter.com/advanceddirt/status/1232549091369869316,1232549091369869316,617355311
2020-02-26 06:03:32+00:00,advanceddirt,CasinoGarden,0,0,2,wait a minute.... comrade Walt?,,Wed Feb 26 06:03:32 +0000 2020,,,,https://twitter.com/advanceddirt/status/1232546718933114881,1232546718933114881,617355311
2020-02-26 06:01:10+00:00,advanceddirt,,2,0,25,Tbh this version of the hammer & sickle kinda goes,,Wed Feb 26 06:01:10 +0000 2020,,,,https://twitter.com/advanceddirt/status/1232546123492945920,1232546123492945920,617355311
2020-02-26 05:29:11+00:00,advanceddirt,,0,0,6,Arpeggio? You mean that bitch who made Pinocchio?,,Wed Feb 26 05:29:11 +0000 2020,,,,https://twitter.com/advanceddirt/status/1232538074904547329,1232538074904547329,617355311
2020-02-26 05:28:10+00:00,advanceddirt,,4,0,29,Once I figure out what the fuck an arpeggio is its over for you hoes,,Wed Feb 26 05:28:10 +0000 2020,,,,https://twitter.com/advanceddirt/status/1232537821476352000,1232537821476352000,617355311
2020-02-26 05:26:09+00:00,advanceddirt,,0,0,1,What’s this everyone talking about the boyfriend poop hole?,,Wed Feb 26 05:26:09 +0000 2020,,,,https://twitter.com/advanceddirt/status/1232537312115904512,1232537312115904512,617355311
2020-02-26 05:25:26+00:00,advanceddirt,meleeideologue,0,0,1,I’ll see what I can scrounge together,,Wed Feb 26 05:25:26 +0000 2020,,,,https://twitter.com/advanceddirt/status/1232537133811818498,1232537133811818498,617355311
2020-02-26 05:24:19+00:00,advanceddirt,,0,1,13,fuck you i love HOUSE MUSIC,,Wed Feb 26 05:24:19 +0000 2020,,,,https://twitter.com/advanceddirt/status/1232536852818620417,1232536852818620417,617355311
2020-02-26 05:23:36+00:00,advanceddirt,chickenpaprika,0,0,8,What the fuck. I’m packing my escape bag tonight,,Wed Feb 26 05:23:36 +0000 2020,,,,https://twitter.com/advanceddirt/status/1232536669170982915,1232536669170982915,617355311
2020-02-26 05:21:22+00:00,advanceddirt,,3,0,27,Been grinding https://clyp.it/nmuk03dc,,Wed Feb 26 05:21:22 +0000 2020,,,https://clyp.it/nmuk03dc,https://twitter.com/advanceddirt/status/1232536107255914497,1232536107255914497,617355311
2020-02-26 05:13:02+00:00,advanceddirt,chickenpaprika,1,0,8,My impact,,Wed Feb 26 05:13:02 +0000 2020,,,,https://twitter.com/advanceddirt/status/1232534011324452864,1232534011324452864,617355311
2020-02-26 04:34:30+00:00,advanceddirt,drippinpitch,1,0,0,Yeah I really don’t know what to do. I’m going to be working with him directly all day tomorrow too,,Wed Feb 26 04:34:30 +0000 2020,,,,https://twitter.com/advanceddirt/status/1232524314018103296,1232524314018103296,617355311
2020-02-26 04:28:55+00:00,advanceddirt,,4,0,44,My coworker just sent me this,,Wed Feb 26 04:28:55 +0000 2020,,,,https://twitter.com/advanceddirt/status/1232522908116766722,1232522908116766722,617355311
2020-02-26 04:11:35+00:00,advanceddirt,,0,0,11,"The 3 most influential things of my adolescence were The Diary of Anne Frank, The Downward Spiral by Nine Inch Nails, and what I thought I understood of Nietzsche by way of NIN",,Wed Feb 26 04:11:35 +0000 2020,,,,https://twitter.com/advanceddirt/status/1232518547789819905,1232518547789819905,617355311
2020-02-26 03:33:19+00:00,advanceddirt,royboyorbison,0,0,1,holy fucking shit,,Wed Feb 26 03:33:19 +0000 2020,,,,https://twitter.com/advanceddirt/status/1232508918451990529,1232508918451990529,617355311
2020-02-26 03:11:38+00:00,advanceddirt,,1,0,16,which is honestly masterful bait,,Wed Feb 26 03:11:38 +0000 2020,,,,https://twitter.com/advanceddirt/status/1232503462350462978,1232503462350462978,617355311
