date,username,to,replies,retweets,favorites,text,mentions,formatted_date,geo,hashtags,urls,permalink,ID,author_id
2020-02-28 20:35:24+00:00,alexvtunzelmann,wheatles,1,0,0,Another Maltese person kindly supplied this here: https://twitter.com/i_vg/status/1233413004252848128?s=21,,Fri Feb 28 20:35:24 +0000 2020,,,"https://twitter.com/i_vg/status/1233413004252848128?s=21,https://twitter.com/I_VG/status/1233413004252848128",https://twitter.com/alexvtunzelmann/status/1233490910257782784,1233490910257782784,115941509
2020-02-28 16:03:36+00:00,alexvtunzelmann,cguyver,1,0,0,"Haha! I am not especially concerned about it as “desecration” as Peter is - a decade-old guide to snowboarding resorts would probably be binned or pulped if it wasn’t lopped in half and stuck on a wall - but unquestionably the result is both ugly and dysfunctional, so why?",,Fri Feb 28 16:03:36 +0000 2020,,,,https://twitter.com/alexvtunzelmann/status/1233422507144884225,1233422507144884225,115941509
2020-02-28 15:54:02+00:00,alexvtunzelmann,alexvtunzelmann,1,0,1,"I imagine you’re referring back to possibly my most controversial tweet ever, but in this case it was about someone making books *easier* to read, not impossible: https://twitter.com/alexvtunzelmann/status/1219598512956022784?s=21",,Fri Feb 28 15:54:02 +0000 2020,,,"https://twitter.com/alexvtunzelmann/status/1219598512956022784?s=21,https://twitter.com/alexvtunzelmann/status/1219598512956022784",https://twitter.com/alexvtunzelmann/status/1233420100218302464,1233420100218302464,115941509
2020-02-28 15:51:17+00:00,alexvtunzelmann,cguyver,1,0,2,I don’t understand the point of this. Wouldn’t it have been easier just to put the whole books on shelves? Unless it’s some kind of artistic statement about the illusion of choice under capitalism or something?,,Fri Feb 28 15:51:17 +0000 2020,,,,https://twitter.com/alexvtunzelmann/status/1233419406866309126,1233419406866309126,115941509
2020-02-28 15:45:56+00:00,alexvtunzelmann,I_VG,1,0,0,"Haha! Agreed. Yes, your pronunciation does sound pretty similar, except he emphasises “BOOT” at the beginning more and rounds the “oo” sound. Thank you ever so much!",,Fri Feb 28 15:45:56 +0000 2020,,,,https://twitter.com/alexvtunzelmann/status/1233418060603760646,1233418060603760646,115941509
2020-02-28 15:44:05+00:00,alexvtunzelmann,lara_farrell,0,0,0,Thank you!,,Fri Feb 28 15:44:05 +0000 2020,,,,https://twitter.com/alexvtunzelmann/status/1233417598232080385,1233417598232080385,115941509
2020-02-28 15:15:57+00:00,alexvtunzelmann,redhistorian,6,44,115,This thread is one of the smartest replies to one of the stupidest tweets you’ll read today.,,Fri Feb 28 15:15:57 +0000 2020,,,https://twitter.com/redhistorian/status/1233396124754554882,https://twitter.com/alexvtunzelmann/status/1233410516233617410,1233410516233617410,115941509
2020-02-28 15:12:22+00:00,alexvtunzelmann,lara_farrell,1,0,0,"Thank you - that’s so helpful! Is the first syllable like Butt or Boot, or does it rhyme with “put/soot” etc?",,Fri Feb 28 15:12:22 +0000 2020,,,,https://twitter.com/alexvtunzelmann/status/1233409615133577216,1233409615133577216,115941509
2020-02-28 14:42:58+00:00,alexvtunzelmann,,2,0,3,"From the article’s description I am imagining the Maltese form is something like “Butty-geeeech”. If any Maltese people out there would like to weigh in, I’d be so grateful.",,Fri Feb 28 14:42:58 +0000 2020,,,,https://twitter.com/alexvtunzelmann/status/1233402217408786434,1233402217408786434,115941509
2020-02-28 14:40:44+00:00,alexvtunzelmann,,4,0,4,"I’m afraid this description is inadequate. Is everyone just trying to avoid drawing attention to that unfortunate “Butt” at the beginning? I know Mayor Pete pronounces it “Boot-edge-edge”, and I can certainly understand why.",,Fri Feb 28 14:40:44 +0000 2020,,,,https://twitter.com/alexvtunzelmann/status/1233401655414153216,1233401655414153216,115941509
2020-02-28 14:39:10+00:00,alexvtunzelmann,PostWorld,5,3,15,"It’s a splendid headline, but I sped through this article hoping to find the most important thing: how do the Maltese pronounce that name? “Maltese tend to hit the notes a little differently, speeding through the first two syllables and drawing out a “geeeech” at the end.”",,Fri Feb 28 14:39:10 +0000 2020,,,https://twitter.com/PostWorld/status/1233392773140819973,https://twitter.com/alexvtunzelmann/status/1233401260147191808,1233401260147191808,115941509
2020-02-28 12:57:04+00:00,alexvtunzelmann,,1,2,13,Disney can put out all the naff remakes it likes but it will never erase our original icons ,,Fri Feb 28 12:57:04 +0000 2020,,,,https://twitter.com/alexvtunzelmann/status/1233375564574097410,1233375564574097410,115941509
2020-02-28 12:49:52+00:00,alexvtunzelmann,dabi_hawks,2,1,11,"This is exactly what I think is behind the removal of Li Shang from the remake of Mulan, unfortunately. Personally I shall be skipping the bowdlerised version and rewatching the original in a double bill with Some Like it Hot (1959) instead.",,Fri Feb 28 12:49:52 +0000 2020,,,https://twitter.com/dabi_hawks/status/1233167254616858625,https://twitter.com/alexvtunzelmann/status/1233373755054968832,1233373755054968832,115941509
2020-02-28 11:12:52+00:00,alexvtunzelmann,cairnage,2,0,0,Oh YES: I hate those!,,Fri Feb 28 11:12:52 +0000 2020,,,,https://twitter.com/alexvtunzelmann/status/1233349343056474112,1233349343056474112,115941509
2020-02-28 10:40:34+00:00,alexvtunzelmann,EddieRobson,1,0,2,"I’ve wondered if that’s why I’m not a huge fan of participation memes too. I suck at them. Still, anything like “caption this” or “make puns on this” - aside from being a very lazy attempt to go viral - tends to attract a handful of brilliant answers & thousands of witless ones.",,Fri Feb 28 10:40:34 +0000 2020,,,,https://twitter.com/alexvtunzelmann/status/1233341215761948672,1233341215761948672,115941509
2020-02-28 10:22:38+00:00,alexvtunzelmann,,7,10,82,"*clears throat for loud subtweet to dozens of people at once* please be advised that the “wrong answers only” meme was never funny, still isn’t funny, and doesn’t need resurrecting",,Fri Feb 28 10:22:38 +0000 2020,,,,https://twitter.com/alexvtunzelmann/status/1233336700778274822,1233336700778274822,115941509
2020-02-27 22:37:36+00:00,alexvtunzelmann,Scientits,0,0,1,Of course! Go right ahead!,,Thu Feb 27 22:37:36 +0000 2020,,,,https://twitter.com/alexvtunzelmann/status/1233159275201122304,1233159275201122304,115941509
2020-02-27 13:18:07+00:00,alexvtunzelmann,simon_schama,1,0,3,"Ah, beans cooked from scratch are in a completely different category! It’s the combination of overcooked powdery bean texture and sweet, gloopy sauce in the canned ones that I can’t countenance.",,Thu Feb 27 13:18:07 +0000 2020,,,,https://twitter.com/alexvtunzelmann/status/1233018473233686528,1233018473233686528,115941509
2020-02-27 13:15:51+00:00,alexvtunzelmann,TimGStevens,0,0,0,Still gross though,,Thu Feb 27 13:15:51 +0000 2020,,,,https://twitter.com/alexvtunzelmann/status/1233017905807347715,1233017905807347715,115941509
2020-02-27 13:13:16+00:00,alexvtunzelmann,katherineschof8,3,0,1,"Beans in general are a fine thing, but baked beans are frankly criminal. I’m sure the sugar content of that squicky sauce is far too high for them to be good for you!",,Thu Feb 27 13:13:16 +0000 2020,,,,https://twitter.com/alexvtunzelmann/status/1233017253156859905,1233017253156859905,115941509
2020-02-27 11:56:44+00:00,alexvtunzelmann,TimGStevens,0,0,0,Hahahaha! Perfect,,Thu Feb 27 11:56:44 +0000 2020,,,,https://twitter.com/alexvtunzelmann/status/1232997996163403776,1232997996163403776,115941509
2020-02-27 11:55:52+00:00,alexvtunzelmann,Gargarin,0,0,2,I refer you to my answer to some other philistine on this thread.,,Thu Feb 27 11:55:52 +0000 2020,,,,https://twitter.com/alexvtunzelmann/status/1232997775274643456,1232997775274643456,115941509
2020-02-27 11:53:17+00:00,alexvtunzelmann,TimGStevens,2,1,5,They are entirely disgusting and I can only presume that those still attached to them are in thrall to some kind of childish fixation on sickly goo.,,Thu Feb 27 11:53:17 +0000 2020,,,,https://twitter.com/alexvtunzelmann/status/1232997127774777344,1232997127774777344,115941509
2020-02-27 11:50:57+00:00,alexvtunzelmann,radiomukhers,1,0,3,"Entirely fair enough! Don’t blame me when you get the angry letters, though. “Sir. I would have thought an author of your standing would have known the most rudimentary facts about the history of the Indian postal service that every 5 year old child can recite. Sadly I overestima",,Thu Feb 27 11:50:57 +0000 2020,,,,https://twitter.com/alexvtunzelmann/status/1232996538730897408,1232996538730897408,115941509
2020-02-27 11:47:06+00:00,alexvtunzelmann,guywalters,5,1,11,"Stick to your guns. Baked beans are the devil’s own slimy spawn and I will not tolerate their nauseating incursion into that most sublime of meals, a full English.",,Thu Feb 27 11:47:06 +0000 2020,,,,https://twitter.com/alexvtunzelmann/status/1232995569351766016,1232995569351766016,115941509
2020-02-27 11:40:53+00:00,alexvtunzelmann,radiomukhers,1,0,1,"Surprised if it isn’t on the wiki page (or at least in something linked from there). This is the kind of thing people get quite nerdy about. If not, I’d search the British Library catalogue (which you can do from home, obv)",,Thu Feb 27 11:40:53 +0000 2020,,,,https://twitter.com/alexvtunzelmann/status/1232994003529949184,1232994003529949184,115941509
2020-02-27 11:27:09+00:00,alexvtunzelmann,LauraSRobinson,1,0,3,"Not offhand, no! Should be easy to find out - I think there might even be histories of it.",,Thu Feb 27 11:27:09 +0000 2020,,,,https://twitter.com/alexvtunzelmann/status/1232990549646462976,1232990549646462976,115941509
2020-02-27 10:07:50+00:00,alexvtunzelmann,liz_lizanderson,1,0,25,Where is the judge? The jury? That cat deserves a chance to clear their good name like everyone else. I demand justice (and maybe the rest of the crisps),,Thu Feb 27 10:07:50 +0000 2020,,,,https://twitter.com/alexvtunzelmann/status/1232970589280882690,1232970589280882690,115941509
2020-02-26 16:09:45+00:00,alexvtunzelmann,JeffreyASachs,1,3,28,Always think about whether your “but” could be an “and”.,,Wed Feb 26 16:09:45 +0000 2020,,,https://twitter.com/JeffreyASachs/status/1232660924772823040,https://twitter.com/alexvtunzelmann/status/1232699280621801473,1232699280621801473,115941509
2020-02-25 22:03:57+00:00,alexvtunzelmann,laureninception,0,1,3,A couple of people have said that getting them wet is a problem: stinky and also very very heavy when waterlogged ,,Tue Feb 25 22:03:57 +0000 2020,,,,https://twitter.com/alexvtunzelmann/status/1232426030981435392,1232426030981435392,115941509
2020-02-25 19:30:48+00:00,alexvtunzelmann,Sara_Rose_G,1,0,4,Why would you deny yourself this joy? The only true value it has is its value to you. Play play play!,,Tue Feb 25 19:30:48 +0000 2020,,,,https://twitter.com/alexvtunzelmann/status/1232387488863354881,1232387488863354881,115941509
2020-02-25 13:55:33+00:00,alexvtunzelmann,fugitiveink,0,0,4,"This was rather my feeling! Mmm, cosy.",,Tue Feb 25 13:55:33 +0000 2020,,,,https://twitter.com/alexvtunzelmann/status/1232303121386352641,1232303121386352641,115941509
2020-02-25 13:39:45+00:00,alexvtunzelmann,,43,16,220,"All the women in London are wearing fuzzy beige coats. I’m torn between thinking they look like teddy bears that have been through the wash too many times, and quite wanting one myself",,Tue Feb 25 13:39:45 +0000 2020,,,,https://twitter.com/alexvtunzelmann/status/1232299142686355458,1232299142686355458,115941509
2020-02-25 11:32:49+00:00,alexvtunzelmann,neilhumby,1,0,0,"Minimum, yes. Living, no.",,Tue Feb 25 11:32:49 +0000 2020,,,,https://twitter.com/alexvtunzelmann/status/1232267201266233344,1232267201266233344,115941509
2020-02-25 11:24:12+00:00,alexvtunzelmann,byers90,2,2,18,I couldn’t agree more. I hope all authors will stand in solidarity with booksellers.,,Tue Feb 25 11:24:12 +0000 2020,,,https://twitter.com/byers90/status/1232253827413352449,https://twitter.com/alexvtunzelmann/status/1232265031343099905,1232265031343099905,115941509
2020-02-25 09:40:42+00:00,alexvtunzelmann,lewis_goodall,1,3,17,"How have they not yet worked out that “playing hardball” does not work, when so far it has led to the UK capitulating at every stage?",,Tue Feb 25 09:40:42 +0000 2020,,,https://twitter.com/lewis_goodall/status/1231861754067668992,https://twitter.com/alexvtunzelmann/status/1232238985843482624,1232238985843482624,115941509
2020-02-25 09:02:28+00:00,alexvtunzelmann,Dan1763,0,0,7,CONSUMER CHOICE IS A MASSIVE PROBLEM WHEN IT ACCOMMODATES PEOPLE WHO ARE DIFFERENT FROM ME ,,Tue Feb 25 09:02:28 +0000 2020,,,,https://twitter.com/alexvtunzelmann/status/1232229361727811584,1232229361727811584,115941509
2020-02-25 08:52:37+00:00,alexvtunzelmann,jessbrammar,0,0,0,I’ve just been to look at the replies and truly,,Tue Feb 25 08:52:37 +0000 2020,,,,https://twitter.com/alexvtunzelmann/status/1232226886069161984,1232226886069161984,115941509
2020-02-24 23:44:28+00:00,alexvtunzelmann,maxsparber,0,0,7,Keep a closer eye on the staff.,,Mon Feb 24 23:44:28 +0000 2020,,,,https://twitter.com/alexvtunzelmann/status/1232088936266289153,1232088936266289153,115941509
2020-02-24 21:02:36+00:00,alexvtunzelmann,TheSamhita,0,2,15,So many stories. And they’re all so similar. That bastard must have thought he was invincible.,,Mon Feb 24 21:02:36 +0000 2020,,,https://twitter.com/TheSamhita/status/1231989466421657600,https://twitter.com/alexvtunzelmann/status/1232048201412366337,1232048201412366337,115941509
2020-02-24 17:58:45+00:00,alexvtunzelmann,nytimes,0,0,26,Phew. I hope this gives some closure to some of his victims and some hope to any others out there.,,Mon Feb 24 17:58:45 +0000 2020,,,https://twitter.com/nytimes/status/1231984611040911360,https://twitter.com/alexvtunzelmann/status/1232001935491977216,1232001935491977216,115941509
2020-02-24 17:49:04+00:00,alexvtunzelmann,goulcher,0,0,7,I’ve always thought their campaigns are so routinely counterproductive and damaging that they must be a front for the meat industry.,,Mon Feb 24 17:49:04 +0000 2020,,,,https://twitter.com/alexvtunzelmann/status/1231999500371349504,1231999500371349504,115941509
2020-02-24 11:44:39+00:00,alexvtunzelmann,dvnam,0,0,2,"Pffft, I’m not a grass ;)",,Mon Feb 24 11:44:39 +0000 2020,,,,https://twitter.com/alexvtunzelmann/status/1231907791029362693,1231907791029362693,115941509
2020-02-24 11:35:06+00:00,alexvtunzelmann,RevStu,0,0,1,The worst! There are a whole load of them here (with thanks to @Longshanks1307) and many of them really are quite alarming... https://twitter.com/longshanks1307/status/1231655448987807746?s=21,@Longshanks1307,Mon Feb 24 11:35:06 +0000 2020,,,"https://twitter.com/longshanks1307/status/1231655448987807746?s=21,https://twitter.com/Longshanks1307/status/1231655448987807746",https://twitter.com/alexvtunzelmann/status/1231905387647029249,1231905387647029249,115941509
2020-02-24 11:25:31+00:00,alexvtunzelmann,AlanRMacLeod,4,9,26,"OK, that sticker placement really is ",,Mon Feb 24 11:25:31 +0000 2020,,,https://twitter.com/AlanRMacLeod/status/1231892700447870976,https://twitter.com/alexvtunzelmann/status/1231902973476900864,1231902973476900864,115941509
2020-02-24 10:18:28+00:00,alexvtunzelmann,neilhumby,1,0,2,I would literally be researching how to make a muffin that wouldn’t make a cat sick,,Mon Feb 24 10:18:28 +0000 2020,,,,https://twitter.com/alexvtunzelmann/status/1231886102916673537,1231886102916673537,115941509
2020-02-24 10:14:48+00:00,alexvtunzelmann,michaelscat2,1,5,30,Petition for cat café to stop serving muffins and become a cat sashimi joint so Bea can get her snackos,,Mon Feb 24 10:14:48 +0000 2020,,,https://twitter.com/michaelscat2/status/1231310530314412034,https://twitter.com/alexvtunzelmann/status/1231885178039144449,1231885178039144449,115941509
2020-02-24 10:09:14+00:00,alexvtunzelmann,davidclewis,1,0,0,"Yes, the challenge will be to find the thing that really offends them. Maybe you need to fold the Club back on itself by demanding your right to speak loudly and unapologetically at great length in favour of radical political correctness?",,Mon Feb 24 10:09:14 +0000 2020,,,,https://twitter.com/alexvtunzelmann/status/1231883779045830656,1231883779045830656,115941509
2020-02-24 10:03:58+00:00,alexvtunzelmann,PhilJDore,0,0,1,"No, you’re on the money - it’s just all about who gets there first! ;)",,Mon Feb 24 10:03:58 +0000 2020,,,,https://twitter.com/alexvtunzelmann/status/1231882451905019904,1231882451905019904,115941509
2020-02-24 10:02:42+00:00,alexvtunzelmann,PhilJDore,1,0,0,"Yes, also spot on - a couple of people already have!",,Mon Feb 24 10:02:42 +0000 2020,,,,https://twitter.com/alexvtunzelmann/status/1231882131791630337,1231882131791630337,115941509
2020-02-24 10:00:25+00:00,alexvtunzelmann,Sonic_Screwup,0,0,2,OMGGGGG! ,,Mon Feb 24 10:00:25 +0000 2020,,,,https://twitter.com/alexvtunzelmann/status/1231881557994090497,1231881557994090497,115941509
2020-02-24 09:59:24+00:00,alexvtunzelmann,,3,0,36,"A lot of you are referencing the League of Gentlemen, and yes, I see that, but to my mind the sign recalls the work of @davidshrigley",@davidshrigley,Mon Feb 24 09:59:24 +0000 2020,,,,https://twitter.com/alexvtunzelmann/status/1231881303588560896,1231881303588560896,115941509
2020-02-24 09:46:00+00:00,alexvtunzelmann,sciencebase,1,0,2,I guessed drugs. The brothel is another block or so along the street!,,Mon Feb 24 09:46:00 +0000 2020,,,,https://twitter.com/alexvtunzelmann/status/1231877928935448576,1231877928935448576,115941509
2020-02-24 09:03:10+00:00,alexvtunzelmann,historyscientis,1,0,2,Can’t be arsed to read the details of what his civil servants are working on AND intends imminently to purge any civil servants who don’t just nodding-dog nod along with his every whim.,,Mon Feb 24 09:03:10 +0000 2020,,,,https://twitter.com/alexvtunzelmann/status/1231867149460873217,1231867149460873217,115941509
2020-02-23 23:47:16+00:00,alexvtunzelmann,jamescamien,0,0,0,"Just perfect, as ever!",,Sun Feb 23 23:47:16 +0000 2020,,,,https://twitter.com/alexvtunzelmann/status/1231727254264307712,1231727254264307712,115941509
2020-02-23 21:50:45+00:00,alexvtunzelmann,dafticus123,1,0,0,"I haven’t seen it, but there’s this: https://en.m.wikipedia.org/wiki/Impromptu_(1991_film)",,Sun Feb 23 21:50:45 +0000 2020,,,https://en.m.wikipedia.org/wiki/Impromptu_(1991_film),https://twitter.com/alexvtunzelmann/status/1231697932145000448,1231697932145000448,115941509
2020-02-23 21:43:35+00:00,alexvtunzelmann,dafticus123,2,0,0,"I wasn’t a huge fan of that film either, but this one really is so, so much worse! (A good film about Liszt could be tremendous, though...)",,Sun Feb 23 21:43:35 +0000 2020,,,,https://twitter.com/alexvtunzelmann/status/1231696126740455425,1231696126740455425,115941509
2020-02-23 21:39:00+00:00,alexvtunzelmann,IanMcL13,1,0,3,"He had flashes of extraordinary talent: there were just some projects where he seemed to revel in the exact opposite! I love some of his photography, eg:",,Sun Feb 23 21:39:00 +0000 2020,,,https://www.theguardian.com/artanddesign/gallery/2016/nov/29/ken-russell-post-war-london-in-pictures-rolleicord-teddy-girls,https://twitter.com/alexvtunzelmann/status/1231694976347758597,1231694976347758597,115941509
2020-02-23 21:36:24+00:00,alexvtunzelmann,simgeo35,1,0,0,"I did not! There are quite a lot of bad films about composers out there, but I honestly doubt it comes close to Lisztomania",,Sun Feb 23 21:36:24 +0000 2020,,,,https://twitter.com/alexvtunzelmann/status/1231694321881096193,1231694321881096193,115941509
2020-02-23 21:35:16+00:00,alexvtunzelmann,_paullay,1,0,1,"If I hadn’t been writing about it, I wouldn’t have got more than five minutes in!",,Sun Feb 23 21:35:16 +0000 2020,,,,https://twitter.com/alexvtunzelmann/status/1231694033677955072,1231694033677955072,115941509
2020-02-23 21:32:21+00:00,alexvtunzelmann,mattlodder,0,0,2,Why don’t they just hire an actor if that’s what they want?,,Sun Feb 23 21:32:21 +0000 2020,,,,https://twitter.com/alexvtunzelmann/status/1231693300547145730,1231693300547145730,115941509
2020-02-23 21:31:38+00:00,alexvtunzelmann,_paullay,1,0,0,"I’m almost tempted to find out, but still emotionally scarred from having to sit through the whole of Lisztomania completely sober.",,Sun Feb 23 21:31:38 +0000 2020,,,,https://twitter.com/alexvtunzelmann/status/1231693119457984512,1231693119457984512,115941509
2020-02-23 21:30:05+00:00,alexvtunzelmann,dafticus123,1,0,1,"My review (linked above) outlines very broadly a few of the problems with it. It’s not exactly what you’d call a stickler for historical accuracy, or for artistic or intellectual merit of any kind, really.",,Sun Feb 23 21:30:05 +0000 2020,,,,https://twitter.com/alexvtunzelmann/status/1231692731325517826,1231692731325517826,115941509
2020-02-23 21:25:14+00:00,alexvtunzelmann,Matthew_Flowers,8,3,13,"I wonder if it’s as bad as his film about Liszt, which is genuinely astonishing in its badness? https://www.theguardian.com/film/filmblog/2013/feb/06/lisztomania-most-embarrassing-historical-film",,Sun Feb 23 21:25:14 +0000 2020,,,"https://www.theguardian.com/film/filmblog/2013/feb/06/lisztomania-most-embarrassing-historical-film,https://twitter.com/Matthew_Flowers/status/1231681012075286528",https://twitter.com/alexvtunzelmann/status/1231691509428301825,1231691509428301825,115941509
2020-02-23 21:19:00+00:00,alexvtunzelmann,gambinga_,0,0,3,"I could go in and ask, but I expect they’d think I was a cop",,Sun Feb 23 21:19:00 +0000 2020,,,,https://twitter.com/alexvtunzelmann/status/1231689941060608005,1231689941060608005,115941509
2020-02-23 21:14:13+00:00,alexvtunzelmann,gambinga_,1,0,3,Accurate tbh,,Sun Feb 23 21:14:13 +0000 2020,,,,https://twitter.com/alexvtunzelmann/status/1231688739124121600,1231688739124121600,115941509
2020-02-23 17:11:43+00:00,alexvtunzelmann,djhc2,1,0,3,I did wonder about that. “Eggs” ,,Sun Feb 23 17:11:43 +0000 2020,,,,https://twitter.com/alexvtunzelmann/status/1231627710381907970,1231627710381907970,115941509
2020-02-23 17:08:31+00:00,alexvtunzelmann,,164,990,7025,The quote marks somehow lend this sign in a corner shop window an air of dark menace,,Sun Feb 23 17:08:31 +0000 2020,,,,https://twitter.com/alexvtunzelmann/status/1231626904488349696,1231626904488349696,115941509
2020-02-23 14:15:12+00:00,alexvtunzelmann,Natt,0,0,0,"Yeah, I think you & others make a fair point and read it more deeply than me. I was horrified by the headline; relieved by a quick read of the article; should have thought about it more in context.",,Sun Feb 23 14:15:12 +0000 2020,,,,https://twitter.com/alexvtunzelmann/status/1231583288910843906,1231583288910843906,115941509
2020-02-23 13:51:31+00:00,alexvtunzelmann,Natt,1,0,4,"See the rest of the thread and other replies to me. On reflection, I agree!",,Sun Feb 23 13:51:31 +0000 2020,,,,https://twitter.com/alexvtunzelmann/status/1231577327831846914,1231577327831846914,115941509
2020-02-23 12:00:52+00:00,alexvtunzelmann,Nukapai,1,0,2,"Yep, see other responses to me and the rest of the thread. I’ve reconsidered my thoughts in light of their points.",,Sun Feb 23 12:00:52 +0000 2020,,,,https://twitter.com/alexvtunzelmann/status/1231549481482702849,1231549481482702849,115941509
2020-02-23 10:59:23+00:00,alexvtunzelmann,,0,0,4,"And, to be fair, maybe the headline and reaction to it illustrate just that.",,Sun Feb 23 10:59:23 +0000 2020,,,,https://twitter.com/alexvtunzelmann/status/1231534011585122305,1231534011585122305,115941509
2020-02-23 10:55:19+00:00,alexvtunzelmann,judeinlondon2,1,0,2,"Yeah, I do see your point.",,Sun Feb 23 10:55:19 +0000 2020,,,,https://twitter.com/alexvtunzelmann/status/1231532988661456897,1231532988661456897,115941509
2020-02-23 10:54:09+00:00,alexvtunzelmann,NesrineMalik,2,2,10,Counterpoint: Nesrine’s thread here & Jude’s points in conversation with me on this thread. I take their points. Nandy is trying to tread a careful line; it may be impossible and/or counterproductive to do so. https://twitter.com/nesrinemalik/status/1231506174425665536?s=21,,Sun Feb 23 10:54:09 +0000 2020,,,"https://twitter.com/nesrinemalik/status/1231506174425665536?s=21,https://twitter.com/NesrineMalik/status/1231506174425665536",https://twitter.com/alexvtunzelmann/status/1231532694284242949,1231532694284242949,115941509
2020-02-23 10:49:58+00:00,alexvtunzelmann,judeinlondon2,0,0,0,"I suppose it depends if you think all of them are, in which case she’s on a fool’s errand to coddle some people she’ll never satisfy anyway, or if you think some of them aren’t, in which case a form of outreach might work. Again, I don’t know!",,Sun Feb 23 10:49:58 +0000 2020,,,,https://twitter.com/alexvtunzelmann/status/1231531640670822401,1231531640670822401,115941509
2020-02-23 10:47:15+00:00,alexvtunzelmann,judeinlondon2,1,0,0,She could certainly have made the case she says she needs to make in the article. Maybe she feels she needs to lay the groundwork by reassuring people that she doesn’t think they’re racist first? I don’t know.,,Sun Feb 23 10:47:15 +0000 2020,,,,https://twitter.com/alexvtunzelmann/status/1231530956491718656,1231530956491718656,115941509
2020-02-23 10:43:57+00:00,alexvtunzelmann,,3,0,10,"Obv the reasons for hostility to it are going to include racism, maybe quite high up the list. But I think what she’s trying to do - rightly or wrongly - is reach out to a cohort who aren’t dedicated racists & might be persuadable.",,Sun Feb 23 10:43:57 +0000 2020,,,,https://twitter.com/alexvtunzelmann/status/1231530127680557056,1231530127680557056,115941509
2020-02-23 10:39:58+00:00,alexvtunzelmann,,4,0,8,"What she’s saying re listening to people on immigration is trying to understand what lies behind the hostility to it & address that: “We need to understand why, in areas with low immigration, people are concerned about it.”",,Sun Feb 23 10:39:58 +0000 2020,,,,https://twitter.com/alexvtunzelmann/status/1231529125162168322,1231529125162168322,115941509
2020-02-23 10:37:47+00:00,alexvtunzelmann,Independent,8,13,42,"As usual, everyone’s reacting to the headline. In the piece, she advocates “making the case for freedom of movement, alongside an ambitious investment in UK skills.”",,Sun Feb 23 10:37:47 +0000 2020,,,https://twitter.com/Independent/status/1231328404865200128,https://twitter.com/alexvtunzelmann/status/1231528572776566784,1231528572776566784,115941509
2020-02-23 10:21:47+00:00,alexvtunzelmann,Patrick42358508,0,0,4,"Nobody is contradicting that point. What I am saying, underlining the message of the tweet I quoted, is that if this is his approach he needs good, honest advice (even if it isn’t always what he wants to hear), and must then exercise wisdom and judgment.",,Sun Feb 23 10:21:47 +0000 2020,,,,https://twitter.com/alexvtunzelmann/status/1231524547926675456,1231524547926675456,115941509
2020-02-23 09:54:45+00:00,alexvtunzelmann,AnnaSulan,0,0,2,"Extremely screwed, yes :(((",,Sun Feb 23 09:54:45 +0000 2020,,,,https://twitter.com/alexvtunzelmann/status/1231517745184935937,1231517745184935937,115941509
2020-02-23 09:46:27+00:00,alexvtunzelmann,Kat_Arney,0,0,2,It really is.,,Sun Feb 23 09:46:27 +0000 2020,,,,https://twitter.com/alexvtunzelmann/status/1231515656882991108,1231515656882991108,115941509
2020-02-23 09:45:59+00:00,alexvtunzelmann,,4,4,37,"From all the evidence of Johnson’s career so far, from school, university, journalism, mayoralty, ministerial office, he is either unprepared to engage in detail or incapable of doing so. So he must rely on advice, meaning the skills he requires are wisdom & judgment. Oh dear.",,Sun Feb 23 09:45:59 +0000 2020,,,,https://twitter.com/alexvtunzelmann/status/1231515538888822784,1231515538888822784,115941509
2020-02-23 09:41:33+00:00,alexvtunzelmann,Kat_Arney,7,16,66,"This comment on the PM’s preference for minimal briefing notes is too important to consign to brackets. If a chief exec is not prepared to engage in detail, they need an excellent civil service, & Johnson is simultaneously threatening to purge anyone who tells inconvenient truths",,Sun Feb 23 09:41:33 +0000 2020,,,https://twitter.com/Kat_Arney/status/1231512147596914688,https://twitter.com/alexvtunzelmann/status/1231514421362647041,1231514421362647041,115941509
2020-02-22 23:02:11+00:00,alexvtunzelmann,Nick_Pettigrew,0,0,2,Another thing that history has shown: “discipline” is a really great and highly constructive long-term alternative to actually putting forward a platform that a majority of people are genuinely excited about and enthusiastically consent to pursue. /s,,Sat Feb 22 23:02:11 +0000 2020,,,,https://twitter.com/alexvtunzelmann/status/1231353518906363908,1231353518906363908,115941509
2020-02-22 22:57:30+00:00,alexvtunzelmann,,0,1,7,"Since the tweet I linked to isn’t automatically displaying, here it is in screenshot (the middle one; before and after for context):",,Sat Feb 22 22:57:30 +0000 2020,,,,https://twitter.com/alexvtunzelmann/status/1231352341913391105,1231352341913391105,115941509
2020-02-22 22:53:30+00:00,alexvtunzelmann,DawnButlerBrent,2,1,13,https://twitter.com/samadlerbell/status/1230638860624965632?s=21,,Sat Feb 22 22:53:30 +0000 2020,,,"https://twitter.com/samadlerbell/status/1230638860624965632?s=21,https://twitter.com/DawnButlerBrent/status/1231249349969137664",https://twitter.com/alexvtunzelmann/status/1231351337499136005,1231351337499136005,115941509
2020-02-22 22:46:45+00:00,alexvtunzelmann,redhistorian,0,0,1,https://twitter.com/samadlerbell/status/1230638860624965632?s=21,,Sat Feb 22 22:46:45 +0000 2020,,,"https://twitter.com/samadlerbell/status/1230638860624965632?s=21,https://twitter.com/SamAdlerBell/status/1230638860624965632",https://twitter.com/alexvtunzelmann/status/1231349635710619650,1231349635710619650,115941509
2020-02-22 22:40:19+00:00,alexvtunzelmann,AmandaCloughley,0,0,2,QUEEN ,,Sat Feb 22 22:40:19 +0000 2020,,,,https://twitter.com/alexvtunzelmann/status/1231348018814898177,1231348018814898177,115941509
2020-02-22 22:38:34+00:00,alexvtunzelmann,Corinthird9,0,0,0, This makes me so happy!,,Sat Feb 22 22:38:34 +0000 2020,,,,https://twitter.com/alexvtunzelmann/status/1231347577615978496,1231347577615978496,115941509
2020-02-22 22:10:10+00:00,alexvtunzelmann,jerseygirlinatx,0,0,1,OMG Mo is INCREDIBLE ,,Sat Feb 22 22:10:10 +0000 2020,,,,https://twitter.com/alexvtunzelmann/status/1231340431071379462,1231340431071379462,115941509
2020-02-22 22:09:15+00:00,alexvtunzelmann,Just_Pele,0,0,0, ,,Sat Feb 22 22:09:15 +0000 2020,,,,https://twitter.com/alexvtunzelmann/status/1231340200258871296,1231340200258871296,115941509
2020-02-22 21:55:03+00:00,alexvtunzelmann,CrankyOldBats2,0,0,0,"Hahaha! Hadn’t thought of that, but yes, absolutely :)",,Sat Feb 22 21:55:03 +0000 2020,,,,https://twitter.com/alexvtunzelmann/status/1231336624648310784,1231336624648310784,115941509
2020-02-22 20:34:21+00:00,alexvtunzelmann,pdkmitchell,3,13,54,"I was asked to be on a very similar show a while back and knew something was up when the researcher said, “What we really want is a black woman historian who defends the empire as being brilliant. Do you know anyone like that?”",,Sat Feb 22 20:34:21 +0000 2020,,,,https://twitter.com/alexvtunzelmann/status/1231316318055550982,1231316318055550982,115941509
2020-02-22 11:39:24+00:00,alexvtunzelmann,Scientits,0,0,6,It’s terrifying for many of us. We need to organise and push back.,,Sat Feb 22 11:39:24 +0000 2020,,,,https://twitter.com/alexvtunzelmann/status/1231181693400309760,1231181693400309760,115941509
2020-02-22 09:10:41+00:00,alexvtunzelmann,GrahamSmith_,2,0,8,"Do it! They’re Maine Coons: large, exceptionally friendly, perfectly content in a small flat (they’re not really road safe and will lay waste to the local wildlife, so basically an indoor cat). They’ve improved my life tremendously.",,Sat Feb 22 09:10:41 +0000 2020,,,,https://twitter.com/alexvtunzelmann/status/1231144269148233729,1231144269148233729,115941509
2020-02-22 09:05:57+00:00,alexvtunzelmann,_drsang,0,0,0,Yep!,,Sat Feb 22 09:05:57 +0000 2020,,,,https://twitter.com/alexvtunzelmann/status/1231143074857979904,1231143074857979904,115941509
2020-02-22 09:02:39+00:00,alexvtunzelmann,,27,172,1595,Symmetricats #Caturday,,Sat Feb 22 09:02:39 +0000 2020,,#Caturday,,https://twitter.com/alexvtunzelmann/status/1231142246722015232,1231142246722015232,115941509
2020-02-21 21:19:59+00:00,alexvtunzelmann,greg_jenner,0,0,6,I KNEW IT,,Fri Feb 21 21:19:59 +0000 2020,,,,https://twitter.com/alexvtunzelmann/status/1230965411665063937,1230965411665063937,115941509
2020-02-21 19:37:06+00:00,alexvtunzelmann,damnwymz,0,0,2,*innocent face*,,Fri Feb 21 19:37:06 +0000 2020,,,,https://twitter.com/alexvtunzelmann/status/1230939520528527362,1230939520528527362,115941509
