date,username,to,replies,retweets,favorites,text,mentions,formatted_date,geo,hashtags,urls,permalink,ID,author_id
2020-02-28 23:57:01+00:00,aniceburrito,trrvvb,2,0,11,A master stroke trev,,Fri Feb 28 23:57:01 +0000 2020,,,,https://twitter.com/aniceburrito/status/1233541647188873219,1233541647188873219,1158203775162683392
2020-02-28 23:39:13+00:00,aniceburrito,AIPAC,4,0,65,I will also be sending a video to AIPAC.,,Fri Feb 28 23:39:13 +0000 2020,,,https://twitter.com/AIPAC/status/1233526870282588163,https://twitter.com/aniceburrito/status/1233537166724272130,1233537166724272130,1158203775162683392
2020-02-28 23:23:56+00:00,aniceburrito,,2,2,41,Making the rounds,,Fri Feb 28 23:23:56 +0000 2020,,,,https://twitter.com/aniceburrito/status/1233533320337723392,1233533320337723392,1158203775162683392
2020-02-28 22:35:31+00:00,aniceburrito,politico,0,1,164,LMAO DELETE YOUR WEB SITE ,,Fri Feb 28 22:35:31 +0000 2020,,,,https://twitter.com/aniceburrito/status/1233521138271166465,1233521138271166465,1158203775162683392
2020-02-28 22:27:04+00:00,aniceburrito,AIPAC,1,0,30, ,,Fri Feb 28 22:27:04 +0000 2020,,,,https://twitter.com/aniceburrito/status/1233519010362351616,1233519010362351616,1158203775162683392
2020-02-28 22:21:55+00:00,aniceburrito,,1,0,42,doctors are dumb as hell,,Fri Feb 28 22:21:55 +0000 2020,,,,https://twitter.com/aniceburrito/status/1233517714041384960,1233517714041384960,1158203775162683392
2020-02-28 21:59:20+00:00,aniceburrito,El___GBT,0,0,2,hit the premium snap #OneGuyTwoSpuds,,Fri Feb 28 21:59:20 +0000 2020,,#OneGuyTwoSpuds,,https://twitter.com/aniceburrito/status/1233512032093327361,1233512032093327361,1158203775162683392
2020-02-28 21:54:44+00:00,aniceburrito,skyw00kie,0,0,4,That’s right,,Fri Feb 28 21:54:44 +0000 2020,,,,https://twitter.com/aniceburrito/status/1233510874599579649,1233510874599579649,1158203775162683392
2020-02-28 21:45:37+00:00,aniceburrito,nypost,13,57,819,that’s not why they’re up there.,,Fri Feb 28 21:45:37 +0000 2020,,,https://twitter.com/nypost/status/1233158382732922886,https://twitter.com/aniceburrito/status/1233508578490757121,1233508578490757121,1158203775162683392
2020-02-28 19:34:55+00:00,aniceburrito,BigJustinGordon,0,0,6,"I looked at average starting salaries. In Arkansas it is around $31,000",,Fri Feb 28 19:34:55 +0000 2020,,,,https://twitter.com/aniceburrito/status/1233475688688181253,1233475688688181253,1158203775162683392
2020-02-28 17:30:40+00:00,aniceburrito,emilyelarsen,1,2,44,wife guys are becoming such a crowded field that we now have a new peloton wife guy replacing the old one,,Fri Feb 28 17:30:40 +0000 2020,,,https://twitter.com/emilyelarsen/status/1233432975657840641,https://twitter.com/aniceburrito/status/1233444417668698113,1233444417668698113,1158203775162683392
2020-02-28 17:22:39+00:00,aniceburrito,HeheWaitWhut,0,0,8,Peace and blessings brother,,Fri Feb 28 17:22:39 +0000 2020,,,,https://twitter.com/aniceburrito/status/1233442400988733442,1233442400988733442,1158203775162683392
2020-02-28 13:49:35+00:00,aniceburrito,_lsrael,1,0,2,Thank you dave,,Fri Feb 28 13:49:35 +0000 2020,,,,https://twitter.com/aniceburrito/status/1233388781455183872,1233388781455183872,1158203775162683392
2020-02-28 13:48:56+00:00,aniceburrito,eatinginmycar,1,1,22,Lets start a co-op farm!!!!!!!!,,Fri Feb 28 13:48:56 +0000 2020,,,,https://twitter.com/aniceburrito/status/1233388616723976192,1233388616723976192,1158203775162683392
2020-02-28 13:20:17+00:00,aniceburrito,inthesedeserts,0,0,31,police continue to find innovative ways to be a public health crisis of their own,,Fri Feb 28 13:20:17 +0000 2020,,,,https://twitter.com/aniceburrito/status/1233381408573394946,1233381408573394946,1158203775162683392
2020-02-28 13:07:04+00:00,aniceburrito,Mark_Dubs,0,0,5,sponsored by MeUndies,,Fri Feb 28 13:07:04 +0000 2020,,,,https://twitter.com/aniceburrito/status/1233378080502185984,1233378080502185984,1158203775162683392
2020-02-28 13:01:44+00:00,aniceburrito,,1,2,49,Big Structural Super PAC,,Fri Feb 28 13:01:44 +0000 2020,,,,https://twitter.com/aniceburrito/status/1233376739709145088,1233376739709145088,1158203775162683392
2020-02-28 03:27:09+00:00,aniceburrito,funtimewfriendz,0,0,0,the media won’t talk about this truth,,Fri Feb 28 03:27:09 +0000 2020,,,,https://twitter.com/aniceburrito/status/1233232142521577473,1233232142521577473,1158203775162683392
2020-02-28 03:11:50+00:00,aniceburrito,BAKKOOONN,0,0,16,big structural money,,Fri Feb 28 03:11:50 +0000 2020,,,,https://twitter.com/aniceburrito/status/1233228287712878592,1233228287712878592,1158203775162683392
2020-02-28 02:58:30+00:00,aniceburrito,,0,4,271,@MikeBloomberg thats a mirror sweetie,@MikeBloomberg,Fri Feb 28 02:58:30 +0000 2020,,,,https://twitter.com/aniceburrito/status/1233224933037215744,1233224933037215744,1158203775162683392
2020-02-28 02:49:59+00:00,aniceburrito,JoshNBCNews,38,4789,25165,"area man worth $65,000,000,000+ saying “enough is never enough” about teachers making $35,000",,Fri Feb 28 02:49:59 +0000 2020,,,https://twitter.com/JoshNBCNews/status/1233202027649474560,https://twitter.com/aniceburrito/status/1233222788930031616,1233222788930031616,1158203775162683392
2020-02-28 02:30:09+00:00,aniceburrito,cortmanteau,1,0,6,@mcmansionhell premium bird content,@mcmansionhell,Fri Feb 28 02:30:09 +0000 2020,,,,https://twitter.com/aniceburrito/status/1233217794927448066,1233217794927448066,1158203775162683392
2020-02-28 02:20:40+00:00,aniceburrito,politico,2,1,75,all the kids down at the student union are always talking about how cool don jr is,,Fri Feb 28 02:20:40 +0000 2020,,,,https://twitter.com/aniceburrito/status/1233215408183877636,1233215408183877636,1158203775162683392
2020-02-28 02:00:41+00:00,aniceburrito,BespokeHoover,3,1,38,what about a show like house hunters but it is landlord hunters and it is actually not like house hunters at all,,Fri Feb 28 02:00:41 +0000 2020,,,,https://twitter.com/aniceburrito/status/1233210382761811968,1233210382761811968,1158203775162683392
2020-02-28 01:55:20+00:00,aniceburrito,JoshNBCNews,1,1,138,all teachers go to hell. #ILikeMike,,Fri Feb 28 01:55:20 +0000 2020,,#ILikeMike,,https://twitter.com/aniceburrito/status/1233209033626128384,1233209033626128384,1158203775162683392
2020-02-28 01:39:37+00:00,aniceburrito,MASTER_YUK,1,0,12,Thank you for this,,Fri Feb 28 01:39:37 +0000 2020,,,,https://twitter.com/aniceburrito/status/1233205078577819649,1233205078577819649,1158203775162683392
2020-02-28 01:34:06+00:00,aniceburrito,LateNightNelly,1,0,1,i need this,,Fri Feb 28 01:34:06 +0000 2020,,,,https://twitter.com/aniceburrito/status/1233203690053480451,1233203690053480451,1158203775162683392
2020-02-28 01:29:54+00:00,aniceburrito,PhilipWegmann,1,2,239,That’s right,,Fri Feb 28 01:29:54 +0000 2020,,,,https://twitter.com/aniceburrito/status/1233202634074578945,1233202634074578945,1158203775162683392
2020-02-28 01:22:06+00:00,aniceburrito,shocks,0,0,9,Would,,Fri Feb 28 01:22:06 +0000 2020,,,,https://twitter.com/aniceburrito/status/1233200669869428739,1233200669869428739,1158203775162683392
2020-02-28 01:14:33+00:00,aniceburrito,ndrew_lawrence,1,1,6,has david spunt weighed in on this yet? Haven’t seen spunt in a while #SpuntSquad #SpuntNation,,Fri Feb 28 01:14:33 +0000 2020,,#SpuntSquad #SpuntNation,,https://twitter.com/aniceburrito/status/1233198769480577025,1233198769480577025,1158203775162683392
2020-02-28 01:02:40+00:00,aniceburrito,ShaneSheehy,0,0,4,shanes trick,,Fri Feb 28 01:02:40 +0000 2020,,,,https://twitter.com/aniceburrito/status/1233195779361329152,1233195779361329152,1158203775162683392
2020-02-28 00:58:14+00:00,aniceburrito,ShaneSheehy,1,6,49,,,Fri Feb 28 00:58:14 +0000 2020,,,,https://twitter.com/aniceburrito/status/1233194664666320899,1233194664666320899,1158203775162683392
2020-02-28 00:45:24+00:00,aniceburrito,,0,2,22,dying in the hospital from coronavirus and pleading with make-a-wish to get me a bluray rip of Deep State: The Musical,,Fri Feb 28 00:45:24 +0000 2020,,,,https://twitter.com/aniceburrito/status/1233191434259398656,1233191434259398656,1158203775162683392
2020-02-28 00:33:38+00:00,aniceburrito,walkingjalopy,0,0,24,protect the cube,,Fri Feb 28 00:33:38 +0000 2020,,,https://twitter.com/pickover/status/1075114478210088960,https://twitter.com/aniceburrito/status/1233188474964107264,1233188474964107264,1158203775162683392
2020-02-28 00:22:59+00:00,aniceburrito,,1,0,15,i knew this from playing Plague Inc,,Fri Feb 28 00:22:59 +0000 2020,,,https://www.wsj.com/articles/coronavirus-tokyo-olympics-petri-dish-11582815574,https://twitter.com/aniceburrito/status/1233185793381994496,1233185793381994496,1158203775162683392
2020-02-27 23:49:52+00:00,aniceburrito,TonyBeast1957,2,2,77,mens wrongs. Just my two cents,,Thu Feb 27 23:49:52 +0000 2020,,,,https://twitter.com/aniceburrito/status/1233177459899666433,1233177459899666433,1158203775162683392
2020-02-27 23:34:45+00:00,aniceburrito,,2,2,85,"intellectually I know these things must change but I am a pragmatist and I know these things will not change, also I have psychological complexes deeming myself unworthy of such change , and that’s why im #RidinWithBiden and #ILikeMike and #BananasForButtigieg",,Thu Feb 27 23:34:45 +0000 2020,,#RidinWithBiden #ILikeMike #BananasForButtigieg,,https://twitter.com/aniceburrito/status/1233173654650990599,1233173654650990599,1158203775162683392
2020-02-27 23:12:44+00:00,aniceburrito,Mark_Dubs,0,0,7,im trying to be as civil as hell,,Thu Feb 27 23:12:44 +0000 2020,,,,https://twitter.com/aniceburrito/status/1233168116470951936,1233168116470951936,1158203775162683392
2020-02-27 23:10:46+00:00,aniceburrito,,6,9,191,"im a 30 year old man and i can barely afford to take care of myself. It is my opinion that these types of things must change, sorry if that offends",,Thu Feb 27 23:10:46 +0000 2020,,,,https://twitter.com/aniceburrito/status/1233167620423258113,1233167620423258113,1158203775162683392
2020-02-27 23:06:20+00:00,aniceburrito,,7,367,1298,failed state,,Thu Feb 27 23:06:20 +0000 2020,,,https://www.businessinsider.com/america-middle-class-living-expenses-family-of-four-2020-2,https://twitter.com/aniceburrito/status/1233166503140302848,1233166503140302848,1158203775162683392
2020-02-27 23:01:54+00:00,aniceburrito,pork_plasma,1,0,24,There it is,,Thu Feb 27 23:01:54 +0000 2020,,,,https://twitter.com/aniceburrito/status/1233165387216359425,1233165387216359425,1158203775162683392
2020-02-27 22:56:37+00:00,aniceburrito,mooncult,1,0,21,choosing to believe this,,Thu Feb 27 22:56:37 +0000 2020,,,,https://twitter.com/aniceburrito/status/1233164060457406465,1233164060457406465,1158203775162683392
2020-02-27 22:53:03+00:00,aniceburrito,,3,0,90, ete,,Thu Feb 27 22:53:03 +0000 2020,,,,https://twitter.com/aniceburrito/status/1233163161169285122,1233163161169285122,1158203775162683392
2020-02-27 22:49:58+00:00,aniceburrito,MuskTillDawn,0,0,14,all the pieces are coming together,,Thu Feb 27 22:49:58 +0000 2020,,,,https://twitter.com/aniceburrito/status/1233162386175123459,1233162386175123459,1158203775162683392
2020-02-27 22:49:05+00:00,aniceburrito,Mark_Dubs,1,0,12, new couch guy just dropped,,Thu Feb 27 22:49:05 +0000 2020,,,,https://twitter.com/aniceburrito/status/1233162164220911616,1233162164220911616,1158203775162683392
2020-02-27 22:47:38+00:00,aniceburrito,purringmaggotly,2,0,19,brace yourself https://twitter.com/shombolar/status/1233161148633100289,,Thu Feb 27 22:47:38 +0000 2020,,,https://twitter.com/shombolar/status/1233161148633100289,https://twitter.com/aniceburrito/status/1233161799463317505,1233161799463317505,1158203775162683392
2020-02-27 22:44:21+00:00,aniceburrito,,24,2,239,i still don’t know why all the pete stans are putting bee emojis in their names. Some things are just unknowable,,Thu Feb 27 22:44:21 +0000 2020,,,,https://twitter.com/aniceburrito/status/1233160971759300608,1233160971759300608,1158203775162683392
2020-02-27 22:38:52+00:00,aniceburrito,ryanaboyd,0,0,25,"yeah ,my freakin surplus value",,Thu Feb 27 22:38:52 +0000 2020,,,,https://twitter.com/aniceburrito/status/1233159591036424193,1233159591036424193,1158203775162683392
2020-02-27 20:46:57+00:00,aniceburrito,generalslug,1,0,38,"My grandpa always used to lose the remote so he finally gave up and kept a pool cue under the couch, he’d reach under and grab it and poke at the buttons on the tv to change the channel and volume lol",,Thu Feb 27 20:46:57 +0000 2020,,,,https://twitter.com/aniceburrito/status/1233131427836964870,1233131427836964870,1158203775162683392
2020-02-27 20:36:19+00:00,aniceburrito,ronninator,0,0,5,Rest assured I am trying to delete,,Thu Feb 27 20:36:19 +0000 2020,,,,https://twitter.com/aniceburrito/status/1233128751875207168,1233128751875207168,1158203775162683392
2020-02-27 20:28:18+00:00,aniceburrito,spettypi,5,2,44,yes!! Yes!!!!!!!!!,,Thu Feb 27 20:28:18 +0000 2020,,,https://twitter.com/spettypi/status/1233115827429400578,https://twitter.com/aniceburrito/status/1233126733878038534,1233126733878038534,1158203775162683392
2020-02-27 19:05:49+00:00,aniceburrito,RunnerMagda,1,0,90,It appears you do not in fact understand,,Thu Feb 27 19:05:49 +0000 2020,,,,https://twitter.com/aniceburrito/status/1233105977748094976,1233105977748094976,1158203775162683392
2020-02-27 17:53:36+00:00,aniceburrito,pork_plasma,0,0,1,I started watching this too to hold me over until new pottery episodes. It’s pretty cool but yeah I need my clay,,Thu Feb 27 17:53:36 +0000 2020,,,,https://twitter.com/aniceburrito/status/1233087802453188609,1233087802453188609,1158203775162683392
2020-02-27 17:35:40+00:00,aniceburrito,eponawest,1,0,7,what a sweetie,,Thu Feb 27 17:35:40 +0000 2020,,,,https://twitter.com/aniceburrito/status/1233083288744603651,1233083288744603651,1158203775162683392
2020-02-27 13:44:41+00:00,aniceburrito,kenklippenstein,1,27,161,,,Thu Feb 27 13:44:41 +0000 2020,,,,https://twitter.com/aniceburrito/status/1233025159235239936,1233025159235239936,1158203775162683392
2020-02-27 13:41:25+00:00,aniceburrito,,3,0,236,,,Thu Feb 27 13:41:25 +0000 2020,,,,https://twitter.com/aniceburrito/status/1233024338221244417,1233024338221244417,1158203775162683392
2020-02-27 13:35:34+00:00,aniceburrito,,24,11,447,hats off to the illustrator here,,Thu Feb 27 13:35:34 +0000 2020,,,https://nyti.ms/2VsDcNG,https://twitter.com/aniceburrito/status/1233022865584381954,1233022865584381954,1158203775162683392
2020-02-27 13:24:47+00:00,aniceburrito,calmnice3,1,0,2,was that the CPI that had guys on elephants waving hammer and sickle flags or was that a different CPI,,Thu Feb 27 13:24:47 +0000 2020,,,,https://twitter.com/aniceburrito/status/1233020151655735297,1233020151655735297,1158203775162683392
2020-02-27 13:18:09+00:00,aniceburrito,,2,5,53,These Reactionary Freaks Are Building International Solidarity. Are You?,,Thu Feb 27 13:18:09 +0000 2020,,,,https://twitter.com/aniceburrito/status/1233018484080160769,1233018484080160769,1158203775162683392
2020-02-27 12:32:09+00:00,aniceburrito,,5,11,193,diving into the replies of any politician speaking out against the fascist mobs murdering muslims in india and calmly noting most of the guys going psycho have shit like in their name,,Thu Feb 27 12:32:09 +0000 2020,,,,https://twitter.com/aniceburrito/status/1233006905867587584,1233006905867587584,1158203775162683392
2020-02-27 02:29:36+00:00,aniceburrito,,1,0,20,Lmao,,Thu Feb 27 02:29:36 +0000 2020,,,https://www.bbc.com/news/world-us-canada-51648166,https://twitter.com/aniceburrito/status/1232855270226845701,1232855270226845701,1158203775162683392
2020-02-27 02:21:38+00:00,aniceburrito,eeberquist,1,0,1,Thank you emma,,Thu Feb 27 02:21:38 +0000 2020,,,,https://twitter.com/aniceburrito/status/1232853266578509824,1232853266578509824,1158203775162683392
2020-02-27 02:18:43+00:00,aniceburrito,cortmanteau,0,0,3,we have a right to fav,,Thu Feb 27 02:18:43 +0000 2020,,,,https://twitter.com/aniceburrito/status/1232852529987358720,1232852529987358720,1158203775162683392
2020-02-27 02:05:21+00:00,aniceburrito,ScottWalker,7,47,465,important and inspiring reminder from the former republican governor. do not get distracted by the “socialism is when the government builds roads” shit,,Thu Feb 27 02:05:21 +0000 2020,,,https://twitter.com/ScottWalker/status/1232798479526834177,https://twitter.com/aniceburrito/status/1232849168332357632,1232849168332357632,1158203775162683392
2020-02-27 02:01:00+00:00,aniceburrito,Mark_Dubs,2,0,10,me and the boys are getting bifurcated,,Thu Feb 27 02:01:00 +0000 2020,,,,https://twitter.com/aniceburrito/status/1232848073937883137,1232848073937883137,1158203775162683392
2020-02-27 01:40:17+00:00,aniceburrito,TheSocietyDude,0,0,7,That’s right,,Thu Feb 27 01:40:17 +0000 2020,,,,https://twitter.com/aniceburrito/status/1232842858895486976,1232842858895486976,1158203775162683392
2020-02-27 01:39:11+00:00,aniceburrito,punishedzizek,2,0,2,what’s this now,,Thu Feb 27 01:39:11 +0000 2020,,,,https://twitter.com/aniceburrito/status/1232842582427947015,1232842582427947015,1158203775162683392
2020-02-27 01:34:55+00:00,aniceburrito,MattWalshBlog,1,0,12,hope he sees this,,Thu Feb 27 01:34:55 +0000 2020,,,,https://twitter.com/aniceburrito/status/1232841509520781313,1232841509520781313,1158203775162683392
2020-02-27 01:18:53+00:00,aniceburrito,,3,18,246,bit weird seeing the US government be less prepared for a global pandemic than I was for every college exam which was exactly not at all,,Thu Feb 27 01:18:53 +0000 2020,,,,https://twitter.com/aniceburrito/status/1232837473803345921,1232837473803345921,1158203775162683392
2020-02-27 00:57:19+00:00,aniceburrito,latimes,0,0,44,opinion: go to hell,,Thu Feb 27 00:57:19 +0000 2020,,,,https://twitter.com/aniceburrito/status/1232832047984599040,1232832047984599040,1158203775162683392
2020-02-27 00:23:51+00:00,aniceburrito,marwilliamson,0,0,3,Thank you Marianne,,Thu Feb 27 00:23:51 +0000 2020,,,,https://twitter.com/aniceburrito/status/1232823624014422016,1232823624014422016,1158203775162683392
2020-02-26 23:44:36+00:00,aniceburrito,afreakingvortex,0,0,46,we’re hearing it more and more,,Wed Feb 26 23:44:36 +0000 2020,,,,https://twitter.com/aniceburrito/status/1232813747028340737,1232813747028340737,1158203775162683392
2020-02-26 23:41:28+00:00,aniceburrito,dickophrenic,1,9,188,the girl reading this? socialism :),,Wed Feb 26 23:41:28 +0000 2020,,,,https://twitter.com/aniceburrito/status/1232812959132459014,1232812959132459014,1158203775162683392
2020-02-26 23:37:19+00:00,aniceburrito,PeteButtigieg,0,0,35,youre a sick little freak.,,Wed Feb 26 23:37:19 +0000 2020,,,,https://twitter.com/aniceburrito/status/1232811913790226432,1232811913790226432,1158203775162683392
2020-02-26 23:25:16+00:00,aniceburrito,J_mugs,0,0,11,simpler times,,Wed Feb 26 23:25:16 +0000 2020,,,,https://twitter.com/aniceburrito/status/1232808883397234688,1232808883397234688,1158203775162683392
2020-02-26 23:24:53+00:00,aniceburrito,anthonyvclark20,2,0,49,how long before these fascist freaks start doing the political assassinations they’ve been jerking off to online? or did that already start with ferguson activists,,Wed Feb 26 23:24:53 +0000 2020,,,https://twitter.com/anthonyvclark20/status/1232798654886481921,https://twitter.com/aniceburrito/status/1232808785120571392,1232808785120571392,1158203775162683392
2020-02-26 23:10:40+00:00,aniceburrito,josh_fbi,0,0,2,can you follow back on that account? I’d love to dm michael bloomberg a picture of jar jar’s penis and then screenshot it. something zany like that,,Wed Feb 26 23:10:40 +0000 2020,,,,https://twitter.com/aniceburrito/status/1232805208700411904,1232805208700411904,1158203775162683392
2020-02-26 23:01:13+00:00,aniceburrito,,2,0,69,seems like every day at lunch i’ll see a new thread of psycho cringe from him and by the time i leave work it’s all gone,,Wed Feb 26 23:01:13 +0000 2020,,,,https://twitter.com/aniceburrito/status/1232802829871566848,1232802829871566848,1158203775162683392
2020-02-26 22:57:41+00:00,aniceburrito,,8,43,652,in awe of the sheer volume of tweets bloomberg keeps deleting after getting owned too hard in the replies,,Wed Feb 26 22:57:41 +0000 2020,,,,https://twitter.com/aniceburrito/status/1232801938225422336,1232801938225422336,1158203775162683392
2020-02-26 22:35:32+00:00,aniceburrito,mmcauliff,0,1,36,victims of capitalism,,Wed Feb 26 22:35:32 +0000 2020,,,https://twitter.com/mmcauliff/status/1232784696792297472,https://twitter.com/aniceburrito/status/1232796365991940096,1232796365991940096,1158203775162683392
2020-02-26 22:22:41+00:00,aniceburrito,eatinginmycar,1,0,8,Replying to girls food posts with nothing but a handful of gordon ramsey reaction pics. Blackpilled again,,Wed Feb 26 22:22:41 +0000 2020,,,,https://twitter.com/aniceburrito/status/1232793133357944833,1232793133357944833,1158203775162683392
2020-02-26 22:19:36+00:00,aniceburrito,ShaneSheehy,3,0,14,Lmao I thought this was about food,,Wed Feb 26 22:19:36 +0000 2020,,,,https://twitter.com/aniceburrito/status/1232792355402633217,1232792355402633217,1158203775162683392
2020-02-26 19:29:48+00:00,aniceburrito,nilvoid,0,0,1,Doxed once again on teh hellsite,,Wed Feb 26 19:29:48 +0000 2020,,,,https://twitter.com/aniceburrito/status/1232749623133048833,1232749623133048833,1158203775162683392
2020-02-26 18:08:36+00:00,aniceburrito,goodatsexguy,1,0,1,Wow,,Wed Feb 26 18:08:36 +0000 2020,,,,https://twitter.com/aniceburrito/status/1232729191457722369,1232729191457722369,1158203775162683392
2020-02-26 17:47:07+00:00,aniceburrito,TravisDuCote,1,0,1,Lol I did too,,Wed Feb 26 17:47:07 +0000 2020,,,,https://twitter.com/aniceburrito/status/1232723784748105730,1232723784748105730,1158203775162683392
2020-02-26 17:45:54+00:00,aniceburrito,4lisaguerrero,2,0,17,this guy‘s gonna forcefully kneel soon,,Wed Feb 26 17:45:54 +0000 2020,,,https://twitter.com/4lisaguerrero/status/1232718735779086336,https://twitter.com/aniceburrito/status/1232723478375256065,1232723478375256065,1158203775162683392
2020-02-26 15:38:22+00:00,aniceburrito,Mike2020,1,0,29,you’re doing great sweetie,,Wed Feb 26 15:38:22 +0000 2020,,,,https://twitter.com/aniceburrito/status/1232691384332754944,1232691384332754944,1158203775162683392
2020-02-26 13:16:19+00:00,aniceburrito,TheSocietyDude,0,0,1,What the hell man,,Wed Feb 26 13:16:19 +0000 2020,,,,https://twitter.com/aniceburrito/status/1232655632857272326,1232655632857272326,1158203775162683392
2020-02-26 13:09:56+00:00,aniceburrito,TonyBeast1957,0,0,4,please be careful.,,Wed Feb 26 13:09:56 +0000 2020,,,,https://twitter.com/aniceburrito/status/1232654029085388802,1232654029085388802,1158203775162683392
2020-02-26 13:01:34+00:00,aniceburrito,samknightfour,0,0,4,consent is being manufactured,,Wed Feb 26 13:01:34 +0000 2020,,,,https://twitter.com/aniceburrito/status/1232651923377082369,1232651923377082369,1158203775162683392
2020-02-26 03:21:25+00:00,aniceburrito,JRubinBlogger,1,4,405,read a book literally any book,,Wed Feb 26 03:21:25 +0000 2020,,,,https://twitter.com/aniceburrito/status/1232505921374388235,1232505921374388235,1158203775162683392
2020-02-26 03:18:41+00:00,aniceburrito,,5,6,105,another debate and not a single question about a protracted people’s war,,Wed Feb 26 03:18:41 +0000 2020,,,,https://twitter.com/aniceburrito/status/1232505233785442304,1232505233785442304,1158203775162683392
2020-02-26 02:57:41+00:00,aniceburrito,itsmemowbaby,1,0,0,censorship of strong conservative voices. So sad,,Wed Feb 26 02:57:41 +0000 2020,,,,https://twitter.com/aniceburrito/status/1232499948937023488,1232499948937023488,1158203775162683392
2020-02-26 02:47:42+00:00,aniceburrito,marcorubio,0,2,410,great! thank you little marco,,Wed Feb 26 02:47:42 +0000 2020,,,,https://twitter.com/aniceburrito/status/1232497438910377984,1232497438910377984,1158203775162683392
2020-02-26 02:36:20+00:00,aniceburrito,normmacdonald,2,0,157,we need to open up this kid’s head,,Wed Feb 26 02:36:20 +0000 2020,,,,https://twitter.com/aniceburrito/status/1232494576880873472,1232494576880873472,1158203775162683392
2020-02-26 01:48:33+00:00,aniceburrito,,2,2,58,billionaire crisis actors in the audience,,Wed Feb 26 01:48:33 +0000 2020,,,,https://twitter.com/aniceburrito/status/1232482551853285377,1232482551853285377,1158203775162683392
2020-02-26 01:47:34+00:00,aniceburrito,davidaxelrod,1,3,301,it’s because dunderheaded fools like you aren’t listening,,Wed Feb 26 01:47:34 +0000 2020,,,,https://twitter.com/aniceburrito/status/1232482304158617600,1232482304158617600,1158203775162683392
2020-02-26 01:39:45+00:00,aniceburrito,dickophrenic,1,0,12,cucked country,,Wed Feb 26 01:39:45 +0000 2020,,,,https://twitter.com/aniceburrito/status/1232480339164979200,1232480339164979200,1158203775162683392
2020-02-26 01:38:35+00:00,aniceburrito,atrupar,1,0,3,that’s your job dude,,Wed Feb 26 01:38:35 +0000 2020,,,,https://twitter.com/aniceburrito/status/1232480042371780609,1232480042371780609,1158203775162683392
2020-02-26 01:28:24+00:00,aniceburrito,ChrisCaesar,0,0,2,saying this at my next job interview,,Wed Feb 26 01:28:24 +0000 2020,,,,https://twitter.com/aniceburrito/status/1232477481371721733,1232477481371721733,1158203775162683392
