date,username,to,replies,retweets,favorites,text,mentions,formatted_date,geo,hashtags,urls,permalink,ID,author_id
2020-02-28 21:51:49+00:00,ANTIMELIA__,,0,1,1,,,Fri Feb 28 21:51:49 +0000 2020,,,,https://twitter.com/ANTIMELIA__/status/1233510139778523136,1233510139778523136,1228192960165998594
2020-02-28 14:26:22+00:00,ANTIMELIA__,ChartsBreezy,0,0,1,Da baby or Megan ,,Fri Feb 28 14:26:22 +0000 2020,,,https://twitter.com/ChartsBreezy/status/1233397398032003073,https://twitter.com/ANTIMELIA__/status/1233398038565150720,1233398038565150720,1228192960165998594
2020-02-28 14:25:36+00:00,ANTIMELIA__,csizzlestannn,0,0,1,I honestly knew he was like that. You could just tell,,Fri Feb 28 14:25:36 +0000 2020,,,,https://twitter.com/ANTIMELIA__/status/1233397844003958785,1233397844003958785,1228192960165998594
2020-02-28 14:13:53+00:00,ANTIMELIA__,,1,0,0,I need to watch this season again because ain’t no way ,,Fri Feb 28 14:13:53 +0000 2020,,,,https://twitter.com/ANTIMELIA__/status/1233394897631219712,1233394897631219712,1228192960165998594
2020-02-28 14:12:37+00:00,ANTIMELIA__,,0,1,0,I’m sorry but Treach got me screaming,,Fri Feb 28 14:12:37 +0000 2020,,,,https://twitter.com/ANTIMELIA__/status/1233394579694505985,1233394579694505985,1228192960165998594
2020-02-28 14:08:37+00:00,ANTIMELIA__,,2,0,0,YAAAALLLLL ,,Fri Feb 28 14:08:37 +0000 2020,,,,https://twitter.com/ANTIMELIA__/status/1233393572625424384,1233393572625424384,1228192960165998594
2020-02-28 13:56:13+00:00,ANTIMELIA__,,0,0,0,,,Fri Feb 28 13:56:13 +0000 2020,,,,https://twitter.com/ANTIMELIA__/status/1233390451568381953,1233390451568381953,1228192960165998594
2020-02-28 13:48:29+00:00,ANTIMELIA__,7th_LetterLeah,0,0,0,LMFAOOOOOOO well I’m not apart of that “we” percentage. Good luck to many,,Fri Feb 28 13:48:29 +0000 2020,,,https://twitter.com/7th_LetterLeah/status/1233144197861052417,https://twitter.com/ANTIMELIA__/status/1233388506120163330,1233388506120163330,1228192960165998594
2020-02-28 13:26:00+00:00,ANTIMELIA__,whoisrens,0,0,0, ,,Fri Feb 28 13:26:00 +0000 2020,,,,https://twitter.com/ANTIMELIA__/status/1233382848192765954,1233382848192765954,1228192960165998594
2020-02-28 13:20:51+00:00,ANTIMELIA__,ZubyMusic,1,0,0,I can’t even do 20mins,,Fri Feb 28 13:20:51 +0000 2020,,,https://twitter.com/ZubyMusic/status/1232415894799896579,https://twitter.com/ANTIMELIA__/status/1233381549372067840,1233381549372067840,1228192960165998594
2020-02-28 13:20:05+00:00,ANTIMELIA__,,0,0,0,“around 19 coronavirus cases have been confirmed in the uk”,,Fri Feb 28 13:20:05 +0000 2020,,,,https://twitter.com/ANTIMELIA__/status/1233381358636077057,1233381358636077057,1228192960165998594
2020-02-28 13:08:19+00:00,ANTIMELIA__,SkyNews,0,0,0,Sighs.,,Fri Feb 28 13:08:19 +0000 2020,,,https://twitter.com/SkyNews/status/1232991356844466176,https://twitter.com/ANTIMELIA__/status/1233378397298053121,1233378397298053121,1228192960165998594
2020-02-28 11:43:19+00:00,ANTIMELIA__,,0,0,0,What’s going on with C-Muders case is the real question...,,Fri Feb 28 11:43:19 +0000 2020,,,,https://twitter.com/ANTIMELIA__/status/1233357004275683328,1233357004275683328,1228192960165998594
2020-02-28 11:02:20+00:00,ANTIMELIA__,,0,0,0,48 days until I see @SnoopDogg live,@SnoopDogg,Fri Feb 28 11:02:20 +0000 2020,,,,https://twitter.com/ANTIMELIA__/status/1233346691434188800,1233346691434188800,1228192960165998594
2020-02-28 10:45:02+00:00,ANTIMELIA__,AllizayGreene,1,0,0,I’m sure we can wait a week ladies Jadakiss need to hurry up!!,,Fri Feb 28 10:45:02 +0000 2020,,,,https://twitter.com/ANTIMELIA__/status/1233342337591496704,1233342337591496704,1228192960165998594
2020-02-28 10:43:54+00:00,ANTIMELIA__,jennasworldview,0,0,0,Oh waaitttt https://twitter.com/king_ace_holmes/status/1233274882240151552?s=21,,Fri Feb 28 10:43:54 +0000 2020,,,"https://twitter.com/king_ace_holmes/status/1233274882240151552?s=21,https://twitter.com/KING_ACE_HOLMES/status/1233274882240151552",https://twitter.com/ANTIMELIA__/status/1233342054111031296,1233342054111031296,1228192960165998594
2020-02-28 10:34:52+00:00,ANTIMELIA__,,1,0,0,We made Roddy Ricch? https://twitter.com/_Kruddz/status/1233028811740020741,,Fri Feb 28 10:34:52 +0000 2020,,,https://twitter.com/_Kruddz/status/1233028811740020741,https://twitter.com/ANTIMELIA__/status/1233339778311053318,1233339778311053318,1228192960165998594
2020-02-28 10:31:33+00:00,ANTIMELIA__,jennasworldview,1,0,0,It’s on tidal ,,Fri Feb 28 10:31:33 +0000 2020,,,,https://twitter.com/ANTIMELIA__/status/1233338943657168897,1233338943657168897,1228192960165998594
2020-02-28 10:13:17+00:00,ANTIMELIA__,,0,0,1,Jayda caught Lil Baby cheating on her balcony & still took him back. nothing that Lil Baby says to embarrass her surprises me anymore,,Fri Feb 28 10:13:17 +0000 2020,,,,https://twitter.com/ANTIMELIA__/status/1233334348897759232,1233334348897759232,1228192960165998594
2020-02-28 09:19:41+00:00,ANTIMELIA__,csizzlestannn,0,0,1,Like girrrl back away for a min ,,Fri Feb 28 09:19:41 +0000 2020,,,,https://twitter.com/ANTIMELIA__/status/1233320857277227010,1233320857277227010,1228192960165998594
2020-02-28 09:16:08+00:00,ANTIMELIA__,,0,0,0,Bihhhh because Jhene and Miguel took it all the way back ,,Fri Feb 28 09:16:08 +0000 2020,,,,https://twitter.com/ANTIMELIA__/status/1233319964075012096,1233319964075012096,1228192960165998594
2020-02-28 04:50:08+00:00,ANTIMELIA__,fuckyopicss,0,0,0,that’s what they all say,,Fri Feb 28 04:50:08 +0000 2020,,,,https://twitter.com/ANTIMELIA__/status/1233253023796940802,1233253023796940802,1228192960165998594
2020-02-28 04:44:53+00:00,ANTIMELIA__,,2,0,0,Damn her ass is EVERYWHERE,,Fri Feb 28 04:44:53 +0000 2020,,,,https://twitter.com/ANTIMELIA__/status/1233251704247930880,1233251704247930880,1228192960165998594
2020-02-28 04:44:39+00:00,ANTIMELIA__,,1,1,3,Can India get away from my MAN SHAREEF,,Fri Feb 28 04:44:39 +0000 2020,,,,https://twitter.com/ANTIMELIA__/status/1233251646295203841,1233251646295203841,1228192960165998594
2020-02-27 21:13:07+00:00,ANTIMELIA__,TommyRealNiggga,1,0,0,This is so lame and the guy was clearly unconscious ...and people stood around filming watching,,Thu Feb 27 21:13:07 +0000 2020,,,https://twitter.com/TommyRealNiggga/status/1232829342998302725,https://twitter.com/ANTIMELIA__/status/1233138014043484163,1233138014043484163,1228192960165998594
2020-02-27 17:24:06+00:00,ANTIMELIA__,forevrblushing,0,0,1,what in the tarnation,,Thu Feb 27 17:24:06 +0000 2020,,,,https://twitter.com/ANTIMELIA__/status/1233080379898257410,1233080379898257410,1228192960165998594
2020-02-27 17:14:43+00:00,ANTIMELIA__,shadowandact,0,0,0,March needs to hurry up,,Thu Feb 27 17:14:43 +0000 2020,,,https://twitter.com/shadowandact/status/1233077197281382401,https://twitter.com/ANTIMELIA__/status/1233078016588369920,1233078016588369920,1228192960165998594
2020-02-27 17:14:04+00:00,ANTIMELIA__,rahm3sh,0,10,62,Me after watching:,,Thu Feb 27 17:14:04 +0000 2020,,,,https://twitter.com/ANTIMELIA__/status/1233077855011078149,1233077855011078149,1228192960165998594
2020-02-27 17:09:18+00:00,ANTIMELIA__,,0,1,2,Now you guys saying “Snoop Dogg hates black women” ??,,Thu Feb 27 17:09:18 +0000 2020,,,,https://twitter.com/ANTIMELIA__/status/1233076654991462401,1233076654991462401,1228192960165998594
2020-02-27 16:00:07+00:00,ANTIMELIA__,,0,0,0,Sky really going out bad. I could never talk to my child like that,,Thu Feb 27 16:00:07 +0000 2020,,,,https://twitter.com/ANTIMELIA__/status/1233059242032148480,1233059242032148480,1228192960165998594
2020-02-27 15:13:54+00:00,ANTIMELIA__,,0,0,0,This gem message right here.,,Thu Feb 27 15:13:54 +0000 2020,,,,https://twitter.com/ANTIMELIA__/status/1233047614859378688,1233047614859378688,1228192960165998594
2020-02-27 15:10:10+00:00,ANTIMELIA__,forevrblushing,0,1,0,I use this idk if it’s available in the US tho https://www.beautybay.com/p/mario-badescu/facial-spray-with-aloe-herbs-and-rosewater/118ml/?ctyid=gb&amp;gclsrc=aw.ds&amp;&amp;gclid=EAIaIQobChMI9Y_y2oHy5wIVQbTtCh22WQ_eEAQYAiABEgLlmPD_BwE,,Thu Feb 27 15:10:10 +0000 2020,,,https://www.beautybay.com/p/mario-badescu/facial-spray-with-aloe-herbs-and-rosewater/118ml/?ctyid=gb&gclsrc=aw.ds&&gclid=EAIaIQobChMI9Y_y2oHy5wIVQbTtCh22WQ_eEAQYAiABEgLlmPD_BwE,https://twitter.com/ANTIMELIA__/status/1233046673007546368,1233046673007546368,1228192960165998594
2020-02-27 14:59:56+00:00,ANTIMELIA__,jennasworldview,0,0,1,Omggggg,,Thu Feb 27 14:59:56 +0000 2020,,,,https://twitter.com/ANTIMELIA__/status/1233044099747504128,1233044099747504128,1228192960165998594
2020-02-27 09:23:02+00:00,ANTIMELIA__,Mrs_Wettyy,0,0,0,Wha-,,Thu Feb 27 09:23:02 +0000 2020,,,https://twitter.com/Mrs_Wettyy/status/1231661085922603008,https://twitter.com/ANTIMELIA__/status/1232959315339862016,1232959315339862016,1228192960165998594
2020-02-26 16:35:41+00:00,ANTIMELIA__,,0,0,0,This has upset my spirit so much,,Wed Feb 26 16:35:41 +0000 2020,,,,https://twitter.com/ANTIMELIA__/status/1232705808426840064,1232705808426840064,1228192960165998594
2020-02-26 16:15:38+00:00,ANTIMELIA__,,1,0,0,The Trial of Gabriel Fernandez on Netflix is so horrible ,,Wed Feb 26 16:15:38 +0000 2020,,,,https://twitter.com/ANTIMELIA__/status/1232700759201996800,1232700759201996800,1228192960165998594
2020-02-26 03:55:00+00:00,ANTIMELIA__,,0,0,6,This is so giving me the FAME era,,Wed Feb 26 03:55:00 +0000 2020,,,,https://twitter.com/ANTIMELIA__/status/1232514374784425984,1232514374784425984,1228192960165998594
2020-02-25 23:23:20+00:00,ANTIMELIA__,LivYourDreams87,0,0,3,It’s from Kobe’s documentary called “muse”,,Tue Feb 25 23:23:20 +0000 2020,,,,https://twitter.com/ANTIMELIA__/status/1232446008476352513,1232446008476352513,1228192960165998594
2020-02-25 23:22:39+00:00,ANTIMELIA__,SimoneAlexa,1,1,2,Tee really ate this mixtape “yours” is such a gem ,,Tue Feb 25 23:22:39 +0000 2020,,,https://twitter.com/SimoneAlexa/status/1232444341370507269,https://twitter.com/ANTIMELIA__/status/1232445834572132352,1232445834572132352,1228192960165998594
2020-02-25 22:45:15+00:00,ANTIMELIA__,forevrblushing,0,0,0,She wouldn’t even need to do nothing from the looks of things her body looks perfectly fine and she’s ...pregnant ... I don’t get people sometimes,,Tue Feb 25 22:45:15 +0000 2020,,,,https://twitter.com/ANTIMELIA__/status/1232436424512663554,1232436424512663554,1228192960165998594
2020-02-25 22:37:21+00:00,ANTIMELIA__,forevrblushing,1,0,0,No no this is what I’m talking about https://twitter.com/queengoldiem/status/1232406139536584706?s=21,,Tue Feb 25 22:37:21 +0000 2020,,,"https://twitter.com/queengoldiem/status/1232406139536584706?s=21,https://twitter.com/QueenGoldieM/status/1232406139536584706",https://twitter.com/ANTIMELIA__/status/1232434434479030272,1232434434479030272,1228192960165998594
2020-02-25 22:32:28+00:00,ANTIMELIA__,,0,0,2,Malika think after popping a baby out and running straight into surgery is cute. How sad.,,Tue Feb 25 22:32:28 +0000 2020,,,,https://twitter.com/ANTIMELIA__/status/1232433205426282496,1232433205426282496,1228192960165998594
2020-02-25 22:29:37+00:00,ANTIMELIA__,QueenGoldieM,0,1,0,I’m sorry but natural work out not allowed anymore? Malika please give yourself a damn rest.,,Tue Feb 25 22:29:37 +0000 2020,,,https://twitter.com/QueenGoldieM/status/1232406139536584706,https://twitter.com/ANTIMELIA__/status/1232432490515615744,1232432490515615744,1228192960165998594
2020-02-25 20:21:43+00:00,ANTIMELIA__,BacockObama,0,0,0,WAIT A DAMN MIN ,,Tue Feb 25 20:21:43 +0000 2020,,,https://twitter.com/BacockObama/status/1232393299668930561,https://twitter.com/ANTIMELIA__/status/1232400301195452417,1232400301195452417,1228192960165998594
2020-02-25 19:28:50+00:00,ANTIMELIA__,optimusp517,0,0,6,Kobe Bryant's Muse documentary,,Tue Feb 25 19:28:50 +0000 2020,,,,https://twitter.com/ANTIMELIA__/status/1232386991913947137,1232386991913947137,1228192960165998594
2020-02-25 18:51:58+00:00,ANTIMELIA__,,0,0,0,https://twitter.com/KRUEGERXVI/status/1232360775886438400,,Tue Feb 25 18:51:58 +0000 2020,,,https://twitter.com/KRUEGERXVI/status/1232360775886438400,https://twitter.com/ANTIMELIA__/status/1232377714079911940,1232377714079911940,1228192960165998594
2020-02-25 14:50:40+00:00,ANTIMELIA__,JoinCamillitary,0,0,1,No but literally ,,Tue Feb 25 14:50:40 +0000 2020,,,,https://twitter.com/ANTIMELIA__/status/1232316988677971971,1232316988677971971,1228192960165998594
2020-02-25 14:41:13+00:00,ANTIMELIA__,1kaywa,2,0,12,So sorry to hear that! Sending you and your family so much love and strength and your so right!,,Tue Feb 25 14:41:13 +0000 2020,,,,https://twitter.com/ANTIMELIA__/status/1232314610436337665,1232314610436337665,1228192960165998594
2020-02-25 08:53:11+00:00,ANTIMELIA__,,0,0,0,I have nooo energy for today,,Tue Feb 25 08:53:11 +0000 2020,,,,https://twitter.com/ANTIMELIA__/status/1232227025961783296,1232227025961783296,1228192960165998594
2020-02-25 08:48:26+00:00,ANTIMELIA__,playershxtonly,1,2,64,"I can’t even grasp about Nip, Kobe just really fucked it up even more",,Tue Feb 25 08:48:26 +0000 2020,,,,https://twitter.com/ANTIMELIA__/status/1232225833160527873,1232225833160527873,1228192960165998594
2020-02-25 02:48:26+00:00,ANTIMELIA__,gossipoftheciti,0,0,0,.....the fact that people find this joke funny,,Tue Feb 25 02:48:26 +0000 2020,,,https://twitter.com/gossipoftheciti/status/1232055252909805570,https://twitter.com/ANTIMELIA__/status/1232135236437381120,1232135236437381120,1228192960165998594
2020-02-25 01:47:40+00:00,ANTIMELIA__,AfricanDynasty3,0,0,0,What the -,,Tue Feb 25 01:47:40 +0000 2020,,,https://twitter.com/AfricanDynasty3/status/1231812258684076033,https://twitter.com/ANTIMELIA__/status/1232119942281125889,1232119942281125889,1228192960165998594
2020-02-25 00:49:35+00:00,ANTIMELIA__,aniyahl8ter,0,0,2,people are so dumb,,Tue Feb 25 00:49:35 +0000 2020,,,,https://twitter.com/ANTIMELIA__/status/1232105323844063232,1232105323844063232,1228192960165998594
2020-02-24 23:51:02+00:00,ANTIMELIA__,DecaturDane,0,0,1,Oh wbk. Embarrassing,,Mon Feb 24 23:51:02 +0000 2020,,,https://twitter.com/DecaturDane/status/1232016414917218307,https://twitter.com/ANTIMELIA__/status/1232090588822065152,1232090588822065152,1228192960165998594
2020-02-24 23:50:07+00:00,ANTIMELIA__,,189,30371,115501,Such a beautiful family #MambaForever https://twitter.com/labelwhore/status/1232063077396418560/video/1,,Mon Feb 24 23:50:07 +0000 2020,,#MambaForever,https://twitter.com/labelwhore/status/1232063077396418560/video/1,https://twitter.com/ANTIMELIA__/status/1232090359112572928,1232090359112572928,1228192960165998594
2020-02-24 20:33:16+00:00,ANTIMELIA__,,0,0,1,That memorial was beautiful,,Mon Feb 24 20:33:16 +0000 2020,,,,https://twitter.com/ANTIMELIA__/status/1232040820515262466,1232040820515262466,1228192960165998594
2020-02-24 20:28:22+00:00,ANTIMELIA__,,0,3,0,Dear basketball was everything!!!!!!,,Mon Feb 24 20:28:22 +0000 2020,,,,https://twitter.com/ANTIMELIA__/status/1232039588765585411,1232039588765585411,1228192960165998594
2020-02-24 20:23:55+00:00,ANTIMELIA__,,0,0,0,Damn that’s Christina?,,Mon Feb 24 20:23:55 +0000 2020,,,,https://twitter.com/ANTIMELIA__/status/1232038467124834309,1232038467124834309,1228192960165998594
2020-02-24 20:19:04+00:00,ANTIMELIA__,,0,0,0,The whites looked confused wkwkdkskkskd,,Mon Feb 24 20:19:04 +0000 2020,,,,https://twitter.com/ANTIMELIA__/status/1232037247676973058,1232037247676973058,1228192960165998594
2020-02-24 20:16:34+00:00,ANTIMELIA__,,1,1,0,Tidal this is not the time to be messing around ..we got Shaq speaking ,,Mon Feb 24 20:16:34 +0000 2020,,,,https://twitter.com/ANTIMELIA__/status/1232036619877789697,1232036619877789697,1228192960165998594
2020-02-24 20:14:28+00:00,ANTIMELIA__,,0,1,1,"“When Kobe Bryant died, A piece of me died”",,Mon Feb 24 20:14:28 +0000 2020,,,,https://twitter.com/ANTIMELIA__/status/1232036089659084803,1232036089659084803,1228192960165998594
2020-02-24 20:10:57+00:00,ANTIMELIA__,,0,1,2,@Kobe asking MJ did you bring your shoes he was so determined!!!,,Mon Feb 24 20:10:57 +0000 2020,,,,https://twitter.com/ANTIMELIA__/status/1232035206292541447,1232035206292541447,1228192960165998594
2020-02-24 20:08:30+00:00,ANTIMELIA__,,0,0,0,LMAOOOO I KNEW HE WAS ABOUT TO MENTION IT,,Mon Feb 24 20:08:30 +0000 2020,,,,https://twitter.com/ANTIMELIA__/status/1232034588479848451,1232034588479848451,1228192960165998594
2020-02-24 20:06:42+00:00,ANTIMELIA__,,0,0,2,"For MJ to speak about you, you know you have made a huge impact in this world. ",,Mon Feb 24 20:06:42 +0000 2020,,,,https://twitter.com/ANTIMELIA__/status/1232034134802997250,1232034134802997250,1228192960165998594
2020-02-24 20:03:10+00:00,ANTIMELIA__,,0,0,0,MJ ,,Mon Feb 24 20:03:10 +0000 2020,,,,https://twitter.com/ANTIMELIA__/status/1232033246814384132,1232033246814384132,1228192960165998594
2020-02-24 19:58:27+00:00,ANTIMELIA__,,0,0,0,Vanessa just looks so defeated,,Mon Feb 24 19:58:27 +0000 2020,,,,https://twitter.com/ANTIMELIA__/status/1232032057142005761,1232032057142005761,1228192960165998594
2020-02-24 19:53:34+00:00,ANTIMELIA__,DaniLeigh,0,0,0,huh??? LMAOOOO,,Mon Feb 24 19:53:34 +0000 2020,,,https://twitter.com/DaniLeigh/status/1232029829169418240,https://twitter.com/ANTIMELIA__/status/1232030829267836928,1232030829267836928,1228192960165998594
2020-02-24 19:48:40+00:00,ANTIMELIA__,thehighnessz,0,0,0,Please log off,,Mon Feb 24 19:48:40 +0000 2020,,,https://twitter.com/thehighnessz/status/1232016654286163968,https://twitter.com/ANTIMELIA__/status/1232029598650683393,1232029598650683393,1228192960165998594
2020-02-24 19:40:10+00:00,ANTIMELIA__,,0,3,2,MJ hurting so bad,,Mon Feb 24 19:40:10 +0000 2020,,,,https://twitter.com/ANTIMELIA__/status/1232027455478751235,1232027455478751235,1228192960165998594
2020-02-24 19:09:30+00:00,ANTIMELIA__,ThePeggyBundy,0,0,2,because they knew each other you triflin bitch,,Mon Feb 24 19:09:30 +0000 2020,,,https://twitter.com/ThePeggyBundy/status/1232013332279910403,https://twitter.com/ANTIMELIA__/status/1232019738735280128,1232019738735280128,1228192960165998594
2020-02-24 18:52:52+00:00,ANTIMELIA__,,0,46,73,I’ve never heard Vanessa speak public before so for me to hear this women speak in public at this time and place hurts my heart so much,,Mon Feb 24 18:52:52 +0000 2020,,,,https://twitter.com/ANTIMELIA__/status/1232015553583288320,1232015553583288320,1228192960165998594
2020-02-24 18:49:47+00:00,ANTIMELIA__,,0,8,1,God please wrap your arms around Vanessa!,,Mon Feb 24 18:49:47 +0000 2020,,,,https://twitter.com/ANTIMELIA__/status/1232014779105128448,1232014779105128448,1228192960165998594
2020-02-24 18:49:00+00:00,ANTIMELIA__,,0,0,0,I can’t watch this part ,,Mon Feb 24 18:49:00 +0000 2020,,,,https://twitter.com/ANTIMELIA__/status/1232014580303482883,1232014580303482883,1228192960165998594
2020-02-24 18:46:08+00:00,ANTIMELIA__,,0,0,0,Russ ,,Mon Feb 24 18:46:08 +0000 2020,,,,https://twitter.com/ANTIMELIA__/status/1232013859147390979,1232013859147390979,1228192960165998594
2020-02-24 18:44:40+00:00,ANTIMELIA__,,0,0,0,I CANT,,Mon Feb 24 18:44:40 +0000 2020,,,,https://twitter.com/ANTIMELIA__/status/1232013491533381633,1232013491533381633,1228192960165998594
2020-02-24 18:44:25+00:00,ANTIMELIA__,,0,0,1,Jimmy got me torn apart!!!’ #KobeFarewell,,Mon Feb 24 18:44:25 +0000 2020,,#KobeFarewell,,https://twitter.com/ANTIMELIA__/status/1232013428501311488,1232013428501311488,1228192960165998594
2020-02-24 18:42:54+00:00,ANTIMELIA__,,0,0,0,This is so unfair.,,Mon Feb 24 18:42:54 +0000 2020,,,,https://twitter.com/ANTIMELIA__/status/1232013045876039682,1232013045876039682,1228192960165998594
2020-02-24 18:38:05+00:00,ANTIMELIA__,,0,0,0,Sorry I have to cry everytime I see Vanessa ,,Mon Feb 24 18:38:05 +0000 2020,,,,https://twitter.com/ANTIMELIA__/status/1232011831801208832,1232011831801208832,1228192960165998594
2020-02-24 18:33:02+00:00,ANTIMELIA__,,0,0,0,Beyonce trying so hard not to cry ,,Mon Feb 24 18:33:02 +0000 2020,,,,https://twitter.com/ANTIMELIA__/status/1232010562751651841,1232010562751651841,1228192960165998594
2020-02-24 18:32:02+00:00,ANTIMELIA__,,0,3,5,Kobe favorite song by Bey was XO ...PLEASE THIS IS TOO MUCH,,Mon Feb 24 18:32:02 +0000 2020,,,,https://twitter.com/ANTIMELIA__/status/1232010312087408643,1232010312087408643,1228192960165998594
2020-02-24 18:30:53+00:00,ANTIMELIA__,,0,0,0,BEY LOOK TF GOOD,,Mon Feb 24 18:30:53 +0000 2020,,,,https://twitter.com/ANTIMELIA__/status/1232010023406096384,1232010023406096384,1228192960165998594
2020-02-24 18:30:13+00:00,ANTIMELIA__,,0,0,0, ,,Mon Feb 24 18:30:13 +0000 2020,,,,https://twitter.com/ANTIMELIA__/status/1232009852236566530,1232009852236566530,1228192960165998594
2020-02-24 18:27:10+00:00,ANTIMELIA__,,1,0,0,WAIT THEY PLAYING MY FAVE MJ SONG ,,Mon Feb 24 18:27:10 +0000 2020,,,,https://twitter.com/ANTIMELIA__/status/1232009085471645702,1232009085471645702,1228192960165998594
2020-02-24 18:26:51+00:00,ANTIMELIA__,,0,0,0,Bruh this feels like Nipsey’s memorial all over again...I refuseeeeeeee,,Mon Feb 24 18:26:51 +0000 2020,,,,https://twitter.com/ANTIMELIA__/status/1232009006660624386,1232009006660624386,1228192960165998594
2020-02-24 18:22:00+00:00,ANTIMELIA__,,0,3,5,Tidal really did their thing with this playlist ,,Mon Feb 24 18:22:00 +0000 2020,,,,https://twitter.com/ANTIMELIA__/status/1232007788169236484,1232007788169236484,1228192960165998594
2020-02-24 18:13:38+00:00,ANTIMELIA__,MarkG_Medina,0,0,0,And then they about to sell these on Ebay for a higher price,,Mon Feb 24 18:13:38 +0000 2020,,,https://twitter.com/MarkG_Medina/status/1231980520956809219,https://twitter.com/ANTIMELIA__/status/1232005679763861504,1232005679763861504,1228192960165998594
2020-02-24 18:04:19+00:00,ANTIMELIA__,Alberta_____,1,1,1,I’m emotional already,,Mon Feb 24 18:04:19 +0000 2020,,,,https://twitter.com/ANTIMELIA__/status/1232003334720163842,1232003334720163842,1228192960165998594
2020-02-24 17:51:44+00:00,ANTIMELIA__,,1,0,0,I’m not ready man,,Mon Feb 24 17:51:44 +0000 2020,,,,https://twitter.com/ANTIMELIA__/status/1232000168750350336,1232000168750350336,1228192960165998594
2020-02-24 17:44:29+00:00,ANTIMELIA__,,0,2,0, ,,Mon Feb 24 17:44:29 +0000 2020,,,,https://twitter.com/ANTIMELIA__/status/1231998342823108618,1231998342823108618,1228192960165998594
2020-02-24 11:10:22+00:00,ANTIMELIA__,smoss,1,0,0,YESSSSS,,Mon Feb 24 11:10:22 +0000 2020,,,https://twitter.com/smoss/status/1231893810826756098,https://twitter.com/ANTIMELIA__/status/1231899161957687296,1231899161957687296,1228192960165998594
2020-02-23 21:08:16+00:00,ANTIMELIA__,,0,1,1,Ion play with my Uncle Snoop Jada has lost her MIND,,Sun Feb 23 21:08:16 +0000 2020,,,,https://twitter.com/ANTIMELIA__/status/1231687240121757696,1231687240121757696,1228192960165998594
2020-02-23 21:07:08+00:00,ANTIMELIA__,JoyyUnSpeakable,0,0,2,Nooooo what’s wrong with Jada I’m pissed at this now,,Sun Feb 23 21:07:08 +0000 2020,,,https://twitter.com/JoyyUnSpeakable/status/1231674853540925440,https://twitter.com/ANTIMELIA__/status/1231686957572468738,1231686957572468738,1228192960165998594
2020-02-23 20:43:10+00:00,ANTIMELIA__,JustttBianca2,1,0,0,This the Red Table?,,Sun Feb 23 20:43:10 +0000 2020,,,,https://twitter.com/ANTIMELIA__/status/1231680922933768193,1231680922933768193,1228192960165998594
2020-02-23 20:37:20+00:00,ANTIMELIA__,,0,0,0,she hasn’t mentioned your child once so why is that child name in your dirty mouth?,,Sun Feb 23 20:37:20 +0000 2020,,,,https://twitter.com/ANTIMELIA__/status/1231679455917158401,1231679455917158401,1228192960165998594
2020-02-23 20:33:10+00:00,ANTIMELIA__,,2,2,1,I’m tired of thomas the tank engine I will never find it okay for people to use advantage of someone’s child disabilities to try and win their point across...THATS WEAK.,,Sun Feb 23 20:33:10 +0000 2020,,,,https://twitter.com/ANTIMELIA__/status/1231678408322580482,1231678408322580482,1228192960165998594
2020-02-23 18:56:50+00:00,ANTIMELIA__,,0,0,0,So I’m watching black ink and Jess is really irritating my spirit ,,Sun Feb 23 18:56:50 +0000 2020,,,,https://twitter.com/ANTIMELIA__/status/1231654165560074242,1231654165560074242,1228192960165998594
2020-02-23 18:36:22+00:00,ANTIMELIA__,LORDMACC,1,0,0,Nooooo is this real?,,Sun Feb 23 18:36:22 +0000 2020,,,https://twitter.com/LORDMACC/status/1231292914308800514,https://twitter.com/ANTIMELIA__/status/1231649013327417346,1231649013327417346,1228192960165998594
2020-02-23 17:57:40+00:00,ANTIMELIA__,C_O_C_O_B_R_W_N,0,0,0,She’s fucked it now,,Sun Feb 23 17:57:40 +0000 2020,,,https://twitter.com/C_O_C_O_B_R_W_N/status/1231547006524354560,https://twitter.com/ANTIMELIA__/status/1231639273801207808,1231639273801207808,1228192960165998594
2020-02-23 03:56:23+00:00,ANTIMELIA__,alexisskyyyyyy,0,0,0,contact them??,,Sun Feb 23 03:56:23 +0000 2020,,,,https://twitter.com/ANTIMELIA__/status/1231427558899580928,1231427558899580928,1228192960165998594
2020-02-23 03:50:48+00:00,ANTIMELIA__,forevrblushing,0,0,0,the pic is what’s sending me ,,Sun Feb 23 03:50:48 +0000 2020,,,,https://twitter.com/ANTIMELIA__/status/1231426154189479936,1231426154189479936,1228192960165998594
