date,username,to,replies,retweets,favorites,text,mentions,formatted_date,geo,hashtags,urls,permalink,ID,author_id
2020-02-26 23:36:29+00:00,argjire,drenukmata,1,0,1,,,Wed Feb 26 23:36:29 +0000 2020,,,,https://twitter.com/argjire/status/1232811702334427141,1232811702334427141,713180232782647297
2020-02-26 23:33:51+00:00,argjire,drenukmata,1,0,1, ,,Wed Feb 26 23:33:51 +0000 2020,,,,https://twitter.com/argjire/status/1232811040045400064,1232811040045400064,713180232782647297
2020-02-26 23:10:04+00:00,argjire,,0,0,0,I see it all the time :(,,Wed Feb 26 23:10:04 +0000 2020,,,,https://twitter.com/argjire/status/1232805054681419776,1232805054681419776,713180232782647297
2020-02-26 23:02:33+00:00,argjire,,5,12,74,There should be no space before punctuation marks. Only after. Not like this . But like this.,,Wed Feb 26 23:02:33 +0000 2020,,,,https://twitter.com/argjire/status/1232803164207943681,1232803164207943681,713180232782647297
2020-02-24 20:32:57+00:00,argjire,pan_during,1,0,2,Don't,,Mon Feb 24 20:32:57 +0000 2020,,,,https://twitter.com/argjire/status/1232040742631198724,1232040742631198724,713180232782647297
2020-02-24 20:19:19+00:00,argjire,bzztook,1,0,0,I hope you choke,,Mon Feb 24 20:19:19 +0000 2020,,,,https://twitter.com/argjire/status/1232037310864281600,1232037310864281600,713180232782647297
2020-02-24 20:15:01+00:00,argjire,,3,4,36,sitting next to people who breath loudly makes me want to rip my hair out,,Mon Feb 24 20:15:01 +0000 2020,,,,https://twitter.com/argjire/status/1232036228230459392,1232036228230459392,713180232782647297
2020-02-24 00:12:50+00:00,argjire,,0,0,2,"""I am a cemetery by the moon unblessed."" Charles Baudelaire, Paris Spleen",,Mon Feb 24 00:12:50 +0000 2020,,,,https://twitter.com/argjire/status/1231733689412919297,1231733689412919297,713180232782647297
2020-02-23 21:16:18+00:00,argjire,llsbllc,0,0,1,"Teeeeper, I hate it.",,Sun Feb 23 21:16:18 +0000 2020,,,,https://twitter.com/argjire/status/1231689261746999302,1231689261746999302,713180232782647297
2020-02-23 21:08:57+00:00,argjire,smajllo,0,0,1,I'm flattered ,,Sun Feb 23 21:08:57 +0000 2020,,,,https://twitter.com/argjire/status/1231687414797807616,1231687414797807616,713180232782647297
2020-02-23 21:06:14+00:00,argjire,smajllo,1,0,2,So untidy...,,Sun Feb 23 21:06:14 +0000 2020,,,,https://twitter.com/argjire/status/1231686728022405121,1231686728022405121,713180232782647297
2020-02-23 21:03:34+00:00,argjire,,2,1,20,No place gives me more anxiety than the New Yorker store in Albi Mall.,,Sun Feb 23 21:03:34 +0000 2020,,,,https://twitter.com/argjire/status/1231686059353890822,1231686059353890822,713180232782647297
2020-02-23 18:17:07+00:00,argjire,naomi2520_6,1,0,0,I love this!,,Sun Feb 23 18:17:07 +0000 2020,,,,https://twitter.com/argjire/status/1231644168189026304,1231644168189026304,713180232782647297
2020-02-23 00:26:32+00:00,argjire,albanberisha111,0,0,0,"Honestly, nder ma t'mirat e vjeteve t'fundit!",,Sun Feb 23 00:26:32 +0000 2020,,,,https://twitter.com/argjire/status/1231374748157927425,1231374748157927425,713180232782647297
2020-02-23 00:23:12+00:00,argjire,,1,0,9,,,Sun Feb 23 00:23:12 +0000 2020,,,https://open.spotify.com/track/0yhxBvedRdGxsPZHJNI4VA?si=ZqGc8-D2S7ynFL8PtMvDmA,https://twitter.com/argjire/status/1231373910182158337,1231373910182158337,713180232782647297
2020-02-22 23:24:16+00:00,argjire,pan_during,1,0,1,"Po du me dhone lajme seksore, that's my new career goal",,Sat Feb 22 23:24:16 +0000 2020,,,,https://twitter.com/argjire/status/1231359079135793154,1231359079135793154,713180232782647297
2020-02-22 23:20:14+00:00,argjire,GresaHalili5,0,0,1, ,,Sat Feb 22 23:20:14 +0000 2020,,,,https://twitter.com/argjire/status/1231358062851743744,1231358062851743744,713180232782647297
2020-02-22 20:02:47+00:00,argjire,sarawitnohh,1,0,2,I just wish that I had the time and the nerves I used to have... Now I only get mad while scrolling on this app I love you tho!,,Sat Feb 22 20:02:47 +0000 2020,,,,https://twitter.com/argjire/status/1231308372366045184,1231308372366045184,713180232782647297
2020-02-22 19:58:39+00:00,argjire,cliterallly,1,0,1,You look amazing! ,,Sat Feb 22 19:58:39 +0000 2020,,,,https://twitter.com/argjire/status/1231307332598030338,1231307332598030338,713180232782647297
2020-02-22 17:51:24+00:00,argjire,badboy_0_0_7,0,0,0,Hahahah ,,Sat Feb 22 17:51:24 +0000 2020,,,,https://twitter.com/argjire/status/1231275310970216448,1231275310970216448,713180232782647297
2020-02-22 15:18:31+00:00,argjire,themuslimmouse,0,0,1,SHE'S SO PRECIOUS!!!!!!!,,Sat Feb 22 15:18:31 +0000 2020,,,,https://twitter.com/argjire/status/1231236834648297473,1231236834648297473,713180232782647297
2020-02-22 14:46:03+00:00,argjire,,5,12,56,"Don't try to normalize this. Our country has had enough of this bullshit. I don't want to see a minors sexual pose on my timeline. I don't want to see the thirsty comments under those pictures. I don't want to see you supporting this, and if you do, you're A SICK FUCK.",,Sat Feb 22 14:46:03 +0000 2020,,,,https://twitter.com/argjire/status/1231228666228723715,1231228666228723715,713180232782647297
2020-02-22 14:39:07+00:00,argjire,,1,11,52,"I've said this before and you came at me with ""We can wear whatever we want"", well yes, if you're a grown woman! Feminism is about supporting and protecting each other, but some of you want to close an eye when it comes to this because ""Wear whatever you want"" sells.",,Sat Feb 22 14:39:07 +0000 2020,,,,https://twitter.com/argjire/status/1231226920936800256,1231226920936800256,713180232782647297
2020-02-22 14:33:43+00:00,argjire,,1,17,95,"Being underage and sexualized on social media isn't empowering. That's a kid we're talking about, that's a kid with a massive audience of grown ass men, that's a kid being exploited without knowing the consequences.",,Sat Feb 22 14:33:43 +0000 2020,,,,https://twitter.com/argjire/status/1231225560996753414,1231225560996753414,713180232782647297
2020-02-21 20:56:22+00:00,argjire,,1,0,22,,,Fri Feb 21 20:56:22 +0000 2020,,,,https://twitter.com/argjire/status/1230959470857027586,1230959470857027586,713180232782647297
2020-02-20 22:17:51+00:00,argjire,badboy_0_0_7,0,0,0,Drrasa ,,Thu Feb 20 22:17:51 +0000 2020,,,,https://twitter.com/argjire/status/1230617589820395523,1230617589820395523,713180232782647297
2020-02-20 00:15:09+00:00,argjire,,0,0,10,I cannot express my love for this song.,,Thu Feb 20 00:15:09 +0000 2020,,,https://open.spotify.com/track/0rKtyWc8bvkriBthvHKY8d?si=I9q5iD-WRXmPKJgsXkl42A,https://twitter.com/argjire/status/1230284719570464770,1230284719570464770,713180232782647297
2020-02-19 22:37:32+00:00,argjire,,0,0,5,https://twitter.com/loudandfearless/status/1229902686876684288,,Wed Feb 19 22:37:32 +0000 2020,,,https://twitter.com/loudandfearless/status/1229902686876684288,https://twitter.com/argjire/status/1230260154932830208,1230260154932830208,713180232782647297
2020-02-19 00:18:17+00:00,argjire,flickabesa,1,0,1,We love her.,,Wed Feb 19 00:18:17 +0000 2020,,,,https://twitter.com/argjire/status/1229923121215496192,1229923121215496192,713180232782647297
2020-02-19 00:15:23+00:00,argjire,aaanziety,1,0,1,I feel bad cuz she's young.,,Wed Feb 19 00:15:23 +0000 2020,,,,https://twitter.com/argjire/status/1229922392308355073,1229922392308355073,713180232782647297
2020-02-19 00:14:07+00:00,argjire,aaanziety,1,0,2,"O bre, ""mendoj dhe propozoj""... sikur mezi presin me ndodhe dicka si kjo, me e aktualizu kete teme.",,Wed Feb 19 00:14:07 +0000 2020,,,,https://twitter.com/argjire/status/1229922071045603334,1229922071045603334,713180232782647297
2020-02-18 23:45:26+00:00,argjire,,0,0,1,#BlessedBe,,Tue Feb 18 23:45:26 +0000 2020,,#BlessedBe,,https://twitter.com/argjire/status/1229914854657548289,1229914854657548289,713180232782647297
2020-02-18 21:42:20+00:00,argjire,kiemeneycion,1,0,1,Pretty gorgeous!,,Tue Feb 18 21:42:20 +0000 2020,,,,https://twitter.com/argjire/status/1229883872541904897,1229883872541904897,713180232782647297
2020-02-18 19:16:19+00:00,argjire,,2,1,18,"lmao, what the fuck is wrong with y'all? ",,Tue Feb 18 19:16:19 +0000 2020,,,,https://twitter.com/argjire/status/1229847127137902593,1229847127137902593,713180232782647297
2020-02-18 19:05:24+00:00,argjire,kari_qa,1,0,1,Po ndoshta u kone jetim o njeri pa zemer omg wtf,,Tue Feb 18 19:05:24 +0000 2020,,,,https://twitter.com/argjire/status/1229844382087548928,1229844382087548928,713180232782647297
2020-02-17 23:36:16+00:00,argjire,,0,0,5,that beautiful transition at the end...,,Mon Feb 17 23:36:16 +0000 2020,,,https://open.spotify.com/track/3sk0k4PXonU7K2N4S6FHXF?si=91xvkXOpQ-m193KJ80aBcg,https://twitter.com/argjire/status/1229550158851067905,1229550158851067905,713180232782647297
2020-02-17 13:13:39+00:00,argjire,,0,8,35,Urime 12 vjetori Kosovë! #bemyvoice #behuzeriim,,Mon Feb 17 13:13:39 +0000 2020,,#bemyvoice #behuzeriim,,https://twitter.com/argjire/status/1229393473268150272,1229393473268150272,713180232782647297
2020-02-15 17:37:08+00:00,argjire,amayorielon,0,0,0,DO IT,,Sat Feb 15 17:37:08 +0000 2020,,,,https://twitter.com/argjire/status/1228735005318406145,1228735005318406145,713180232782647297
2020-02-14 19:33:15+00:00,argjire,,0,0,2,Can we stay home tonight? Try something new tonight?,,Fri Feb 14 19:33:15 +0000 2020,,,https://open.spotify.com/track/4TSDz7xZtxIXeKwiOuCe25?si=7gikiDHPSheef56zdyRu5w,https://twitter.com/argjire/status/1228401838908739584,1228401838908739584,713180232782647297
2020-02-14 19:27:49+00:00,argjire,RellikArt,0,0,1,her impact ,,Fri Feb 14 19:27:49 +0000 2020,,,,https://twitter.com/argjire/status/1228400470017945600,1228400470017945600,713180232782647297
2020-02-14 14:04:50+00:00,argjire,,0,0,0,Seksi brina s'ka,,Fri Feb 14 14:04:50 +0000 2020,,,,https://twitter.com/argjire/status/1228319189582086144,1228319189582086144,713180232782647297
2020-02-14 01:17:48+00:00,argjire,bzztook,1,0,0,Just another Thursday ,,Fri Feb 14 01:17:48 +0000 2020,,,,https://twitter.com/argjire/status/1228126159503855616,1228126159503855616,713180232782647297
2020-02-14 01:12:04+00:00,argjire,,1,0,4,"I keep getting my days mixed up, I’ve constantly been a day behind this whole week.",,Fri Feb 14 01:12:04 +0000 2020,,,,https://twitter.com/argjire/status/1228124716839440384,1228124716839440384,713180232782647297
2020-02-13 21:13:05+00:00,argjire,badboy_0_0_7,0,0,0,"Nuk e ka heke, ja ka nderru vendin. Nuk e di pse po e dramatizojne kaq shume kete pune.",,Thu Feb 13 21:13:05 +0000 2020,,,,https://twitter.com/argjire/status/1228064574051627009,1228064574051627009,713180232782647297
2020-02-13 20:07:59+00:00,argjire,putacelosaa,1,10,87,"Yes, recording and sharing this video online is disrespectful but let's not normalize public sex. Have sex with whoever the fuck you want, that's not our business, but please do it privately.",,Thu Feb 13 20:07:59 +0000 2020,,,https://twitter.com/putacelosaa/status/1227652735312551937,https://twitter.com/argjire/status/1228048193335758850,1228048193335758850,713180232782647297
2020-02-13 19:30:10+00:00,argjire,ota024,0,0,7,"As une, ama shume joprofesionale.",,Thu Feb 13 19:30:10 +0000 2020,,,,https://twitter.com/argjire/status/1228038673691791362,1228038673691791362,713180232782647297
2020-02-13 18:57:40+00:00,argjire,,9,38,450,"""Edhe ato të gjinisë femërore"", sen hiç...",,Thu Feb 13 18:57:40 +0000 2020,,,,https://twitter.com/argjire/status/1228030493507100677,1228030493507100677,713180232782647297
2020-02-12 22:39:54+00:00,argjire,,0,0,3, ,,Wed Feb 12 22:39:54 +0000 2020,,,https://youtu.be/Pxo8ahkceyY,https://twitter.com/argjire/status/1227724034986696707,1227724034986696707,713180232782647297
2020-02-12 01:21:19+00:00,argjire,albanberisha111,1,0,0, ,,Wed Feb 12 01:21:19 +0000 2020,,,,https://twitter.com/argjire/status/1227402266480717826,1227402266480717826,713180232782647297
2020-02-11 20:37:11+00:00,argjire,ZHaxhifazliu,0,0,0,Which tells a lot about her ,,Tue Feb 11 20:37:11 +0000 2020,,,,https://twitter.com/argjire/status/1227330762673938432,1227330762673938432,713180232782647297
2020-02-11 20:36:23+00:00,argjire,hellohellitsmee,0,0,0,,,Tue Feb 11 20:36:23 +0000 2020,,,https://insajderi.com/ekskluzive-kush-eshte-shqiponja-vajza-e-showbizit-qe-dyshohet-se-zhvati-hoxhen/,https://twitter.com/argjire/status/1227330561703862273,1227330561703862273,713180232782647297
2020-02-11 10:01:11+00:00,argjire,Dritashi,1,1,1,bet ,,Tue Feb 11 10:01:11 +0000 2020,,,,https://twitter.com/argjire/status/1227170708079435777,1227170708079435777,713180232782647297
2020-02-11 00:55:20+00:00,argjire,llsbllc,0,0,1,"Dude I swear I miss her, she was real af",,Tue Feb 11 00:55:20 +0000 2020,,,,https://twitter.com/argjire/status/1227033340764676097,1227033340764676097,713180232782647297
2020-02-11 00:50:44+00:00,argjire,stuckwithenkela,0,0,1,OH MYYYYYY ,,Tue Feb 11 00:50:44 +0000 2020,,,,https://twitter.com/argjire/status/1227032185338769410,1227032185338769410,713180232782647297
2020-02-11 00:48:59+00:00,argjire,fazliu_milaim,0,0,1,Wish I was https://m.facebook.com/story.php?story_fbid=3397877206948893&amp;id=100001799421418,,Tue Feb 11 00:48:59 +0000 2020,,,https://m.facebook.com/story.php?story_fbid=3397877206948893&id=100001799421418,https://twitter.com/argjire/status/1227031743837986819,1227031743837986819,713180232782647297
2020-02-10 23:05:39+00:00,argjire,thearlind,1,0,0,https://m.facebook.com/story.php?story_fbid=3397877206948893&amp;id=100001799421418,,Mon Feb 10 23:05:39 +0000 2020,,,https://m.facebook.com/story.php?story_fbid=3397877206948893&id=100001799421418,https://twitter.com/argjire/status/1227005740931600389,1227005740931600389,713180232782647297
2020-02-10 22:49:12+00:00,argjire,CujajNasir,0,0,1, ,,Mon Feb 10 22:49:12 +0000 2020,,,,https://twitter.com/argjire/status/1227001600172085248,1227001600172085248,713180232782647297
2020-02-10 22:38:32+00:00,argjire,zhan_dArkk,0,0,2,That'd be so amazing lmao,,Mon Feb 10 22:38:32 +0000 2020,,,,https://twitter.com/argjire/status/1226998914190118914,1226998914190118914,713180232782647297
2020-02-10 22:37:55+00:00,argjire,NexhKaliqanaj,0,0,0,,,Mon Feb 10 22:37:55 +0000 2020,,,https://twitter.com/Dritashi/status/1226987823322030080?s=19,https://twitter.com/argjire/status/1226998761131577347,1226998761131577347,713180232782647297
2020-02-10 21:57:45+00:00,argjire,Dritashi,1,0,1,"I'm really looking forward to her ""projektet e reja"" ",,Mon Feb 10 21:57:45 +0000 2020,,,,https://twitter.com/argjire/status/1226988651218952192,1226988651218952192,713180232782647297
2020-02-10 21:47:22+00:00,argjire,,1,0,3,"tee-heee, it's that Suzana Tahiri girl #notshockedanymore",,Mon Feb 10 21:47:22 +0000 2020,,#notshockedanymore,,https://twitter.com/argjire/status/1226986038222106624,1226986038222106624,713180232782647297
2020-02-10 20:37:11+00:00,argjire,mrmcfuckoffm8,0,0,2,"Unfortunately, a local tattoo artist posted it on his ig stories",,Mon Feb 10 20:37:11 +0000 2020,,,,https://twitter.com/argjire/status/1226968374246363136,1226968374246363136,713180232782647297
2020-02-10 20:18:01+00:00,argjire,uhrta,1,0,0,Sis lmaooooo ,,Mon Feb 10 20:18:01 +0000 2020,,,,https://twitter.com/argjire/status/1226963553950801920,1226963553950801920,713180232782647297
2020-02-10 20:14:16+00:00,argjire,albanberisha111,0,0,3,And she needs an acid bath ,,Mon Feb 10 20:14:16 +0000 2020,,,,https://twitter.com/argjire/status/1226962608948944898,1226962608948944898,713180232782647297
2020-02-10 20:10:18+00:00,argjire,djdeezy_,0,0,0,FUCKING WILD!!!,,Mon Feb 10 20:10:18 +0000 2020,,,,https://twitter.com/argjire/status/1226961611862224900,1226961611862224900,713180232782647297
2020-02-10 20:06:16+00:00,argjire,klarakami,2,0,1,I see a bra strap ,,Mon Feb 10 20:06:16 +0000 2020,,,,https://twitter.com/argjire/status/1226960594353426432,1226960594353426432,713180232782647297
2020-02-10 20:03:49+00:00,argjire,,34,13,252,"but girl, why?",,Mon Feb 10 20:03:49 +0000 2020,,,,https://twitter.com/argjire/status/1226959977815957511,1226959977815957511,713180232782647297
2020-02-09 19:48:27+00:00,argjire,ardiveliuu,1,0,0,edhe sa badass ndjehet tash ,,Sun Feb 09 19:48:27 +0000 2020,,,,https://twitter.com/argjire/status/1226593723003351041,1226593723003351041,713180232782647297
2020-02-09 17:55:11+00:00,argjire,amayorielon,0,0,0,,,Sun Feb 09 17:55:11 +0000 2020,,,,https://twitter.com/argjire/status/1226565219356377088,1226565219356377088,713180232782647297
2020-02-09 17:50:21+00:00,argjire,amayorielon,1,0,1,Ne shtepi,,Sun Feb 09 17:50:21 +0000 2020,,,,https://twitter.com/argjire/status/1226564003134046211,1226564003134046211,713180232782647297
2020-02-09 16:18:00+00:00,argjire,noriundercover,1,0,1,I just know qe shane edhe ma zi,,Sun Feb 09 16:18:00 +0000 2020,,,,https://twitter.com/argjire/status/1226540761036066816,1226540761036066816,713180232782647297
2020-02-09 16:17:36+00:00,argjire,badboy_0_0_7,0,0,1,,,Sun Feb 09 16:17:36 +0000 2020,,,,https://twitter.com/argjire/status/1226540663493320705,1226540663493320705,713180232782647297
2020-02-09 16:06:34+00:00,argjire,,3,0,5,"this benita girl got that ""frajeri jem osht i avalles"" vibe",,Sun Feb 09 16:06:34 +0000 2020,,,,https://twitter.com/argjire/status/1226537885102493697,1226537885102493697,713180232782647297
2020-02-09 16:01:48+00:00,argjire,,1,1,18,"on records been trash for the longest but they're not even trying anymore, tragic",,Sun Feb 09 16:01:48 +0000 2020,,,,https://twitter.com/argjire/status/1226536685636345858,1226536685636345858,713180232782647297
2020-02-09 15:56:54+00:00,argjire,noriundercover,0,0,3,"ki evlad more, allahu more t'vrane, allahu more tvrafte e t'vrafte yarabi allah ",,Sun Feb 09 15:56:54 +0000 2020,,,,https://twitter.com/argjire/status/1226535451911168000,1226535451911168000,713180232782647297
2020-02-09 15:45:54+00:00,argjire,,1,0,15,more kockagji ,,Sun Feb 09 15:45:54 +0000 2020,,,,https://twitter.com/argjire/status/1226532683645366272,1226532683645366272,713180232782647297
2020-02-08 19:48:21+00:00,argjire,flickabesa,1,0,1,Atl it matches with her hand ,,Sat Feb 08 19:48:21 +0000 2020,,,,https://twitter.com/argjire/status/1226231313126100992,1226231313126100992,713180232782647297
2020-02-07 14:51:50+00:00,argjire,,0,0,1,You goddess,,Fri Feb 07 14:51:50 +0000 2020,,,,https://twitter.com/argjire/status/1225794304104443904,1225794304104443904,713180232782647297
2020-02-07 14:17:57+00:00,argjire,rdtbjr,0,0,1,"Kuku, fucking miserable",,Fri Feb 07 14:17:57 +0000 2020,,,,https://twitter.com/argjire/status/1225785776652288000,1225785776652288000,713180232782647297
2020-02-07 13:51:04+00:00,argjire,,0,0,9,I love @sushitrash and everything he does,@sushitrash,Fri Feb 07 13:51:04 +0000 2020,,,https://youtu.be/K09_5IsgGe8,https://twitter.com/argjire/status/1225779009054748678,1225779009054748678,713180232782647297
2020-02-07 13:06:14+00:00,argjire,restersauvageB,0,0,1,"Ahhh shit, my bad but let this be a lesson for her",,Fri Feb 07 13:06:14 +0000 2020,,,,https://twitter.com/argjire/status/1225767727471714304,1225767727471714304,713180232782647297
2020-02-07 13:03:53+00:00,argjire,,0,2,6,A true giant of art! Rest in peace! https://www.koha.net/kulture/207557/biografia-e-dives-nexhmije-pagarusha/ https://www.koha.net/kulture/207570/emisioni-express-ne-ktv-sot-i-kushtohet-teresisht-nexhmije-pagarushes/,,Fri Feb 07 13:03:53 +0000 2020,,,"https://www.koha.net/kulture/207557/biografia-e-dives-nexhmije-pagarusha/,https://www.koha.net/kulture/207570/emisioni-express-ne-ktv-sot-i-kushtohet-teresisht-nexhmije-pagarushes/",https://twitter.com/argjire/status/1225767136255238146,1225767136255238146,713180232782647297
2020-02-07 12:46:47+00:00,argjire,megzzziii,0,0,0,A mess,,Fri Feb 07 12:46:47 +0000 2020,,,,https://twitter.com/argjire/status/1225762833784287232,1225762833784287232,713180232782647297
2020-02-07 12:46:24+00:00,argjire,katerqineizet,0,0,1,Exactly,,Fri Feb 07 12:46:24 +0000 2020,,,,https://twitter.com/argjire/status/1225762735742476289,1225762735742476289,713180232782647297
2020-02-07 12:42:17+00:00,argjire,anisaveeseli,3,1,67,Black girl magic! #BlackHistoryMonth,,Fri Feb 07 12:42:17 +0000 2020,,#BlackHistoryMonth #BlackHistoryMonth,https://twitter.com/anisaveeseli/status/1225523337624989697,https://twitter.com/argjire/status/1225761700844097539,1225761700844097539,713180232782647297
2020-02-06 21:35:46+00:00,argjire,sarawitnohh,0,0,1,"uhmm, it can get a pass, e degjueshme hahaha",,Thu Feb 06 21:35:46 +0000 2020,,,,https://twitter.com/argjire/status/1225533568664948737,1225533568664948737,713180232782647297
2020-02-06 21:32:16+00:00,argjire,PopBase,3,0,7,she's finally developing taste,,Thu Feb 06 21:32:16 +0000 2020,,,https://twitter.com/PopBase/status/1225242862742196225,https://twitter.com/argjire/status/1225532686393073667,1225532686393073667,713180232782647297
2020-02-01 20:16:57+00:00,argjire,,0,4,14,WHOSE BARBER IS THIS? ,,Sat Feb 01 20:16:57 +0000 2020,,,,https://twitter.com/argjire/status/1223701794682998784,1223701794682998784,713180232782647297
2020-01-31 15:35:34+00:00,argjire,,0,3,6,I hope this is the only Wayne #Funeral I'll ever witness,,Fri Jan 31 15:35:34 +0000 2020,,#Funeral,,https://twitter.com/argjire/status/1223268591572746241,1223268591572746241,713180232782647297
2020-01-31 13:50:43+00:00,argjire,monicalew1nsky,1,0,1,Happy birthday beauty!,,Fri Jan 31 13:50:43 +0000 2020,,,,https://twitter.com/argjire/status/1223242206980575234,1223242206980575234,713180232782647297
2020-01-29 15:59:27+00:00,argjire,,0,0,1,"Exactly!!! That's him building a barrier. He'd rather be known as homophobic. He knows that the word is already out, so now he's playing defense.",,Wed Jan 29 15:59:27 +0000 2020,,,,https://twitter.com/argjire/status/1222549828841938945,1222549828841938945,713180232782647297
2020-01-28 12:43:26+00:00,argjire,medxxna,1,0,1,And you just start to rewatch your faves ,,Tue Jan 28 12:43:26 +0000 2020,,,,https://twitter.com/argjire/status/1222138109669838848,1222138109669838848,713180232782647297
2020-01-24 19:43:13+00:00,argjire,sabrinanetflix,0,0,2,the witching hour is hereeee,,Fri Jan 24 19:43:13 +0000 2020,,,https://twitter.com/sabrinanetflix/status/1220617248311783424,https://twitter.com/argjire/status/1220794202642165760,1220794202642165760,713180232782647297
2020-01-22 23:35:37+00:00,argjire,,0,0,3,Hayao Miyazaki isn’t allowed to die.,,Wed Jan 22 23:35:37 +0000 2020,,,,https://twitter.com/argjire/status/1220127911690362880,1220127911690362880,713180232782647297
2020-01-21 22:31:58+00:00,argjire,NehatSadiiku,0,0,1,A bre... ,,Tue Jan 21 22:31:58 +0000 2020,,,,https://twitter.com/argjire/status/1219749505383510016,1219749505383510016,713180232782647297
2020-01-21 01:41:45+00:00,argjire,bzztook,0,0,0,Naten ,,Tue Jan 21 01:41:45 +0000 2020,,,,https://twitter.com/argjire/status/1219434877428338693,1219434877428338693,713180232782647297
2020-01-21 01:40:59+00:00,argjire,,2,16,89,"Being ignorant, incoherent and disrespectful is not a flex. Who the fuck raised y'all?",,Tue Jan 21 01:40:59 +0000 2020,,,,https://twitter.com/argjire/status/1219434685857783808,1219434685857783808,713180232782647297
2020-01-21 01:28:43+00:00,argjire,albanberisha111,1,0,2,I've been muting hormonally imbalanced high schoolers since forever and they're still popping up on my timeline and most of them are ignorant as fuck. I wanna cry.,,Tue Jan 21 01:28:43 +0000 2020,,,,https://twitter.com/argjire/status/1219431598237659143,1219431598237659143,713180232782647297
2020-01-21 01:17:54+00:00,argjire,,2,0,7,these youngins are just a different type of breed #secondhandembarrassment,,Tue Jan 21 01:17:54 +0000 2020,,#secondhandembarrassment,,https://twitter.com/argjire/status/1219428874053935104,1219428874053935104,713180232782647297
2020-01-20 01:27:54+00:00,argjire,,1,0,2, ,,Mon Jan 20 01:27:54 +0000 2020,,,https://youtu.be/jQsZDgyHYt4,https://twitter.com/argjire/status/1219069004343541760,1219069004343541760,713180232782647297
