date,username,to,replies,retweets,favorites,text,mentions,formatted_date,geo,hashtags,urls,permalink,ID,author_id
2020-02-27 22:02:04+00:00,AtillaaRexha,endritder,0,0,0,Ohh ive never heard this song from a pirate mp3 page before!!!!! So excited,,Thu Feb 27 22:02:04 +0000 2020,,,,https://twitter.com/AtillaaRexha/status/1233150333536346112,1233150333536346112,597788490
2020-02-18 16:49:03+00:00,AtillaaRexha,CATHOLlCFAG,0,0,0,LOOOOL i hate you ,,Tue Feb 18 16:49:03 +0000 2020,,,,https://twitter.com/AtillaaRexha/status/1229810067815501828,1229810067815501828,597788490
2020-02-17 00:20:53+00:00,AtillaaRexha,xxriga,1,0,0,A what?,,Mon Feb 17 00:20:53 +0000 2020,,,,https://twitter.com/AtillaaRexha/status/1229198997807681539,1229198997807681539,597788490
2020-02-16 19:30:57+00:00,AtillaaRexha,fitwhorye,0,1,7,bby,,Sun Feb 16 19:30:57 +0000 2020,,,,https://twitter.com/AtillaaRexha/status/1229126036278910977,1229126036278910977,597788490
2020-02-16 19:28:06+00:00,AtillaaRexha,miriimiriimirii,0,0,2,We’ve been knew dmth,,Sun Feb 16 19:28:06 +0000 2020,,,,https://twitter.com/AtillaaRexha/status/1229125319178805248,1229125319178805248,597788490
2020-02-16 00:22:46+00:00,AtillaaRexha,ambreoy,0,0,0,Right at it king,,Sun Feb 16 00:22:46 +0000 2020,,,,https://twitter.com/AtillaaRexha/status/1228837086792470528,1228837086792470528,597788490
2020-02-15 21:55:07+00:00,AtillaaRexha,,1,0,0,SO FREAKING GOOD,,Sat Feb 15 21:55:07 +0000 2020,,,,https://twitter.com/AtillaaRexha/status/1228799929755283456,1228799929755283456,597788490
2020-02-11 22:36:24+00:00,AtillaaRexha,,1,24,131,Noo albanian women arent bipolar,,Tue Feb 11 22:36:24 +0000 2020,,,,https://twitter.com/AtillaaRexha/status/1227360766858231809,1227360766858231809,597788490
2020-02-10 08:14:05+00:00,AtillaaRexha,endritder,1,1,0,1917 ROBBED,,Mon Feb 10 08:14:05 +0000 2020,,,,https://twitter.com/AtillaaRexha/status/1226781368933376000,1226781368933376000,597788490
2020-02-05 23:21:43+00:00,AtillaaRexha,fitwhorye,0,0,0,,,Wed Feb 05 23:21:43 +0000 2020,,,,https://twitter.com/AtillaaRexha/status/1225197842882494465,1225197842882494465,597788490
2020-02-01 10:19:00+00:00,AtillaaRexha,,0,0,2,https://twitter.com/XHNews/status/1206888467046838272,,Sat Feb 01 10:19:00 +0000 2020,,,https://twitter.com/XHNews/status/1206888467046838272,https://twitter.com/AtillaaRexha/status/1223551316061978624,1223551316061978624,597788490
2020-02-01 02:22:58+00:00,AtillaaRexha,fitwhorye,0,0,1,,,Sat Feb 01 02:22:58 +0000 2020,,,,https://twitter.com/AtillaaRexha/status/1223431516811931649,1223431516811931649,597788490
2020-02-01 02:21:29+00:00,AtillaaRexha,cherr_horowitz,0,0,0,Bla bla bla,,Sat Feb 01 02:21:29 +0000 2020,,,,https://twitter.com/AtillaaRexha/status/1223431144223518721,1223431144223518721,597788490
2020-01-31 21:39:00+00:00,AtillaaRexha,cherr_horowitz,0,0,1,Going to the airport in two hours and there is a plane from Wuhan landing at the same time. We better pray,,Fri Jan 31 21:39:00 +0000 2020,,,,https://twitter.com/AtillaaRexha/status/1223360053438304256,1223360053438304256,597788490
2020-01-31 00:15:57+00:00,AtillaaRexha,better_niels,0,0,0,00.00 in Prishtina,,Fri Jan 31 00:15:57 +0000 2020,,,,https://twitter.com/AtillaaRexha/status/1223037164046442498,1223037164046442498,597788490
2020-01-22 02:41:33+00:00,AtillaaRexha,miriimiriimirii,0,0,1,,,Wed Jan 22 02:41:33 +0000 2020,,,,https://twitter.com/AtillaaRexha/status/1219812316063195136,1219812316063195136,597788490
2020-01-04 14:27:23+00:00,AtillaaRexha,illyrianPatriot,0,0,1,Me when the first bullet is fired,,Sat Jan 04 14:27:23 +0000 2020,,,,https://twitter.com/AtillaaRexha/status/1213466960475967488,1213466960475967488,597788490
2020-01-04 12:16:16+00:00,AtillaaRexha,,0,0,6,Its been an hour without small d*ck tweets ,,Sat Jan 04 12:16:16 +0000 2020,,,,https://twitter.com/AtillaaRexha/status/1213433967019544577,1213433967019544577,597788490
2020-01-04 12:04:02+00:00,AtillaaRexha,,1,0,7,Albanian twitter incels rejoicing now that they can breath,,Sat Jan 04 12:04:02 +0000 2020,,,,https://twitter.com/AtillaaRexha/status/1213430885606969345,1213430885606969345,597788490
2020-01-04 12:00:38+00:00,AtillaaRexha,,1,0,1,Fitorye rn,,Sat Jan 04 12:00:38 +0000 2020,,,,https://twitter.com/AtillaaRexha/status/1213430031415947264,1213430031415947264,597788490
2020-01-04 11:55:07+00:00,AtillaaRexha,,1,0,7,@Twitter IM COMING FOR YOU,@Twitter,Sat Jan 04 11:55:07 +0000 2020,,,,https://twitter.com/AtillaaRexha/status/1213428643428519937,1213428643428519937,597788490
2020-01-04 11:51:33+00:00,AtillaaRexha,,1,4,36,Yall first its WWiii and now this????? Pay ur respect to a legend fellas ,,Sat Jan 04 11:51:33 +0000 2020,,,,https://twitter.com/AtillaaRexha/status/1213427746338160640,1213427746338160640,597788490
2020-01-03 13:08:59+00:00,AtillaaRexha,ZukoFatherKing,1,0,0,GOODBYE AND,,Fri Jan 03 13:08:59 +0000 2020,,,,https://twitter.com/AtillaaRexha/status/1213084844265218049,1213084844265218049,597788490
