date,username,to,replies,retweets,favorites,text,mentions,formatted_date,geo,hashtags,urls,permalink,ID,author_id
2020-02-28 20:49:21+00:00,babaiiiiii,,0,12,116,You know what sucks? Being the person who cares more.,,Fri Feb 28 20:49:21 +0000 2020,,,,https://twitter.com/babaiiiiii/status/1233494419678126082,1233494419678126082,1020809075867742209
2020-02-28 19:33:16+00:00,babaiiiiii,PapunsiaV,0,0,1,Lets just not talk about that,,Fri Feb 28 19:33:16 +0000 2020,,,,https://twitter.com/babaiiiiii/status/1233475271703121920,1233475271703121920,1020809075867742209
2020-02-28 14:02:52+00:00,babaiiiiii,,2,4,96,"Kaq ishte pra, gjith kto dit te kaluara ne tmerr, ne ankth, gjith ajo lodhje, mundim, zhgenjime, lot te derdhura, korrupsion pa fund, te dashur miq, sezoni mbaroi",,Fri Feb 28 14:02:52 +0000 2020,,,,https://twitter.com/babaiiiiii/status/1233392124546121730,1233392124546121730,1020809075867742209
2020-02-28 12:24:23+00:00,babaiiiiii,thedeepone_,1,0,0,Tlumt bytha,,Fri Feb 28 12:24:23 +0000 2020,,,,https://twitter.com/babaiiiiii/status/1233367338889699328,1233367338889699328,1020809075867742209
2020-02-28 12:21:14+00:00,babaiiiiii,vajzaeshiut,1,0,1,Kan me pak ndoshta,,Fri Feb 28 12:21:14 +0000 2020,,,,https://twitter.com/babaiiiiii/status/1233366549727207425,1233366549727207425,1020809075867742209
2020-02-28 12:12:49+00:00,babaiiiiii,kacubja,0,0,1,Pse m,,Fri Feb 28 12:12:49 +0000 2020,,,,https://twitter.com/babaiiiiii/status/1233364429703528449,1233364429703528449,1020809075867742209
2020-02-28 11:26:51+00:00,babaiiiiii,thedeepone_,1,0,0,Varikarin,,Fri Feb 28 11:26:51 +0000 2020,,,,https://twitter.com/babaiiiiii/status/1233352859971969024,1233352859971969024,1020809075867742209
2020-02-27 23:31:47+00:00,babaiiiiii,,3,1,86,Is it weird that i found this funny?,,Thu Feb 27 23:31:47 +0000 2020,,,,https://twitter.com/babaiiiiii/status/1233172907855110144,1233172907855110144,1020809075867742209
2020-02-27 23:25:47+00:00,babaiiiiii,_chery_15,1,0,1,Ku e keni lagjen tkaloj me range anej,,Thu Feb 27 23:25:47 +0000 2020,,,,https://twitter.com/babaiiiiii/status/1233171397725368323,1233171397725368323,1020809075867742209
2020-02-27 23:23:40+00:00,babaiiiiii,yllk10,0,0,0,Then i have to give u ur happiness back,,Thu Feb 27 23:23:40 +0000 2020,,,,https://twitter.com/babaiiiiii/status/1233170866122428417,1233170866122428417,1020809075867742209
2020-02-27 20:59:36+00:00,babaiiiiii,yllk10,1,0,1,Who the fuck made u sad?,,Thu Feb 27 20:59:36 +0000 2020,,,,https://twitter.com/babaiiiiii/status/1233134609493372935,1233134609493372935,1020809075867742209
2020-02-27 19:42:14+00:00,babaiiiiii,,1,16,67,Ahahahahaahahahahahaahahahahahahaimfuckingsadahahahahahahahahah,,Thu Feb 27 19:42:14 +0000 2020,,,,https://twitter.com/babaiiiiii/status/1233115139819343873,1233115139819343873,1020809075867742209
2020-02-27 19:38:48+00:00,babaiiiiii,weirdblondee,0,0,1,"E mora vesh, tgjith e njifkan vetem un jo",,Thu Feb 27 19:38:48 +0000 2020,,,,https://twitter.com/babaiiiiii/status/1233114275666890752,1233114275666890752,1020809075867742209
2020-02-27 17:54:32+00:00,babaiiiiii,,0,2,52,"Im not racist, I hate everyone equally",,Thu Feb 27 17:54:32 +0000 2020,,,,https://twitter.com/babaiiiiii/status/1233088038709972995,1233088038709972995,1020809075867742209
2020-02-27 17:53:29+00:00,babaiiiiii,someone01226,0,0,0,Fuckin hell do vij edhe un heren tjeter,,Thu Feb 27 17:53:29 +0000 2020,,,,https://twitter.com/babaiiiiii/status/1233087774728818688,1233087774728818688,1020809075867742209
2020-02-27 16:30:31+00:00,babaiiiiii,5thangel9,1,0,0,Un jam dhëndri,,Thu Feb 27 16:30:31 +0000 2020,,,,https://twitter.com/babaiiiiii/status/1233066895068278784,1233066895068278784,1020809075867742209
2020-02-27 16:03:47+00:00,babaiiiiii,sadgalpals,0,0,0,Why so,,Thu Feb 27 16:03:47 +0000 2020,,,,https://twitter.com/babaiiiiii/status/1233060164581896194,1233060164581896194,1020809075867742209
2020-02-27 15:34:51+00:00,babaiiiiii,pablolekskobar,1,0,3,"Oh nice, Aleksis sançez esht lojtari im i preferuar ke interi",,Thu Feb 27 15:34:51 +0000 2020,,,,https://twitter.com/babaiiiiii/status/1233052886290006017,1233052886290006017,1020809075867742209
2020-02-27 15:12:07+00:00,babaiiiiii,pablolekskobar,2,0,50,Sistemi i vlersimit ne universitetet e shqiperis fillo nga katra deri ke shtata,,Thu Feb 27 15:12:07 +0000 2020,,,https://twitter.com/pablolekskobar/status/1233025771616247808,https://twitter.com/babaiiiiii/status/1233047163652972545,1233047163652972545,1020809075867742209
2020-02-27 14:58:02+00:00,babaiiiiii,shejtanevogel_,0,0,2,Mpaska shpetu kjo,,Thu Feb 27 14:58:02 +0000 2020,,,,https://twitter.com/babaiiiiii/status/1233043619084427265,1233043619084427265,1020809075867742209
2020-02-27 13:42:17+00:00,babaiiiiii,shejtanevogel_,1,0,0,Esht edhe ne twitter?,,Thu Feb 27 13:42:17 +0000 2020,,,,https://twitter.com/babaiiiiii/status/1233024558141263872,1233024558141263872,1020809075867742209
2020-02-27 13:03:14+00:00,babaiiiiii,_eni26_,0,0,3,Aaa bash e mir osht,,Thu Feb 27 13:03:14 +0000 2020,,,,https://twitter.com/babaiiiiii/status/1233014730635255809,1233014730635255809,1020809075867742209
2020-02-27 12:54:22+00:00,babaiiiiii,_eni26_,1,0,2,Kush marinel m?,,Thu Feb 27 12:54:22 +0000 2020,,,,https://twitter.com/babaiiiiii/status/1233012498607026177,1233012498607026177,1020809075867742209
2020-02-27 12:18:30+00:00,babaiiiiii,,10,0,196,Find me this girl,,Thu Feb 27 12:18:30 +0000 2020,,,,https://twitter.com/babaiiiiii/status/1233003471462334464,1233003471462334464,1020809075867742209
2020-02-26 19:08:43+00:00,babaiiiiii,,0,3,51,You know what's the difference between a joke and three dicks? U can't take a joke,,Wed Feb 26 19:08:43 +0000 2020,,,,https://twitter.com/babaiiiiii/status/1232744317233569794,1232744317233569794,1020809075867742209
2020-02-26 16:06:05+00:00,babaiiiiii,mersojaa,2,5,112,Ka ca goca me me shum bole se sa ca cuna,,Wed Feb 26 16:06:05 +0000 2020,,,https://twitter.com/mersojaa/status/1232461618790850560,https://twitter.com/babaiiiiii/status/1232698359502299136,1232698359502299136,1020809075867742209
2020-02-26 14:17:15+00:00,babaiiiiii,da_icon_god,1,0,3,She aint got none,,Wed Feb 26 14:17:15 +0000 2020,,,,https://twitter.com/babaiiiiii/status/1232670967559839750,1232670967559839750,1020809075867742209
2020-02-26 13:10:51+00:00,babaiiiiii,,2,0,77,So I just complimented this girl's ass and she blocked me,,Wed Feb 26 13:10:51 +0000 2020,,,,https://twitter.com/babaiiiiii/status/1232654258719412225,1232654258719412225,1020809075867742209
2020-02-25 23:21:35+00:00,babaiiiiii,plutiane,0,0,1,"As u can see, is worthless",,Tue Feb 25 23:21:35 +0000 2020,,,,https://twitter.com/babaiiiiii/status/1232445566321221632,1232445566321221632,1020809075867742209
2020-02-25 20:57:36+00:00,babaiiiiii,ps1kopatate,1,0,4,Mesazhi ishte qe sduhet ti mbajm shpresat te deshirat e qirinjve te ditlindjeve,,Tue Feb 25 20:57:36 +0000 2020,,,,https://twitter.com/babaiiiiii/status/1232409332081471489,1232409332081471489,1020809075867742209
2020-02-25 20:51:22+00:00,babaiiiiii,,2,2,49,"When i was 13, i blew my candles, my wish was to be dead at the age of 18",,Tue Feb 25 20:51:22 +0000 2020,,,,https://twitter.com/babaiiiiii/status/1232407762979708935,1232407762979708935,1020809075867742209
2020-02-25 16:20:35+00:00,babaiiiiii,,0,2,69,How do I explain to my non albanian friend that we used cut our bile and make a big party about it,,Tue Feb 25 16:20:35 +0000 2020,,,,https://twitter.com/babaiiiiii/status/1232339617489342464,1232339617489342464,1020809075867742209
2020-02-24 23:37:52+00:00,babaiiiiii,teenspirit33,1,0,0,Ckemi @broncothegoat,@broncothegoat,Mon Feb 24 23:37:52 +0000 2020,,,,https://twitter.com/babaiiiiii/status/1232087277872046080,1232087277872046080,1020809075867742209
2020-02-24 22:28:55+00:00,babaiiiiii,,0,0,0,Ku je m vreshtari,,Mon Feb 24 22:28:55 +0000 2020,,,,https://twitter.com/babaiiiiii/status/1232069926170636288,1232069926170636288,1020809075867742209
2020-02-24 20:35:39+00:00,babaiiiiii,llorajuaj,0,0,0,Well that's not wrong,,Mon Feb 24 20:35:39 +0000 2020,,,,https://twitter.com/babaiiiiii/status/1232041420288151555,1232041420288151555,1020809075867742209
2020-02-24 16:37:53+00:00,babaiiiiii,,2,2,67,Si keni nevra ti lexoni gjith kto tweete,,Mon Feb 24 16:37:53 +0000 2020,,,,https://twitter.com/babaiiiiii/status/1231981584984739846,1231981584984739846,1020809075867742209
2020-02-24 14:20:07+00:00,babaiiiiii,specicuori,1,0,41,"Because we want the pussy of the ones we love, who the fuck cares about lisa ann's pussy at this point",,Mon Feb 24 14:20:07 +0000 2020,,,https://twitter.com/specicuori/status/1231622094158475265,https://twitter.com/babaiiiiii/status/1231946914867879936,1231946914867879936,1020809075867742209
2020-02-24 11:27:48+00:00,babaiiiiii,,0,0,19,That pussy to die for,,Mon Feb 24 11:27:48 +0000 2020,,,,https://twitter.com/babaiiiiii/status/1231903547391905794,1231903547391905794,1020809075867742209
2020-02-23 23:05:43+00:00,babaiiiiii,iissaddd,1,0,0,Ajo esht e sigurt qe jo se mesa maj men un sbej gjeografi po se di tsh,,Sun Feb 23 23:05:43 +0000 2020,,,,https://twitter.com/babaiiiiii/status/1231716798833270785,1231716798833270785,1020809075867742209
2020-02-23 23:02:28+00:00,babaiiiiii,,1,1,57,Kam dy or qe po mundohesha tkujtoj nca londe e kam provimin neser,,Sun Feb 23 23:02:28 +0000 2020,,,,https://twitter.com/babaiiiiii/status/1231715980042285056,1231715980042285056,1020809075867742209
2020-02-23 17:58:45+00:00,babaiiiiii,,0,3,46,Pse bo bllok te qifsha grat se desha me pak tall karin,,Sun Feb 23 17:58:45 +0000 2020,,,,https://twitter.com/babaiiiiii/status/1231639547349536768,1231639547349536768,1020809075867742209
2020-02-23 09:02:48+00:00,babaiiiiii,,0,3,52,I just want to love you and not look stupid,,Sun Feb 23 09:02:48 +0000 2020,,,,https://twitter.com/babaiiiiii/status/1231504670478209024,1231504670478209024,1020809075867742209
2020-02-23 00:28:11+00:00,babaiiiiii,deci_meri,1,0,1,"I said may be, ur not at the lucky ones",,Sun Feb 23 00:28:11 +0000 2020,,,,https://twitter.com/babaiiiiii/status/1231375163574411264,1231375163574411264,1020809075867742209
2020-02-22 19:54:02+00:00,babaiiiiii,3pal1milek,1,0,2,"I was to the doctor to get my results and he told me to pick any star sign, i said gemini, he said no u got cancer",,Sat Feb 22 19:54:02 +0000 2020,,,,https://twitter.com/babaiiiiii/status/1231306170205376523,1231306170205376523,1020809075867742209
2020-02-22 19:50:46+00:00,babaiiiiii,ninateresa22,0,0,1,,,Sat Feb 22 19:50:46 +0000 2020,,,,https://twitter.com/babaiiiiii/status/1231305348616769536,1231305348616769536,1020809075867742209
2020-02-22 19:43:25+00:00,babaiiiiii,,1,1,47,Im a gemini so that means im only compatible with people that are really stupid and belive in horoscopes,,Sat Feb 22 19:43:25 +0000 2020,,,,https://twitter.com/babaiiiiii/status/1231303497909489664,1231303497909489664,1020809075867742209
2020-02-22 16:24:52+00:00,babaiiiiii,,0,0,0,Not really but i might be a english boob guy,,Sat Feb 22 16:24:52 +0000 2020,,,,https://twitter.com/babaiiiiii/status/1231253534752071681,1231253534752071681,1020809075867742209
2020-02-22 16:19:08+00:00,babaiiiiii,,0,0,0,Cica angleze,,Sat Feb 22 16:19:08 +0000 2020,,,,https://twitter.com/babaiiiiii/status/1231252091739557888,1231252091739557888,1020809075867742209
2020-02-22 16:07:51+00:00,babaiiiiii,,0,3,35,Kur i trego karin per her te par dhe fillo justifikohesh per madhesin,,Sat Feb 22 16:07:51 +0000 2020,,,,https://twitter.com/babaiiiiii/status/1231249251537211401,1231249251537211401,1020809075867742209
2020-02-22 14:25:40+00:00,babaiiiiii,,0,0,0,Mos mbo me vjell,,Sat Feb 22 14:25:40 +0000 2020,,,,https://twitter.com/babaiiiiii/status/1231223533700833280,1231223533700833280,1020809075867742209
2020-02-22 14:22:00+00:00,babaiiiiii,,1,4,52,Shko mso anglisht,,Sat Feb 22 14:22:00 +0000 2020,,,,https://twitter.com/babaiiiiii/status/1231222610635231233,1231222610635231233,1020809075867742209
2020-02-22 11:41:51+00:00,babaiiiiii,,0,1,67,Some antisocial people look dumb socializing but they really may be the smartest,,Sat Feb 22 11:41:51 +0000 2020,,,,https://twitter.com/babaiiiiii/status/1231182310483034117,1231182310483034117,1020809075867742209
2020-02-22 00:07:13+00:00,babaiiiiii,broncothegoat,0,0,3,How arbana is looking at that conversation rn,,Sat Feb 22 00:07:13 +0000 2020,,,,https://twitter.com/babaiiiiii/status/1231007498712342529,1231007498712342529,1020809075867742209
2020-02-21 23:38:41+00:00,babaiiiiii,,0,0,19,"Bitches be saying jam mendjehapur, no bitch je kembhapur",,Fri Feb 21 23:38:41 +0000 2020,,,,https://twitter.com/babaiiiiii/status/1231000318261026817,1231000318261026817,1020809075867742209
2020-02-21 18:51:14+00:00,babaiiiiii,,2,12,158,"Yje, njihni diferencen ndermjet fjales kurv dhe mendjehapur",,Fri Feb 21 18:51:14 +0000 2020,,,,https://twitter.com/babaiiiiii/status/1230927977871020032,1230927977871020032,1020809075867742209
2020-02-21 17:29:33+00:00,babaiiiiii,xvivor,0,0,1,"Yeah, liar",,Fri Feb 21 17:29:33 +0000 2020,,,,https://twitter.com/babaiiiiii/status/1230907424560885763,1230907424560885763,1020809075867742209
2020-02-21 17:25:26+00:00,babaiiiiii,xrinki,0,0,1,Well he was lying,,Fri Feb 21 17:25:26 +0000 2020,,,,https://twitter.com/babaiiiiii/status/1230906385145253888,1230906385145253888,1020809075867742209
2020-02-21 17:15:00+00:00,babaiiiiii,xvivor,0,0,0,A stka thon qe u got a nice ass a?,,Fri Feb 21 17:15:00 +0000 2020,,,,https://twitter.com/babaiiiiii/status/1230903762753138688,1230903762753138688,1020809075867742209
2020-02-21 15:26:49+00:00,babaiiiiii,broncothegoat,0,0,1,"Kaq kam un deri tani, ishalla nuk mshtohen",,Fri Feb 21 15:26:49 +0000 2020,,,,https://twitter.com/babaiiiiii/status/1230876535206313985,1230876535206313985,1020809075867742209
2020-02-21 14:37:16+00:00,babaiiiiii,,3,17,208,Sa her shof playlisten time me duket sikur kam 2 personalitete,,Fri Feb 21 14:37:16 +0000 2020,,,,https://twitter.com/babaiiiiii/status/1230864064773001217,1230864064773001217,1020809075867742209
2020-02-21 11:40:38+00:00,babaiiiiii,,4,57,342,Mesazh per tgjith homofobet dhe homoseksualet,,Fri Feb 21 11:40:38 +0000 2020,,,,https://twitter.com/babaiiiiii/status/1230819616248733697,1230819616248733697,1020809075867742209
2020-02-21 01:40:49+00:00,babaiiiiii,,0,0,19,Tell your girl her horoscope said come to a real nigga,,Fri Feb 21 01:40:49 +0000 2020,,,,https://twitter.com/babaiiiiii/status/1230668665391124481,1230668665391124481,1020809075867742209
2020-02-20 13:44:29+00:00,babaiiiiii,,0,0,0,Disa perfitojn nga lekt,,Thu Feb 20 13:44:29 +0000 2020,,,,https://twitter.com/babaiiiiii/status/1230488393521549312,1230488393521549312,1020809075867742209
2020-02-20 13:39:40+00:00,babaiiiiii,,2,2,38,Perfitoni nga mundesit e jetes si vajzat nga dashuria e djemve,,Thu Feb 20 13:39:40 +0000 2020,,,,https://twitter.com/babaiiiiii/status/1230487184353918978,1230487184353918978,1020809075867742209
2020-02-19 20:32:05+00:00,babaiiiiii,vajzaeshiut,0,0,0, ,,Wed Feb 19 20:32:05 +0000 2020,,,,https://twitter.com/babaiiiiii/status/1230228581802037249,1230228581802037249,1020809075867742209
2020-02-19 20:12:16+00:00,babaiiiiii,,0,19,84,I don't trust people who don't like Lana del rey,,Wed Feb 19 20:12:16 +0000 2020,,,,https://twitter.com/babaiiiiii/status/1230223598251581448,1230223598251581448,1020809075867742209
2020-02-19 18:47:05+00:00,babaiiiiii,,1,3,48,Dhee kush karin jeni ju qe e vlersoni nese nje tweet esht varikarin apo jo kur njerzit postojn ca tju doj bytha,,Wed Feb 19 18:47:05 +0000 2020,,,,https://twitter.com/babaiiiiii/status/1230202157510643712,1230202157510643712,1020809075867742209
2020-02-19 13:20:34+00:00,babaiiiiii,ninateresa22,0,0,2,Tjeret sjan burra fare,,Wed Feb 19 13:20:34 +0000 2020,,,,https://twitter.com/babaiiiiii/status/1230119989463670785,1230119989463670785,1020809075867742209
2020-02-19 13:19:36+00:00,babaiiiiii,anijekozmike,0,0,2,"Bukur, nje arsye me shum",,Wed Feb 19 13:19:36 +0000 2020,,,,https://twitter.com/babaiiiiii/status/1230119743601946624,1230119743601946624,1020809075867742209
2020-02-18 19:27:14+00:00,babaiiiiii,yllkee21,0,0,1,"Nji kosovar do thoshte ""tpaska djeg koke kall"" po un sjam kosovar",,Tue Feb 18 19:27:14 +0000 2020,,,,https://twitter.com/babaiiiiii/status/1229849877628309505,1229849877628309505,1020809075867742209
2020-02-18 19:15:59+00:00,babaiiiiii,ninateresa22,1,0,1,Sa trishtueshem ngjau kjo fjalia e funit,,Tue Feb 18 19:15:59 +0000 2020,,,,https://twitter.com/babaiiiiii/status/1229847044338089986,1229847044338089986,1020809075867742209
2020-02-18 19:13:13+00:00,babaiiiiii,thedeepone_,0,0,0,Sadiku mas veshit,,Tue Feb 18 19:13:13 +0000 2020,,,,https://twitter.com/babaiiiiii/status/1229846349602074627,1229846349602074627,1020809075867742209
2020-02-18 19:12:20+00:00,babaiiiiii,angelfromthesix,0,0,4,Shum flm po skam ngel akoma thjesht po i paraprija,,Tue Feb 18 19:12:20 +0000 2020,,,,https://twitter.com/babaiiiiii/status/1229846126829932548,1229846126829932548,1020809075867742209
2020-02-18 18:28:29+00:00,babaiiiiii,ninateresa22,1,0,1,Pse i thuhet tshpis?,,Tue Feb 18 18:28:29 +0000 2020,,,,https://twitter.com/babaiiiiii/status/1229835089242214401,1229835089242214401,1020809075867742209
2020-02-18 18:13:43+00:00,babaiiiiii,,9,1,50,Ca bot kur ngelet per her tpar ne universitet?,,Tue Feb 18 18:13:43 +0000 2020,,,,https://twitter.com/babaiiiiii/status/1229831374267461632,1229831374267461632,1020809075867742209
2020-02-18 17:51:36+00:00,babaiiiiii,ihateithere01,0,0,1,"Fiks, mund te kesh fjet me 100 cuna sdo me thon gjo, rendsi ka ti heqesh corapet kur fle edhe me bismilah oop",,Tue Feb 18 17:51:36 +0000 2020,,,,https://twitter.com/babaiiiiii/status/1229825808279232512,1229825808279232512,1020809075867742209
2020-02-18 10:17:36+00:00,babaiiiiii,blondiedalma,0,0,0,Im open for both,,Tue Feb 18 10:17:36 +0000 2020,,,,https://twitter.com/babaiiiiii/status/1229711555190820864,1229711555190820864,1020809075867742209
2020-02-17 22:47:48+00:00,babaiiiiii,1002_2041,1,0,0, ,,Mon Feb 17 22:47:48 +0000 2020,,,,https://twitter.com/babaiiiiii/status/1229537961026506752,1229537961026506752,1020809075867742209
2020-02-17 20:11:56+00:00,babaiiiiii,xrinki,0,0,0,Thats why i love u,,Mon Feb 17 20:11:56 +0000 2020,,,,https://twitter.com/babaiiiiii/status/1229498737921331201,1229498737921331201,1020809075867742209
2020-02-17 19:57:35+00:00,babaiiiiii,baz_vitdrita,0,0,3,"Ose beji pak like komentit tim te ky give away, po ska rendsi, rendsi ka qe shkrujti e para ",,Mon Feb 17 19:57:35 +0000 2020,,,,https://twitter.com/babaiiiiii/status/1229495127611236352,1229495127611236352,1020809075867742209
2020-02-17 16:47:20+00:00,babaiiiiii,okdummb,0,0,0,Leta try the middle one,,Mon Feb 17 16:47:20 +0000 2020,,,,https://twitter.com/babaiiiiii/status/1229447248708329472,1229447248708329472,1020809075867742209
2020-02-17 16:46:49+00:00,babaiiiiii,ninateresa22,1,0,1,Vonoi shum.,,Mon Feb 17 16:46:49 +0000 2020,,,,https://twitter.com/babaiiiiii/status/1229447117569130497,1229447117569130497,1020809075867742209
2020-02-17 15:32:44+00:00,babaiiiiii,,1,3,39,"Pra, kur do bohet me mir?",,Mon Feb 17 15:32:44 +0000 2020,,,,https://twitter.com/babaiiiiii/status/1229428472344432640,1229428472344432640,1020809075867742209
2020-02-17 15:21:12+00:00,babaiiiiii,okdummb,1,0,0,Which one?,,Mon Feb 17 15:21:12 +0000 2020,,,,https://twitter.com/babaiiiiii/status/1229425573329559553,1229425573329559553,1020809075867742209
2020-02-17 15:20:57+00:00,babaiiiiii,mrcaydy,0,0,2,Ske ce do se tmarrin frymen,,Mon Feb 17 15:20:57 +0000 2020,,,,https://twitter.com/babaiiiiii/status/1229425509727162369,1229425509727162369,1020809075867742209
2020-02-17 15:20:17+00:00,babaiiiiii,gurujadatcom,0,0,0,Edhe un,,Mon Feb 17 15:20:17 +0000 2020,,,,https://twitter.com/babaiiiiii/status/1229425338654044160,1229425338654044160,1020809075867742209
2020-02-17 12:55:55+00:00,babaiiiiii,,6,43,327,"Okay, sex is good por a keni te provuar ndjesin kur shtergoheni fort nga personi tjeter gjat nje perqafimi?",,Mon Feb 17 12:55:55 +0000 2020,,,,https://twitter.com/babaiiiiii/status/1229389007647379456,1229389007647379456,1020809075867742209
2020-02-17 11:53:17+00:00,babaiiiiii,,1,2,31,"Po kto budallejnt qe te duan dhe kujdesen pa kushte edhe pse smarrin asgje mbrapsht, un jam ""budallejnt""",,Mon Feb 17 11:53:17 +0000 2020,,,,https://twitter.com/babaiiiiii/status/1229373246899970048,1229373246899970048,1020809075867742209
2020-02-17 01:06:13+00:00,babaiiiiii,ninateresa22,1,0,0,Turn i dyt neser?,,Mon Feb 17 01:06:13 +0000 2020,,,,https://twitter.com/babaiiiiii/status/1229210405916069888,1229210405916069888,1020809075867742209
2020-02-17 00:28:00+00:00,babaiiiiii,thedeepone_,1,0,0,Kur meno qe do i kesh nklas per tre vite tjera,,Mon Feb 17 00:28:00 +0000 2020,,,,https://twitter.com/babaiiiiii/status/1229200791912755200,1229200791912755200,1020809075867742209
2020-02-17 00:26:22+00:00,babaiiiiii,zemrablu,0,0,1,Ur the queen,,Mon Feb 17 00:26:22 +0000 2020,,,,https://twitter.com/babaiiiiii/status/1229200379658805253,1229200379658805253,1020809075867742209
2020-02-16 23:39:29+00:00,babaiiiiii,pablolekskobar,1,0,0,Oooo do mi japesh ti?,,Sun Feb 16 23:39:29 +0000 2020,,,,https://twitter.com/babaiiiiii/status/1229188582641979397,1229188582641979397,1020809075867742209
2020-02-16 19:16:21+00:00,babaiiiiii,,1,1,24,How the fuck do i unmet people,,Sun Feb 16 19:16:21 +0000 2020,,,,https://twitter.com/babaiiiiii/status/1229122360193757190,1229122360193757190,1020809075867742209
2020-02-16 13:45:19+00:00,babaiiiiii,iissaddd,0,0,0,Vk do tshofin njerzit shtremt pstj,,Sun Feb 16 13:45:19 +0000 2020,,,,https://twitter.com/babaiiiiii/status/1229039055163346944,1229039055163346944,1020809075867742209
2020-02-16 10:55:11+00:00,babaiiiiii,kacubja,0,0,1,Nc ti jo,,Sun Feb 16 10:55:11 +0000 2020,,,,https://twitter.com/babaiiiiii/status/1228996236549726209,1228996236549726209,1020809075867742209
2020-02-15 21:02:21+00:00,babaiiiiii,,1,4,44,I hate the way i remember u,,Sat Feb 15 21:02:21 +0000 2020,,,,https://twitter.com/babaiiiiii/status/1228786648651116544,1228786648651116544,1020809075867742209
2020-02-15 16:55:39+00:00,babaiiiiii,angelface0101,0,0,0,Well u should,,Sat Feb 15 16:55:39 +0000 2020,,,,https://twitter.com/babaiiiiii/status/1228724566001946625,1228724566001946625,1020809075867742209
2020-02-15 16:30:09+00:00,babaiiiiii,,6,0,71,E keni ven re se shumica e ktyre gocave qe i lyjn floket komplet te zeza jan karakurva?,,Sat Feb 15 16:30:09 +0000 2020,,,,https://twitter.com/babaiiiiii/status/1228718146376343552,1228718146376343552,1020809075867742209
2020-02-14 22:41:13+00:00,babaiiiiii,,1,6,63,"I think i still care, do u still care?",,Fri Feb 14 22:41:13 +0000 2020,,,,https://twitter.com/babaiiiiii/status/1228449141036134401,1228449141036134401,1020809075867742209
2020-02-14 16:58:49+00:00,babaiiiiii,,0,0,29,"""Nji prezevativ dhe nji lule te lutem""",,Fri Feb 14 16:58:49 +0000 2020,,,,https://twitter.com/babaiiiiii/status/1228362972105449473,1228362972105449473,1020809075867742209
