date,username,to,replies,retweets,favorites,text,mentions,formatted_date,geo,hashtags,urls,permalink,ID,author_id
2020-02-28 20:12:30+00:00,baldboyblues,,1,5,633,,,Fri Feb 28 20:12:30 +0000 2020,,,,https://twitter.com/baldboyblues/status/1233485145463754754,1233485145463754754,818064305773944832
2020-02-28 03:19:43+00:00,baldboyblues,milkinhisbag,0,2,326,STOPPP,,Fri Feb 28 03:19:43 +0000 2020,,,,https://twitter.com/baldboyblues/status/1233230270268137472,1233230270268137472,818064305773944832
2020-02-28 01:12:29+00:00,baldboyblues,floresdekelly,1,0,1,DOES HE NOT SMELL IT,,Fri Feb 28 01:12:29 +0000 2020,,,,https://twitter.com/baldboyblues/status/1233198249814745088,1233198249814745088,818064305773944832
2020-02-28 01:11:47+00:00,baldboyblues,jermbots,1,0,13,THE SMELL HELP,,Fri Feb 28 01:11:47 +0000 2020,,,,https://twitter.com/baldboyblues/status/1233198075981815808,1233198075981815808,818064305773944832
2020-02-27 22:21:17+00:00,baldboyblues,,1,10,1197,i thought it was funny don’t go bully them,,Thu Feb 27 22:21:17 +0000 2020,,,,https://twitter.com/baldboyblues/status/1233155165860982785,1233155165860982785,818064305773944832
2020-02-27 22:19:19+00:00,baldboyblues,,21,322,12284,thank you for all the love and support on my newest video ,,Thu Feb 27 22:19:19 +0000 2020,,,,https://twitter.com/baldboyblues/status/1233154671952314368,1233154671952314368,818064305773944832
2020-02-27 21:08:16+00:00,baldboyblues,,64,77,3476,NEW VIDEO IS LIVE I HAVE RETURNED https://youtu.be/8gyNSV23CHU,,Thu Feb 27 21:08:16 +0000 2020,,,https://youtu.be/8gyNSV23CHU,https://twitter.com/baldboyblues/status/1233136793991598080,1233136793991598080,818064305773944832
2020-02-27 04:07:56+00:00,baldboyblues,,30,138,4990,having fun editing tomorrow's video,,Thu Feb 27 04:07:56 +0000 2020,,,,https://twitter.com/baldboyblues/status/1232880017421434880,1232880017421434880,818064305773944832
2020-02-27 02:19:02+00:00,baldboyblues,BCB_G,0,0,25,A BRE NOTICE YAAAAASSSSSSS,,Thu Feb 27 02:19:02 +0000 2020,,,,https://twitter.com/baldboyblues/status/1232852611847442433,1232852611847442433,818064305773944832
2020-02-27 02:17:51+00:00,baldboyblues,BCB_G,0,0,25,wow that’s crazy,,Thu Feb 27 02:17:51 +0000 2020,,,,https://twitter.com/baldboyblues/status/1232852315045892097,1232852315045892097,818064305773944832
2020-02-25 19:26:02+00:00,baldboyblues,Rico_nastyy,1,1,239,queeeeen,,Tue Feb 25 19:26:02 +0000 2020,,,,https://twitter.com/baldboyblues/status/1232386286742147072,1232386286742147072,818064305773944832
2020-02-25 02:46:15+00:00,baldboyblues,80SDIZZY,1,2,68,me too oops,,Tue Feb 25 02:46:15 +0000 2020,,,,https://twitter.com/baldboyblues/status/1232134683653050369,1232134683653050369,818064305773944832
2020-02-25 02:45:03+00:00,baldboyblues,icyinnie,1,0,28,not just a tiktok....,,Tue Feb 25 02:45:03 +0000 2020,,,,https://twitter.com/baldboyblues/status/1232134384406261761,1232134384406261761,818064305773944832
2020-02-25 02:44:46+00:00,baldboyblues,,12,5,751,thanks for waiting for so long <3 its a fun one,,Tue Feb 25 02:44:46 +0000 2020,,,,https://twitter.com/baldboyblues/status/1232134313581277184,1232134313581277184,818064305773944832
2020-02-25 02:43:43+00:00,baldboyblues,,87,55,4735,new video on thursday ,,Tue Feb 25 02:43:43 +0000 2020,,,,https://twitter.com/baldboyblues/status/1232134045464576001,1232134045464576001,818064305773944832
2020-02-23 21:10:51+00:00,baldboyblues,emo2thextremo,1,2,12,you’re a psychopath,,Sun Feb 23 21:10:51 +0000 2020,,,,https://twitter.com/baldboyblues/status/1231687891589328896,1231687891589328896,818064305773944832
2020-02-23 20:50:36+00:00,baldboyblues,ianisuglyyy,2,1,312,Well stop.,,Sun Feb 23 20:50:36 +0000 2020,,,,https://twitter.com/baldboyblues/status/1231682793286946816,1231682793286946816,818064305773944832
2020-02-23 20:48:28+00:00,baldboyblues,ianisuglyyy,2,2,482,good morning ian,,Sun Feb 23 20:48:28 +0000 2020,,,,https://twitter.com/baldboyblues/status/1231682258488049664,1231682258488049664,818064305773944832
2020-02-23 18:04:20+00:00,baldboyblues,,3,14,1402,good morning gabbienators ,,Sun Feb 23 18:04:20 +0000 2020,,,,https://twitter.com/baldboyblues/status/1231640953342967808,1231640953342967808,818064305773944832
2020-02-23 06:16:48+00:00,baldboyblues,,50,1018,24694,"Good Evening, “Gabbie Hanna” was a 24 month sociological study conducted by Harvard University. We are now complete with our study. Thank you for your time.",,Sun Feb 23 06:16:48 +0000 2020,,,,https://twitter.com/baldboyblues/status/1231462894493028353,1231462894493028353,818064305773944832
2020-02-23 06:10:28+00:00,baldboyblues,,28,80,4610,my favorite thing to do on twitter as of late is to tweet “gabbie hanna what the hell” and watch people lose their minds in the replies,,Sun Feb 23 06:10:28 +0000 2020,,,,https://twitter.com/baldboyblues/status/1231461302775627777,1231461302775627777,818064305773944832
2020-02-22 22:57:59+00:00,baldboyblues,,46,1020,18613,the man sitting next to me on this flight just pulled out his bible and started reading it do you think it’s because he can smell the gay on me,,Sat Feb 22 22:57:59 +0000 2020,,,,https://twitter.com/baldboyblues/status/1231352465062342661,1231352465062342661,818064305773944832
2020-02-22 22:24:49+00:00,baldboyblues,charli_xcx,1,0,186,Right.,,Sat Feb 22 22:24:49 +0000 2020,,,,https://twitter.com/baldboyblues/status/1231344118888062980,1231344118888062980,818064305773944832
2020-02-22 22:03:40+00:00,baldboyblues,NaileaDevora,0,0,128,SORRY OMG IM BRAINDEAD,,Sat Feb 22 22:03:40 +0000 2020,,,,https://twitter.com/baldboyblues/status/1231338796047851521,1231338796047851521,818064305773944832
2020-02-22 21:34:03+00:00,baldboyblues,haseulavie,1,0,260,never.....,,Sat Feb 22 21:34:03 +0000 2020,,,,https://twitter.com/baldboyblues/status/1231331340248809472,1231331340248809472,818064305773944832
2020-02-22 21:31:59+00:00,baldboyblues,,138,1852,21231,jake paul i’m feeling kind of anxious today what should i do :/,,Sat Feb 22 21:31:59 +0000 2020,,,,https://twitter.com/baldboyblues/status/1231330819911946241,1231330819911946241,818064305773944832
2020-02-21 18:45:22+00:00,baldboyblues,,253,71,7789,should i do it this is the closest i could get to the pink i’ve been thinking about,,Fri Feb 21 18:45:22 +0000 2020,,,,https://twitter.com/baldboyblues/status/1230926504047120384,1230926504047120384,818064305773944832
2020-02-21 05:09:59+00:00,baldboyblues,ihateshinigami,1,0,25,gianni,,Fri Feb 21 05:09:59 +0000 2020,,,,https://twitter.com/baldboyblues/status/1230721305382543361,1230721305382543361,818064305773944832
2020-02-21 02:13:25+00:00,baldboyblues,notbaldanymore,10,1,569,yes,,Fri Feb 21 02:13:25 +0000 2020,,,,https://twitter.com/baldboyblues/status/1230676872108875779,1230676872108875779,818064305773944832
2020-02-20 22:31:48+00:00,baldboyblues,ianisuglyyy,1,1,643,so happy for you ,,Thu Feb 20 22:31:48 +0000 2020,,,,https://twitter.com/baldboyblues/status/1230621100066906112,1230621100066906112,818064305773944832
2020-02-20 18:06:45+00:00,baldboyblues,ianisuglyyy,1,1,542,come on man,,Thu Feb 20 18:06:45 +0000 2020,,,,https://twitter.com/baldboyblues/status/1230554397626662917,1230554397626662917,818064305773944832
2020-02-20 01:16:45+00:00,baldboyblues,Drewphillips__,1,2,288,YAAAAASSSSSSSS,,Thu Feb 20 01:16:45 +0000 2020,,,,https://twitter.com/baldboyblues/status/1230300220531056640,1230300220531056640,818064305773944832
2020-02-19 18:21:39+00:00,baldboyblues,,15,14,1819,i may accidentally buy his full leather outfit i’m embracing this resemblance,,Wed Feb 19 18:21:39 +0000 2020,,,,https://twitter.com/baldboyblues/status/1230195758579748865,1230195758579748865,818064305773944832
2020-02-19 08:57:07+00:00,baldboyblues,emo2thextremo,1,0,18,dm,,Wed Feb 19 08:57:07 +0000 2020,,,,https://twitter.com/baldboyblues/status/1230053690482024448,1230053690482024448,818064305773944832
2020-02-19 08:34:57+00:00,baldboyblues,poIearm,1,0,111,,,Wed Feb 19 08:34:57 +0000 2020,,,,https://twitter.com/baldboyblues/status/1230048109390180353,1230048109390180353,818064305773944832
2020-02-19 08:30:36+00:00,baldboyblues,poIearm,0,0,59,i’m going Through it,,Wed Feb 19 08:30:36 +0000 2020,,,,https://twitter.com/baldboyblues/status/1230047015175847938,1230047015175847938,818064305773944832
2020-02-19 08:29:53+00:00,baldboyblues,,96,703,17632,oh fuck,,Wed Feb 19 08:29:53 +0000 2020,,,,https://twitter.com/baldboyblues/status/1230046835156422656,1230046835156422656,818064305773944832
2020-02-19 07:35:52+00:00,baldboyblues,,0,1,80,i’m a tomie stan.... i can’t help it,,Wed Feb 19 07:35:52 +0000 2020,,,,https://twitter.com/baldboyblues/status/1230033240876077058,1230033240876077058,818064305773944832
2020-02-19 07:33:10+00:00,baldboyblues,,22,238,8662,,,Wed Feb 19 07:33:10 +0000 2020,,,,https://twitter.com/baldboyblues/status/1230032562245885953,1230032562245885953,818064305773944832
2020-02-19 07:22:16+00:00,baldboyblues,poIearm,0,0,5,First ,,Wed Feb 19 07:22:16 +0000 2020,,,,https://twitter.com/baldboyblues/status/1230029819183849473,1230029819183849473,818064305773944832
2020-02-19 07:21:23+00:00,baldboyblues,emo2thextremo,1,1,24,,,Wed Feb 19 07:21:23 +0000 2020,,,,https://twitter.com/baldboyblues/status/1230029597984665600,1230029597984665600,818064305773944832
2020-02-19 07:17:04+00:00,baldboyblues,,11,40,2317,NOOOOOOOOOOOOO,,Wed Feb 19 07:17:04 +0000 2020,,,,https://twitter.com/baldboyblues/status/1230028510661632000,1230028510661632000,818064305773944832
2020-02-19 03:01:28+00:00,baldboyblues,,103,1498,32888,there is something DEEPLY sinister about this app...,,Wed Feb 19 03:01:28 +0000 2020,,,,https://twitter.com/baldboyblues/status/1229964186605752320,1229964186605752320,818064305773944832
2020-02-19 02:18:29+00:00,baldboyblues,emmymhartman,2,3,792,GET HER OUT OF OUR HOME,,Wed Feb 19 02:18:29 +0000 2020,,,,https://twitter.com/baldboyblues/status/1229953371794268161,1229953371794268161,818064305773944832
2020-02-18 02:16:50+00:00,baldboyblues,ianisuglyyy,2,9,681,SIA I LOVE YOU,,Tue Feb 18 02:16:50 +0000 2020,,,,https://twitter.com/baldboyblues/status/1229590567983689728,1229590567983689728,818064305773944832
2020-02-18 01:43:30+00:00,baldboyblues,,240,7574,49089,if you’re anxious just stop ,,Tue Feb 18 01:43:30 +0000 2020,,,,https://twitter.com/baldboyblues/status/1229582179040141312,1229582179040141312,818064305773944832
2020-02-17 23:58:14+00:00,baldboyblues,,31,137,5691,just got shoulder checked by an 8 year old girl and almost lost my balance. i’m pretty sure that i might bruise. i love new york,,Mon Feb 17 23:58:14 +0000 2020,,,,https://twitter.com/baldboyblues/status/1229555688822755333,1229555688822755333,818064305773944832
2020-02-17 03:54:15+00:00,baldboyblues,,52,157,5701,i made it to new york time to go hang out with gay people,,Mon Feb 17 03:54:15 +0000 2020,,,,https://twitter.com/baldboyblues/status/1229252692704419840,1229252692704419840,818064305773944832
2020-02-16 22:47:08+00:00,baldboyblues,larrayxo,9,24,5458,poo poo pee pee,,Sun Feb 16 22:47:08 +0000 2020,,,,https://twitter.com/baldboyblues/status/1229175404428218368,1229175404428218368,818064305773944832
2020-02-16 22:33:10+00:00,baldboyblues,avalonlurks,0,0,13,SERVEEEEE,,Sun Feb 16 22:33:10 +0000 2020,,,,https://twitter.com/baldboyblues/status/1229171892617084931,1229171892617084931,818064305773944832
2020-02-16 22:12:20+00:00,baldboyblues,,10,34,1092,it hurts,,Sun Feb 16 22:12:20 +0000 2020,,,,https://twitter.com/baldboyblues/status/1229166648269168640,1229166648269168640,818064305773944832
2020-02-16 22:06:26+00:00,baldboyblues,,64,991,11739,,,Sun Feb 16 22:06:26 +0000 2020,,,,https://twitter.com/baldboyblues/status/1229165164404117509,1229165164404117509,818064305773944832
2020-02-16 22:02:16+00:00,baldboyblues,Z_akiyah_M,4,1,232,it’s okay... newark really had me fooled,,Sun Feb 16 22:02:16 +0000 2020,,,,https://twitter.com/baldboyblues/status/1229164115362504705,1229164115362504705,818064305773944832
2020-02-16 21:59:38+00:00,baldboyblues,wallowslily,0,0,156,flew into jersey airport drove to nyc,,Sun Feb 16 21:59:38 +0000 2020,,,,https://twitter.com/baldboyblues/status/1229163453304254467,1229163453304254467,818064305773944832
2020-02-16 21:58:49+00:00,baldboyblues,,21,280,7804,thinking about the time i went to new york in high school... we flew in while the sun was rising so i took a super cute quirky picture and captioned it new york sunrise . the first and only comment i received was “ummm that’s new jersey”... it was the worst day of my life,,Sun Feb 16 21:58:49 +0000 2020,,,,https://twitter.com/baldboyblues/status/1229163245640003586,1229163245640003586,818064305773944832
2020-02-16 18:28:48+00:00,baldboyblues,,22,360,4351,.@Harry_Styles do u think about me too,@Harry_Styles,Sun Feb 16 18:28:48 +0000 2020,,,,https://twitter.com/baldboyblues/status/1229110393512923136,1229110393512923136,818064305773944832
2020-02-16 18:16:55+00:00,baldboyblues,vantevol6,1,1,75,come on man,,Sun Feb 16 18:16:55 +0000 2020,,,,https://twitter.com/baldboyblues/status/1229107405570527232,1229107405570527232,818064305773944832
2020-02-16 18:05:24+00:00,baldboyblues,,176,15370,61045,thinking about harry styles......... again.........,,Sun Feb 16 18:05:24 +0000 2020,,,,https://twitter.com/baldboyblues/status/1229104504756264960,1229104504756264960,818064305773944832
2020-02-16 17:58:54+00:00,baldboyblues,,4,3,643,good morning i am still thinking about this image,,Sun Feb 16 17:58:54 +0000 2020,,,,https://twitter.com/baldboyblues/status/1229102868969345024,1229102868969345024,818064305773944832
2020-02-16 17:50:48+00:00,baldboyblues,kaiflrt,3,0,33,we are friends anyway armys and i stand together,,Sun Feb 16 17:50:48 +0000 2020,,,,https://twitter.com/baldboyblues/status/1229100833016406016,1229100833016406016,818064305773944832
2020-02-16 17:45:08+00:00,baldboyblues,,3,35,2313,she’s losing it...,,Sun Feb 16 17:45:08 +0000 2020,,,,https://twitter.com/baldboyblues/status/1229099405929639936,1229099405929639936,818064305773944832
2020-02-16 17:44:48+00:00,baldboyblues,kaiflrt,1,1,101,no way i’m actually scared of them,,Sun Feb 16 17:44:48 +0000 2020,,,,https://twitter.com/baldboyblues/status/1229099323087978496,1229099323087978496,818064305773944832
2020-02-16 17:42:52+00:00,baldboyblues,,6,29,2143,shawn mendes stans please don’t dox me you’ll get grounded if your mom finds out,,Sun Feb 16 17:42:52 +0000 2020,,,,https://twitter.com/baldboyblues/status/1229098835890208768,1229098835890208768,818064305773944832
2020-02-16 17:40:01+00:00,baldboyblues,,15,149,8640,emmy and i have been separated for two hours and she already went out and bought 8 fake plants i don’t think she’s handling this very well,,Sun Feb 16 17:40:01 +0000 2020,,,,https://twitter.com/baldboyblues/status/1229098116248297472,1229098116248297472,818064305773944832
2020-02-16 07:56:57+00:00,baldboyblues,,92,1178,30436,remember when i said that shawn mendes doesn't have the best style and i had 14 year olds threatening to kill me for days??? what are you gonna do from 3rd period girl... write your name at the top of your test???,,Sun Feb 16 07:56:57 +0000 2020,,,,https://twitter.com/baldboyblues/status/1228951383828619264,1228951383828619264,818064305773944832
2020-02-16 07:16:31+00:00,baldboyblues,,53,1810,11185,,,Sun Feb 16 07:16:31 +0000 2020,,,,https://twitter.com/baldboyblues/status/1228941207658622976,1228941207658622976,818064305773944832
2020-02-16 04:42:05+00:00,baldboyblues,dylanbrady,1,1,38,hell yeah,,Sun Feb 16 04:42:05 +0000 2020,,,,https://twitter.com/baldboyblues/status/1228902342965133312,1228902342965133312,818064305773944832
2020-02-16 01:01:25+00:00,baldboyblues,SPOOKYSMLLTALK,1,1,40,happy birthday nerd ,,Sun Feb 16 01:01:25 +0000 2020,,,,https://twitter.com/baldboyblues/status/1228846810485014529,1228846810485014529,818064305773944832
2020-02-15 23:11:23+00:00,baldboyblues,jermbots,1,0,40,IM JUST TRYING TO BE MYSELF A LIL MORE ON THIS ACCOUNT so i’m moving things don’t yell ,,Sat Feb 15 23:11:23 +0000 2020,,,,https://twitter.com/baldboyblues/status/1228819120570785794,1228819120570785794,818064305773944832
2020-02-15 22:27:08+00:00,baldboyblues,,2,3,11,no i’m spiritually enlightened,,Sat Feb 15 22:27:08 +0000 2020,,,,https://twitter.com/baldboyblues/status/1228807985314447360,1228807985314447360,818064305773944832
2020-02-15 22:10:19+00:00,baldboyblues,rubberdairy,0,0,158,i audibly laughed,,Sat Feb 15 22:10:19 +0000 2020,,,,https://twitter.com/baldboyblues/status/1228803752783577088,1228803752783577088,818064305773944832
2020-02-15 20:51:45+00:00,baldboyblues,,2,4,1350,she came into my room this morning and reminded me not to tell her,,Sat Feb 15 20:51:45 +0000 2020,,,,https://twitter.com/baldboyblues/status/1228783981065207808,1228783981065207808,818064305773944832
2020-02-15 18:09:31+00:00,baldboyblues,,69,1118,13266,thinking about this today,,Sat Feb 15 18:09:31 +0000 2020,,,,https://twitter.com/baldboyblues/status/1228743154125291520,1228743154125291520,818064305773944832
2020-02-15 08:42:39+00:00,baldboyblues,abbyrartistry,0,1,67, ,,Sat Feb 15 08:42:39 +0000 2020,,,,https://twitter.com/baldboyblues/status/1228600496283250689,1228600496283250689,818064305773944832
2020-02-15 07:36:44+00:00,baldboyblues,,20,180,8610,i’m going to new york next week and emmy just came into my room with tears in her eyes and said “if you meet taylor swift in new york please don’t tell me”,,Sat Feb 15 07:36:44 +0000 2020,,,,https://twitter.com/baldboyblues/status/1228583910184849410,1228583910184849410,818064305773944832
2020-02-15 07:12:50+00:00,baldboyblues,renjunwhy,1,1,31,STOPPP,,Sat Feb 15 07:12:50 +0000 2020,,,,https://twitter.com/baldboyblues/status/1228577893074325504,1228577893074325504,818064305773944832
2020-02-15 07:07:52+00:00,baldboyblues,sabryeeyeena,1,2,35,not shawn... not shawn...,,Sat Feb 15 07:07:52 +0000 2020,,,,https://twitter.com/baldboyblues/status/1228576643737772033,1228576643737772033,818064305773944832
2020-02-15 07:07:23+00:00,baldboyblues,,17,185,4485,i thought my valentine’s day went well until i really thought about the fact that i’m listening to nightcore remixes of paramore’s entire discography in my dark room while eating my roommate’s cheeto puffs,,Sat Feb 15 07:07:23 +0000 2020,,,,https://twitter.com/baldboyblues/status/1228576524279808000,1228576524279808000,818064305773944832
2020-02-15 00:00:39+00:00,baldboyblues,patheticbratx,1,2,233,yes ,,Sat Feb 15 00:00:39 +0000 2020,,,,https://twitter.com/baldboyblues/status/1228469132238061569,1228469132238061569,818064305773944832
2020-02-14 23:58:28+00:00,baldboyblues,,134,886,15453,lover boy ,,Fri Feb 14 23:58:28 +0000 2020,,,,https://twitter.com/baldboyblues/status/1228468581551099904,1228468581551099904,818064305773944832
2020-02-14 18:08:17+00:00,baldboyblues,,195,3623,27863,If you’re sad that you’re single today just stop being single,,Fri Feb 14 18:08:17 +0000 2020,,,,https://twitter.com/baldboyblues/status/1228380455482736640,1228380455482736640,818064305773944832
2020-02-12 02:50:48+00:00,baldboyblues,larrayxo,4,82,2636,So?,,Wed Feb 12 02:50:48 +0000 2020,,,,https://twitter.com/baldboyblues/status/1227424787019878401,1227424787019878401,818064305773944832
2020-02-11 22:24:03+00:00,baldboyblues,jermbots,3,1,17,i was bored but i already deleted it because i hate it,,Tue Feb 11 22:24:03 +0000 2020,,,,https://twitter.com/baldboyblues/status/1227357657008201728,1227357657008201728,818064305773944832
2020-02-11 19:10:05+00:00,baldboyblues,,100,7907,31444,EDWARD CULLEN PLEASE BITE ME I AM SO BORED,,Tue Feb 11 19:10:05 +0000 2020,,,,https://twitter.com/baldboyblues/status/1227308843962597377,1227308843962597377,818064305773944832
2020-02-11 17:42:45+00:00,baldboyblues,vantevol6,2,1,53,kiss kiss,,Tue Feb 11 17:42:45 +0000 2020,,,,https://twitter.com/baldboyblues/status/1227286865792786432,1227286865792786432,818064305773944832
2020-02-11 12:06:07+00:00,baldboyblues,SavageGasp,2,0,58,king! shit!,,Tue Feb 11 12:06:07 +0000 2020,,,,https://twitter.com/baldboyblues/status/1227202149358030848,1227202149358030848,818064305773944832
2020-02-11 11:30:53+00:00,baldboyblues,k____elseyb,1,0,3,gotta send tweet really quick,,Tue Feb 11 11:30:53 +0000 2020,,,,https://twitter.com/baldboyblues/status/1227193281483722752,1227193281483722752,818064305773944832
2020-02-11 09:52:45+00:00,baldboyblues,yasminsuffering,0,1,128,none of our faces are edited,,Tue Feb 11 09:52:45 +0000 2020,,,,https://twitter.com/baldboyblues/status/1227168585937649664,1227168585937649664,818064305773944832
2020-02-11 07:22:21+00:00,baldboyblues,emmymhartman,5,4,532,i’m sweating,,Tue Feb 11 07:22:21 +0000 2020,,,,https://twitter.com/baldboyblues/status/1227130739512115200,1227130739512115200,818064305773944832
2020-02-10 19:53:55+00:00,baldboyblues,ianisuglyyy,0,2,657,you’re just weak,,Mon Feb 10 19:53:55 +0000 2020,,,,https://twitter.com/baldboyblues/status/1226957489498771456,1226957489498771456,818064305773944832
2020-02-10 19:16:52+00:00,baldboyblues,,3,18,2653,this is a subtweet about emmy and ian i’m tired of them bullying me in my own home,,Mon Feb 10 19:16:52 +0000 2020,,,,https://twitter.com/baldboyblues/status/1226948162209767424,1226948162209767424,818064305773944832
2020-02-10 19:12:38+00:00,baldboyblues,,265,39943,219411,genuinely curious as to how people don’t listen to the same 5 songs for months... how can you move on so fast??? whore.,,Mon Feb 10 19:12:38 +0000 2020,,,,https://twitter.com/baldboyblues/status/1226947098551021569,1226947098551021569,818064305773944832
2020-02-09 19:40:35+00:00,baldboyblues,,88,256,9201,hi,,Sun Feb 09 19:40:35 +0000 2020,,,,https://twitter.com/baldboyblues/status/1226591743937675264,1226591743937675264,818064305773944832
2020-02-07 01:19:21+00:00,baldboyblues,ianisuglyyy,7,5,410,jopping ! :),,Fri Feb 07 01:19:21 +0000 2020,,,,https://twitter.com/baldboyblues/status/1225589833197768704,1225589833197768704,818064305773944832
2020-02-05 19:57:20+00:00,baldboyblues,durnerdtweets,0,0,10,YAAAAASSSSSSSS,,Wed Feb 05 19:57:20 +0000 2020,,,,https://twitter.com/baldboyblues/status/1225146407092252672,1225146407092252672,818064305773944832
2020-02-05 19:57:04+00:00,baldboyblues,sarahlugor,0,0,22, ,,Wed Feb 05 19:57:04 +0000 2020,,,,https://twitter.com/baldboyblues/status/1225146342780964864,1225146342780964864,818064305773944832
2020-02-05 19:56:53+00:00,baldboyblues,Br_15900773230,0,0,225,I MISS U FREAK,,Wed Feb 05 19:56:53 +0000 2020,,,,https://twitter.com/baldboyblues/status/1225146293296582656,1225146293296582656,818064305773944832
2020-02-05 05:15:28+00:00,baldboyblues,kyloflan,1,0,1,have u ever heard of plastic surgery,,Wed Feb 05 05:15:28 +0000 2020,,,,https://twitter.com/baldboyblues/status/1224924478594879488,1224924478594879488,818064305773944832
2020-02-05 05:13:33+00:00,baldboyblues,kIaushargeeves,2,3,295,gay agenda strikes again,,Wed Feb 05 05:13:33 +0000 2020,,,,https://twitter.com/baldboyblues/status/1224923998686834689,1224923998686834689,818064305773944832
2020-02-05 05:09:34+00:00,baldboyblues,,162,818,25906,my friend put fake freckles on me and now i think i have to become one of those girls who puts on fake freckles everyday... i am so emotionally attached to them i need them in my life also i dyed my hair black again ,,Wed Feb 05 05:09:34 +0000 2020,,,,https://twitter.com/baldboyblues/status/1224922994931163136,1224922994931163136,818064305773944832
