date,username,to,replies,retweets,favorites,text,mentions,formatted_date,geo,hashtags,urls,permalink,ID,author_id
2020-02-28 23:46:36+00:00,barbyravenclaw,hernameisjuan,1,0,1,You’re always so supportive of my retail adventures ,,Fri Feb 28 23:46:36 +0000 2020,,,,https://twitter.com/barbyravenclaw/status/1233539026365362177,1233539026365362177,1025909819654332417
2020-02-28 23:25:51+00:00,barbyravenclaw,KarisX0,0,0,2,Bawdy and that bathroom tho ,,Fri Feb 28 23:25:51 +0000 2020,,,,https://twitter.com/barbyravenclaw/status/1233533803655680000,1233533803655680000,1025909819654332417
2020-02-28 23:18:29+00:00,barbyravenclaw,,0,1,3,I’ve spoken about growing up in LA with certain hegemonic communities that often mocked my Cuban Spanish but now all these artists are wearing our accents to profit. Hell I remember even watching Mario Kreutzberger aka Don Francisco being BASED OUT OF MIAMI mocking us.,,Fri Feb 28 23:18:29 +0000 2020,,,,https://twitter.com/barbyravenclaw/status/1233531951128010752,1233531951128010752,1025909819654332417
2020-02-28 23:14:24+00:00,barbyravenclaw,botanicaldyke,1,18,41,"And on top of appropriating African American blaccents they have historically mocked Black Latinx’s Spanish, specifically those who are from the Caribbean or surrounding countries such as Eastern MX, Panama, Colombia, etc. so the term “latiaccent” is so erroneous.",,Fri Feb 28 23:14:24 +0000 2020,,,https://twitter.com/botanicaldyke/status/1233368852903448576,https://twitter.com/barbyravenclaw/status/1233530923187986432,1233530923187986432,1025909819654332417
2020-02-28 23:11:00+00:00,barbyravenclaw,ChelseaBigBang,0,2,0,Bang bang!!!,,Fri Feb 28 23:11:00 +0000 2020,,,https://twitter.com/ChelseaBigBang/status/1233518035950096387,https://twitter.com/barbyravenclaw/status/1233530067072028674,1233530067072028674,1025909819654332417
2020-02-28 23:05:29+00:00,barbyravenclaw,,1,0,1,I saw the cutest yellow comforter set and a sheet set and I left it and damn it I might go back tonight or tmrw.,,Fri Feb 28 23:05:29 +0000 2020,,,,https://twitter.com/barbyravenclaw/status/1233528678627336192,1233528678627336192,1025909819654332417
2020-02-28 23:02:43+00:00,barbyravenclaw,TheKimbino,0,0,0,First 3 giving me Mando/Star Wars lewks.,,Fri Feb 28 23:02:43 +0000 2020,,,https://twitter.com/TheKimbino/status/1233388949625683968,https://twitter.com/barbyravenclaw/status/1233527981366239238,1233527981366239238,1025909819654332417
2020-02-28 22:53:00+00:00,barbyravenclaw,getFANDOM,0,0,1,So the show is ending after season 6. Look I adore the ensemble and I think they’re so strong but this really is like Michael/Steve leaving The Office or Eric/Topher leaving That 70s Show. The writing itself is going to be impacted when the ringleader departs.,,Fri Feb 28 22:53:00 +0000 2020,,,https://twitter.com/getFANDOM/status/1233477192941633537,https://twitter.com/barbyravenclaw/status/1233525536447557632,1233525536447557632,1025909819654332417
2020-02-28 22:50:32+00:00,barbyravenclaw,NBCSuperstore,0,0,0,WHAT THE FUCK?!?!?!,,Fri Feb 28 22:50:32 +0000 2020,,,https://twitter.com/NBCSuperstore/status/1233483468635607040,https://twitter.com/barbyravenclaw/status/1233524914654593024,1233524914654593024,1025909819654332417
2020-02-28 22:49:35+00:00,barbyravenclaw,G0ldenEbony,1,0,2,Doja is selling a sweater quoting what this woman said on her IG live a while back,,Fri Feb 28 22:49:35 +0000 2020,,,https://twitter.com/queenminajk1/status/1233502062312337414?s=21,https://twitter.com/barbyravenclaw/status/1233524675898040320,1233524675898040320,1025909819654332417
2020-02-28 22:46:55+00:00,barbyravenclaw,,0,3,6,The law is barely catching up with the digital age and online harassment. Baaaarelyyy even scratching the surface. And a couple of high profile cases does not a just system make.,,Fri Feb 28 22:46:55 +0000 2020,,,,https://twitter.com/barbyravenclaw/status/1233524004830375936,1233524004830375936,1025909819654332417
2020-02-28 22:28:19+00:00,barbyravenclaw,earringdealer,1,1,5,The ancestors heard us this #BHM!!!!,,Fri Feb 28 22:28:19 +0000 2020,,#BHM #BHM,,https://twitter.com/barbyravenclaw/status/1233519324998008834,1233519324998008834,1025909819654332417
2020-02-28 21:50:00+00:00,barbyravenclaw,_superBly,0,0,0,I’m not hot enough to be an IG influencer so I gotta get famous somehow ,,Fri Feb 28 21:50:00 +0000 2020,,,,https://twitter.com/barbyravenclaw/status/1233509681705967619,1233509681705967619,1025909819654332417
2020-02-28 20:28:42+00:00,barbyravenclaw,SIRENASATURN,0,2,3,In the scope of the palette thing Idk how to feel about Jackie in particular. P*trick is a big no no but someone pointed out that if this was Naija and someone diff showed up in a gele a huge deal would be made. But like you said for the most part Carnival has been inclusive.,,Fri Feb 28 20:28:42 +0000 2020,,,,https://twitter.com/barbyravenclaw/status/1233489224126484480,1233489224126484480,1025909819654332417
2020-02-28 19:35:45+00:00,barbyravenclaw,anteuzi,3,2,7,It is so fucking disgusting how blatant they are with their sexism and classism despite the fact that AOC has shown time and time again how intelligent and highly educated she is whether you agree with her policies or not all bc she was a woman who bartended to make ends meet.,,Fri Feb 28 19:35:45 +0000 2020,,,https://twitter.com/anteuzi/status/1233437938576314368,https://twitter.com/barbyravenclaw/status/1233475897451253767,1233475897451253767,1025909819654332417
2020-02-28 19:24:04+00:00,barbyravenclaw,,0,0,0,Trying not to turn up as Cash Race by Tinashe comes on in this boba shop.,,Fri Feb 28 19:24:04 +0000 2020,,,,https://twitter.com/barbyravenclaw/status/1233472959207133184,1233472959207133184,1025909819654332417
2020-02-28 18:16:40+00:00,barbyravenclaw,erinmccafferty_,0,0,0,That’s awesome!!! So glad you’re doing amazingly well ,,Fri Feb 28 18:16:40 +0000 2020,,,,https://twitter.com/barbyravenclaw/status/1233455996082589697,1233455996082589697,1025909819654332417
2020-02-28 17:44:11+00:00,barbyravenclaw,thedonphilo,2,130,3137,Smh at this Black on Black crime,,Fri Feb 28 17:44:11 +0000 2020,,,,https://twitter.com/barbyravenclaw/status/1233447818859204610,1233447818859204610,1025909819654332417
2020-02-28 17:38:44+00:00,barbyravenclaw,swazikills,0,0,2,Nothing love. Nothing at all ,,Fri Feb 28 17:38:44 +0000 2020,,,,https://twitter.com/barbyravenclaw/status/1233446450698186753,1233446450698186753,1025909819654332417
2020-02-28 17:19:44+00:00,barbyravenclaw,dylandesu_,0,1,2,THESE GIRLS ARE ICONIC!!!,,Fri Feb 28 17:19:44 +0000 2020,,,https://twitter.com/dylandesu_/status/1233185716965867522,https://twitter.com/barbyravenclaw/status/1233441668554096641,1233441668554096641,1025909819654332417
2020-02-28 17:16:15+00:00,barbyravenclaw,,1,0,2,I think imma do a solo road trip up to Oakland soon but also being a true crime aficionada I will be location dropping to ppl as I go along. Not for my safety but so if anything does happen to me they have enough to make a podcast about my death or even a Dateline episode!!,,Fri Feb 28 17:16:15 +0000 2020,,,,https://twitter.com/barbyravenclaw/status/1233440792775032833,1233440792775032833,1025909819654332417
2020-02-28 17:13:25+00:00,barbyravenclaw,PISCESCES,0,0,0,Yes girl!!!,,Fri Feb 28 17:13:25 +0000 2020,,,,https://twitter.com/barbyravenclaw/status/1233440076262100992,1233440076262100992,1025909819654332417
2020-02-28 17:03:17+00:00,barbyravenclaw,,1,0,5,Today is the first day of a real weekend for me. For 3 weeks I’ve been working 6 days straight. And now I’m in bed enjoying the morning. Will probably even take myself to the beach because the weather has been lovely in LA ,,Fri Feb 28 17:03:17 +0000 2020,,,,https://twitter.com/barbyravenclaw/status/1233437529480691712,1233437529480691712,1025909819654332417
2020-02-28 17:00:47+00:00,barbyravenclaw,WannasWorld,0,0,0,Lol I peeped too,,Fri Feb 28 17:00:47 +0000 2020,,,,https://twitter.com/barbyravenclaw/status/1233436898640551936,1233436898640551936,1025909819654332417
2020-02-28 17:00:30+00:00,barbyravenclaw,BtSquared2,0,2,3,Let’s gooooo,,Fri Feb 28 17:00:30 +0000 2020,,,https://twitter.com/BtSquared2/status/1233435908583628800,https://twitter.com/barbyravenclaw/status/1233436826162982912,1233436826162982912,1025909819654332417
2020-02-28 16:54:33+00:00,barbyravenclaw,atomicbaum10,0,0,14,You should read more.,,Fri Feb 28 16:54:33 +0000 2020,,,,https://twitter.com/barbyravenclaw/status/1233435329870233601,1233435329870233601,1025909819654332417
2020-02-28 16:53:55+00:00,barbyravenclaw,,0,0,1,Pete Davidson jokes about his dad dying in the Twin Towers so idk why y’all are appalled about his Ari jokes.,,Fri Feb 28 16:53:55 +0000 2020,,,,https://twitter.com/barbyravenclaw/status/1233435172894203904,1233435172894203904,1025909819654332417
2020-02-28 16:49:41+00:00,barbyravenclaw,chunleeleechun,0,0,5,Pete’s a dick but no not true at all. Lorne Michaels did that.,,Fri Feb 28 16:49:41 +0000 2020,,,,https://twitter.com/barbyravenclaw/status/1233434103527067649,1233434103527067649,1025909819654332417
2020-02-28 16:42:30+00:00,barbyravenclaw,vitaminnA_,0,0,0,A freaking Rolex won’t depreciate you petulant child. Stay in school.,,Fri Feb 28 16:42:30 +0000 2020,,,,https://twitter.com/barbyravenclaw/status/1233432297065472000,1233432297065472000,1025909819654332417
2020-02-28 16:34:46+00:00,barbyravenclaw,vitaminnA_,1,0,0,You should read the thread little Miss Black Capitalist.,,Fri Feb 28 16:34:46 +0000 2020,,,,https://twitter.com/barbyravenclaw/status/1233430352309305345,1233430352309305345,1025909819654332417
2020-02-28 16:33:57+00:00,barbyravenclaw,Jazznextdoorr,1,0,1,Lol thank you!!!,,Fri Feb 28 16:33:57 +0000 2020,,,,https://twitter.com/barbyravenclaw/status/1233430144817086464,1233430144817086464,1025909819654332417
2020-02-28 16:22:41+00:00,barbyravenclaw,,3,298,4676,"AGAIN YALL THIS IS NOT ABOUT HIM. IT IS ABOUT ALEXA!!!! I am now muting this but please, allyship isn’t about cookies and pats on the back. It’s about amplifying voices of the people being oppressed.",,Fri Feb 28 16:22:41 +0000 2020,,,,https://twitter.com/barbyravenclaw/status/1233427309593604097,1233427309593604097,1025909819654332417
2020-02-28 07:44:33+00:00,barbyravenclaw,,11,574,9165,I’m uncomfortable with how this became about him and getting a bigger crush on him when the point is putting a spotlight on her and the animals that took her innocent life.,,Fri Feb 28 07:44:33 +0000 2020,,,,https://twitter.com/barbyravenclaw/status/1233296918240874497,1233296918240874497,1025909819654332417
2020-02-28 06:59:58+00:00,barbyravenclaw,_Hate_Holly_,0,0,0,Nooooo omg,,Fri Feb 28 06:59:58 +0000 2020,,,,https://twitter.com/barbyravenclaw/status/1233285699169710081,1233285699169710081,1025909819654332417
2020-02-28 06:46:55+00:00,barbyravenclaw,allyssaruedas,0,1,1,I’ll always advocate for more awareness of environmental racism but I’m from the South Bay and this isn’t a good example because these refineries also exist in Torrance and El Segundo and this refinery was up and running before Carson and Wilmington became communities of color.,,Fri Feb 28 06:46:55 +0000 2020,,,https://twitter.com/allyssaruedas/status/1232745503680385025,https://twitter.com/barbyravenclaw/status/1233282415277162497,1233282415277162497,1025909819654332417
2020-02-28 06:31:22+00:00,barbyravenclaw,,0,0,0,When you really need to pee but someone just blew up the bathroom <<<<<<<,,Fri Feb 28 06:31:22 +0000 2020,,,,https://twitter.com/barbyravenclaw/status/1233278500552839169,1233278500552839169,1025909819654332417
2020-02-28 06:27:29+00:00,barbyravenclaw,IsabelOtt,0,0,1,Yup. BB has historically been pretty outspoken on violence and injustice in Puerto Rico so this is lovely to see.,,Fri Feb 28 06:27:29 +0000 2020,,,,https://twitter.com/barbyravenclaw/status/1233277525221969920,1233277525221969920,1025909819654332417
2020-02-28 06:11:57+00:00,barbyravenclaw,1KarinB,6,8,109,The property one was stupid. The pictures of the practically condemned house were posted online and that place was a money pit. A Rolex would’ve been a much better investment.,,Fri Feb 28 06:11:57 +0000 2020,,,,https://twitter.com/barbyravenclaw/status/1233273615153422338,1233273615153422338,1025909819654332417
2020-02-28 05:12:34+00:00,barbyravenclaw,TheLady_Artemis,0,0,0,Me too ,,Fri Feb 28 05:12:34 +0000 2020,,,,https://twitter.com/barbyravenclaw/status/1233258672018452481,1233258672018452481,1025909819654332417
2020-02-28 04:55:30+00:00,barbyravenclaw,DrEllenLeMosy,0,0,2,"Exactly. My parents and aunts/uncles and grandparents are in their 60s and 80s, respectively. So yeah I’m pretty scared.",,Fri Feb 28 04:55:30 +0000 2020,,,,https://twitter.com/barbyravenclaw/status/1233254377348952064,1233254377348952064,1025909819654332417
2020-02-28 04:39:36+00:00,barbyravenclaw,joanofarcsgf,0,0,1,Try Scarface next time!!!,,Fri Feb 28 04:39:36 +0000 2020,,,,https://twitter.com/barbyravenclaw/status/1233250372367470593,1233250372367470593,1025909819654332417
2020-02-28 04:24:12+00:00,barbyravenclaw,wefitu12,0,1,75,Lol at “if”. THEY DO!!!,,Fri Feb 28 04:24:12 +0000 2020,,,,https://twitter.com/barbyravenclaw/status/1233246499175194624,1233246499175194624,1025909819654332417
2020-02-28 03:54:53+00:00,barbyravenclaw,cicidreaaa,0,2,15,The fuck does this have to do with non-Black Latinxs using the n-word which is a violent slur used against this particular demographic and they’ve now chosen to reclaim? Not to mention Non-Black Latinxs still perpetuate systemic anti-Blackness here and abroad. Educate yourself.,,Fri Feb 28 03:54:53 +0000 2020,,,,https://twitter.com/barbyravenclaw/status/1233239120618541057,1233239120618541057,1025909819654332417
2020-02-28 03:52:34+00:00,barbyravenclaw,MiAmorAlia,0,0,0,I have to switch up colors on my toes just like my fingernails.,,Fri Feb 28 03:52:34 +0000 2020,,,https://twitter.com/MiAmorAlia/status/1233236837335957504,https://twitter.com/barbyravenclaw/status/1233238538046492672,1233238538046492672,1025909819654332417
2020-02-28 03:51:17+00:00,barbyravenclaw,XavierDLeau,0,0,0,Same here boo.,,Fri Feb 28 03:51:17 +0000 2020,,,,https://twitter.com/barbyravenclaw/status/1233238215143780352,1233238215143780352,1025909819654332417
2020-02-28 03:31:33+00:00,barbyravenclaw,,0,2,6,"My Disney stock dropped but I don’t blame the coronavirus, I blame the decisions made about the Lizzie McGuire reboot.",,Fri Feb 28 03:31:33 +0000 2020,,,,https://twitter.com/barbyravenclaw/status/1233233248983011328,1233233248983011328,1025909819654332417
2020-02-28 03:16:43+00:00,barbyravenclaw,MeekMill,1,9,6,ICYMI shit like this is anti Black. Idc idc idc. Y’all let white folks brainwash you into calling Black dances and movements something negative. But then once they capitalize on it y’all are okay with it all over again.,,Fri Feb 28 03:16:43 +0000 2020,,,https://twitter.com/MeekMill/status/1233152955001581569,https://twitter.com/barbyravenclaw/status/1233229515167453184,1233229515167453184,1025909819654332417
2020-02-28 03:14:49+00:00,barbyravenclaw,CreoleMamii504,1,0,34,Don’t be proud of this.,,Fri Feb 28 03:14:49 +0000 2020,,,,https://twitter.com/barbyravenclaw/status/1233229035733311488,1233229035733311488,1025909819654332417
2020-02-28 03:07:53+00:00,barbyravenclaw,badbunnyprnews,217,76153,275552,Bad Bunny is wearing this sweatshirt to bring attention to the murder of a trans woman named Alexa Negron Luciano in Puerto Rico for using a women’s restroom. Alexa had long been ridiculed online in life & apparently her last moments were also recorded as her murderers laughed.,,Fri Feb 28 03:07:53 +0000 2020,,,https://twitter.com/badbunnyprnews/status/1233219227974279169,https://twitter.com/barbyravenclaw/status/1233227292911910912,1233227292911910912,1025909819654332417
2020-02-28 02:48:51+00:00,barbyravenclaw,ninicakesss,0,0,3,They aren’t dying. Sex work is a tale as old as time. Don’t project your emotions and shame onto others.,,Fri Feb 28 02:48:51 +0000 2020,,,,https://twitter.com/barbyravenclaw/status/1233222502433918978,1233222502433918978,1025909819654332417
2020-02-27 15:08:07+00:00,barbyravenclaw,AnnieSands5,2,1,70,She did not get breaks. That woman was always in the tabloids getting talked about for her relationships and marriages in US and international media. And besides the point is women who have multiple baby daddies.,,Thu Feb 27 15:08:07 +0000 2020,,,,https://twitter.com/barbyravenclaw/status/1233046158211076097,1233046158211076097,1025909819654332417
2020-02-27 09:17:44+00:00,barbyravenclaw,,0,0,2,HIS NAME WAS GABRIEL FERNANDEZ NOT HERNANDEZ!!!,,Thu Feb 27 09:17:44 +0000 2020,,,,https://twitter.com/barbyravenclaw/status/1232957982624776193,1232957982624776193,1025909819654332417
2020-02-27 08:43:43+00:00,barbyravenclaw,,1,0,2,Lately I’ve been feeling so dehydrated and I just got a glass of water and actually made that “ahhhh” sound after.,,Thu Feb 27 08:43:43 +0000 2020,,,,https://twitter.com/barbyravenclaw/status/1232949420192190464,1232949420192190464,1025909819654332417
2020-02-27 08:43:12+00:00,barbyravenclaw,_Hate_Holly_,1,0,0,Always. I feel like this has been me the past several nights.,,Thu Feb 27 08:43:12 +0000 2020,,,,https://twitter.com/barbyravenclaw/status/1232949289275379712,1232949289275379712,1025909819654332417
2020-02-27 08:41:42+00:00,barbyravenclaw,naudiad_,0,1,3,A thread for depression,,Thu Feb 27 08:41:42 +0000 2020,,,https://twitter.com/naudiad_/status/1232772567800459265,https://twitter.com/barbyravenclaw/status/1232948912903741440,1232948912903741440,1025909819654332417
2020-02-27 08:41:02+00:00,barbyravenclaw,simonefiasco_,1,0,1,I took a long ass nap earlier,,Thu Feb 27 08:41:02 +0000 2020,,,,https://twitter.com/barbyravenclaw/status/1232948743571292160,1232948743571292160,1025909819654332417
2020-02-27 08:39:43+00:00,barbyravenclaw,ZiloveGi,0,0,3,Oh god just stop.,,Thu Feb 27 08:39:43 +0000 2020,,,,https://twitter.com/barbyravenclaw/status/1232948414431674369,1232948414431674369,1025909819654332417
2020-02-27 08:36:15+00:00,barbyravenclaw,CruzanChoklate,0,0,0,Yay!!!,,Thu Feb 27 08:36:15 +0000 2020,,,,https://twitter.com/barbyravenclaw/status/1232947542461075456,1232947542461075456,1025909819654332417
2020-02-27 08:18:02+00:00,barbyravenclaw,LUSHHFOREVER,1,0,1,Okayyyyy ,,Thu Feb 27 08:18:02 +0000 2020,,,,https://twitter.com/barbyravenclaw/status/1232942955020746753,1232942955020746753,1025909819654332417
2020-02-27 08:14:40+00:00,barbyravenclaw,slim_walker96,0,6,165,Who said it was even up for discussion? Just compliment a woman and go.,,Thu Feb 27 08:14:40 +0000 2020,,,,https://twitter.com/barbyravenclaw/status/1232942108228509697,1232942108228509697,1025909819654332417
2020-02-27 08:13:19+00:00,barbyravenclaw,,1,1,5,Where’s @CruzanChoklate? It’s 12am west coast time but I actually got up and did my night routine. Imma give myself a gold star ,@CruzanChoklate,Thu Feb 27 08:13:19 +0000 2020,,,,https://twitter.com/barbyravenclaw/status/1232941769618161664,1232941769618161664,1025909819654332417
2020-02-27 08:11:42+00:00,barbyravenclaw,Danny_1six4,0,1,0,I agree. And it doesn’t have to be layers either.,,Thu Feb 27 08:11:42 +0000 2020,,,https://twitter.com/Danny_1six4/status/1232786449352794115,https://twitter.com/barbyravenclaw/status/1232941361357131776,1232941361357131776,1025909819654332417
2020-02-27 07:22:00+00:00,barbyravenclaw,ayothatsdee,1,0,3,Lol stop!!!,,Thu Feb 27 07:22:00 +0000 2020,,,,https://twitter.com/barbyravenclaw/status/1232928856501178368,1232928856501178368,1025909819654332417
2020-02-27 07:20:48+00:00,barbyravenclaw,thatgeekderian,0,0,62,I shouldn’t have laughed ,,Thu Feb 27 07:20:48 +0000 2020,,,,https://twitter.com/barbyravenclaw/status/1232928551965360129,1232928551965360129,1025909819654332417
2020-02-27 07:17:55+00:00,barbyravenclaw,ztsamudzi,0,0,0,"Sag sun, Scorpio moon, cap rising ",,Thu Feb 27 07:17:55 +0000 2020,,,,https://twitter.com/barbyravenclaw/status/1232927828888322050,1232927828888322050,1025909819654332417
2020-02-27 06:57:43+00:00,barbyravenclaw,Naezrah,0,0,0,You’re a true artiste!!,,Thu Feb 27 06:57:43 +0000 2020,,,,https://twitter.com/barbyravenclaw/status/1232922742405517313,1232922742405517313,1025909819654332417
2020-02-27 06:55:26+00:00,barbyravenclaw,soignevenus,1,0,1,I have all 3!!,,Thu Feb 27 06:55:26 +0000 2020,,,https://twitter.com/soignevenus/status/1232443711109251072,https://twitter.com/barbyravenclaw/status/1232922168205271040,1232922168205271040,1025909819654332417
2020-02-27 06:45:24+00:00,barbyravenclaw,BuddhaBaby4k,0,0,0,That fucking blaccent is disgusting too. Throw the whole cracker away.,,Thu Feb 27 06:45:24 +0000 2020,,,,https://twitter.com/barbyravenclaw/status/1232919646560387073,1232919646560387073,1025909819654332417
2020-02-27 06:43:50+00:00,barbyravenclaw,MufasaShakur_,0,0,19,,,Thu Feb 27 06:43:50 +0000 2020,,,https://twitter.com/barbyravenclaw/status/1232919149782810624?s=21,https://twitter.com/barbyravenclaw/status/1232919250790039552,1232919250790039552,1025909819654332417
2020-02-27 06:43:26+00:00,barbyravenclaw,MufasaShakur_,1,18,62,"So now. In addition to leg washing, face washing, hand washing, dish washing, and pan washing, I now have to think of this BULLSHIT when I clean my tub.",,Thu Feb 27 06:43:26 +0000 2020,,,https://twitter.com/MufasaShakur_/status/1232319451837665282,https://twitter.com/barbyravenclaw/status/1232919149782810624,1232919149782810624,1025909819654332417
2020-02-27 06:41:23+00:00,barbyravenclaw,,1,0,6,Disney is so fucking stupid with this Lizzie McGuire fiasco. There is so much hype and excitement for this series and they really just had everything come to a screeching halt.,,Thu Feb 27 06:41:23 +0000 2020,,,,https://twitter.com/barbyravenclaw/status/1232918634986475520,1232918634986475520,1025909819654332417
2020-02-27 06:39:48+00:00,barbyravenclaw,colleen_h1,0,0,2,Thank you. Say their names ,,Thu Feb 27 06:39:48 +0000 2020,,,,https://twitter.com/barbyravenclaw/status/1232918233432248320,1232918233432248320,1025909819654332417
2020-02-27 06:15:22+00:00,barbyravenclaw,AnikaNoniRose,0,0,1,This thread is so freaking beautiful. Lord Jesus ,,Thu Feb 27 06:15:22 +0000 2020,,,https://twitter.com/AnikaNoniRose/status/1232514044801630208,https://twitter.com/barbyravenclaw/status/1232912084981047296,1232912084981047296,1025909819654332417
2020-02-27 06:13:37+00:00,barbyravenclaw,danieldaekim,0,0,0,You’re my number 1!!!!,,Thu Feb 27 06:13:37 +0000 2020,,,,https://twitter.com/barbyravenclaw/status/1232911646818832384,1232911646818832384,1025909819654332417
2020-02-27 06:13:06+00:00,barbyravenclaw,AnikaNoniRose,0,0,2,Daniel BAE Kim and our Angel Godfrey Gao may he Rest In Peace.,,Thu Feb 27 06:13:06 +0000 2020,,,,https://twitter.com/barbyravenclaw/status/1232911516963233792,1232911516963233792,1025909819654332417
2020-02-27 06:10:35+00:00,barbyravenclaw,sophygurl,0,0,1,The limo one kills me. What a terrible concept ,,Thu Feb 27 06:10:35 +0000 2020,,,,https://twitter.com/barbyravenclaw/status/1232910883883347969,1232910883883347969,1025909819654332417
2020-02-27 06:10:14+00:00,barbyravenclaw,dustinrsmith13,0,0,1,Footos!!,,Thu Feb 27 06:10:14 +0000 2020,,,,https://twitter.com/barbyravenclaw/status/1232910793697398784,1232910793697398784,1025909819654332417
2020-02-27 06:09:17+00:00,barbyravenclaw,BostonJerry,0,0,0,I was born in 91 and I remember this. I actually went down a mentos commercial rabbit hole a few months ago with my mom. These ads were crazy and iconic ,,Thu Feb 27 06:09:17 +0000 2020,,,https://twitter.com/BostonJerry/status/1232799134438043650,https://twitter.com/barbyravenclaw/status/1232910557625217024,1232910557625217024,1025909819654332417
2020-02-27 05:56:19+00:00,barbyravenclaw,elizabeth_joh,0,0,2,What theeeee fuck,,Thu Feb 27 05:56:19 +0000 2020,,,https://twitter.com/elizabeth_joh/status/1232876312915636225,https://twitter.com/barbyravenclaw/status/1232907294028943360,1232907294028943360,1025909819654332417
2020-02-27 05:45:29+00:00,barbyravenclaw,SomeUglyNigga,0,0,2,I’m so jealous of him but also of Meg’s knees,,Thu Feb 27 05:45:29 +0000 2020,,,,https://twitter.com/barbyravenclaw/status/1232904565550268416,1232904565550268416,1025909819654332417
2020-02-27 05:40:01+00:00,barbyravenclaw,anna_bahr,0,0,0,This post and the replies. All one demo.,,Thu Feb 27 05:40:01 +0000 2020,,,https://twitter.com/anna_bahr/status/1232851922891100160,https://twitter.com/barbyravenclaw/status/1232903189717893120,1232903189717893120,1025909819654332417
2020-02-27 05:24:37+00:00,barbyravenclaw,,0,0,2,Stop posting views from your windows. It is not safe to do that.,,Thu Feb 27 05:24:37 +0000 2020,,,,https://twitter.com/barbyravenclaw/status/1232899313497333760,1232899313497333760,1025909819654332417
2020-02-27 04:40:43+00:00,barbyravenclaw,gra1ciela,1,0,1,Superstar!,,Thu Feb 27 04:40:43 +0000 2020,,,,https://twitter.com/barbyravenclaw/status/1232888268959539200,1232888268959539200,1025909819654332417
2020-02-27 04:39:50+00:00,barbyravenclaw,MahaliaSBM,0,0,1,Sweet pea!!,,Thu Feb 27 04:39:50 +0000 2020,,,https://twitter.com/MahaliaSBM/status/1232879735060844544,https://twitter.com/barbyravenclaw/status/1232888042790117376,1232888042790117376,1025909819654332417
2020-02-27 04:37:11+00:00,barbyravenclaw,CeciATL,0,0,1,This is how my coworker is. We have birthdays on file for our clients and she goes into astrology about all of them.,,Thu Feb 27 04:37:11 +0000 2020,,,https://twitter.com/CeciATL/status/1232886340657778690,https://twitter.com/barbyravenclaw/status/1232887377770631168,1232887377770631168,1025909819654332417
2020-02-27 04:36:26+00:00,barbyravenclaw,,0,0,0,Sometimes I have flashbacks to how my mom used to make me iron my jeans for school. My jeans were pleated y’all.,,Thu Feb 27 04:36:26 +0000 2020,,,,https://twitter.com/barbyravenclaw/status/1232887189010206722,1232887189010206722,1025909819654332417
2020-02-27 01:29:23+00:00,barbyravenclaw,Stevies_Wonder,0,0,0,It WAS the Vegas residency before something switched in her.,,Thu Feb 27 01:29:23 +0000 2020,,,https://twitter.com/Stevies_Wonder/status/1232827870063538176,https://twitter.com/barbyravenclaw/status/1232840117804339200,1232840117804339200,1025909819654332417
2020-02-27 01:28:55+00:00,barbyravenclaw,Stevies_Wonder,0,0,1,Receipts. I mean she said that to Diane Sawyer. That was so mainstream and that interview was long awaited and seen by millions of people.,,Thu Feb 27 01:28:55 +0000 2020,,,https://twitter.com/Stevies_Wonder/status/1232827769899409412,https://twitter.com/barbyravenclaw/status/1232839999667630080,1232839999667630080,1025909819654332417
2020-02-27 01:28:08+00:00,barbyravenclaw,Stevies_Wonder,0,0,0,I just don’t know if her heart and mind are in it anymore. So I’d be okay if she retired for good.,,Thu Feb 27 01:28:08 +0000 2020,,,https://twitter.com/Stevies_Wonder/status/1232827604278837248,https://twitter.com/barbyravenclaw/status/1232839803546128384,1232839803546128384,1025909819654332417
2020-02-27 01:27:13+00:00,barbyravenclaw,Stevies_Wonder,0,0,1,Britney’s 2007 VMA performance but that was her team’s fault. They’re awful. Also there was the last shows of Piece of Me where she just looked over it all.,,Thu Feb 27 01:27:13 +0000 2020,,,https://twitter.com/Stevies_Wonder/status/1232827417191964675,https://twitter.com/barbyravenclaw/status/1232839569491419136,1232839569491419136,1025909819654332417
2020-02-27 01:25:49+00:00,barbyravenclaw,Stevies_Wonder,0,0,0,Interviews!,,Thu Feb 27 01:25:49 +0000 2020,,,https://twitter.com/Stevies_Wonder/status/1232827276754145282,https://twitter.com/barbyravenclaw/status/1232839219086651392,1232839219086651392,1025909819654332417
2020-02-27 01:25:36+00:00,barbyravenclaw,Stevies_Wonder,0,0,0,Beyonce. It may not be a complete sentence but it just is.,,Thu Feb 27 01:25:36 +0000 2020,,,https://twitter.com/Stevies_Wonder/status/1232827153965776897,https://twitter.com/barbyravenclaw/status/1232839163034005504,1232839163034005504,1025909819654332417
2020-02-27 01:25:02+00:00,barbyravenclaw,Stevies_Wonder,0,0,0,A lot of us have done it already but shit ain’t right with Brit.,,Thu Feb 27 01:25:02 +0000 2020,,,https://twitter.com/Stevies_Wonder/status/1232827078330003459,https://twitter.com/barbyravenclaw/status/1232839020511518720,1232839020511518720,1025909819654332417
2020-02-27 01:24:14+00:00,barbyravenclaw,Stevies_Wonder,0,0,0,Tinashe “Songs for you”,,Thu Feb 27 01:24:14 +0000 2020,,,https://twitter.com/Stevies_Wonder/status/1232826944577777666,https://twitter.com/barbyravenclaw/status/1232838822271995905,1232838822271995905,1025909819654332417
2020-02-27 01:23:18+00:00,barbyravenclaw,Wissky40,0,0,15,It’s not about her finding anyone. She’s not seeking these harassers out. Men will just straight up behave disgustingly and in an entitled manner.,,Thu Feb 27 01:23:18 +0000 2020,,,,https://twitter.com/barbyravenclaw/status/1232838585465753601,1232838585465753601,1025909819654332417
2020-02-27 01:22:02+00:00,barbyravenclaw,thegreatdarlid,0,0,2,It is boo. You’ll find that most of the so-called low class and uneducated accents to Latinxs are Caribbean ones and from predominantly Black countries.,,Thu Feb 27 01:22:02 +0000 2020,,,https://twitter.com/thegreatdarlid/status/1232710914928828416,https://twitter.com/barbyravenclaw/status/1232838267831144448,1232838267831144448,1025909819654332417
2020-02-27 01:18:13+00:00,barbyravenclaw,,0,0,0,This square toed heel trend... ,,Thu Feb 27 01:18:13 +0000 2020,,,,https://twitter.com/barbyravenclaw/status/1232837306882523136,1232837306882523136,1025909819654332417
2020-02-27 00:54:51+00:00,barbyravenclaw,TheKitchenista,0,0,1,So glad he’s home. Love and light to you and your family.,,Thu Feb 27 00:54:51 +0000 2020,,,,https://twitter.com/barbyravenclaw/status/1232831427533660160,1232831427533660160,1025909819654332417
2020-02-27 00:21:22+00:00,barbyravenclaw,spiritbomb,0,0,0,This is me for sure omg. And y’all know because I’ve chronicled my struggles on here ,,Thu Feb 27 00:21:22 +0000 2020,,,https://twitter.com/spiritbomb/status/1231752586182774785,https://twitter.com/barbyravenclaw/status/1232822998572253184,1232822998572253184,1025909819654332417
2020-02-26 19:37:48+00:00,barbyravenclaw,TheKitchenista,0,0,0,Yes!!! Thank goodness. Glad he’s as ok as possible right now.,,Wed Feb 26 19:37:48 +0000 2020,,,,https://twitter.com/barbyravenclaw/status/1232751636876943360,1232751636876943360,1025909819654332417
