date,username,to,replies,retweets,favorites,text,mentions,formatted_date,geo,hashtags,urls,permalink,ID,author_id
2020-02-28 23:56:59+00:00,belatweets2u,,0,0,1,snapchat is my favorite medium,,Fri Feb 28 23:56:59 +0000 2020,,,,https://twitter.com/belatweets2u/status/1233541638875734017,1233541638875734017,2239880240
2020-02-28 23:21:02+00:00,belatweets2u,Grimezsz,0,1,26,she got the bloomberg meme makers,,Fri Feb 28 23:21:02 +0000 2020,,,https://twitter.com/Grimezsz/status/1233507355175870472,https://twitter.com/belatweets2u/status/1233532591506153472,1233532591506153472,2239880240
2020-02-28 22:25:45+00:00,belatweets2u,,1,2,25,it’s fucked up how babies don’t know anything,,Fri Feb 28 22:25:45 +0000 2020,,,,https://twitter.com/belatweets2u/status/1233518679700230146,1233518679700230146,2239880240
2020-02-28 21:54:54+00:00,belatweets2u,,0,0,4,who said gaga was copying herself on stupid love coz they’re right,,Fri Feb 28 21:54:54 +0000 2020,,,,https://twitter.com/belatweets2u/status/1233510914751705090,1233510914751705090,2239880240
2020-02-28 21:21:56+00:00,belatweets2u,,0,0,2,i wanna see a yungster jack david shawty genius vid,,Fri Feb 28 21:21:56 +0000 2020,,,,https://twitter.com/belatweets2u/status/1233502619802402816,1233502619802402816,2239880240
2020-02-28 21:09:24+00:00,belatweets2u,,0,0,2,think i’m ready to sell goods on depop again,,Fri Feb 28 21:09:24 +0000 2020,,,,https://twitter.com/belatweets2u/status/1233499463639060485,1233499463639060485,2239880240
2020-02-28 20:53:00+00:00,belatweets2u,haIoface,0,0,1,she throwin that neck like a hula hoop ,,Fri Feb 28 20:53:00 +0000 2020,,,,https://twitter.com/belatweets2u/status/1233495338536853504,1233495338536853504,2239880240
2020-02-28 20:46:57+00:00,belatweets2u,,1,2,27,,,Fri Feb 28 20:46:57 +0000 2020,,,,https://twitter.com/belatweets2u/status/1233493814876266501,1233493814876266501,2239880240
2020-02-28 19:21:37+00:00,belatweets2u,twothickscoops,0,0,1,very cool. thanks!,,Fri Feb 28 19:21:37 +0000 2020,,,,https://twitter.com/belatweets2u/status/1233472339343499265,1233472339343499265,2239880240
2020-02-28 19:20:47+00:00,belatweets2u,100gecs,0,0,9,lets gooo i’m goin to tha first show :)),,Fri Feb 28 19:20:47 +0000 2020,,,https://twitter.com/100gecs/status/1233455258459951104,https://twitter.com/belatweets2u/status/1233472130748162050,1233472130748162050,2239880240
2020-02-28 19:19:20+00:00,belatweets2u,twothickscoops,1,0,1,r those windows on tha pants or patches,,Fri Feb 28 19:19:20 +0000 2020,,,,https://twitter.com/belatweets2u/status/1233471767903117312,1233471767903117312,2239880240
2020-02-28 18:31:43+00:00,belatweets2u,,0,0,10,florence pugh is the greatest actress of all time.,,Fri Feb 28 18:31:43 +0000 2020,,,,https://twitter.com/belatweets2u/status/1233459782591315968,1233459782591315968,2239880240
2020-02-28 16:08:15+00:00,belatweets2u,,0,0,7,,,Fri Feb 28 16:08:15 +0000 2020,,,,https://twitter.com/belatweets2u/status/1233423678190292992,1233423678190292992,2239880240
2020-02-28 15:34:38+00:00,belatweets2u,,0,0,1,,,Fri Feb 28 15:34:38 +0000 2020,,,https://open.spotify.com/track/7bfocP7GYoLOutUYpTI8tx?si=LmwMo85SRlub2kV-JZfqkA,https://twitter.com/belatweets2u/status/1233415218610556928,1233415218610556928,2239880240
2020-02-28 14:52:02+00:00,belatweets2u,conoroburst,1,0,1,he’s skinny again barbz won,,Fri Feb 28 14:52:02 +0000 2020,,,,https://twitter.com/belatweets2u/status/1233404496555974656,1233404496555974656,2239880240
2020-02-28 02:46:24+00:00,belatweets2u,d0ngdrap3r,1,0,1,ringtone remix,,Fri Feb 28 02:46:24 +0000 2020,,,,https://twitter.com/belatweets2u/status/1233221885795688449,1233221885795688449,2239880240
2020-02-28 02:14:05+00:00,belatweets2u,,0,3,7,thos moser? i barely know her!,,Fri Feb 28 02:14:05 +0000 2020,,,,https://twitter.com/belatweets2u/status/1233213755514851328,1233213755514851328,2239880240
2020-02-28 02:13:46+00:00,belatweets2u,,0,0,2,*thot hoe-ser,,Fri Feb 28 02:13:46 +0000 2020,,,,https://twitter.com/belatweets2u/status/1233213673725886464,1233213673725886464,2239880240
2020-02-28 02:06:15+00:00,belatweets2u,,1,0,5,thots moser,,Fri Feb 28 02:06:15 +0000 2020,,,,https://twitter.com/belatweets2u/status/1233211782895939585,1233211782895939585,2239880240
2020-02-27 18:41:18+00:00,belatweets2u,,2,2,26,that’s crazy,,Thu Feb 27 18:41:18 +0000 2020,,,,https://twitter.com/belatweets2u/status/1233099804932268034,1233099804932268034,2239880240
2020-02-27 07:10:08+00:00,belatweets2u,,1,3,19,lana del rey would have never existed if it wasn’t for glamorous by fergie,,Thu Feb 27 07:10:08 +0000 2020,,,,https://twitter.com/belatweets2u/status/1232925871155093504,1232925871155093504,2239880240
2020-02-27 06:11:43+00:00,belatweets2u,,0,2,29,nev schulman and doja cat can i have some ,,Thu Feb 27 06:11:43 +0000 2020,,,,https://twitter.com/belatweets2u/status/1232911166629961728,1232911166629961728,2239880240
2020-02-27 03:57:10+00:00,belatweets2u,matrixreloaded_,0,0,2,im like 12 years old chill,,Thu Feb 27 03:57:10 +0000 2020,,,,https://twitter.com/belatweets2u/status/1232877307825655809,1232877307825655809,2239880240
2020-02-27 03:55:33+00:00,belatweets2u,washingtonpost,0,0,2,swag,,Thu Feb 27 03:55:33 +0000 2020,,,https://twitter.com/washingtonpost/status/1232845624892100609,https://twitter.com/belatweets2u/status/1232876901510918148,1232876901510918148,2239880240
2020-02-27 03:54:53+00:00,belatweets2u,bhadienews,1,0,5,kiss. KISS,,Thu Feb 27 03:54:53 +0000 2020,,,https://twitter.com/bhadienews/status/1147543740556500992,https://twitter.com/belatweets2u/status/1232876731142410247,1232876731142410247,2239880240
2020-02-26 22:00:56+00:00,belatweets2u,ULTRASLUT,0,0,1,i miss it,,Wed Feb 26 22:00:56 +0000 2020,,,,https://twitter.com/belatweets2u/status/1232787657069076480,1232787657069076480,2239880240
2020-02-26 21:57:32+00:00,belatweets2u,,1,0,11,but that’s my emotional support racist podcast,,Wed Feb 26 21:57:32 +0000 2020,,,,https://twitter.com/belatweets2u/status/1232786804547477505,1232786804547477505,2239880240
2020-02-26 21:40:07+00:00,belatweets2u,,0,0,1,gonna be thinking abt the dasha fancam for a while,,Wed Feb 26 21:40:07 +0000 2020,,,,https://twitter.com/belatweets2u/status/1232782419893374978,1232782419893374978,2239880240
2020-02-26 21:30:43+00:00,belatweets2u,charli_xcx,0,0,5,stream it.,,Wed Feb 26 21:30:43 +0000 2020,,,https://twitter.com/charli_xcx/status/1232779896751087622,https://twitter.com/belatweets2u/status/1232780053240524801,1232780053240524801,2239880240
2020-02-26 21:16:28+00:00,belatweets2u,haIoface,1,0,4,chamber of reflection by mac demarco,,Wed Feb 26 21:16:28 +0000 2020,,,,https://twitter.com/belatweets2u/status/1232776466871529480,1232776466871529480,2239880240
2020-02-26 18:16:33+00:00,belatweets2u,,0,0,6,doing the renegade dance as a stim,,Wed Feb 26 18:16:33 +0000 2020,,,,https://twitter.com/belatweets2u/status/1232731191650013185,1232731191650013185,2239880240
2020-02-26 06:22:57+00:00,belatweets2u,,0,0,5,.@NintendoAmerica dm me i have some ideas,@NintendoAmerica,Wed Feb 26 06:22:57 +0000 2020,,,,https://twitter.com/belatweets2u/status/1232551608988446720,1232551608988446720,2239880240
2020-02-26 06:19:04+00:00,belatweets2u,,0,0,3,so get this it’s mario kart tour but it’s Mario,,Wed Feb 26 06:19:04 +0000 2020,,,,https://twitter.com/belatweets2u/status/1232550628196483074,1232550628196483074,2239880240
2020-02-26 06:18:42+00:00,belatweets2u,mariokarttourEN,1,0,4,really phoning it in with the themes huh,,Wed Feb 26 06:18:42 +0000 2020,,,https://twitter.com/mariokarttourEN/status/1232547858974306304,https://twitter.com/belatweets2u/status/1232550539415707648,1232550539415707648,2239880240
2020-02-26 04:32:53+00:00,belatweets2u,belatweets2u,0,0,4,i hate you,,Wed Feb 26 04:32:53 +0000 2020,,,https://twitter.com/belatweets2u/status/1230992957421031430,https://twitter.com/belatweets2u/status/1232523906893918209,1232523906893918209,2239880240
2020-02-26 04:21:04+00:00,belatweets2u,,0,0,4,its the only one i know its the only one i know I GUESS...,,Wed Feb 26 04:21:04 +0000 2020,,,,https://twitter.com/belatweets2u/status/1232520935426740229,1232520935426740229,2239880240
2020-02-26 04:20:13+00:00,belatweets2u,,1,0,3,ISTS SO EXPENSISVE,,Wed Feb 26 04:20:13 +0000 2020,,,,https://twitter.com/belatweets2u/status/1232520719004819456,1232520719004819456,2239880240
2020-02-26 04:19:40+00:00,belatweets2u,,1,0,5,TRYING TO GET THIS SVREENSHOR FOR A TWEET LIKE RHE HOME BURRON ISNT YHE FUCKXNK FINGERPRINT,,Wed Feb 26 04:19:40 +0000 2020,,,,https://twitter.com/belatweets2u/status/1232520581003784192,1232520581003784192,2239880240
2020-02-26 04:18:30+00:00,belatweets2u,,2,0,12,HHHHH I ACCIDENTALLY BOUGHT MY GIRL BY MINDLESS BEHAVIOR RINGTONE,,Wed Feb 26 04:18:30 +0000 2020,,,,https://twitter.com/belatweets2u/status/1232520288031641600,1232520288031641600,2239880240
2020-02-26 04:15:46+00:00,belatweets2u,icedoutomnitrix,0,0,63,100 gecs,,Wed Feb 26 04:15:46 +0000 2020,,,,https://twitter.com/belatweets2u/status/1232519598697783296,1232519598697783296,2239880240
2020-02-26 04:13:32+00:00,belatweets2u,daze_gaze,1,0,2,just when opening the app,,Wed Feb 26 04:13:32 +0000 2020,,,,https://twitter.com/belatweets2u/status/1232519038183628801,1232519038183628801,2239880240
2020-02-26 04:12:46+00:00,belatweets2u,daze_gaze,1,0,2,i was waiting for mine hoping it’d be g*cs or something but i don’t think they have enough music yet,,Wed Feb 26 04:12:46 +0000 2020,,,,https://twitter.com/belatweets2u/status/1232518844671021057,1232518844671021057,2239880240
2020-02-26 04:08:43+00:00,belatweets2u,,2,0,8,that has to be a lie angels are rabid,,Wed Feb 26 04:08:43 +0000 2020,,,,https://twitter.com/belatweets2u/status/1232517828093382656,1232517828093382656,2239880240
2020-02-26 04:08:16+00:00,belatweets2u,,2,0,41, ,,Wed Feb 26 04:08:16 +0000 2020,,,,https://twitter.com/belatweets2u/status/1232517713815392257,1232517713815392257,2239880240
2020-02-26 03:02:18+00:00,belatweets2u,,1,3,11,mike bloomberg looks like he’s wearing a mask of someone else’s face over his own face,,Wed Feb 26 03:02:18 +0000 2020,,,,https://twitter.com/belatweets2u/status/1232501113703870465,1232501113703870465,2239880240
2020-02-26 02:58:04+00:00,belatweets2u,_B_Diddy_,0,0,3,ads,,Wed Feb 26 02:58:04 +0000 2020,,,,https://twitter.com/belatweets2u/status/1232500044483485698,1232500044483485698,2239880240
2020-02-26 02:57:01+00:00,belatweets2u,,1,0,6,[aside] she’s boring,,Wed Feb 26 02:57:01 +0000 2020,,,,https://twitter.com/belatweets2u/status/1232499783367090181,1232499783367090181,2239880240
2020-02-26 02:54:39+00:00,belatweets2u,bedbugemoji,0,2,10,barbz for bernie,,Wed Feb 26 02:54:39 +0000 2020,,,https://twitter.com/bedbugemoji/status/1232498587289829378,https://twitter.com/belatweets2u/status/1232499188786581505,1232499188786581505,2239880240
2020-02-26 02:40:32+00:00,belatweets2u,,0,4,37,trying to have less ads,,Wed Feb 26 02:40:32 +0000 2020,,,,https://twitter.com/belatweets2u/status/1232495635011473409,1232495635011473409,2239880240
2020-02-26 01:58:36+00:00,belatweets2u,crishayword,0,0,0,,,Wed Feb 26 01:58:36 +0000 2020,,,https://boxd.it/oLmH,https://twitter.com/belatweets2u/status/1232485080678813696,1232485080678813696,2239880240
2020-02-26 01:56:49+00:00,belatweets2u,,1,0,16,,,Wed Feb 26 01:56:49 +0000 2020,,,,https://twitter.com/belatweets2u/status/1232484632148340736,1232484632148340736,2239880240
2020-02-25 21:56:00+00:00,belatweets2u,SENDTOJASMINE,1,0,1,who cares,,Tue Feb 25 21:56:00 +0000 2020,,,,https://twitter.com/belatweets2u/status/1232424028926857217,1232424028926857217,2239880240
2020-02-25 20:05:53+00:00,belatweets2u,,0,0,5,"friendship ended with emotional blackmail, now bribery is my best friend",,Tue Feb 25 20:05:53 +0000 2020,,,,https://twitter.com/belatweets2u/status/1232396315360886784,1232396315360886784,2239880240
2020-02-25 20:03:17+00:00,belatweets2u,,1,0,0,are they just going bankrupt or something,,Tue Feb 25 20:03:17 +0000 2020,,,,https://twitter.com/belatweets2u/status/1232395664702787584,1232395664702787584,2239880240
2020-02-25 20:03:01+00:00,belatweets2u,,1,0,7,i block every like company promoted tweet n i feel like twitters getting mad at me and giving me way more is that happening to any of y’all,,Tue Feb 25 20:03:01 +0000 2020,,,,https://twitter.com/belatweets2u/status/1232395597061218310,1232395597061218310,2239880240
2020-02-25 05:15:31+00:00,belatweets2u,,0,0,4,,,Tue Feb 25 05:15:31 +0000 2020,,,,https://twitter.com/belatweets2u/status/1232172250914316288,1232172250914316288,2239880240
2020-02-25 05:04:48+00:00,belatweets2u,333333333433333,0,0,2,,,Tue Feb 25 05:04:48 +0000 2020,,,,https://twitter.com/belatweets2u/status/1232169552143953920,1232169552143953920,2239880240
2020-02-25 05:03:37+00:00,belatweets2u,,1,0,6,mid90s came out over a year ago???!?,,Tue Feb 25 05:03:37 +0000 2020,,,,https://twitter.com/belatweets2u/status/1232169254910398469,1232169254910398469,2239880240
2020-02-25 05:03:05+00:00,belatweets2u,,1,0,10,how was 2018 that long ago,,Tue Feb 25 05:03:05 +0000 2020,,,,https://twitter.com/belatweets2u/status/1232169121829335040,1232169121829335040,2239880240
2020-02-25 04:51:22+00:00,belatweets2u,,0,0,1,they’re dreamy,,Tue Feb 25 04:51:22 +0000 2020,,,https://youtu.be/o3mP3mJDL2k,https://twitter.com/belatweets2u/status/1232166169748135936,1232166169748135936,2239880240
2020-02-25 03:50:20+00:00,belatweets2u,MlXTAPEQUEEN,1,0,1,dani wahlberg,,Tue Feb 25 03:50:20 +0000 2020,,,,https://twitter.com/belatweets2u/status/1232150811423256576,1232150811423256576,2239880240
2020-02-25 03:34:38+00:00,belatweets2u,,0,0,19,,,Tue Feb 25 03:34:38 +0000 2020,,,,https://twitter.com/belatweets2u/status/1232146860489478144,1232146860489478144,2239880240
2020-02-25 03:15:30+00:00,belatweets2u,,0,0,11,can’t really explain it but i think charli xcx is fergie,,Tue Feb 25 03:15:30 +0000 2020,,,,https://twitter.com/belatweets2u/status/1232142046737174529,1232142046737174529,2239880240
2020-02-24 21:09:51+00:00,belatweets2u,,1,0,6,,,Mon Feb 24 21:09:51 +0000 2020,,,https://open.spotify.com/track/16aNHWdWoO9zobj4lqAoWV?si=O_HtejmMSgmeLTsZffho6w,https://twitter.com/belatweets2u/status/1232050028539207682,1232050028539207682,2239880240
2020-02-24 21:04:50+00:00,belatweets2u,,0,0,10,who taught the ai to say “period”,,Mon Feb 24 21:04:50 +0000 2020,,,,https://twitter.com/belatweets2u/status/1232048765244145667,1232048765244145667,2239880240
2020-02-24 19:35:30+00:00,belatweets2u,tonybonesarelli,0,22,104,"ringtone (Remix) [Feat. Charli XCX, Rico Nasty, Kero Kero Bonito]",,Mon Feb 24 19:35:30 +0000 2020,,,https://twitter.com/tonybonesarelli/status/1231781598376472576,https://twitter.com/belatweets2u/status/1232026281815965697,1232026281815965697,2239880240
2020-02-24 19:20:51+00:00,belatweets2u,,0,4,24,wait charli can u sing the chorus again pls,,Mon Feb 24 19:20:51 +0000 2020,,,,https://twitter.com/belatweets2u/status/1232022596788596737,1232022596788596737,2239880240
2020-02-24 03:09:34+00:00,belatweets2u,,0,0,15,the way to a woman’s heart is thru her instagram story poll,,Mon Feb 24 03:09:34 +0000 2020,,,,https://twitter.com/belatweets2u/status/1231778165992935424,1231778165992935424,2239880240
2020-02-24 00:34:24+00:00,belatweets2u,bikewrldcameron,0,0,0,goat film,,Mon Feb 24 00:34:24 +0000 2020,,,,https://twitter.com/belatweets2u/status/1231739117656059911,1231739117656059911,2239880240
2020-02-24 00:22:38+00:00,belatweets2u,,0,0,7,,,Mon Feb 24 00:22:38 +0000 2020,,,,https://twitter.com/belatweets2u/status/1231736156519305217,1231736156519305217,2239880240
2020-02-24 00:00:43+00:00,belatweets2u,,0,0,4,,,Mon Feb 24 00:00:43 +0000 2020,,,https://open.spotify.com/track/0xfpx7AiwgSKEtjotea2L6?si=N9Il1eatRjaGTTLm_KDmhQ,https://twitter.com/belatweets2u/status/1231730638270713856,1231730638270713856,2239880240
2020-02-23 20:34:05+00:00,belatweets2u,crissymilazzo,0,0,1,i think it’s my brothers but i think he doesn’t know he has it/pays for it,,Sun Feb 23 20:34:05 +0000 2020,,,,https://twitter.com/belatweets2u/status/1231678637230956544,1231678637230956544,2239880240
2020-02-23 20:15:15+00:00,belatweets2u,,1,0,6,i have absolutely no clue whose hbo i’m using but i hope they get hbo max,,Sun Feb 23 20:15:15 +0000 2020,,,,https://twitter.com/belatweets2u/status/1231673897722007552,1231673897722007552,2239880240
2020-02-23 19:50:00+00:00,belatweets2u,SquidDad,1,0,1,it’s a riot,,Sun Feb 23 19:50:00 +0000 2020,,,,https://twitter.com/belatweets2u/status/1231667545310187522,1231667545310187522,2239880240
2020-02-23 05:03:45+00:00,belatweets2u,,0,0,1,wait it’s also not 2019 lmfao,,Sun Feb 23 05:03:45 +0000 2020,,,,https://twitter.com/belatweets2u/status/1231444513241124865,1231444513241124865,2239880240
2020-02-23 05:03:30+00:00,belatweets2u,,1,0,5,this month is a year,,Sun Feb 23 05:03:30 +0000 2020,,,https://open.spotify.com/user/vampireworkweek/playlist/5p8EK5tEd9s1o44D6kv96v?si=2S0XXF-pRDmNYr_pPpNETg,https://twitter.com/belatweets2u/status/1231444449923936256,1231444449923936256,2239880240
2020-02-23 05:02:38+00:00,belatweets2u,,0,1,4,i will be getting in a physical altercation with brewster durbin next school break,,Sun Feb 23 05:02:38 +0000 2020,,,,https://twitter.com/belatweets2u/status/1231444231232872448,1231444231232872448,2239880240
2020-02-23 05:01:42+00:00,belatweets2u,TheDurbulence,0,0,0,no.,,Sun Feb 23 05:01:42 +0000 2020,,,,https://twitter.com/belatweets2u/status/1231443997442347009,1231443997442347009,2239880240
2020-02-23 05:00:16+00:00,belatweets2u,,1,0,1,3oh!3 revival going CRAZY,,Sun Feb 23 05:00:16 +0000 2020,,,https://open.spotify.com/track/7eJjA1VfRG3xPlDsRsjjSk?si=mIsFN7WuRmSO08w5fkUEJQ,https://twitter.com/belatweets2u/status/1231443636480626688,1231443636480626688,2239880240
2020-02-23 04:36:29+00:00,belatweets2u,,0,2,5,calm down queen ur creasing ur forces,,Sun Feb 23 04:36:29 +0000 2020,,,,https://twitter.com/belatweets2u/status/1231437649300332544,1231437649300332544,2239880240
2020-02-23 04:32:43+00:00,belatweets2u,TheDurbulence,0,0,1,can always count on brewster to keep me on my toes...,,Sun Feb 23 04:32:43 +0000 2020,,,,https://twitter.com/belatweets2u/status/1231436704466243584,1231436704466243584,2239880240
2020-02-23 04:26:01+00:00,belatweets2u,,1,2,18,,,Sun Feb 23 04:26:01 +0000 2020,,,,https://twitter.com/belatweets2u/status/1231435014425935872,1231435014425935872,2239880240
2020-02-23 03:10:00+00:00,belatweets2u,briyahnan,1,0,1,dragon princess hive check,,Sun Feb 23 03:10:00 +0000 2020,,,,https://twitter.com/belatweets2u/status/1231415884985532418,1231415884985532418,2239880240
2020-02-23 03:07:46+00:00,belatweets2u,,0,0,8,they’re doing the big bankruptcy sale at the mall of louisiana forever 21 but the plus size section was completely fuckibg gone and i felt like i got shot in the chest,,Sun Feb 23 03:07:46 +0000 2020,,,,https://twitter.com/belatweets2u/status/1231415321996779520,1231415321996779520,2239880240
2020-02-23 02:01:32+00:00,belatweets2u,,1,0,14,drop the remix album.,,Sun Feb 23 02:01:32 +0000 2020,,,,https://twitter.com/belatweets2u/status/1231398657582358528,1231398657582358528,2239880240
2020-02-23 00:55:54+00:00,belatweets2u,,0,0,2,iiiiiiiiooiii Under Pressure iiiiiiiisgsns Smokin Pressuureee,,Sun Feb 23 00:55:54 +0000 2020,,,,https://twitter.com/belatweets2u/status/1231382140027310080,1231382140027310080,2239880240
2020-02-22 19:48:01+00:00,belatweets2u,catherineesson,0,0,6,i want lauren lavoie back so bad,,Sat Feb 22 19:48:01 +0000 2020,,,https://twitter.com/catherineesson/status/1230879464332107777,https://twitter.com/belatweets2u/status/1231304657533833216,1231304657533833216,2239880240
2020-02-22 18:25:21+00:00,belatweets2u,haIoface,0,0,5,boobie s,,Sat Feb 22 18:25:21 +0000 2020,,,,https://twitter.com/belatweets2u/status/1231283854809452547,1231283854809452547,2239880240
2020-02-22 18:24:49+00:00,belatweets2u,,0,0,0,,,Sat Feb 22 18:24:49 +0000 2020,,,https://open.spotify.com/track/5ROOB1w1JX6EE35Okui9YO?si=xWumuQNhQVuS3vSWOE9wCA,https://twitter.com/belatweets2u/status/1231283719534731264,1231283719534731264,2239880240
2020-02-22 18:17:31+00:00,belatweets2u,,0,0,1,so nobody wanted to to tell me that the dance monkey girl is fat,,Sat Feb 22 18:17:31 +0000 2020,,,,https://twitter.com/belatweets2u/status/1231281884329582593,1231281884329582593,2239880240
2020-02-22 06:11:01+00:00,belatweets2u,,0,0,3,dropping a dissertation on the superpriv twitter instead of confronting my emotions >>>,,Sat Feb 22 06:11:01 +0000 2020,,,,https://twitter.com/belatweets2u/status/1231099051703185409,1231099051703185409,2239880240
2020-02-22 04:40:40+00:00,belatweets2u,,0,0,6,i like the margiela cum shoes ,,Sat Feb 22 04:40:40 +0000 2020,,,,https://twitter.com/belatweets2u/status/1231076313731158017,1231076313731158017,2239880240
2020-02-22 04:29:49+00:00,belatweets2u,FckyeahCharli,0,2,32,WOOOOOO,,Sat Feb 22 04:29:49 +0000 2020,,,https://twitter.com/FckyeahCharli/status/1231056812159459328,https://twitter.com/belatweets2u/status/1231073586263269381,1231073586263269381,2239880240
2020-02-21 23:09:26+00:00,belatweets2u,,1,0,6,fuckit abt to buy a mindless behavior ringtone,,Fri Feb 21 23:09:26 +0000 2020,,,,https://twitter.com/belatweets2u/status/1230992957421031430,1230992957421031430,2239880240
2020-02-21 22:20:10+00:00,belatweets2u,constant_glow,0,0,1,she said it was gonna be metal or some shit lmao,,Fri Feb 21 22:20:10 +0000 2020,,,,https://twitter.com/belatweets2u/status/1230980558429282305,1230980558429282305,2239880240
2020-02-21 22:00:16+00:00,belatweets2u,,1,5,34,grimes is always like this is a hyper computerized planetary soundscape emitted to me in pulses by my feminine cyberwomb ~~ n then she comes out with a pop album,,Fri Feb 21 22:00:16 +0000 2020,,,,https://twitter.com/belatweets2u/status/1230975551785119747,1230975551785119747,2239880240
2020-02-21 20:32:57+00:00,belatweets2u,conoroburst,1,0,3,wait,,Fri Feb 21 20:32:57 +0000 2020,,,,https://twitter.com/belatweets2u/status/1230953577658671105,1230953577658671105,2239880240
2020-02-21 16:07:44+00:00,belatweets2u,,0,0,2,there’s something dated abt my name is dark i can’t figure it out,,Fri Feb 21 16:07:44 +0000 2020,,,,https://twitter.com/belatweets2u/status/1230886835406151682,1230886835406151682,2239880240
2020-02-21 15:47:06+00:00,belatweets2u,MlXTAPEQUEEN,1,0,1,what if i said sike LMFAOOO,,Fri Feb 21 15:47:06 +0000 2020,,,,https://twitter.com/belatweets2u/status/1230881639070420994,1230881639070420994,2239880240
2020-02-21 14:20:48+00:00,belatweets2u,MlXTAPEQUEEN,1,0,1,perfect :),,Fri Feb 21 14:20:48 +0000 2020,,,,https://twitter.com/belatweets2u/status/1230859921983451140,1230859921983451140,2239880240
