date,username,to,replies,retweets,favorites,text,mentions,formatted_date,geo,hashtags,urls,permalink,ID,author_id
2020-02-28 23:39:44+00:00,BrettSVergara,MikeJohnson1_,0,0,43,Grandma Johnson gets it,,Fri Feb 28 23:39:44 +0000 2020,,,,https://twitter.com/BrettSVergara/status/1233537299260026880,1233537299260026880,370111830
2020-02-28 19:33:43+00:00,BrettSVergara,kellykeegs,0,0,7,Same,,Fri Feb 28 19:33:43 +0000 2020,,,,https://twitter.com/BrettSVergara/status/1233475387566497792,1233475387566497792,370111830
2020-02-28 17:39:20+00:00,BrettSVergara,ashleyiaco,1,0,13, ,,Fri Feb 28 17:39:20 +0000 2020,,,,https://twitter.com/BrettSVergara/status/1233446600577634304,1233446600577634304,370111830
2020-02-28 17:37:07+00:00,BrettSVergara,mykennajean,0,0,13, ,,Fri Feb 28 17:37:07 +0000 2020,,,,https://twitter.com/BrettSVergara/status/1233446044249284614,1233446044249284614,370111830
2020-02-28 17:35:31+00:00,BrettSVergara,whoistammykay,1,0,59,Of you spoiling shows for me?,,Fri Feb 28 17:35:31 +0000 2020,,,,https://twitter.com/BrettSVergara/status/1233445641516462080,1233445641516462080,370111830
2020-02-28 13:59:16+00:00,BrettSVergara,sswinkgma,0,0,4,This is truly the best news to wake up to,,Fri Feb 28 13:59:16 +0000 2020,,,,https://twitter.com/BrettSVergara/status/1233391219927060481,1233391219927060481,370111830
2020-02-28 13:51:08+00:00,BrettSVergara,THETonyMorrison,4,6,113,Shout out to @THETonyMorrison for making my morning but also making today wildly unproductive https://twitter.com/thetonymorrison/status/1233380446689513472?s=21,@THETonyMorrison,Fri Feb 28 13:51:08 +0000 2020,,,"https://twitter.com/thetonymorrison/status/1233380446689513472?s=21,https://twitter.com/THETonyMorrison/status/1233380446689513472",https://twitter.com/BrettSVergara/status/1233389171806478338,1233389171806478338,370111830
2020-02-28 13:50:12+00:00,BrettSVergara,,150,653,8252, RED ALERT THEY’RE ANNOUNCING THE NEW #TheBachelorette ON @GMA MONDAY MORNING!! ,@GMA,Fri Feb 28 13:50:12 +0000 2020,,#TheBachelorette,,https://twitter.com/BrettSVergara/status/1233388938573893633,1233388938573893633,370111830
2020-02-28 06:31:53+00:00,BrettSVergara,markanthonycue,0,0,40,Oh hell ya,,Fri Feb 28 06:31:53 +0000 2020,,,,https://twitter.com/BrettSVergara/status/1233278632824623105,1233278632824623105,370111830
2020-02-28 05:51:21+00:00,BrettSVergara,MichaelaOkla,0,0,13,Bachelorette material tho,,Fri Feb 28 05:51:21 +0000 2020,,,,https://twitter.com/BrettSVergara/status/1233268428607303680,1233268428607303680,370111830
2020-02-28 02:22:59+00:00,BrettSVergara,whoistammykay,0,0,32,Omg stop shading me on Twitter,,Fri Feb 28 02:22:59 +0000 2020,,,,https://twitter.com/BrettSVergara/status/1233215994753146882,1233215994753146882,370111830
2020-02-27 21:33:10+00:00,BrettSVergara,emmaladyrose,3,0,57,,,Thu Feb 27 21:33:10 +0000 2020,,,,https://twitter.com/BrettSVergara/status/1233143058860060686,1233143058860060686,370111830
2020-02-27 18:58:50+00:00,BrettSVergara,BachelorABC,12,19,476,If this ends up essentially being Bachelor in Paradise with banjos then sign me up #TheBachelor,,Thu Feb 27 18:58:50 +0000 2020,,#TheBachelor,https://twitter.com/BachelorABC/status/1233101303951151104,https://twitter.com/BrettSVergara/status/1233104219688882176,1233104219688882176,370111830
2020-02-27 16:08:22+00:00,BrettSVergara,AmandaRosenberg,0,0,2,Now this is some good content,,Thu Feb 27 16:08:22 +0000 2020,,,,https://twitter.com/BrettSVergara/status/1233061320817287169,1233061320817287169,370111830
2020-02-27 15:35:30+00:00,BrettSVergara,kaitlynbristowe,1,0,132,Big fan of Nike Run Club!,,Thu Feb 27 15:35:30 +0000 2020,,,,https://twitter.com/BrettSVergara/status/1233053050409029633,1233053050409029633,370111830
2020-02-27 02:01:35+00:00,BrettSVergara,,30,1014,10544,SHE’S SO TALENTED ,,Thu Feb 27 02:01:35 +0000 2020,,,,https://twitter.com/BrettSVergara/status/1232848219090059264,1232848219090059264,370111830
2020-02-26 23:06:02+00:00,BrettSVergara,torisnoww,0,0,1,ITS THE BEST,,Wed Feb 26 23:06:02 +0000 2020,,,,https://twitter.com/BrettSVergara/status/1232804040217694215,1232804040217694215,370111830
2020-02-26 18:56:46+00:00,BrettSVergara,JarettSays,2,0,27,I am!!!!! So!!!! Excited!!!!,,Wed Feb 26 18:56:46 +0000 2020,,,,https://twitter.com/BrettSVergara/status/1232741310529970176,1232741310529970176,370111830
2020-02-26 16:37:45+00:00,BrettSVergara,,1,3,98,Maria Sharapova is five years older than me and retiring I’m–,,Wed Feb 26 16:37:45 +0000 2020,,,,https://twitter.com/BrettSVergara/status/1232706326989549570,1232706326989549570,370111830
2020-02-26 02:30:48+00:00,BrettSVergara,LoveisBlindShow,9,11,375,This is so jarring to watch EVERYONE STOP FLIRTING WITH CAMERON HE BELONGS WITH LAUREN #LoveIsBlind,,Wed Feb 26 02:30:48 +0000 2020,,#LoveIsBlind,https://twitter.com/LoveisBlindShow/status/1232473671882526722,https://twitter.com/BrettSVergara/status/1232493185798004736,1232493185798004736,370111830
2020-02-26 02:08:34+00:00,BrettSVergara,,3,13,272,Me whenever Bloomberg attempts to make a joke #Demdebate,,Wed Feb 26 02:08:34 +0000 2020,,#Demdebate,,https://twitter.com/BrettSVergara/status/1232487589321428992,1232487589321428992,370111830
2020-02-26 01:47:11+00:00,BrettSVergara,TylerJCameron3,0,0,28,"You know, this tracks",,Wed Feb 26 01:47:11 +0000 2020,,,,https://twitter.com/BrettSVergara/status/1232482207169531904,1232482207169531904,370111830
2020-02-26 00:56:07+00:00,BrettSVergara,,1,11,240,Is there a debate on every night from now until November is that how this works,,Wed Feb 26 00:56:07 +0000 2020,,,,https://twitter.com/BrettSVergara/status/1232469355964665856,1232469355964665856,370111830
2020-02-26 00:50:57+00:00,BrettSVergara,sarahcoffin731,1,0,4,Ugh ty what would I do without ya,,Wed Feb 26 00:50:57 +0000 2020,,,,https://twitter.com/BrettSVergara/status/1232468057013940226,1232468057013940226,370111830
2020-02-26 00:13:38+00:00,BrettSVergara,Fotayheyhey,0,0,2,Valid response,,Wed Feb 26 00:13:38 +0000 2020,,,,https://twitter.com/BrettSVergara/status/1232458665220804608,1232458665220804608,370111830
2020-02-25 23:56:55+00:00,BrettSVergara,,3,10,74,I don’t think we gave Sam’s chaotic anxious energy enough credit in any of the Lord of the Rings movies,,Tue Feb 25 23:56:55 +0000 2020,,,,https://twitter.com/BrettSVergara/status/1232454459256496129,1232454459256496129,370111830
2020-02-25 23:54:45+00:00,BrettSVergara,,1,4,55,Is it too late to award the inventor of the Ritz Cracker™ the Nobel Peace Prize?,,Tue Feb 25 23:54:45 +0000 2020,,,,https://twitter.com/BrettSVergara/status/1232453915305623553,1232453915305623553,370111830
2020-02-25 23:37:55+00:00,BrettSVergara,NikkiGlaser,1,0,2,And on the week of ‘The Man’ music video release no less I mean it’s just a sign,,Tue Feb 25 23:37:55 +0000 2020,,,,https://twitter.com/BrettSVergara/status/1232449678525919232,1232449678525919232,370111830
2020-02-25 23:21:21+00:00,BrettSVergara,NikkiGlaser,1,0,5,You’ve really made it this is peak,,Tue Feb 25 23:21:21 +0000 2020,,,,https://twitter.com/BrettSVergara/status/1232445509463199744,1232445509463199744,370111830
2020-02-25 23:10:16+00:00,BrettSVergara,,72,876,5818,Stop everything you’re doing right now and LOOK HOW SMALL,,Tue Feb 25 23:10:16 +0000 2020,,,,https://twitter.com/BrettSVergara/status/1232442717612867584,1232442717612867584,370111830
2020-02-25 22:25:36+00:00,BrettSVergara,MissLatinaFey,1,0,3,Omg we get it you’re an A list coastal elite,,Tue Feb 25 22:25:36 +0000 2020,,,,https://twitter.com/BrettSVergara/status/1232431479306801159,1232431479306801159,370111830
2020-02-25 22:17:03+00:00,BrettSVergara,feministabulous,0,0,1, ,,Tue Feb 25 22:17:03 +0000 2020,,,,https://twitter.com/BrettSVergara/status/1232429325045108738,1232429325045108738,370111830
2020-02-25 17:40:18+00:00,BrettSVergara,ClaireEFallon,1,0,7,I chug water like a mad man so I think we good there bring on the nipple cream,,Tue Feb 25 17:40:18 +0000 2020,,,,https://twitter.com/BrettSVergara/status/1232359680086855680,1232359680086855680,370111830
2020-02-25 17:31:26+00:00,BrettSVergara,emmaladyrose,1,0,5,This is a very important update I will trust,,Tue Feb 25 17:31:26 +0000 2020,,,,https://twitter.com/BrettSVergara/status/1232357450633883648,1232357450633883648,370111830
2020-02-25 17:29:29+00:00,BrettSVergara,didi11,11,2,194,I’ve caved and ordered the lipple cream because it was suggested by the masses for chapped lips IF THIS IS A PRANK I SWEAR TO HECK,,Tue Feb 25 17:29:29 +0000 2020,,,https://twitter.com/didi11/status/1232083381225213953,https://twitter.com/BrettSVergara/status/1232356958386245633,1232356958386245633,370111830
2020-02-25 16:21:00+00:00,BrettSVergara,,3,39,550,If this ain’t waiting for me in my fantasy suite then I don’t want it #TheBachelor,,Tue Feb 25 16:21:00 +0000 2020,,#TheBachelor,,https://twitter.com/BrettSVergara/status/1232339723173158913,1232339723173158913,370111830
2020-02-25 02:56:18+00:00,BrettSVergara,,7,55,1216,Meanwhile... while Madi and Peter are having this very intense convo... Hannah Ann & Victoria chillin back at the shared fantasy suite like #TheBachelor,,Tue Feb 25 02:56:18 +0000 2020,,#TheBachelor,,https://twitter.com/BrettSVergara/status/1232137213896425472,1232137213896425472,370111830
2020-02-25 02:51:51+00:00,BrettSVergara,,15,538,5381,I really identify with these nosy kangaroos #TheBachelor,,Tue Feb 25 02:51:51 +0000 2020,,#TheBachelor,,https://twitter.com/BrettSVergara/status/1232136094621323273,1232136094621323273,370111830
2020-02-25 02:51:17+00:00,BrettSVergara,,19,136,4161,Jed??? Is that you??? #TheBachelor,,Tue Feb 25 02:51:17 +0000 2020,,#TheBachelor,,https://twitter.com/BrettSVergara/status/1232135951855517698,1232135951855517698,370111830
2020-02-25 02:40:45+00:00,BrettSVergara,BrettSVergara,1,4,234,SORRY THIS ISN’T FUNNY IDK #TheBachelor,,Tue Feb 25 02:40:45 +0000 2020,,#TheBachelor,https://twitter.com/BrettSVergara/status/1232133231702659072,https://twitter.com/BrettSVergara/status/1232133300678004738,1232133300678004738,370111830
2020-02-25 02:40:29+00:00,BrettSVergara,,19,19,1427,Real talk I’ve had a hard time tweeting about this convo/ep because I don’t want to talk shit on someone’s beliefs even if they aren’t my own ¯\_(ツ)_/¯ #TheBachelor,,Tue Feb 25 02:40:29 +0000 2020,,#TheBachelor,,https://twitter.com/BrettSVergara/status/1232133231702659072,1232133231702659072,370111830
2020-02-25 02:37:32+00:00,BrettSVergara,,23,287,5283,Is it too late to start over with the newly single Grocery Store Joe tho #TheBachelor,,Tue Feb 25 02:37:32 +0000 2020,,#TheBachelor,,https://twitter.com/BrettSVergara/status/1232132492884430848,1232132492884430848,370111830
2020-02-25 02:16:04+00:00,BrettSVergara,,9,119,2022,Peter: I’m in love with three women right now Me: boy WHA– #TheBachelor,,Tue Feb 25 02:16:04 +0000 2020,,#TheBachelor,,https://twitter.com/BrettSVergara/status/1232127087638646784,1232127087638646784,370111830
2020-02-25 02:05:04+00:00,BrettSVergara,,16,208,3220,Peter: this conversation with Victoria has been SUCH a big turning point for us Me: #TheBachelor,,Tue Feb 25 02:05:04 +0000 2020,,#TheBachelor,,https://twitter.com/BrettSVergara/status/1232124322698887174,1232124322698887174,370111830
2020-02-25 02:04:01+00:00,BrettSVergara,viallnicholas28,7,28,1308,Omg NICK this comparison... #TheBachelor,,Tue Feb 25 02:04:01 +0000 2020,,#TheBachelor,https://twitter.com/viallnicholas28/status/1232122917732806656,https://twitter.com/BrettSVergara/status/1232124055077171200,1232124055077171200,370111830
2020-02-25 02:01:44+00:00,BrettSVergara,,9,413,4113,Peter to Victoria: there’s nothing you need to work on... *monkey screams* you see the monkey agrees!! The monkey: #TheBachelor,,Tue Feb 25 02:01:44 +0000 2020,,#TheBachelor,,https://twitter.com/BrettSVergara/status/1232123480101019648,1232123480101019648,370111830
2020-02-25 02:00:45+00:00,BrettSVergara,,13,503,6590,Peter to Victoria: there’s nothing you need to work on- Bachelor nation: #TheBachelor,,Tue Feb 25 02:00:45 +0000 2020,,#TheBachelor,,https://twitter.com/BrettSVergara/status/1232123234985926657,1232123234985926657,370111830
2020-02-25 01:59:30+00:00,BrettSVergara,,2,28,829,Victoria F: I feel like we need to have more of a conversation on- Peter: oh god pls no #TheBachelor,,Tue Feb 25 01:59:30 +0000 2020,,#TheBachelor,,https://twitter.com/BrettSVergara/status/1232122919968550913,1232122919968550913,370111830
2020-02-25 01:42:34+00:00,BrettSVergara,,9,103,1757,Ok #TheBachelor producers I see you with this Titanic aesthetic,,Tue Feb 25 01:42:34 +0000 2020,,#TheBachelor,,https://twitter.com/BrettSVergara/status/1232118658660524032,1232118658660524032,370111830
2020-02-25 01:41:05+00:00,BrettSVergara,,3,6,378,Can’t believe Hannah Ann and Peter about to... hold hands #TheBachelor,,Tue Feb 25 01:41:05 +0000 2020,,#TheBachelor,,https://twitter.com/BrettSVergara/status/1232118284520128514,1232118284520128514,370111830
2020-02-25 01:39:25+00:00,BrettSVergara,,9,10,478,WHY ARE THE FANTASY SUITE BEDS SO TINY #TheBachelor,,Tue Feb 25 01:39:25 +0000 2020,,#TheBachelor,,https://twitter.com/BrettSVergara/status/1232117863961501697,1232117863961501697,370111830
2020-02-25 01:37:46+00:00,BrettSVergara,,2,38,685,The women barging in on each other’s fantasy suite dates because the producers made them sleep next door like #TheBachelor,,Tue Feb 25 01:37:46 +0000 2020,,#TheBachelor,,https://twitter.com/BrettSVergara/status/1232117451728523266,1232117451728523266,370111830
2020-02-25 01:36:56+00:00,BrettSVergara,,5,192,4160,Literally everyone who has ever received a fantasy suite invitation from Chris Harrison on #TheBachelor,,Tue Feb 25 01:36:56 +0000 2020,,#TheBachelor,,https://twitter.com/BrettSVergara/status/1232117242537619456,1232117242537619456,370111830
2020-02-25 01:34:35+00:00,BrettSVergara,,7,80,1619,Every week I wait for Hannah Ann to turn and become the villain I thought she was gonna be all season and every week I'm like– #TheBachelor,,Tue Feb 25 01:34:35 +0000 2020,,#TheBachelor,,https://twitter.com/BrettSVergara/status/1232116650889138176,1232116650889138176,370111830
2020-02-25 01:31:48+00:00,BrettSVergara,,35,143,3022,THAT’S IT ... I’m nominating my mom #TheBachelor,,Tue Feb 25 01:31:48 +0000 2020,,#TheBachelor,,https://twitter.com/BrettSVergara/status/1232115950511644674,1232115950511644674,370111830
2020-02-25 01:30:24+00:00,BrettSVergara,,5,1,109,#TheBachelor twitter pals... who wants to be my friend on insta too?? Go leave a on any random post so I know you’re from twitter and I’ll be like OH DANG HEY THERE http://Instagram.com/brettsvergara,,Tue Feb 25 01:30:24 +0000 2020,,#TheBachelor,http://Instagram.com/brettsvergara,https://twitter.com/BrettSVergara/status/1232115596285874176,1232115596285874176,370111830
2020-02-25 01:27:17+00:00,BrettSVergara,,13,123,2709,The devil works hard but #TheBachelor producers looking to save on their budget and put all the women in the same fantasy suite work harder,,Tue Feb 25 01:27:17 +0000 2020,,#TheBachelor,,https://twitter.com/BrettSVergara/status/1232114812601163776,1232114812601163776,370111830
2020-02-25 01:24:04+00:00,BrettSVergara,,9,180,2315,Tag yourself I’m the jet ski that’s floating out in the ocean by itself while people make out next to me #TheBachelor,,Tue Feb 25 01:24:04 +0000 2020,,#TheBachelor,,https://twitter.com/BrettSVergara/status/1232114004245590016,1232114004245590016,370111830
2020-02-25 01:21:33+00:00,BrettSVergara,,20,903,10629,producers: surprise... you’re all sharing the fantasy suite! The women: #TheBachelor,,Tue Feb 25 01:21:33 +0000 2020,,#TheBachelor,,https://twitter.com/BrettSVergara/status/1232113370532392960,1232113370532392960,370111830
2020-02-25 01:20:25+00:00,BrettSVergara,,10,391,3905,The three women walking in realizing they’re all sharing a fantasy suite #TheBachelor,,Tue Feb 25 01:20:25 +0000 2020,,#TheBachelor,,https://twitter.com/BrettSVergara/status/1232113084124291073,1232113084124291073,370111830
2020-02-25 01:18:26+00:00,BrettSVergara,,30,755,12249,Victoria F’s reaction to Madi asking how her hometown went... priceless. Iconic. #TheBachelor,,Tue Feb 25 01:18:26 +0000 2020,,#TheBachelor,,https://twitter.com/BrettSVergara/status/1232112584578490369,1232112584578490369,370111830
2020-02-25 01:17:10+00:00,BrettSVergara,,0,19,543,Someone: h- Victoria F: #TheBachelor,,Tue Feb 25 01:17:10 +0000 2020,,#TheBachelor,,https://twitter.com/BrettSVergara/status/1232112267921182721,1232112267921182721,370111830
2020-02-25 01:16:49+00:00,BrettSVergara,,2,24,734,The women tryna sleep in the next room when someone else is wrapping up their fantasy suite date like #TheBachelor,,Tue Feb 25 01:16:49 +0000 2020,,#TheBachelor,,https://twitter.com/BrettSVergara/status/1232112178502815752,1232112178502815752,370111830
2020-02-25 01:12:02+00:00,BrettSVergara,,101,833,10692,"I know all this stuff is a bit murky, but for those comparing Madi to Luke P... remember HOW Luke P talked to Hannah #TheBachelor",,Tue Feb 25 01:12:02 +0000 2020,,#TheBachelor,,https://twitter.com/BrettSVergara/status/1232110973747638274,1232110973747638274,370111830
2020-02-25 01:08:41+00:00,BrettSVergara,,7,60,1531,Madi: it would be hard for me if you moved forward intimately with the other women Peter: but... but... #TheBachelor,,Tue Feb 25 01:08:41 +0000 2020,,#TheBachelor,,https://twitter.com/BrettSVergara/status/1232110131317551105,1232110131317551105,370111830
2020-02-25 01:04:31+00:00,BrettSVergara,,88,347,10122,Is it just me or does Peter’s scar look more dramatic each week #TheBachelor,,Tue Feb 25 01:04:31 +0000 2020,,#TheBachelor,,https://twitter.com/BrettSVergara/status/1232109082934423552,1232109082934423552,370111830
2020-02-25 01:02:45+00:00,BrettSVergara,,65,3763,36514,"prayer circle, hope this works: Send Victoria home #TheBachelor",,Tue Feb 25 01:02:45 +0000 2020,,#TheBachelor,,https://twitter.com/BrettSVergara/status/1232108639760068608,1232108639760068608,370111830
2020-02-24 23:28:25+00:00,BrettSVergara,didi11,8,0,56,Diana are you trying to PRANK ME,,Mon Feb 24 23:28:25 +0000 2020,,,,https://twitter.com/BrettSVergara/status/1232084899567427584,1232084899567427584,370111830
2020-02-24 23:08:38+00:00,BrettSVergara,,23,50,647,My lips have been chapped literally this entire decade so far please send help,,Mon Feb 24 23:08:38 +0000 2020,,,,https://twitter.com/BrettSVergara/status/1232079921092218891,1232079921092218891,370111830
2020-02-24 21:04:47+00:00,BrettSVergara,netflix,0,1,102,I am EXTREMELY into this @netflix bless u ,@netflix,Mon Feb 24 21:04:47 +0000 2020,,,https://twitter.com/netflix/status/1231995044699099136,https://twitter.com/BrettSVergara/status/1232048752749416450,1232048752749416450,370111830
2020-02-24 03:55:53+00:00,BrettSVergara,,4,0,46,Cc @netflix &amp; @LoveisBlindShow call me ,@netflix @LoveisBlindShow,Mon Feb 24 03:55:53 +0000 2020,,,,https://twitter.com/BrettSVergara/status/1231789819971371008,1231789819971371008,370111830
2020-02-24 03:55:21+00:00,BrettSVergara,,14,74,1204,Can someone throw an extravagant watch party for the #LoveIsBlind finale on Thursday &amp; invite me please and thank you,,Mon Feb 24 03:55:21 +0000 2020,,#LoveIsBlind,,https://twitter.com/BrettSVergara/status/1231789688500957186,1231789688500957186,370111830
2020-02-24 01:05:45+00:00,BrettSVergara,MissLatinaFey,0,0,2,Idicjejjfnf,,Mon Feb 24 01:05:45 +0000 2020,,,,https://twitter.com/BrettSVergara/status/1231747004541423625,1231747004541423625,370111830
2020-02-23 06:00:53+00:00,BrettSVergara,miranda_dapanda,0,0,4,Oh it’s PEEPED,,Sun Feb 23 06:00:53 +0000 2020,,,,https://twitter.com/BrettSVergara/status/1231458891965267969,1231458891965267969,370111830
2020-02-23 05:59:49+00:00,BrettSVergara,jacchamberlain,1,0,36,It’s me I’m drunk girls,,Sun Feb 23 05:59:49 +0000 2020,,,,https://twitter.com/BrettSVergara/status/1231458621982158848,1231458621982158848,370111830
2020-02-23 04:13:00+00:00,BrettSVergara,alcassoi,0,0,6,This tweet really hit,,Sun Feb 23 04:13:00 +0000 2020,,,,https://twitter.com/BrettSVergara/status/1231431741254045697,1231431741254045697,370111830
2020-02-23 03:14:59+00:00,BrettSVergara,delia_cai,0,0,0,Worlds collide :’),,Sun Feb 23 03:14:59 +0000 2020,,,,https://twitter.com/BrettSVergara/status/1231417141657767936,1231417141657767936,370111830
2020-02-23 03:09:40+00:00,BrettSVergara,,3,11,188,My new favorite hobby is trying to Renegade™ to slow and sentimental songs,,Sun Feb 23 03:09:40 +0000 2020,,,,https://twitter.com/BrettSVergara/status/1231415802991140864,1231415802991140864,370111830
2020-02-23 02:25:58+00:00,BrettSVergara,Need4LSpeed,0,0,6, ,,Sun Feb 23 02:25:58 +0000 2020,,,,https://twitter.com/BrettSVergara/status/1231404805853237248,1231404805853237248,370111830
2020-02-22 23:54:30+00:00,BrettSVergara,theyearofelan,1,0,2,Ahhhhh this a BEAUTIFUL shot ,,Sat Feb 22 23:54:30 +0000 2020,,,,https://twitter.com/BrettSVergara/status/1231366685325774848,1231366685325774848,370111830
2020-02-22 23:40:42+00:00,BrettSVergara,,2,37,353,Tired: mmm whatcha say Wired: ma’am those are his niiiiipples https://twitter.com/DanielaClawson/status/1229057072408473601/video/1,,Sat Feb 22 23:40:42 +0000 2020,,,https://twitter.com/DanielaClawson/status/1229057072408473601/video/1,https://twitter.com/BrettSVergara/status/1231363213578711042,1231363213578711042,370111830
2020-02-22 16:38:59+00:00,BrettSVergara,alcassoi,0,0,27,I can’t stop thinking about this,,Sat Feb 22 16:38:59 +0000 2020,,,,https://twitter.com/BrettSVergara/status/1231257086530654209,1231257086530654209,370111830
2020-02-22 15:18:44+00:00,BrettSVergara,AlyssaMastro44,0,0,4,AYYYYY happy birthday and equally as important happy national margarita day to you and your kin,,Sat Feb 22 15:18:44 +0000 2020,,,,https://twitter.com/BrettSVergara/status/1231236889597894665,1231236889597894665,370111830
2020-02-22 03:03:09+00:00,BrettSVergara,,2,0,107,This clip proves my theory even further Cameron is Kendall Roy from Succession #LoveisBlind,,Sat Feb 22 03:03:09 +0000 2020,,#LoveisBlind,,https://twitter.com/BrettSVergara/status/1231051775232413698,1231051775232413698,370111830
2020-02-22 03:00:21+00:00,BrettSVergara,,18,54,949,Cameron deserves the world and he can do no wron— #LoveIsBlind,,Sat Feb 22 03:00:21 +0000 2020,,#LoveIsBlind,,https://twitter.com/BrettSVergara/status/1231051068227891201,1231051068227891201,370111830
2020-02-22 02:52:06+00:00,BrettSVergara,jessieevarts,0,0,1,I’m so happy for you??,,Sat Feb 22 02:52:06 +0000 2020,,,,https://twitter.com/BrettSVergara/status/1231048993951690752,1231048993951690752,370111830
2020-02-22 01:51:02+00:00,BrettSVergara,,0,2,88,Some personal news... my Netflix biopic is out,,Sat Feb 22 01:51:02 +0000 2020,,,,https://twitter.com/BrettSVergara/status/1231033625501741056,1231033625501741056,370111830
2020-02-22 01:07:54+00:00,BrettSVergara,mklafavers,1,0,16,They must be protected,,Sat Feb 22 01:07:54 +0000 2020,,,,https://twitter.com/BrettSVergara/status/1231022771968364544,1231022771968364544,370111830
2020-02-22 01:05:09+00:00,BrettSVergara,,3,3,179,How is everyone on this show so bad at arguments #LoveIsBlind,,Sat Feb 22 01:05:09 +0000 2020,,#LoveIsBlind,,https://twitter.com/BrettSVergara/status/1231022078691827712,1231022078691827712,370111830
2020-02-22 01:00:57+00:00,BrettSVergara,,15,26,509,I will admit #LoveIsBlind didn’t initially fully hook me but after episode 4~ or so ok I am getting pulled in by the shitstorm,,Sat Feb 22 01:00:57 +0000 2020,,#LoveIsBlind,,https://twitter.com/BrettSVergara/status/1231021021630803969,1231021021630803969,370111830
2020-02-22 00:49:55+00:00,BrettSVergara,,27,201,2561,Is it too late to get #LoveIsBlind Mark on the next season of #TheBachelorette he deserves better than this,,Sat Feb 22 00:49:55 +0000 2020,,#LoveIsBlind #TheBachelorette,,https://twitter.com/BrettSVergara/status/1231018243583827969,1231018243583827969,370111830
2020-02-22 00:48:59+00:00,BrettSVergara,DeniseJaeG,0,0,0,I KNOW,,Sat Feb 22 00:48:59 +0000 2020,,,,https://twitter.com/BrettSVergara/status/1231018009650716676,1231018009650716676,370111830
2020-02-22 00:48:25+00:00,BrettSVergara,,12,75,1315,Jessica: so is Amber everything you expected?? Barnett: she’s actually even MORE than I expected Jessica: #LoveIsBlind,,Sat Feb 22 00:48:25 +0000 2020,,#LoveIsBlind,,https://twitter.com/BrettSVergara/status/1231017869640642560,1231017869640642560,370111830
2020-02-22 00:32:13+00:00,BrettSVergara,thewrightrachel,1,0,3,Rachel she needs your help,,Sat Feb 22 00:32:13 +0000 2020,,,,https://twitter.com/BrettSVergara/status/1231013790390640640,1231013790390640640,370111830
2020-02-22 00:24:20+00:00,BrettSVergara,,36,72,1106,This scene has truly the MOST chaotic energy and so much to unpack #LoveIsBlind,,Sat Feb 22 00:24:20 +0000 2020,,#LoveIsBlind,,https://twitter.com/BrettSVergara/status/1231011805838946305,1231011805838946305,370111830
2020-02-22 00:15:40+00:00,BrettSVergara,,2,13,332,Person: so hey how’s Mar- Jessica: #LoveIsBlind,,Sat Feb 22 00:15:40 +0000 2020,,#LoveIsBlind,,https://twitter.com/BrettSVergara/status/1231009625966891008,1231009625966891008,370111830
2020-02-22 00:12:09+00:00,BrettSVergara,,6,16,513,Jessica hates Mark SO MUCH I’m- #Loveisblind,,Sat Feb 22 00:12:09 +0000 2020,,#Loveisblind,,https://twitter.com/BrettSVergara/status/1231008739953692672,1231008739953692672,370111830
2020-02-22 00:11:15+00:00,BrettSVergara,,22,69,1115,*takes a deep breath*...GIRL WHAT #loveisblind,,Sat Feb 22 00:11:15 +0000 2020,,#loveisblind,,https://twitter.com/BrettSVergara/status/1231008513033482240,1231008513033482240,370111830
2020-02-21 22:29:46+00:00,BrettSVergara,,22,583,3058,Me: The heck is HBO Max? Sounds whack HBO Max: We’re doing a Friends Reunion special! Me:,,Fri Feb 21 22:29:46 +0000 2020,,,,https://twitter.com/BrettSVergara/status/1230982976302911488,1230982976302911488,370111830
2020-02-21 20:56:23+00:00,BrettSVergara,DanaSchwartzzz,1,0,25,I just laughed so hard oh my g-,,Fri Feb 21 20:56:23 +0000 2020,,,,https://twitter.com/BrettSVergara/status/1230959475709923329,1230959475709923329,370111830
