date,username,to,replies,retweets,favorites,text,mentions,formatted_date,geo,hashtags,urls,permalink,ID,author_id
2020-02-28 21:58:04+00:00,BrianMcLight,Cloud10LV,1,0,1,Excuse me????? ,,Fri Feb 28 21:58:04 +0000 2020,,,https://twitter.com/Cloud10LV/status/1233511422870671360,https://twitter.com/BrianMcLight/status/1233511712030109703,1233511712030109703,75943464
2020-02-28 21:52:45+00:00,BrianMcLight,shannon_sense,0,0,2,I don’t like the way the leather jacket is tailored on him. Think it’s a bit too femininely cut. Would’ve preferred a little baggier with the waist tailored perfectly.,,Fri Feb 28 21:52:45 +0000 2020,,,,https://twitter.com/BrianMcLight/status/1233510374860783616,1233510374860783616,75943464
2020-02-28 21:38:37+00:00,BrianMcLight,EddieZipperer,1,10,11,Lizzy called that man poor so eloquently. I am cracking up! ,,Fri Feb 28 21:38:37 +0000 2020,,,https://twitter.com/EddieZipperer/status/1233464446842003457,https://twitter.com/BrianMcLight/status/1233506819043209220,1233506819043209220,75943464
2020-02-28 20:34:29+00:00,BrianMcLight,fonzfranc,1,0,0,You love to tempt me. Let me get of this leg of my tour and see if there are any other available dates.,,Fri Feb 28 20:34:29 +0000 2020,,,,https://twitter.com/BrianMcLight/status/1233490679160025088,1233490679160025088,75943464
2020-02-28 20:12:58+00:00,BrianMcLight,Bladeweiser,0,3,1,Febreze Hawaiian Aloha,,Fri Feb 28 20:12:58 +0000 2020,,,https://twitter.com/Bladeweiser/status/1233423989093076992,https://twitter.com/BrianMcLight/status/1233485263176978434,1233485263176978434,75943464
2020-02-28 20:08:55+00:00,BrianMcLight,RJLR03,0,0,0,"I did 10 in 3 weeks. So, yes. Lol",,Fri Feb 28 20:08:55 +0000 2020,,,,https://twitter.com/BrianMcLight/status/1233484244908990464,1233484244908990464,75943464
2020-02-28 20:06:12+00:00,BrianMcLight,RJLR03,1,0,0,Want me to apologize?,,Fri Feb 28 20:06:12 +0000 2020,,,,https://twitter.com/BrianMcLight/status/1233483561296003072,1233483561296003072,75943464
2020-02-28 20:05:57+00:00,BrianMcLight,,1,0,1,Face* Just ask @Kpholla12 &amp; @fonzfranc ,@Kpholla12 @fonzfranc,Fri Feb 28 20:05:57 +0000 2020,,,,https://twitter.com/BrianMcLight/status/1233483499648229376,1233483499648229376,75943464
2020-02-28 20:04:40+00:00,BrianMcLight,RVAReid,1,0,0,You have plenty of bermudian options.,,Fri Feb 28 20:04:40 +0000 2020,,,,https://twitter.com/BrianMcLight/status/1233483174262530054,1233483174262530054,75943464
2020-02-28 20:04:29+00:00,BrianMcLight,,5,0,7,"You know what drink fucks me up? Cosmopolitans. Idc how girly they are, my ass slurps them pink bitches up until my fave goes numb.",,Fri Feb 28 20:04:29 +0000 2020,,,,https://twitter.com/BrianMcLight/status/1233483128993386502,1233483128993386502,75943464
2020-02-28 20:02:35+00:00,BrianMcLight,RVAReid,1,0,0,Did you make a damn baby like I requested?,,Fri Feb 28 20:02:35 +0000 2020,,,,https://twitter.com/BrianMcLight/status/1233482648397459458,1233482648397459458,75943464
2020-02-28 20:02:08+00:00,BrianMcLight,RJLR03,1,0,1,And it shows.,,Fri Feb 28 20:02:08 +0000 2020,,,,https://twitter.com/BrianMcLight/status/1233482535340068866,1233482535340068866,75943464
2020-02-28 19:27:06+00:00,BrianMcLight,_jahali,0,0,1,Nsndndbdh,,Fri Feb 28 19:27:06 +0000 2020,,,https://twitter.com/_jahali/status/1233113160707649536,https://twitter.com/BrianMcLight/status/1233473719017885696,1233473719017885696,75943464
2020-02-28 19:26:49+00:00,BrianMcLight,PrincessJauan,0,0,0,LOL!!! Stop playing! ... so happy you’re safe! ,,Fri Feb 28 19:26:49 +0000 2020,,,,https://twitter.com/BrianMcLight/status/1233473649107185664,1233473649107185664,75943464
2020-02-28 18:29:59+00:00,BrianMcLight,HausUrban,0,0,0, ,,Fri Feb 28 18:29:59 +0000 2020,,,https://twitter.com/HausUrban/status/1233390225604386816,https://twitter.com/BrianMcLight/status/1233459345934946304,1233459345934946304,75943464
2020-02-28 18:27:35+00:00,BrianMcLight,MikeSceezie,1,0,0,Michael!,,Fri Feb 28 18:27:35 +0000 2020,,,,https://twitter.com/BrianMcLight/status/1233458744643727360,1233458744643727360,75943464
2020-02-28 18:12:15+00:00,BrianMcLight,_jwigz,1,0,1,They come for McDonald’s neck now?,,Fri Feb 28 18:12:15 +0000 2020,,,https://twitter.com/_jwigz/status/1233453243910557696,https://twitter.com/BrianMcLight/status/1233454882138378240,1233454882138378240,75943464
2020-02-28 17:07:51+00:00,BrianMcLight,_CirocBoys_,0,0,0,LMFAO!!!,,Fri Feb 28 17:07:51 +0000 2020,,,https://twitter.com/_CirocBoys_/status/1233128563613802496,https://twitter.com/BrianMcLight/status/1233438676551716864,1233438676551716864,75943464
2020-02-28 16:23:27+00:00,BrianMcLight,Bladeweiser,0,0,0,And I be right on time when you call with me the shenanigans.,,Fri Feb 28 16:23:27 +0000 2020,,,,https://twitter.com/BrianMcLight/status/1233427504729337864,1233427504729337864,75943464
2020-02-28 16:11:02+00:00,BrianMcLight,eleven8,0,0,0,,,Fri Feb 28 16:11:02 +0000 2020,,,,https://twitter.com/BrianMcLight/status/1233424380308414471,1233424380308414471,75943464
2020-02-28 15:36:02+00:00,BrianMcLight,FredTJoseph,0,0,0,"London has some of the best West African and West Indian food I have ever had in my life (outside of said countries). I don’t bump with their traditional dishes, but the authentic ethic cuisine (& Nando’s) slap!!!",,Fri Feb 28 15:36:02 +0000 2020,,,https://twitter.com/FredTJoseph/status/1211281554623868934,https://twitter.com/BrianMcLight/status/1233415571137540096,1233415571137540096,75943464
2020-02-28 15:32:46+00:00,BrianMcLight,HeyMrsJay,0,0,0,Yes.,,Fri Feb 28 15:32:46 +0000 2020,,,,https://twitter.com/BrianMcLight/status/1233414749536374784,1233414749536374784,75943464
2020-02-28 15:20:16+00:00,BrianMcLight,InThierry,1,0,1,You of all people know I don’t. How many times I’ve fed you the “I’m so over that now” line. I be getting bored and dismissive. ,,Fri Feb 28 15:20:16 +0000 2020,,,,https://twitter.com/BrianMcLight/status/1233411601887309829,1233411601887309829,75943464
2020-02-28 15:19:25+00:00,BrianMcLight,itsTimHell,1,0,2,"“Corna Beer may cause Side Effects such as happiness, joy, relaxation and bliss.” — just gotta find a way to say it without saying it. It’s really a tough position to be in. Bless them.",,Fri Feb 28 15:19:25 +0000 2020,,,,https://twitter.com/BrianMcLight/status/1233411390070808576,1233411390070808576,75943464
2020-02-28 15:17:18+00:00,BrianMcLight,,1,0,0,"Also, I don’t think I give off relationship vibes. And people seem to want/expect that of me. Even if they don’t want an actual relationship, I think they want me to “care” more. ",,Fri Feb 28 15:17:18 +0000 2020,,,,https://twitter.com/BrianMcLight/status/1233410856886710272,1233410856886710272,75943464
2020-02-28 15:17:18+00:00,BrianMcLight,,1,0,2,There have been so many times initial interactions between me and someone started due to attraction but quickly switch to friendly and platonic. And I think it’s because I hold good conversation and I do make a bomb friend. I’m also one of the best wingman.,,Fri Feb 28 15:17:18 +0000 2020,,,,https://twitter.com/BrianMcLight/status/1233410855913562112,1233410855913562112,75943464
2020-02-28 15:13:39+00:00,BrianMcLight,itsTimHell,1,0,0,If it were me I would’ve spent some serious ad money with NBC in exchange for an SNL skit mocking people’s dumbness.,,Fri Feb 28 15:13:39 +0000 2020,,,,https://twitter.com/BrianMcLight/status/1233409936618553344,1233409936618553344,75943464
2020-02-28 15:10:53+00:00,BrianMcLight,itsTimHell,2,4,12,I feel seriously sorry for their Marketing/Communication team. Cause lord.,,Fri Feb 28 15:10:53 +0000 2020,,,https://twitter.com/itsTimHell/status/1233407926838218752,https://twitter.com/BrianMcLight/status/1233409243241418756,1233409243241418756,75943464
2020-02-28 15:05:06+00:00,BrianMcLight,Bladeweiser,1,0,2,,,Fri Feb 28 15:05:06 +0000 2020,,,,https://twitter.com/BrianMcLight/status/1233407786442280961,1233407786442280961,75943464
2020-02-28 14:57:42+00:00,BrianMcLight,,0,0,0,(Giving Perry a hard time is one of my fave things to do ),,Fri Feb 28 14:57:42 +0000 2020,,,,https://twitter.com/BrianMcLight/status/1233405923823099904,1233405923823099904,75943464
2020-02-28 14:57:14+00:00,BrianMcLight,Bladeweiser,1,0,1,Oh. So you do check text.,,Fri Feb 28 14:57:14 +0000 2020,,,,https://twitter.com/BrianMcLight/status/1233405806068015104,1233405806068015104,75943464
2020-02-28 14:55:24+00:00,BrianMcLight,,2,4,10,I will never understand white people’s obsession with wanting to say “nigger”.,,Fri Feb 28 14:55:24 +0000 2020,,,,https://twitter.com/BrianMcLight/status/1233405346766610432,1233405346766610432,75943464
2020-02-28 14:50:19+00:00,BrianMcLight,illustjuan,0,0,0,Jesus.,,Fri Feb 28 14:50:19 +0000 2020,,,,https://twitter.com/BrianMcLight/status/1233404064676941824,1233404064676941824,75943464
2020-02-28 14:39:59+00:00,BrianMcLight,Mr3_2,0,5,7,Because relationships are so ghetto.,,Fri Feb 28 14:39:59 +0000 2020,,,https://twitter.com/Mr3_2/status/1232743381996101632,https://twitter.com/BrianMcLight/status/1233401463889694721,1233401463889694721,75943464
2020-02-28 14:39:02+00:00,BrianMcLight,fonzfranc,0,0,1,This is why I stan you,,Fri Feb 28 14:39:02 +0000 2020,,,,https://twitter.com/BrianMcLight/status/1233401226739494914,1233401226739494914,75943464
2020-02-28 14:08:58+00:00,BrianMcLight,BIackCanary_,0,0,0,Dbdbejheheh,,Fri Feb 28 14:08:58 +0000 2020,,,https://twitter.com/BIackCanary_/status/1233197890316595200,https://twitter.com/BrianMcLight/status/1233393659065794561,1233393659065794561,75943464
2020-02-28 13:39:46+00:00,BrianMcLight,4TheCulture____,0,1,2,These thugs need to be stopped.,,Fri Feb 28 13:39:46 +0000 2020,,,https://twitter.com/4TheCulture____/status/1233213168886874114,https://twitter.com/BrianMcLight/status/1233386312079679488,1233386312079679488,75943464
2020-02-28 13:30:16+00:00,BrianMcLight,AD_Renaissance,1,0,0,"It’s like a lift of anxiety off of me. And that’s not to say I don’t use them cause I definitely do, but I make sure that I am able to keep my balances to a point where I am comfortable.",,Fri Feb 28 13:30:16 +0000 2020,,,,https://twitter.com/BrianMcLight/status/1233383922576297986,1233383922576297986,75943464
2020-02-28 13:26:25+00:00,BrianMcLight,fonzfranc,1,0,1,Nothing like a short-shortz summer.,,Fri Feb 28 13:26:25 +0000 2020,,,,https://twitter.com/BrianMcLight/status/1233382952874258438,1233382952874258438,75943464
2020-02-28 13:22:52+00:00,BrianMcLight,,2,0,20,I’ve made it my mission to spend more wisely as I got tired of my credit card balances being so high. Happy that all of them are now paid off. This is honestly the most financially stable I’ve felt in all my life.,,Fri Feb 28 13:22:52 +0000 2020,,,,https://twitter.com/BrianMcLight/status/1233382056387907584,1233382056387907584,75943464
2020-02-28 13:05:13+00:00,BrianMcLight,DemDawg_,0,1,11,Jamaican & Nigerian rhythm is unmatched.,,Fri Feb 28 13:05:13 +0000 2020,,,https://twitter.com/DemDawg_/status/1233193310304559104,https://twitter.com/BrianMcLight/status/1233377618638012416,1233377618638012416,75943464
2020-02-28 12:44:39+00:00,BrianMcLight,InThierry,1,0,0,And I bet my entire vacation still cost LESS than that microwave.,,Fri Feb 28 12:44:39 +0000 2020,,,,https://twitter.com/BrianMcLight/status/1233372439834497025,1233372439834497025,75943464
2020-02-28 12:24:41+00:00,BrianMcLight,nopolices,0,1,8,Points were made.,,Fri Feb 28 12:24:41 +0000 2020,,,https://twitter.com/nopolices/status/1233245206008475649,https://twitter.com/BrianMcLight/status/1233367414743670784,1233367414743670784,75943464
2020-02-28 11:59:28+00:00,BrianMcLight,NYGELSARTORIAL,3,45,153,Has Toni ever received any industry recognition for her contribution to fashion? Because A LOT of her 90s looks have inspired today’s fashions.,,Fri Feb 28 11:59:28 +0000 2020,,,https://twitter.com/NYGELSARTORIAL/status/1233116898558201856,https://twitter.com/BrianMcLight/status/1233361068744986624,1233361068744986624,75943464
2020-02-28 11:38:39+00:00,BrianMcLight,vxnlace26,1,0,2,See how you act when I’m out of town?,,Fri Feb 28 11:38:39 +0000 2020,,,https://twitter.com/vxnlace26/status/1233353397933309952,https://twitter.com/BrianMcLight/status/1233355829929267203,1233355829929267203,75943464
2020-02-28 10:51:31+00:00,BrianMcLight,InThierry,1,5,11,I’m so poor.,,Fri Feb 28 10:51:31 +0000 2020,,,https://twitter.com/InThierry/status/1233200835863203842,https://twitter.com/BrianMcLight/status/1233343971033780224,1233343971033780224,75943464
2020-02-27 23:17:12+00:00,BrianMcLight,____Kollin,2,20,42,"If Katy Perry & Kendrick Lamar had a baby, it’d be Doja Cat.",,Thu Feb 27 23:17:12 +0000 2020,,,https://twitter.com/____Kollin/status/1233054124041736192,https://twitter.com/BrianMcLight/status/1233169239500034048,1233169239500034048,75943464
2020-02-27 23:12:45+00:00,BrianMcLight,1Rylic,1,4,16,Whet?! I was terrified of this movie as a child. And Jordan Peele’s mind is sick so I am sure this it is going to be petrifying. I’ll be buying a pair of tickets to support but I surely will not be going to see it. Lol,,Thu Feb 27 23:12:45 +0000 2020,,,https://twitter.com/1Rylic/status/1233160214330765312,https://twitter.com/BrianMcLight/status/1233168119880921089,1233168119880921089,75943464
2020-02-27 23:11:19+00:00,BrianMcLight,_JustDenver,0,0,0,It’s over? ,,Thu Feb 27 23:11:19 +0000 2020,,,https://twitter.com/_JustDenver/status/1233164052311891968,https://twitter.com/BrianMcLight/status/1233167756897464321,1233167756897464321,75943464
2020-02-27 22:51:27+00:00,BrianMcLight,fonzfranc,0,1,5,He can definitely make a movie about a drug addicted pop star’s sister in-law being obsessed with her and ultimately posing her death as a suicide. And turn “shoop shoop” into a haunted version.,,Thu Feb 27 22:51:27 +0000 2020,,,https://twitter.com/fonzfranc/status/1233158553155887111,https://twitter.com/BrianMcLight/status/1233162760286097408,1233162760286097408,75943464
2020-02-27 22:42:22+00:00,BrianMcLight,Kpholla12,0,0,0,The fact that she said it so confidently and matter-of-factly. I died. ,,Thu Feb 27 22:42:22 +0000 2020,,,,https://twitter.com/BrianMcLight/status/1233160471559262210,1233160471559262210,75943464
2020-02-27 22:30:36+00:00,BrianMcLight,doctuh_p,1,0,0,Are you holding up a mirror?,,Thu Feb 27 22:30:36 +0000 2020,,,,https://twitter.com/BrianMcLight/status/1233157510040825858,1233157510040825858,75943464
2020-02-27 22:14:23+00:00,BrianMcLight,chartdata,0,8,10,How Bickenhead isn’t the highest selling track is beyond me.,,Thu Feb 27 22:14:23 +0000 2020,,,https://twitter.com/chartdata/status/1233144733431738368,https://twitter.com/BrianMcLight/status/1233153430216155136,1233153430216155136,75943464
2020-02-27 22:12:51+00:00,BrianMcLight,CowoftheDay1,0,4,4,Anna is a bad ass bitch,,Thu Feb 27 22:12:51 +0000 2020,,,https://twitter.com/CowoftheDay1/status/1232730068289511425,https://twitter.com/BrianMcLight/status/1233153046315708416,1233153046315708416,75943464
2020-02-27 21:37:19+00:00,BrianMcLight,Kpholla12,1,0,0,The way she knew by the ugly tie. You know she be letting them have it!!!!,,Thu Feb 27 21:37:19 +0000 2020,,,,https://twitter.com/BrianMcLight/status/1233144104860684289,1233144104860684289,75943464
2020-02-27 21:20:39+00:00,BrianMcLight,doctuh_p,1,0,0,I don’t be on them streets.,,Thu Feb 27 21:20:39 +0000 2020,,,,https://twitter.com/BrianMcLight/status/1233139908463808512,1233139908463808512,75943464
2020-02-27 20:51:19+00:00,BrianMcLight,doctuh_p,1,0,0,So say who?,,Thu Feb 27 20:51:19 +0000 2020,,,,https://twitter.com/BrianMcLight/status/1233132525410824199,1233132525410824199,75943464
2020-02-27 20:26:58+00:00,BrianMcLight,urban_elegance,1,0,0,Obviously not you. You have no faith in me. :(,,Thu Feb 27 20:26:58 +0000 2020,,,,https://twitter.com/BrianMcLight/status/1233126399134851073,1233126399134851073,75943464
2020-02-27 20:23:04+00:00,BrianMcLight,urban_elegance,1,0,0,How active that I am NOT. Y’all think I be out here and I be like Mary Jr.,,Thu Feb 27 20:23:04 +0000 2020,,,,https://twitter.com/BrianMcLight/status/1233125415725735936,1233125415725735936,75943464
2020-02-27 20:13:50+00:00,BrianMcLight,urban_elegance,1,1,7,I think so.,,Thu Feb 27 20:13:50 +0000 2020,,,https://twitter.com/urban_elegance/status/1233099171436957698,https://twitter.com/BrianMcLight/status/1233123092190441474,1233123092190441474,75943464
2020-02-27 19:35:28+00:00,BrianMcLight,__Dutch,0,0,3,My Queen deserves more tbh!,,Thu Feb 27 19:35:28 +0000 2020,,,,https://twitter.com/BrianMcLight/status/1233113437024157696,1233113437024157696,75943464
2020-02-27 19:27:25+00:00,BrianMcLight,,1,0,3,https://twitter.com/doctuh_p/status/1233053643965898754,,Thu Feb 27 19:27:25 +0000 2020,,,https://twitter.com/doctuh_p/status/1233053643965898754,https://twitter.com/BrianMcLight/status/1233111411867316224,1233111411867316224,75943464
2020-02-27 19:21:11+00:00,BrianMcLight,AngryManTV,1,2,5,Large menus give me an anxiety like no other.,,Thu Feb 27 19:21:11 +0000 2020,,,https://twitter.com/AngryManTV/status/1233101297747988480,https://twitter.com/BrianMcLight/status/1233109844133105664,1233109844133105664,75943464
2020-02-27 19:20:30+00:00,BrianMcLight,PLS7180,0,1,2,PERIOD!,,Thu Feb 27 19:20:30 +0000 2020,,,https://twitter.com/PLS7180/status/1233109360550830082,https://twitter.com/BrianMcLight/status/1233109672015671301,1233109672015671301,75943464
2020-02-27 19:11:38+00:00,BrianMcLight,mrvndn,0,2,3,LMFAO!!!! I LOVE Lizzy!,,Thu Feb 27 19:11:38 +0000 2020,,,https://twitter.com/mrvndn/status/1233042201288093696,https://twitter.com/BrianMcLight/status/1233107440423624704,1233107440423624704,75943464
2020-02-27 18:49:07+00:00,BrianMcLight,,0,0,9,"“No no. Denis would never do that because Denis is Gang-Gang. If I don’t like her you don’t like her, you don’t need to know why. I just don’t like her so WE don’t like her.” — when I tell you Porsha cracks me up every episode. #RHOA",,Thu Feb 27 18:49:07 +0000 2020,,#RHOA,,https://twitter.com/BrianMcLight/status/1233101772778090496,1233101772778090496,75943464
2020-02-27 17:39:16+00:00,BrianMcLight,urban_elegance,0,0,2,It already came immaculately styled. They make it when you got the coins.,,Thu Feb 27 17:39:16 +0000 2020,,,,https://twitter.com/BrianMcLight/status/1233084194949074944,1233084194949074944,75943464
2020-02-27 17:29:12+00:00,BrianMcLight,urban_elegance,1,0,1,He just purchased an entire million dollar estate. Ain’t no leaving now.,,Thu Feb 27 17:29:12 +0000 2020,,,,https://twitter.com/BrianMcLight/status/1233081662877073409,1233081662877073409,75943464
2020-02-27 17:27:48+00:00,BrianMcLight,dontaskmyneba,0,0,0,"Exactly. And like girl... we rich, booked and busy af we don’t need to be doing all these videos. But again, supportive patterning. We LOVE to see it.",,Thu Feb 27 17:27:48 +0000 2020,,,,https://twitter.com/BrianMcLight/status/1233081310538878976,1233081310538878976,75943464
2020-02-27 17:25:49+00:00,BrianMcLight,mattctrl,0,1,9,This new body has given SZA the confidence I love to see! She looks amazing! Cannot wait for her sophomore project.,,Thu Feb 27 17:25:49 +0000 2020,,,https://twitter.com/mattctrl/status/1233060324267393024,https://twitter.com/BrianMcLight/status/1233080812314222594,1233080812314222594,75943464
2020-02-27 17:22:14+00:00,BrianMcLight,dontaskmyneba,1,0,0,"I just love how the James/Wade family are keen on giving their children love, support and seemingly at home life normalcy.",,Thu Feb 27 17:22:14 +0000 2020,,,,https://twitter.com/BrianMcLight/status/1233079910954131456,1233079910954131456,75943464
2020-02-27 17:19:48+00:00,BrianMcLight,,1,10,14,Whoever does the music directing for Peele’s films also deserves an Oscar.,,Thu Feb 27 17:19:48 +0000 2020,,,,https://twitter.com/BrianMcLight/status/1233079295410569217,1233079295410569217,75943464
2020-02-27 17:10:13+00:00,BrianMcLight,kialajaray,1,1,9,EXACTLY! They’re usually so far removed for anything typical that most of us don’t even know how to genre them. Lol,,Thu Feb 27 17:10:13 +0000 2020,,,,https://twitter.com/BrianMcLight/status/1233076886021996545,1233076886021996545,75943464
2020-02-27 16:56:23+00:00,BrianMcLight,,4,194,457,I also want to point out that loads of you take our critiques of Tyler Perry productions as being anti-black and unsupportive. But Jordan Peele is a great example of how you can hire a predominately black cast/crew and STILL make amazing content that people want to support.,,Thu Feb 27 16:56:23 +0000 2020,,,,https://twitter.com/BrianMcLight/status/1233073405232132099,1233073405232132099,75943464
2020-02-27 16:53:01+00:00,BrianMcLight,CandymanMovie,0,2,10,I’m very happy to see the way Yahya’s career is going. He’s really talented.,,Thu Feb 27 16:53:01 +0000 2020,,,https://twitter.com/CandymanMovie/status/1233059280695238657,https://twitter.com/BrianMcLight/status/1233072557378691073,1233072557378691073,75943464
2020-02-27 16:51:04+00:00,BrianMcLight,,0,0,0,"Happy Birthday to one of the most genuine people I’ve been lucky enough to meet... @RVAReid. Hope you enjoy the hell out of your day, old man. Now stop playing and go and make a baby tonight.",@RVAReid,Thu Feb 27 16:51:04 +0000 2020,,,,https://twitter.com/BrianMcLight/status/1233072067735625728,1233072067735625728,75943464
2020-02-27 16:46:59+00:00,BrianMcLight,JawnRedcorn,1,0,2,That’s just their regular inside voice. lol,,Thu Feb 27 16:46:59 +0000 2020,,,https://twitter.com/JawnRedcorn/status/1233068458625183744,https://twitter.com/BrianMcLight/status/1233071039778783237,1233071039778783237,75943464
2020-02-27 16:44:17+00:00,BrianMcLight,Lut3ndo,0,1,7,Bitch if you don’t give me a HARD boiled egg and stop playing.,,Thu Feb 27 16:44:17 +0000 2020,,,https://twitter.com/Lut3ndo/status/1232967951822852096,https://twitter.com/BrianMcLight/status/1233070356715462657,1233070356715462657,75943464
2020-02-27 16:27:45+00:00,BrianMcLight,_KJCRAY,1,0,1,"Lmfao!!! We gotta start owning our shit, Virgo fren!",,Thu Feb 27 16:27:45 +0000 2020,,,,https://twitter.com/BrianMcLight/status/1233066197370974208,1233066197370974208,75943464
2020-02-27 13:39:19+00:00,BrianMcLight,Phour_Loko,2,0,2,I take none. But I definitely need to start. DM your list. You know you’re my inspiration.,,Thu Feb 27 13:39:19 +0000 2020,,,https://twitter.com/Phour_Loko/status/1232744526311280647,https://twitter.com/BrianMcLight/status/1233023810166718465,1233023810166718465,75943464
2020-02-27 13:37:00+00:00,BrianMcLight,Tre89,1,1,5,Cheat and ruin lives?,,Thu Feb 27 13:37:00 +0000 2020,,,https://twitter.com/Tre89/status/1232871618898284544,https://twitter.com/BrianMcLight/status/1233023225229127680,1233023225229127680,75943464
2020-02-27 13:36:11+00:00,BrianMcLight,InThierry,1,0,1,I see her switching more into that pop/rap lane to become mainstream. She has a great voice and the look so it’d be a smart move.,,Thu Feb 27 13:36:11 +0000 2020,,,,https://twitter.com/BrianMcLight/status/1233023021281087489,1233023021281087489,75943464
2020-02-27 13:27:32+00:00,BrianMcLight,djordxc,1,0,3,And will inform you in the most logical and monotone way. Lol,,Thu Feb 27 13:27:32 +0000 2020,,,,https://twitter.com/BrianMcLight/status/1233020843384594434,1233020843384594434,75943464
2020-02-27 13:24:55+00:00,BrianMcLight,Bladeweiser,0,0,0,Or weeks*,,Thu Feb 27 13:24:55 +0000 2020,,,,https://twitter.com/BrianMcLight/status/1233020187525419008,1233020187525419008,75943464
2020-02-27 13:20:00+00:00,BrianMcLight,LocsWithoutKeys,0,0,1,Very much signing a new lease by lunch.,,Thu Feb 27 13:20:00 +0000 2020,,,,https://twitter.com/BrianMcLight/status/1233018949266296832,1233018949266296832,75943464
2020-02-27 13:19:15+00:00,BrianMcLight,CliftonW21,1,0,1,LMFAO! You’re petty.,,Thu Feb 27 13:19:15 +0000 2020,,,,https://twitter.com/BrianMcLight/status/1233018760996564994,1233018760996564994,75943464
2020-02-27 13:16:35+00:00,BrianMcLight,theerkj,1,0,1,He just KNEW!m he was eating.,,Thu Feb 27 13:16:35 +0000 2020,,,,https://twitter.com/BrianMcLight/status/1233018090671296519,1233018090671296519,75943464
2020-02-27 13:12:36+00:00,BrianMcLight,astrologychef,6,6,25,"A Virgo wouldn’t be sad over this. They’d be moved out by the time you got home from work. Virgos aren’t emotional, they’re vindictive and have to hurt your feelings more than you hurt theirs. Lol",,Thu Feb 27 13:12:36 +0000 2020,,,https://twitter.com/astrologychef/status/1232707286885392386,https://twitter.com/BrianMcLight/status/1233017087796371458,1233017087796371458,75943464
2020-02-27 13:08:33+00:00,BrianMcLight,KMJeezy,0,0,0,Kelly!,,Thu Feb 27 13:08:33 +0000 2020,,,,https://twitter.com/BrianMcLight/status/1233016065501925379,1233016065501925379,75943464
2020-02-27 13:08:11+00:00,BrianMcLight,,0,0,0,Whenever I visit other islands it really shows me just how much of a North American influence Bermuda has. Lol,,Thu Feb 27 13:08:11 +0000 2020,,,,https://twitter.com/BrianMcLight/status/1233015974036738055,1233015974036738055,75943464
2020-02-27 13:06:02+00:00,BrianMcLight,__Dutch,0,0,0,"I’m such a stan. Happy Birthday, Queen!!!",,Thu Feb 27 13:06:02 +0000 2020,,,,https://twitter.com/BrianMcLight/status/1233015432686292992,1233015432686292992,75943464
2020-02-27 13:04:53+00:00,BrianMcLight,HollyGoNightly1,1,0,1,"Thank you, boo! I’m just tryna be your mama’s Christmas trees of carnival.",,Thu Feb 27 13:04:53 +0000 2020,,,,https://twitter.com/BrianMcLight/status/1233015143010832385,1233015143010832385,75943464
2020-02-27 13:00:47+00:00,BrianMcLight,Jb_XIIVI,0,3,9,A beard can literally take a nigga from Jimmy Brooks to Drake.,,Thu Feb 27 13:00:47 +0000 2020,,,https://twitter.com/Jb_XIIVI/status/1232714396092313600,https://twitter.com/BrianMcLight/status/1233014111610589184,1233014111610589184,75943464
2020-02-27 12:52:06+00:00,BrianMcLight,Kpholla12,1,0,0,If you’ve watched the performance then you’re definitely a fan now.,,Thu Feb 27 12:52:06 +0000 2020,,,,https://twitter.com/BrianMcLight/status/1233011927128977408,1233011927128977408,75943464
2020-02-27 12:35:11+00:00,BrianMcLight,HeyMrsJay,0,0,0,And RKelly. And CThaGod. And Bill Cosby. Shred the entire photo.,,Thu Feb 27 12:35:11 +0000 2020,,,,https://twitter.com/BrianMcLight/status/1233007668920487941,1233007668920487941,75943464
2020-02-27 12:23:28+00:00,BrianMcLight,BuddyNoLove,0,0,0,I bet she sends that machine right back to you. ,,Thu Feb 27 12:23:28 +0000 2020,,,,https://twitter.com/BrianMcLight/status/1233004723105599488,1233004723105599488,75943464
2020-02-27 12:21:32+00:00,BrianMcLight,BuddyNoLove,1,0,0,But then she’d have to actually make the cup of coffee herself and do dishes. Lol,,Thu Feb 27 12:21:32 +0000 2020,,,,https://twitter.com/BrianMcLight/status/1233004234133639169,1233004234133639169,75943464
2020-02-27 12:14:26+00:00,BrianMcLight,dontaskmyneba,0,0,0,Lmfao. I definitely paid for it the next day.,,Thu Feb 27 12:14:26 +0000 2020,,,,https://twitter.com/BrianMcLight/status/1233002446974332928,1233002446974332928,75943464
2020-02-27 12:10:22+00:00,BrianMcLight,itsxmicah,2,28,82,Doja really isn’t playing with y’all. She has the presence and look of a Pop star with the raunchy lyrics of a rapper. It’s perfect.,,Thu Feb 27 12:10:22 +0000 2020,,,https://twitter.com/itsxmicah/status/1232904627571568640,https://twitter.com/BrianMcLight/status/1233001423542996992,1233001423542996992,75943464
2020-02-27 12:06:45+00:00,BrianMcLight,djordxc,1,0,3,The first 5 seconds of this video are exactly how a nigga that’s about to lie to you looks.,,Thu Feb 27 12:06:45 +0000 2020,,,https://twitter.com/djordxc/status/1232884231820410880,https://twitter.com/BrianMcLight/status/1233000514754875404,1233000514754875404,75943464
