date,username,to,replies,retweets,favorites,text,mentions,formatted_date,geo,hashtags,urls,permalink,ID,author_id
2020-02-28 23:28:19+00:00,catsqvad,,0,0,1,i want my life to be as soft and slow as a shoujo ai ,,Fri Feb 28 23:28:19 +0000 2020,,,,https://twitter.com/catsqvad/status/1233534424249257985,1233534424249257985,788103218
2020-02-27 11:56:45+00:00,catsqvad,rightstufanime,0,0,0,My Next Life as an Otaku But I’m Doing my Best!,,Thu Feb 27 11:56:45 +0000 2020,,,https://twitter.com/rightstufanime/status/1232094612413530113,https://twitter.com/catsqvad/status/1232997996993957889,1232997996993957889,788103218
2020-02-26 03:01:19+00:00,catsqvad,catsqvad,0,0,1,"mb homie wasn’t comfortable disclosing 1st/2nd/3rd date... but if u poppin the question & you haven’t said anything, that’s disrespectful tf",,Wed Feb 26 03:01:19 +0000 2020,,,,https://twitter.com/catsqvad/status/1232500862855110656,1232500862855110656,788103218
2020-02-26 02:59:27+00:00,catsqvad,platanosNmovies,2,0,1,"i’m conflicted cuz ik how hard coming out is but to wait until ur FOUR WEEKS FROM GETTING MARRIED??? nah, she deserves to be a lil pissed",,Wed Feb 26 02:59:27 +0000 2020,,,,https://twitter.com/catsqvad/status/1232500395651588097,1232500395651588097,788103218
2020-02-26 02:53:25+00:00,catsqvad,platanosNmovies,1,0,1,tooooo many fucking layers on this one,,Wed Feb 26 02:53:25 +0000 2020,,,,https://twitter.com/catsqvad/status/1232498876600336384,1232498876600336384,788103218
2020-02-23 20:11:32+00:00,catsqvad,,0,0,0,risa from lovely complex is a gemini.. HAS to be,,Sun Feb 23 20:11:32 +0000 2020,,,,https://twitter.com/catsqvad/status/1231672964321599490,1231672964321599490,788103218
2020-02-21 23:54:40+00:00,catsqvad,,2,0,10,dreaming of... the first time a student tells me i really meant something in their life ,,Fri Feb 21 23:54:40 +0000 2020,,,,https://twitter.com/catsqvad/status/1231004341085122561,1231004341085122561,788103218
2020-02-21 23:14:14+00:00,catsqvad,gbg_buckss,0,0,4, ,,Fri Feb 21 23:14:14 +0000 2020,,,https://twitter.com/gbg_buckss/status/1230601958232383516,https://twitter.com/catsqvad/status/1230994163669356549,1230994163669356549,788103218
2020-02-21 00:53:15+00:00,catsqvad,emdashzhu,0,0,2,ok i feel kinda validated by your indifference. i don’t even like the horoscope blurb lmao.,,Fri Feb 21 00:53:15 +0000 2020,,,,https://twitter.com/catsqvad/status/1230656695434645505,1230656695434645505,788103218
2020-02-21 00:07:46+00:00,catsqvad,,1,0,0,would like to know how many people actually like their spotify horoscope playlist cuz i’ve tried so many times to get into mine and.. no...,,Fri Feb 21 00:07:46 +0000 2020,,,,https://twitter.com/catsqvad/status/1230645248478543873,1230645248478543873,788103218
2020-02-19 19:09:40+00:00,catsqvad,,0,0,2,he's telling me all the family business sfjhsf this man cannot be trusted,,Wed Feb 19 19:09:40 +0000 2020,,,,https://twitter.com/catsqvad/status/1230207842130518020,1230207842130518020,788103218
2020-02-19 19:06:47+00:00,catsqvad,,1,0,2,"HE WILL NOT STOP TALKING ABOUT PEOPLE READING IN THE BATHROOM. HE CLEARLY HATES THAT SHIT. he has stories from the fucking SEVENTIES about assholes who used to read on the toilet, his whole family apparently reads on the toilet.. the times, the post, magazines, books..",,Wed Feb 19 19:06:47 +0000 2020,,,,https://twitter.com/catsqvad/status/1230207116587261953,1230207116587261953,788103218
2020-02-19 18:53:22+00:00,catsqvad,,1,0,2,i'm a whole though cuz i keep talking to him. fuck,,Wed Feb 19 18:53:22 +0000 2020,,,,https://twitter.com/catsqvad/status/1230203740961083394,1230203740961083394,788103218
2020-02-19 18:51:46+00:00,catsqvad,,1,0,7,"having the unfortunate experience of an older man sit next to me who will NOT stop talking to me... not even 5 mins sitting next to me and he told he was newlywed twice, that his whole family is dead, where his fucking wife lives.. come collect this man someone please",,Wed Feb 19 18:51:46 +0000 2020,,,,https://twitter.com/catsqvad/status/1230203338307907585,1230203338307907585,788103218
2020-02-19 16:21:04+00:00,catsqvad,,0,0,0,there's a time for plantain and a time for bananas,,Wed Feb 19 16:21:04 +0000 2020,,,,https://twitter.com/catsqvad/status/1230165413973155840,1230165413973155840,788103218
2020-02-19 16:19:51+00:00,catsqvad,pr3cioustaiwo,2,0,3,dominicans do this all the time shit slaps. we have super ripe bananas at home and i've done this all week because of it,,Wed Feb 19 16:19:51 +0000 2020,,,https://twitter.com/pr3cioustaiwo/status/1229723878894817280,https://twitter.com/catsqvad/status/1230165106581004294,1230165106581004294,788103218
2020-02-19 14:58:55+00:00,catsqvad,,0,0,7,they fuckin took pop smoke from us what the fuck...,,Wed Feb 19 14:58:55 +0000 2020,,,,https://twitter.com/catsqvad/status/1230144740563267584,1230144740563267584,788103218
2020-02-18 23:00:59+00:00,catsqvad,,0,0,3,everyday i get on the 1 train and watch white ppl avoid sitting next to black ppl (esp. dark-skinned black men) and stand instead,,Tue Feb 18 23:00:59 +0000 2020,,,,https://twitter.com/catsqvad/status/1229903668637552641,1229903668637552641,788103218
2020-02-16 07:12:43+00:00,catsqvad,,0,0,3,unreasonably excited to see @The_CDLP in march ,@The_CDLP,Sun Feb 16 07:12:43 +0000 2020,,,,https://twitter.com/catsqvad/status/1228940252317876225,1228940252317876225,788103218
2020-02-15 22:50:49+00:00,catsqvad,,1,0,6,i think i subconsciously wore my star wars tee today as rebellion against this tweet,,Sat Feb 15 22:50:49 +0000 2020,,,,https://twitter.com/catsqvad/status/1228813943939964928,1228813943939964928,788103218
2020-02-15 22:42:52+00:00,catsqvad,,0,0,6,my uber got this house music on that make me feel like i’m in a loading screen,,Sat Feb 15 22:42:52 +0000 2020,,,,https://twitter.com/catsqvad/status/1228811943693209606,1228811943693209606,788103218
2020-02-15 15:50:00+00:00,catsqvad,padmestrap,1,0,5, ,,Sat Feb 15 15:50:00 +0000 2020,,,https://twitter.com/padmestrap/status/1228137248157159424,https://twitter.com/catsqvad/status/1228708043120152577,1228708043120152577,788103218
2020-02-14 23:59:25+00:00,catsqvad,virgobench,1,0,1,BRO i almost put below her mouth on the list too but i was like damn... do i REALLY wanna advertise how gay i am THAT badly...,,Fri Feb 14 23:59:25 +0000 2020,,,,https://twitter.com/catsqvad/status/1228468820890804226,1228468820890804226,788103218
2020-02-14 14:53:10+00:00,catsqvad,platanosNmovies,1,0,7,10 movies to know me: 1. Inception 2. The Dark Knight 3. SW Revenge of the Sith 4. SW Return of the Jedi 5. Star Trek (2009) 6. LOTR Two Towers 7. The Boondock Saints 8. High School Musical 2 9. HP Goblet of Fire 10. 13 Going on 30,,Fri Feb 14 14:53:10 +0000 2020,,,https://twitter.com/platanosNmovies/status/1228321237522407426,https://twitter.com/catsqvad/status/1228331351453163520,1228331351453163520,788103218
2020-02-14 02:10:29+00:00,catsqvad,,0,0,11,for spring break i’m treating myself by getting a full set tweeting this for accountability purposes,,Fri Feb 14 02:10:29 +0000 2020,,,,https://twitter.com/catsqvad/status/1228139416167862275,1228139416167862275,788103218
2020-02-12 00:12:15+00:00,catsqvad,,0,0,1,SOLD OUT SHOW TO SEE @ElectricGuest ,@ElectricGuest,Wed Feb 12 00:12:15 +0000 2020,,,,https://twitter.com/catsqvad/status/1227384888485142529,1227384888485142529,788103218
2020-02-10 00:54:01+00:00,catsqvad,yagirlht,0,0,1,yes,,Mon Feb 10 00:54:01 +0000 2020,,,,https://twitter.com/catsqvad/status/1226670622832500736,1226670622832500736,788103218
2020-02-10 00:41:43+00:00,catsqvad,papacbj,1,0,1,ye boi,,Mon Feb 10 00:41:43 +0000 2020,,,,https://twitter.com/catsqvad/status/1226667526119206913,1226667526119206913,788103218
2020-02-09 19:54:48+00:00,catsqvad,,2,0,8,are alum allowed to crash poc formal?,,Sun Feb 09 19:54:48 +0000 2020,,,,https://twitter.com/catsqvad/status/1226595322090024960,1226595322090024960,788103218
2020-02-09 13:10:08+00:00,catsqvad,platanosNmovies,1,0,0,,,Sun Feb 09 13:10:08 +0000 2020,,,,https://twitter.com/catsqvad/status/1226493486280650752,1226493486280650752,788103218
2020-02-08 14:59:25+00:00,catsqvad,catsqvad,1,0,2,miss jackie aina taught me to use setting powder under the eye and a clean brush to clean up fallout after applying my base!,,Sat Feb 08 14:59:25 +0000 2020,,,,https://twitter.com/catsqvad/status/1226158600697131009,1226158600697131009,788103218
2020-02-08 14:58:41+00:00,catsqvad,virgobench,1,0,1,"yeah, i saw that’s what ppl seemed concerned abt in the replies!! i’d never even thought that could be the reason",,Sat Feb 08 14:58:41 +0000 2020,,,,https://twitter.com/catsqvad/status/1226158414205579266,1226158414205579266,788103218
2020-02-08 13:25:03+00:00,catsqvad,Naezrah,1,0,4,never understood why ppl would do eyeshadow before the base because then what if you're applying the foundation and it messes up the sides of your shadow???,,Sat Feb 08 13:25:03 +0000 2020,,,https://twitter.com/Naezrah/status/1225904215039541248,https://twitter.com/catsqvad/status/1226134851926933504,1226134851926933504,788103218
2020-02-07 23:45:38+00:00,catsqvad,ShoNuffshawtyy,0,0,1,definition of disgusting and unnecessary ,,Fri Feb 07 23:45:38 +0000 2020,,,,https://twitter.com/catsqvad/status/1225928635451924480,1225928635451924480,788103218
2020-02-07 23:04:26+00:00,catsqvad,platanosNmovies,1,0,0, ,,Fri Feb 07 23:04:26 +0000 2020,,,,https://twitter.com/catsqvad/status/1225918267384115201,1225918267384115201,788103218
2020-02-07 22:49:34+00:00,catsqvad,KEIRYYONCE,0,0,17,WHY NOBODY TOLD ME SHE WAS THERE I WAS IN THE LOUNGE DOING WORK ALL DAY *SCREAMING*,,Fri Feb 07 22:49:34 +0000 2020,,,https://twitter.com/KEIRYYONCE/status/1225227997524848640,https://twitter.com/catsqvad/status/1225914527784542214,1225914527784542214,788103218
2020-02-07 22:35:42+00:00,catsqvad,,1,0,2,also to the people who put that nasty ass puke video on my tl,,Fri Feb 07 22:35:42 +0000 2020,,,,https://twitter.com/catsqvad/status/1225911040136896512,1225911040136896512,788103218
2020-02-07 22:33:52+00:00,catsqvad,,0,0,8,my hope for the future is for people to understand the difference between race and ethnicities and that the u.s. racial/ethnic context is not the only one in the world. amen.,,Fri Feb 07 22:33:52 +0000 2020,,,,https://twitter.com/catsqvad/status/1225910577681326081,1225910577681326081,788103218
2020-02-07 02:02:49+00:00,catsqvad,papacbj,1,0,3,lol if ur serious about that hit me up one day,,Fri Feb 07 02:02:49 +0000 2020,,,,https://twitter.com/catsqvad/status/1225600772752236544,1225600772752236544,788103218
2020-02-06 12:23:07+00:00,catsqvad,,0,1,8,mta can suck my whole nuts today,,Thu Feb 06 12:23:07 +0000 2020,,,,https://twitter.com/catsqvad/status/1225394490044813313,1225394490044813313,788103218
2020-02-03 01:38:47+00:00,catsqvad,,0,0,5,that’s not to say i didn’t stan my tax evasion KWEEN shakira and thirst over miss jlo but iajs that would’ve been a cool opportunity,,Mon Feb 03 01:38:47 +0000 2020,,,,https://twitter.com/catsqvad/status/1224145174688882688,1224145174688882688,788103218
2020-02-03 01:35:54+00:00,catsqvad,,0,0,1,JAY Z YOU FUMBLED THAT SHIT NIGGA,,Mon Feb 03 01:35:54 +0000 2020,,,,https://twitter.com/catsqvad/status/1224144447979577344,1224144447979577344,788103218
2020-02-03 01:35:42+00:00,catsqvad,,2,0,9,it’s BHM. recognize black latinx ppl you cowards. y’all had two YT reggaetoneros AND performed “i like it” which was cardi b fuckin MAGIC,,Mon Feb 03 01:35:42 +0000 2020,,,,https://twitter.com/catsqvad/status/1224144396779692032,1224144396779692032,788103218
2020-02-03 01:33:45+00:00,catsqvad,,1,0,7,deadass how cool would it have been for them to uplift the black latinx population at this halftime show,,Mon Feb 03 01:33:45 +0000 2020,,,,https://twitter.com/catsqvad/status/1224143905848991745,1224143905848991745,788103218
2020-02-03 01:30:28+00:00,catsqvad,virgobench,0,0,1, ,,Mon Feb 03 01:30:28 +0000 2020,,,,https://twitter.com/catsqvad/status/1224143080405729282,1224143080405729282,788103218
2020-02-02 22:55:53+00:00,catsqvad,costarastrology,1,0,5,i think i’m unpredictable but really i’m just a nervous teddy bear lmaoo,,Sun Feb 02 22:55:53 +0000 2020,,,https://twitter.com/costarastrology/status/1224059920846327810,https://twitter.com/catsqvad/status/1224104178685030400,1224104178685030400,788103218
2020-02-02 14:48:21+00:00,catsqvad,redditships,0,0,2,"i would never cook for this person again, personally. fuck outta here.",,Sun Feb 02 14:48:21 +0000 2020,,,https://twitter.com/redditships/status/1223960480433287169,https://twitter.com/catsqvad/status/1223981488347209733,1223981488347209733,788103218
2020-01-31 23:04:55+00:00,catsqvad,KimA_Possible,1,0,0,now we absolutely MUST catch up!!!,,Fri Jan 31 23:04:55 +0000 2020,,,,https://twitter.com/catsqvad/status/1223381676195184640,1223381676195184640,788103218
2020-01-31 23:04:18+00:00,catsqvad,,0,0,4,i look SO cute... minus the fact that my (weather appropriate) boots aren’t the right vibe at all /:,,Fri Jan 31 23:04:18 +0000 2020,,,,https://twitter.com/catsqvad/status/1223381519139528705,1223381519139528705,788103218
2020-01-31 21:16:33+00:00,catsqvad,KimA_Possible,1,0,0,OMG KIMMMM CONGRATS!! ,,Fri Jan 31 21:16:33 +0000 2020,,,,https://twitter.com/catsqvad/status/1223354403811397632,1223354403811397632,788103218
2020-01-31 12:39:14+00:00,catsqvad,cogitatotomato,0,0,3,useful thread,,Fri Jan 31 12:39:14 +0000 2020,,,https://twitter.com/cogitatotomato/status/1222255735884541952,https://twitter.com/catsqvad/status/1223224216255967233,1223224216255967233,788103218
2020-01-31 04:49:58+00:00,catsqvad,starsNcharts,2,1,9,pretty sure i did this at my session today literally why the fuck am i like this,,Fri Jan 31 04:49:58 +0000 2020,,,https://twitter.com/starsNcharts/status/1223047085282484225,https://twitter.com/catsqvad/status/1223106123781177350,1223106123781177350,788103218
2020-01-31 03:56:46+00:00,catsqvad,anthoknees,0,0,9,yo this workload is NOT CUTE,,Fri Jan 31 03:56:46 +0000 2020,,,https://twitter.com/anthoknees/status/1222788982821421056,https://twitter.com/catsqvad/status/1223092735688704001,1223092735688704001,788103218
2020-01-30 05:24:16+00:00,catsqvad,,0,0,11,had 2 drinks tn and wiped out in spectacular fashion. this is Adulthood ,,Thu Jan 30 05:24:16 +0000 2020,,,,https://twitter.com/catsqvad/status/1222752367239737344,1222752367239737344,788103218
2020-01-29 23:18:46+00:00,catsqvad,virgobench,0,0,2, being not sober alone is a very mgood emotional experience,,Wed Jan 29 23:18:46 +0000 2020,,,,https://twitter.com/catsqvad/status/1222660384743550976,1222660384743550976,788103218
2020-01-29 22:08:17+00:00,catsqvad,,2,0,7,does everyone who gets drunk alone feel like crying or is it just my depressed and anxious ass?,,Wed Jan 29 22:08:17 +0000 2020,,,,https://twitter.com/catsqvad/status/1222642646906216449,1222642646906216449,788103218
2020-01-29 01:34:46+00:00,catsqvad,666_slut,1,0,2,@AlmondTiddies,@AlmondTiddies,Wed Jan 29 01:34:46 +0000 2020,,,,https://twitter.com/catsqvad/status/1222332224927948801,1222332224927948801,788103218
2020-01-28 23:09:51+00:00,catsqvad,garbage_sprite,0,1,3,teach the kids to torrent shit like the good ol' days,,Tue Jan 28 23:09:51 +0000 2020,,,https://twitter.com/garbage_sprite/status/1221902278581342208,https://twitter.com/catsqvad/status/1222295754494107648,1222295754494107648,788103218
2020-01-28 12:57:02+00:00,catsqvad,platanosNmovies,0,0,0,,,Tue Jan 28 12:57:02 +0000 2020,,,,https://twitter.com/catsqvad/status/1222141535036284928,1222141535036284928,788103218
2020-01-28 12:47:51+00:00,catsqvad,platanosNmovies,1,0,0,i fall asleep at like 10pm so it was basically my bedtime lmaoo noted for next time tho,,Tue Jan 28 12:47:51 +0000 2020,,,,https://twitter.com/catsqvad/status/1222139224088109057,1222139224088109057,788103218
2020-01-28 12:44:33+00:00,catsqvad,platanosNmovies,1,0,0,,,Tue Jan 28 12:44:33 +0000 2020,,,,https://twitter.com/catsqvad/status/1222138390990200833,1222138390990200833,788103218
2020-01-28 02:48:22+00:00,catsqvad,,0,0,3,*2 weeks* is sad but also kind of optimistic,,Tue Jan 28 02:48:22 +0000 2020,,,,https://twitter.com/catsqvad/status/1221988358328594437,1221988358328594437,788103218
2020-01-28 02:47:25+00:00,catsqvad,,1,0,3,i could wake up just fine tomorrow or i could spend the next 2 weeks wanting to d*e.. all i can do is manage symptoms as they come,,Tue Jan 28 02:47:25 +0000 2020,,,,https://twitter.com/catsqvad/status/1221988118246645760,1221988118246645760,788103218
2020-01-28 02:45:44+00:00,catsqvad,,1,0,6,having a bunch of good days in a row and only to be randomly hit with the cold feeling of insecurity and unhappiness is truly so scary,,Tue Jan 28 02:45:44 +0000 2020,,,,https://twitter.com/catsqvad/status/1221987693980192771,1221987693980192771,788103218
2020-01-28 02:02:40+00:00,catsqvad,,1,0,4,not to be h*rny on main but salt n pepper marc anthony is... it. everyone else can go home. i want him to lay the gd pipe,,Tue Jan 28 02:02:40 +0000 2020,,,,https://twitter.com/catsqvad/status/1221976856158789633,1221976856158789633,788103218
2020-01-27 21:19:58+00:00,catsqvad,,2,0,0,@makeup users on my tl - any tips for applying falsies??? is it typical for you to not get them completely aligned?? pls help ,,Mon Jan 27 21:19:58 +0000 2020,,,,https://twitter.com/catsqvad/status/1221905714324627458,1221905714324627458,788103218
2020-01-27 02:54:57+00:00,catsqvad,,0,0,2,2020 chill out challenge,,Mon Jan 27 02:54:57 +0000 2020,,,,https://twitter.com/catsqvad/status/1221627624402882560,1221627624402882560,788103218
2020-01-26 12:28:30+00:00,catsqvad,itsanarkee,0,0,2,this is either gonna be the best part of 2020 for me or the worst ????????,,Sun Jan 26 12:28:30 +0000 2020,,,https://twitter.com/itsanarkee/status/1221274240684421120,https://twitter.com/catsqvad/status/1221409575842340864,1221409575842340864,788103218
2020-01-24 01:14:04+00:00,catsqvad,shadowandact,0,0,6,fbi/cia all up in hollywood’s pockets ,,Fri Jan 24 01:14:04 +0000 2020,,,https://twitter.com/shadowandact/status/1220352998028738562,https://twitter.com/catsqvad/status/1220515073896124421,1220515073896124421,788103218
2020-01-20 14:17:49+00:00,catsqvad,KimA_Possible,0,0,1,we definitely should!! ,,Mon Jan 20 14:17:49 +0000 2020,,,,https://twitter.com/catsqvad/status/1219262760766332928,1219262760766332928,788103218
2020-01-20 05:08:14+00:00,catsqvad,KimA_Possible,1,0,0, ,,Mon Jan 20 05:08:14 +0000 2020,,,,https://twitter.com/catsqvad/status/1219124451507347457,1219124451507347457,788103218
2020-01-16 04:25:40+00:00,catsqvad,noahh_fran,0,0,2,girl i got you call that divine intervention,,Thu Jan 16 04:25:40 +0000 2020,,,,https://twitter.com/catsqvad/status/1217664189197582338,1217664189197582338,788103218
2020-01-16 04:17:37+00:00,catsqvad,,1,3,17,2020 we’re doing our best to be forthright with our feelings and leave passive aggressiveness behind,,Thu Jan 16 04:17:37 +0000 2020,,,,https://twitter.com/catsqvad/status/1217662161591336961,1217662161591336961,788103218
2020-01-16 02:10:18+00:00,catsqvad,ShoNuffshawtyy,0,0,2,in nyc i think their replacements are help stations where people can dial city services and charge their phones (but idt wires are included),,Thu Jan 16 02:10:18 +0000 2020,,,,https://twitter.com/catsqvad/status/1217630124708941825,1217630124708941825,788103218
2020-01-14 23:26:54+00:00,catsqvad,,0,0,3,how do i get twitter to stop showing my awkwaf*na ads,,Tue Jan 14 23:26:54 +0000 2020,,,,https://twitter.com/catsqvad/status/1217226613349322762,1217226613349322762,788103218
2020-01-14 19:03:48+00:00,catsqvad,catsqvad,1,0,1,"if you’re on a budget focus on foods that are 1) you know how to make well/easily, 2) things you know you won’t tire of easily",,Tue Jan 14 19:03:48 +0000 2020,,,,https://twitter.com/catsqvad/status/1217160402750058497,1217160402750058497,788103218
2020-01-14 19:03:00+00:00,catsqvad,lilboybri,1,0,1,"basic spices/condiments, staple foods (ex: rice, pasta, bread, beans), a few types of veggies/fruits, easy freezer foods, eggs?, milk?",,Tue Jan 14 19:03:00 +0000 2020,,,,https://twitter.com/catsqvad/status/1217160203373875200,1217160203373875200,788103218
2020-01-13 21:11:26+00:00,catsqvad,ToTheMaxMichael,0,0,2,thank god ,,Mon Jan 13 21:11:26 +0000 2020,,,,https://twitter.com/catsqvad/status/1216830134231224326,1216830134231224326,788103218
2020-01-13 21:10:09+00:00,catsqvad,catsqvad,1,0,6,please say sike right now,,Mon Jan 13 21:10:09 +0000 2020,,,,https://twitter.com/catsqvad/status/1216829812335095809,1216829812335095809,788103218
2020-01-13 21:09:57+00:00,catsqvad,ToTheMaxMichael,1,0,5,so people are taking one of these jawns and putting it near their mouth and squirting mouth wash into it... in a shared office bathroom?? ,,Mon Jan 13 21:09:57 +0000 2020,,,,https://twitter.com/catsqvad/status/1216829762800422912,1216829762800422912,788103218
2020-01-13 21:05:30+00:00,catsqvad,_brandonkris,1,0,8,i read this earlier and still cannot imagine what receptacle the mouth wash could’ve possibly been in to be confused with hand soap,,Mon Jan 13 21:05:30 +0000 2020,,,,https://twitter.com/catsqvad/status/1216828643260977154,1216828643260977154,788103218
2020-01-12 19:17:40+00:00,catsqvad,troytheboyy,0,0,13,thought they meant justin timberlake lmao,,Sun Jan 12 19:17:40 +0000 2020,,,https://twitter.com/troytheboyy/status/1216418155058356225,https://twitter.com/catsqvad/status/1216439117099229184,1216439117099229184,788103218
2020-01-12 03:05:03+00:00,catsqvad,th3silentD,0,0,1,parasite for the theater. knives out would be great for a night in.,,Sun Jan 12 03:05:03 +0000 2020,,,,https://twitter.com/catsqvad/status/1216194349077274624,1216194349077274624,788103218
2020-01-12 02:53:52+00:00,catsqvad,matthew__morrow,0,0,8,i wore a skirt and jean jacket all day and i was sooo happy,,Sun Jan 12 02:53:52 +0000 2020,,,https://twitter.com/matthew__morrow/status/1216040018504044544,https://twitter.com/catsqvad/status/1216191535273914371,1216191535273914371,788103218
2020-01-10 23:03:11+00:00,catsqvad,ShoNuffshawtyy,1,1,8,coworkers that look out for you and eventually become real friends,,Fri Jan 10 23:03:11 +0000 2020,,,,https://twitter.com/catsqvad/status/1215771092717051906,1215771092717051906,788103218
2020-01-10 01:01:08+00:00,catsqvad,,0,0,0,maybe im just a slow burn ass bitch.. or maybe yuzu is just annoying to watch,,Fri Jan 10 01:01:08 +0000 2020,,,,https://twitter.com/catsqvad/status/1215438390851784705,1215438390851784705,788103218
2020-01-10 01:00:07+00:00,catsqvad,,1,0,0,do i just not get the ”we kissed and now i definitely love you” trope??? or is it that they’re “sisters” lmao,,Fri Jan 10 01:00:07 +0000 2020,,,,https://twitter.com/catsqvad/status/1215438135737319425,1215438135737319425,788103218
2020-01-10 00:59:52+00:00,catsqvad,,1,0,0,watching citrus and can’t tell if i like it or not.. ,,Fri Jan 10 00:59:52 +0000 2020,,,,https://twitter.com/catsqvad/status/1215438068989276162,1215438068989276162,788103218
2020-01-09 23:16:43+00:00,catsqvad,,0,0,3,whomst is coming with when mcr announces their tour?,,Thu Jan 09 23:16:43 +0000 2020,,,,https://twitter.com/catsqvad/status/1215412112752881667,1215412112752881667,788103218
2020-01-09 21:02:59+00:00,catsqvad,virgobench,0,0,2,2020 ME IS TRYING TO FLOURISH,,Thu Jan 09 21:02:59 +0000 2020,,,,https://twitter.com/catsqvad/status/1215378456244105223,1215378456244105223,788103218
2020-01-09 20:59:46+00:00,catsqvad,catsqvad,1,0,1,***teared,,Thu Jan 09 20:59:46 +0000 2020,,,,https://twitter.com/catsqvad/status/1215377647188021248,1215377647188021248,788103218
2020-01-09 20:59:32+00:00,catsqvad,virgobench,2,0,1, almost reared up talking to my doctor but we did it!!,,Thu Jan 09 20:59:32 +0000 2020,,,,https://twitter.com/catsqvad/status/1215377587075256331,1215377587075256331,788103218
2020-01-09 20:54:30+00:00,catsqvad,bhoepabitch,0,0,1,exactly,,Thu Jan 09 20:54:30 +0000 2020,,,,https://twitter.com/catsqvad/status/1215376324153544707,1215376324153544707,788103218
2020-01-09 20:52:23+00:00,catsqvad,,2,0,15,wow.. might finally be getting a therapist.. crazy,,Thu Jan 09 20:52:23 +0000 2020,,,,https://twitter.com/catsqvad/status/1215375791359496201,1215375791359496201,788103218
2020-01-09 06:17:22+00:00,catsqvad,,0,0,11,lgbtq+ folks ARE the mf vanguard,,Thu Jan 09 06:17:22 +0000 2020,,,,https://twitter.com/catsqvad/status/1215155585282379777,1215155585282379777,788103218
2020-01-09 06:17:02+00:00,catsqvad,PopCrave,1,4,14,if you're gonna give allies a fuckin cookie for not being horrible bigots and helping the lgbtq+ comm don't call it a VANGUARD award??,,Thu Jan 09 06:17:02 +0000 2020,,,https://twitter.com/PopCrave/status/1214598188419702785,https://twitter.com/catsqvad/status/1215155501501222913,1215155501501222913,788103218
2020-01-09 04:08:55+00:00,catsqvad,TaylorDeuce,0,0,0,ok thank you for the heads up!!,,Thu Jan 09 04:08:55 +0000 2020,,,,https://twitter.com/catsqvad/status/1215123260154810368,1215123260154810368,788103218
2020-01-09 04:07:02+00:00,catsqvad,TaylorDeuce,1,0,0,kids.. i’m an 8/8.5 in women’s,,Thu Jan 09 04:07:02 +0000 2020,,,,https://twitter.com/catsqvad/status/1215122783660847105,1215122783660847105,788103218
2020-01-09 04:03:51+00:00,catsqvad,TaylorDeuce,1,0,0,aiight that makes a lot of sense. was just wondering. i wear a 6/6.5,,Thu Jan 09 04:03:51 +0000 2020,,,,https://twitter.com/catsqvad/status/1215121985489047557,1215121985489047557,788103218
2020-01-09 04:02:17+00:00,catsqvad,TaylorDeuce,1,0,0,real talk do you ever buy shoes for homies with lil feet cuz i be thinkin i want some new kicks but also my little ass foot won’t fit no 10,,Thu Jan 09 04:02:17 +0000 2020,,,,https://twitter.com/catsqvad/status/1215121588598857728,1215121588598857728,788103218
