date,username,to,replies,retweets,favorites,text,mentions,formatted_date,geo,hashtags,urls,permalink,ID,author_id
2020-02-21 23:11:27+00:00,Cesar_baloneyy,skxkitty,0,0,1,Me,,Fri Feb 21 23:11:27 +0000 2020,,,https://twitter.com/skxkitty/status/1223368965650403328,https://twitter.com/Cesar_baloneyy/status/1230993465351081984,1230993465351081984,1090147726300344321
2020-02-21 23:07:37+00:00,Cesar_baloneyy,skxkitty,0,0,1,"Midnight,",,Fri Feb 21 23:07:37 +0000 2020,,,https://twitter.com/skxkitty/status/1230615993250009089,https://twitter.com/Cesar_baloneyy/status/1230992502372458496,1230992502372458496,1090147726300344321
2020-02-21 23:05:40+00:00,Cesar_baloneyy,RealScubbaSteve,0,0,0, ,,Fri Feb 21 23:05:40 +0000 2020,,,https://twitter.com/RealScubbaSteve/status/1230716916076933121,https://twitter.com/Cesar_baloneyy/status/1230992008887431168,1230992008887431168,1090147726300344321
2020-02-21 22:53:22+00:00,Cesar_baloneyy,lesbrains,0,0,2,Omg I can’t believe thisssssssss he was my teacher in high school,,Fri Feb 21 22:53:22 +0000 2020,,,https://twitter.com/lesbrains/status/1230855336015228928,https://twitter.com/Cesar_baloneyy/status/1230988914401234944,1230988914401234944,1090147726300344321
2020-02-21 22:51:43+00:00,Cesar_baloneyy,skxkitty,0,0,1,I did I love you too ,,Fri Feb 21 22:51:43 +0000 2020,,,https://twitter.com/skxkitty/status/1230988376448233472,https://twitter.com/Cesar_baloneyy/status/1230988498179543040,1230988498179543040,1090147726300344321
2020-02-21 22:47:49+00:00,Cesar_baloneyy,AlexandraaaB17,0,0,0,No slap boo ,,Fri Feb 21 22:47:49 +0000 2020,,,,https://twitter.com/Cesar_baloneyy/status/1230987515802243072,1230987515802243072,1090147726300344321
2020-01-03 16:41:23+00:00,Cesar_baloneyy,lovelymayrah,1,0,1,Whattttt,,Fri Jan 03 16:41:23 +0000 2020,,,,https://twitter.com/Cesar_baloneyy/status/1213138298228527104,1213138298228527104,1090147726300344321
