date,username,to,replies,retweets,favorites,text,mentions,formatted_date,geo,hashtags,urls,permalink,ID,author_id
2020-02-26 04:53:10+00:00,ChanelLondynn,jadapsmith,0,14,75,Someone said the red table talk is like going to the principal office but for celebrities LMFAOOO,,Wed Feb 26 04:53:10 +0000 2020,,,https://twitter.com/jadapsmith/status/1231594998115655681,https://twitter.com/ChanelLondynn/status/1232529010556424192,1232529010556424192,970482020110409728
2020-02-25 23:52:06+00:00,ChanelLondynn,filmsbye,0,6,33,I remember watching these when I was younger thinking they were killing it LMFAOOO,,Tue Feb 25 23:52:06 +0000 2020,,,https://twitter.com/filmsbye/status/1232028649580384256,https://twitter.com/ChanelLondynn/status/1232453246230228992,1232453246230228992,970482020110409728
2020-02-25 19:12:34+00:00,ChanelLondynn,asht0wn,0,0,1,It’s common decency to your partner! I agree,,Tue Feb 25 19:12:34 +0000 2020,,,,https://twitter.com/ChanelLondynn/status/1232382899141267456,1232382899141267456,970482020110409728
2020-02-25 19:09:19+00:00,ChanelLondynn,asht0wn,1,0,1,LMDAOOOOODK snapped,,Tue Feb 25 19:09:19 +0000 2020,,,,https://twitter.com/ChanelLondynn/status/1232382081247764481,1232382081247764481,970482020110409728
2020-02-25 18:41:44+00:00,ChanelLondynn,newguybeau,1,0,1,Thank you!!!,,Tue Feb 25 18:41:44 +0000 2020,,,,https://twitter.com/ChanelLondynn/status/1232375139003592704,1232375139003592704,970482020110409728
2020-02-25 18:20:27+00:00,ChanelLondynn,,0,0,3,"Yall not finna try to twitter fight me at 10am over my opinion, I said wtf I said",,Tue Feb 25 18:20:27 +0000 2020,,,,https://twitter.com/ChanelLondynn/status/1232369785813385216,1232369785813385216,970482020110409728
2020-02-25 18:19:06+00:00,ChanelLondynn,ScarlettJimmy,2,4,22,"There’s nothing wrong with being bisexual sis LMFAO there’s something wrong when you hide it from the person you are DATING & decide to be honest about who you are 4 weeks before yall wedding. His sexuality is her business as well , they are together.",,Tue Feb 25 18:19:06 +0000 2020,,,https://twitter.com/ScarlettJimmy/status/1232369067442548736,https://twitter.com/ChanelLondynn/status/1232369442794815488,1232369442794815488,970482020110409728
2020-02-25 18:17:21+00:00,ChanelLondynn,XoFaabii,1,0,1,EXACTLY,,Tue Feb 25 18:17:21 +0000 2020,,,,https://twitter.com/ChanelLondynn/status/1232369005186301952,1232369005186301952,970482020110409728
2020-02-25 18:12:39+00:00,ChanelLondynn,,0,0,8,"ALSO, he was way too defensive with her when she was simply expressing how she rightfully felt. How you gonna drop something unexpected to your partner before yall wedding and expect her to just be like “ok” boy boo..",,Tue Feb 25 18:12:39 +0000 2020,,,,https://twitter.com/ChanelLondynn/status/1232367820639367168,1232367820639367168,970482020110409728
2020-02-25 18:08:47+00:00,ChanelLondynn,ScarlettJimmy,1,0,6,"There’s nothing wrong with bisexuality but you guys have to understand that everybody has their own personal preference. Despite him still being into both genders equally, this is a conversation he should’ve had with his girl in the early stages of dating.",,Tue Feb 25 18:08:47 +0000 2020,,,https://twitter.com/ScarlettJimmy/status/1232366432056463361,https://twitter.com/ChanelLondynn/status/1232366847346872320,1232366847346872320,970482020110409728
2020-02-25 18:01:23+00:00,ChanelLondynn,livinversace,1,0,4,As if HE the victim ,,Tue Feb 25 18:01:23 +0000 2020,,,,https://twitter.com/ChanelLondynn/status/1232364985277284353,1232364985277284353,970482020110409728
2020-02-25 18:00:10+00:00,ChanelLondynn,_callmedanny_,5,8,83,He sounds really dumb. That is something that HAS to be established to your partner in the BEGINNING. Waiting until they become attached is deceitful af,,Tue Feb 25 18:00:10 +0000 2020,,,https://twitter.com/_callmedanny_/status/1231795394507657216,https://twitter.com/ChanelLondynn/status/1232364680451985408,1232364680451985408,970482020110409728
2020-02-21 05:18:13+00:00,ChanelLondynn,WORLDSTAR,1,0,30,"He makes some sense but I don’t fuck with how the entire world is trying to dictate how wade should raise, love, and accept HIS daughter.",,Fri Feb 21 05:18:13 +0000 2020,,,https://twitter.com/WORLDSTAR/status/1229826244923068417,https://twitter.com/ChanelLondynn/status/1230723375841939456,1230723375841939456,970482020110409728
2020-02-21 01:14:52+00:00,ChanelLondynn,denzeldion,0,0,0,LMAOOO,,Fri Feb 21 01:14:52 +0000 2020,,,,https://twitter.com/ChanelLondynn/status/1230662135748804608,1230662135748804608,970482020110409728
2020-02-21 01:13:53+00:00,ChanelLondynn,,0,1,21,Today was the first day in probably years when a friend has randomly hit me up to check how I was doing. I was mad shocked lmaoo. Them little things means a lot to me idgaf how corny it sounds lmaoo,,Fri Feb 21 01:13:53 +0000 2020,,,,https://twitter.com/ChanelLondynn/status/1230661887697645569,1230661887697645569,970482020110409728
2020-02-20 05:40:23+00:00,ChanelLondynn,cyndi_094,0,0,1,Yoooo YES,,Thu Feb 20 05:40:23 +0000 2020,,,,https://twitter.com/ChanelLondynn/status/1230366568485253121,1230366568485253121,970482020110409728
2020-02-19 15:41:00+00:00,ChanelLondynn,,0,0,6,Dude wtf he was just getting started,,Wed Feb 19 15:41:00 +0000 2020,,,,https://twitter.com/ChanelLondynn/status/1230155330543218688,1230155330543218688,970482020110409728
2020-02-16 21:52:17+00:00,ChanelLondynn,ChanelLondynn,0,0,0,Also yall valentines posts were cute oh wuteva. All that love in the air look AT YALL,,Sun Feb 16 21:52:17 +0000 2020,,,https://twitter.com/ChanelLondynn/status/1229160182489288705,https://twitter.com/ChanelLondynn/status/1229161602831663105,1229161602831663105,970482020110409728
2020-02-16 21:46:38+00:00,ChanelLondynn,,0,1,7,"I been laying low off social media but yalll plz stay tuned for what I have coming these next few weeks. 2020 has been promising so far, I hope its been the same for everyone else. ",,Sun Feb 16 21:46:38 +0000 2020,,,,https://twitter.com/ChanelLondynn/status/1229160182489288705,1229160182489288705,970482020110409728
2020-02-14 03:53:02+00:00,ChanelLondynn,,0,1,26,Laying low & Executing plots ,,Fri Feb 14 03:53:02 +0000 2020,,,,https://twitter.com/ChanelLondynn/status/1228165224928178182,1228165224928178182,970482020110409728
2020-02-12 17:31:03+00:00,ChanelLondynn,,0,4,9,I dont have friends because i never text people LMFAO,,Wed Feb 12 17:31:03 +0000 2020,,,,https://twitter.com/ChanelLondynn/status/1227646310410358785,1227646310410358785,970482020110409728
2020-02-11 17:09:15+00:00,ChanelLondynn,YoungJeannn,0,0,0,LMFAOOOOOOO plzz,,Tue Feb 11 17:09:15 +0000 2020,,,,https://twitter.com/ChanelLondynn/status/1227278436579758085,1227278436579758085,970482020110409728
2020-02-11 17:06:06+00:00,ChanelLondynn,,0,1,7,Are we supposed to hype every white man we see with a black woman ???¿¿,,Tue Feb 11 17:06:06 +0000 2020,,,,https://twitter.com/ChanelLondynn/status/1227277644472844289,1227277644472844289,970482020110409728
2020-02-11 17:05:36+00:00,ChanelLondynn,alamanecer,2,0,24,What is there to know lmao?,,Tue Feb 11 17:05:36 +0000 2020,,,https://twitter.com/alamanecer/status/1226907176658243586,https://twitter.com/ChanelLondynn/status/1227277516831805440,1227277516831805440,970482020110409728
2020-02-11 05:21:15+00:00,ChanelLondynn,jadycakes253,0,0,1,LMFAOOO,,Tue Feb 11 05:21:15 +0000 2020,,,,https://twitter.com/ChanelLondynn/status/1227100260146663424,1227100260146663424,970482020110409728
2020-02-11 04:50:07+00:00,ChanelLondynn,,0,2,10,Idk why y’all be saying where you from like its intimidating,,Tue Feb 11 04:50:07 +0000 2020,,,,https://twitter.com/ChanelLondynn/status/1227092426419929088,1227092426419929088,970482020110409728
2020-02-11 04:49:27+00:00,ChanelLondynn,RealRareTy,1,8,55,Nobody give a fuck where any of yall from lmao,,Tue Feb 11 04:49:27 +0000 2020,,,https://twitter.com/RealRareTy/status/1226902475518676992,https://twitter.com/ChanelLondynn/status/1227092258463240192,1227092258463240192,970482020110409728
2020-02-11 04:47:06+00:00,ChanelLondynn,iimigzz,1,0,1,Okay go awf then,,Tue Feb 11 04:47:06 +0000 2020,,,,https://twitter.com/ChanelLondynn/status/1227091667791962112,1227091667791962112,970482020110409728
2020-02-08 21:23:24+00:00,ChanelLondynn,FoThousand,0,0,6,Sis bad asl tho,,Sat Feb 08 21:23:24 +0000 2020,,,https://twitter.com/FoThousand/status/1225961630170660864,https://twitter.com/ChanelLondynn/status/1226255231320649728,1226255231320649728,970482020110409728
2020-02-07 22:18:14+00:00,ChanelLondynn,drobinson9281,2,1,9,LMFAOOOO I HATE HAVING TO PICK UP MY CHECK AFTER QUITTING A JOB. Whole staff looking at u like you betrayed them,,Fri Feb 07 22:18:14 +0000 2020,,,https://twitter.com/drobinson9281/status/1225903855516471297,https://twitter.com/ChanelLondynn/status/1225906642417401857,1225906642417401857,970482020110409728
2020-02-07 21:59:46+00:00,ChanelLondynn,,17,7,93,What’s the worst way yall quit a job before? Mines was going on lunch and never coming back,,Fri Feb 07 21:59:46 +0000 2020,,,,https://twitter.com/ChanelLondynn/status/1225901996911157248,1225901996911157248,970482020110409728
2020-02-07 17:23:34+00:00,ChanelLondynn,,0,0,3,"Basically before this I went over all 4 colors individually with him & then we did this little exercise where I gave him 2 of each color & I made sure I had 2 of each color, then I placed them down to see if he remembers .. he killed it ",,Fri Feb 07 17:23:34 +0000 2020,,,,https://twitter.com/ChanelLondynn/status/1225832485361078273,1225832485361078273,970482020110409728
2020-02-07 17:18:50+00:00,ChanelLondynn,ahmierda,0,0,0,LMFAOOOOOOOOO,,Fri Feb 07 17:18:50 +0000 2020,,,,https://twitter.com/ChanelLondynn/status/1225831295164399616,1225831295164399616,970482020110409728
2020-02-07 17:18:49+00:00,ChanelLondynn,,3,8,77,They put me on uncle duty lmaoo so I’m teaching my nephew colors through UNO,,Fri Feb 07 17:18:49 +0000 2020,,,,https://twitter.com/ChanelLondynn/status/1225831290403844096,1225831290403844096,970482020110409728
2020-02-03 01:20:20+00:00,ChanelLondynn,teyjayy,0,1,5,LMFAOOO,,Mon Feb 03 01:20:20 +0000 2020,,,https://twitter.com/teyjayy/status/1224140391252926466,https://twitter.com/ChanelLondynn/status/1224140528674959360,1224140528674959360,970482020110409728
2020-02-03 01:19:52+00:00,ChanelLondynn,,0,0,3,J.LO is EATING RN !,,Mon Feb 03 01:19:52 +0000 2020,,,,https://twitter.com/ChanelLondynn/status/1224140414199848960,1224140414199848960,970482020110409728
2020-02-01 22:00:30+00:00,ChanelLondynn,ItsThatItBoyy,0,3,10,LMFAOOOOOO,,Sat Feb 01 22:00:30 +0000 2020,,,https://twitter.com/ItsThatItBoyy/status/1223492607336013824,https://twitter.com/ChanelLondynn/status/1223727854623440899,1223727854623440899,970482020110409728
2020-01-31 18:15:21+00:00,ChanelLondynn,meglaurennn,1,1,2,Get your foot off my neck?????,,Fri Jan 31 18:15:21 +0000 2020,,,,https://twitter.com/ChanelLondynn/status/1223308804437053440,1223308804437053440,970482020110409728
2020-01-31 18:14:38+00:00,ChanelLondynn,TazxTaz_,0,0,2,LMFAOOOTHEM PEOPLE,,Fri Jan 31 18:14:38 +0000 2020,,,,https://twitter.com/ChanelLondynn/status/1223308622068764672,1223308622068764672,970482020110409728
2020-01-31 16:16:26+00:00,ChanelLondynn,,0,3,43,LA definitely goes hard for Kobe ,,Fri Jan 31 16:16:26 +0000 2020,,,,https://twitter.com/ChanelLondynn/status/1223278877084012544,1223278877084012544,970482020110409728
2020-01-31 00:17:59+00:00,ChanelLondynn,stfuujay,0,0,0,Right LMFAOO,,Fri Jan 31 00:17:59 +0000 2020,,,,https://twitter.com/ChanelLondynn/status/1223037675336130561,1223037675336130561,970482020110409728
2020-01-30 19:53:14+00:00,ChanelLondynn,,4,0,5,In what ways is sis gonna relate to Eric??,,Thu Jan 30 19:53:14 +0000 2020,,,,https://twitter.com/ChanelLondynn/status/1222971050725531648,1222971050725531648,970482020110409728
2020-01-30 19:50:47+00:00,ChanelLondynn,Maliik_Malik_,0,0,0,Nun of datt intrigues me,,Thu Jan 30 19:50:47 +0000 2020,,,,https://twitter.com/ChanelLondynn/status/1222970433579839488,1222970433579839488,970482020110409728
2020-01-30 19:50:25+00:00,ChanelLondynn,_mynamehailey,2,5,32,Ion wanna be that person but that’s exactly her point lmfao. She’s not knocking the fact that it’s inclusive but she’s expressing how SHE can’t personally relate to the characters because writers don’t normally include full on chocolate black girls as main characters,,Thu Jan 30 19:50:25 +0000 2020,,,https://twitter.com/_mynamehailey/status/1222969886458159107,https://twitter.com/ChanelLondynn/status/1222970340936015872,1222970340936015872,970482020110409728
2020-01-30 19:44:20+00:00,ChanelLondynn,InnocentNudess,3,0,32,Issa no from me. I’m not into the whole kink of painful sex lmaoo,,Thu Jan 30 19:44:20 +0000 2020,,,https://twitter.com/InnocentNudess/status/1220359260217008129,https://twitter.com/ChanelLondynn/status/1222968809155227648,1222968809155227648,970482020110409728
2020-01-30 19:02:28+00:00,ChanelLondynn,BIGAUNTIECOZY,0,0,1,Likeee they gotta start growing up mentally now,,Thu Jan 30 19:02:28 +0000 2020,,,,https://twitter.com/ChanelLondynn/status/1222958271482318848,1222958271482318848,970482020110409728
2020-01-30 18:59:07+00:00,ChanelLondynn,,0,0,3,Yall be tryna rush to get a nigga/girl without even giving time to learn yourself first & see what kind of individual will accompany your energy. Y’all just wanna be cuffed for the hype & feeling of acceptance like plz relax,,Thu Jan 30 18:59:07 +0000 2020,,,,https://twitter.com/ChanelLondynn/status/1222957429031235584,1222957429031235584,970482020110409728
2020-01-30 18:56:39+00:00,ChanelLondynn,,1,3,10,"I feel like everybody wanna be boo’d up soo bad and that’s why y’all relationships be flopping cause y’all are seeking love instead of letting it come in due time. It is okay to be single & alone, I promise",,Thu Jan 30 18:56:39 +0000 2020,,,,https://twitter.com/ChanelLondynn/status/1222956808873971712,1222956808873971712,970482020110409728
2020-01-30 18:55:14+00:00,ChanelLondynn,,1,5,21,I really don’t trip abt not having a valentines lmaoo. It’s not something I stress or dread about. Its just like “ok?” For me. It’ll happen when it happens,,Thu Jan 30 18:55:14 +0000 2020,,,,https://twitter.com/ChanelLondynn/status/1222956453800988674,1222956453800988674,970482020110409728
2020-01-30 18:49:01+00:00,ChanelLondynn,saybryant,0,0,3,Shouldn’t hurt. That time just revealed your true friends! You can’t call me your homie if we don’t know one another fully & accept that person for who they are. Feel blessed not stressed about it,,Thu Jan 30 18:49:01 +0000 2020,,,https://twitter.com/saybryant/status/1222696343812149248,https://twitter.com/ChanelLondynn/status/1222954887719186437,1222954887719186437,970482020110409728
2020-01-30 18:40:57+00:00,ChanelLondynn,_SoHoChris,1,0,0,I got her song mixed up i was thinking abt khia LMFAO,,Thu Jan 30 18:40:57 +0000 2020,,,,https://twitter.com/ChanelLondynn/status/1222952858674286592,1222952858674286592,970482020110409728
2020-01-30 18:38:54+00:00,ChanelLondynn,,0,0,3,Bye im slow as fuck. This who i was thinking abt,,Thu Jan 30 18:38:54 +0000 2020,,,,https://twitter.com/ChanelLondynn/status/1222952343693484032,1222952343693484032,970482020110409728
2020-01-30 18:37:11+00:00,ChanelLondynn,,1,0,1,My neck my back lick my pussy & my crack homegirl,,Thu Jan 30 18:37:11 +0000 2020,,,,https://twitter.com/ChanelLondynn/status/1222951912342835201,1222951912342835201,970482020110409728
2020-01-30 18:36:49+00:00,ChanelLondynn,,2,0,8,Kelis was trending and this wholetime I thought yall were talking about the milkshake brings all the boys to the yard shorty,,Thu Jan 30 18:36:49 +0000 2020,,,,https://twitter.com/ChanelLondynn/status/1222951818788884480,1222951818788884480,970482020110409728
2020-01-30 18:12:19+00:00,ChanelLondynn,Yournovacane__,0,3,10,"Definitely sidechick first, what y’all think?",,Thu Jan 30 18:12:19 +0000 2020,,,https://twitter.com/Yournovacane__/status/1222613410598334470,https://twitter.com/ChanelLondynn/status/1222945654516748289,1222945654516748289,970482020110409728
2020-01-30 17:44:59+00:00,ChanelLondynn,luqmanhkm_14,0,5,35,Am I the only one that don’t like them crazy ass big rollercoasters? I’m too paranoid ,,Thu Jan 30 17:44:59 +0000 2020,,,https://twitter.com/luqmanhkm_14/status/1221982591265300481,https://twitter.com/ChanelLondynn/status/1222938775816306690,1222938775816306690,970482020110409728
2020-01-30 13:09:11+00:00,ChanelLondynn,NICKIMINAJ,0,4,50,"This pic is sickening, she looks good AS HELL",,Thu Jan 30 13:09:11 +0000 2020,,,https://twitter.com/NICKIMINAJ/status/1222856837747310594,https://twitter.com/ChanelLondynn/status/1222869367609626624,1222869367609626624,970482020110409728
2020-01-30 04:28:15+00:00,ChanelLondynn,DailyCaller,1,26,91,But we don’t believe they should be apart of the LGBT community so this won’t be happening. Idk why they tryna normalize their illness. ,,Thu Jan 30 04:28:15 +0000 2020,,,https://twitter.com/DailyCaller/status/1016545882831978501,https://twitter.com/ChanelLondynn/status/1222738270401904640,1222738270401904640,970482020110409728
2020-01-30 04:06:55+00:00,ChanelLondynn,justsayBlack_,0,0,1,You right ,,Thu Jan 30 04:06:55 +0000 2020,,,,https://twitter.com/ChanelLondynn/status/1222732900191199232,1222732900191199232,970482020110409728
2020-01-28 20:20:49+00:00,ChanelLondynn,izzyjaxon,0,1,1,LMFAOOOO AYO,,Tue Jan 28 20:20:49 +0000 2020,,,,https://twitter.com/ChanelLondynn/status/1222253216978460672,1222253216978460672,970482020110409728
2020-01-28 20:20:15+00:00,ChanelLondynn,stfuujay,0,0,0,Me teas,,Tue Jan 28 20:20:15 +0000 2020,,,,https://twitter.com/ChanelLondynn/status/1222253071641862154,1222253071641862154,970482020110409728
2020-01-28 18:46:46+00:00,ChanelLondynn,MaxNoPrinter,0,1,17,You gomn LMFAOOOO,,Tue Jan 28 18:46:46 +0000 2020,,,https://twitter.com/MaxNoPrinter/status/1221968371924627456,https://twitter.com/ChanelLondynn/status/1222229547485020162,1222229547485020162,970482020110409728
2020-01-28 15:56:22+00:00,ChanelLondynn,issvfer,0,0,1,I feel u LMAOO,,Tue Jan 28 15:56:22 +0000 2020,,,,https://twitter.com/ChanelLondynn/status/1222186665520726019,1222186665520726019,970482020110409728
2020-01-28 09:53:59+00:00,ChanelLondynn,illastyles,0,3,14,“Yes I do” LMFAOOOO,,Tue Jan 28 09:53:59 +0000 2020,,,https://twitter.com/illastyles/status/1221918238688321536,https://twitter.com/ChanelLondynn/status/1222095468299112459,1222095468299112459,970482020110409728
2020-01-28 09:44:56+00:00,ChanelLondynn,acheatingvegan,0,0,8,This too much for me I like my food simple LMAO,,Tue Jan 28 09:44:56 +0000 2020,,,https://twitter.com/acheatingvegan/status/1221965955963727873,https://twitter.com/ChanelLondynn/status/1222093188434817026,1222093188434817026,970482020110409728
2020-01-28 09:39:05+00:00,ChanelLondynn,cancerinsun,0,0,1,I wanna know too LMAO,,Tue Jan 28 09:39:05 +0000 2020,,,,https://twitter.com/ChanelLondynn/status/1222091716104089601,1222091716104089601,970482020110409728
2020-01-28 09:12:23+00:00,ChanelLondynn,PageSix,1,32,193,I hope he rots in there. If a family member of mines ever did some grime shit like this they are no longer my family member. ,,Tue Jan 28 09:12:23 +0000 2020,,,https://twitter.com/PageSix/status/1221853687003467776,https://twitter.com/ChanelLondynn/status/1222084997114286080,1222084997114286080,970482020110409728
2020-01-28 09:09:12+00:00,ChanelLondynn,canyonbeer,3,8,40,Who invites her??? Lmfao,,Tue Jan 28 09:09:12 +0000 2020,,,https://twitter.com/canyonbeer/status/1221565544845004800,https://twitter.com/ChanelLondynn/status/1222084198124552192,1222084198124552192,970482020110409728
2020-01-28 09:00:07+00:00,ChanelLondynn,issvfer,1,0,5,Growing up tbh I used to wish my parents were hella care-free but now that I’m an adult I appreciate the fact that they were strict asl on me as a teenager. Protected me from helllaa shit,,Tue Jan 28 09:00:07 +0000 2020,,,https://twitter.com/issvfer/status/1222038641934921730,https://twitter.com/ChanelLondynn/status/1222081909951361024,1222081909951361024,970482020110409728
2020-01-28 08:47:05+00:00,ChanelLondynn,,1,5,62,Why do the catfishers on catfish always be having attitudes like they the ones who got catfished ,,Tue Jan 28 08:47:05 +0000 2020,,,,https://twitter.com/ChanelLondynn/status/1222078630685114368,1222078630685114368,970482020110409728
2020-01-28 08:21:45+00:00,ChanelLondynn,nyeriacork,0,0,1,LMAOO like fr,,Tue Jan 28 08:21:45 +0000 2020,,,,https://twitter.com/ChanelLondynn/status/1222072254529298433,1222072254529298433,970482020110409728
2020-01-28 07:59:38+00:00,ChanelLondynn,Iexorangecounty,0,0,0,Start,,Tue Jan 28 07:59:38 +0000 2020,,,,https://twitter.com/ChanelLondynn/status/1222066689287737344,1222066689287737344,970482020110409728
2020-01-28 07:59:25+00:00,ChanelLondynn,_IH5_,0,0,1,Man what!! exactly,,Tue Jan 28 07:59:25 +0000 2020,,,,https://twitter.com/ChanelLondynn/status/1222066636422701056,1222066636422701056,970482020110409728
2020-01-28 07:50:48+00:00,ChanelLondynn,itsnutmegb,1,0,0,Let’s link soon!!! ,,Tue Jan 28 07:50:48 +0000 2020,,,,https://twitter.com/ChanelLondynn/status/1222064467761979392,1222064467761979392,970482020110409728
2020-01-28 07:49:06+00:00,ChanelLondynn,bryhami,0,0,1,LMFAOOO,,Tue Jan 28 07:49:06 +0000 2020,,,https://twitter.com/bryhami/status/1221876426246365185,https://twitter.com/ChanelLondynn/status/1222064037430644736,1222064037430644736,970482020110409728
2020-01-28 07:47:45+00:00,ChanelLondynn,itsnutmegb,0,0,1,I miss you hella too I gotta get back in school this upcoming semester ,,Tue Jan 28 07:47:45 +0000 2020,,,https://twitter.com/itsnutmegb/status/1222063071192961024,https://twitter.com/ChanelLondynn/status/1222063698082091008,1222063698082091008,970482020110409728
2020-01-28 07:46:39+00:00,ChanelLondynn,astoldbyjt,0,0,3,Mmcht she be thinking she a comedian ahsum sometimes & thank you! Can’t wait to share it. ,,Tue Jan 28 07:46:39 +0000 2020,,,https://twitter.com/astoldbyjt/status/1222063105452269568,https://twitter.com/ChanelLondynn/status/1222063423166402561,1222063423166402561,970482020110409728
2020-01-28 07:42:59+00:00,ChanelLondynn,,0,0,3,Girl,,Tue Jan 28 07:42:59 +0000 2020,,,,https://twitter.com/ChanelLondynn/status/1222062502009163776,1222062502009163776,970482020110409728
2020-01-28 07:40:54+00:00,ChanelLondynn,itsnutmegb,1,0,0, ,,Tue Jan 28 07:40:54 +0000 2020,,,,https://twitter.com/ChanelLondynn/status/1222061974957125633,1222061974957125633,970482020110409728
2020-01-28 07:40:30+00:00,ChanelLondynn,ALoneWanderer2,1,0,0,Thanks :))),,Tue Jan 28 07:40:30 +0000 2020,,,,https://twitter.com/ChanelLondynn/status/1222061876294475778,1222061876294475778,970482020110409728
2020-01-28 07:34:47+00:00,ChanelLondynn,hiimshawny,1,1,3,On periodic table ,,Tue Jan 28 07:34:47 +0000 2020,,,https://twitter.com/hiimshawny/status/1222060281540595712,https://twitter.com/ChanelLondynn/status/1222060437887320064,1222060437887320064,970482020110409728
2020-01-28 07:32:36+00:00,ChanelLondynn,hiimshawny,1,1,3,"Tuh I won’t, you were one of the few people who I felt been rocking with me & supporting way back when i was just posting little freestyles so you innis journey with me foreva",,Tue Jan 28 07:32:36 +0000 2020,,,https://twitter.com/hiimshawny/status/1222059573231718401,https://twitter.com/ChanelLondynn/status/1222059886135001088,1222059886135001088,970482020110409728
2020-01-28 07:29:41+00:00,ChanelLondynn,,3,3,53,How my little sister gonna throw that in there nonchalant ?,,Tue Jan 28 07:29:41 +0000 2020,,,,https://twitter.com/ChanelLondynn/status/1222059154031833089,1222059154031833089,970482020110409728
2020-01-28 02:56:38+00:00,ChanelLondynn,ebabyspice,1,1,3,"LMFAOOOO DEADASS, I opened her profile like ???? homegirl sounds really off the wall and dumb. idk why people are agreeing with her like she's speaking some hardcore facts about cultural appropriation.",,Tue Jan 28 02:56:38 +0000 2020,,,https://twitter.com/ebabyspice/status/1221982874083188736,https://twitter.com/ChanelLondynn/status/1221990438120247301,1221990438120247301,970482020110409728
2020-01-28 02:45:17+00:00,ChanelLondynn,,0,2,1,"I see a lot of tweets talking about how 2020 sucks already and it isn't the mindset to have imo. January been hella rocky for me. good shit happened in my life & bad shit but that creates balance for me. it's just the way life is, don't move with the current.",,Tue Jan 28 02:45:17 +0000 2020,,,,https://twitter.com/ChanelLondynn/status/1221987580922580993,1221987580922580993,970482020110409728
2020-01-28 02:43:31+00:00,ChanelLondynn,,1,11,47,"Idk who needs to hear this but despite all the negativity that's been happening in our world this past month, 2020 is just the beginning. it's still a fresh new decade, fresh new year, please don't allow outside factors to detriment your hope. 2020 will still be great to you",,Tue Jan 28 02:43:31 +0000 2020,,,,https://twitter.com/ChanelLondynn/status/1221987136557109249,1221987136557109249,970482020110409728
2020-01-27 21:18:02+00:00,ChanelLondynn,JUPITERMOVESME,0,7,34,This is crazy because I been anxious for no reason these past few weeks,,Mon Jan 27 21:18:02 +0000 2020,,,https://twitter.com/JUPITERMOVESME/status/1221592841958326272,https://twitter.com/ChanelLondynn/status/1221905227328061440,1221905227328061440,970482020110409728
2020-01-27 21:15:05+00:00,ChanelLondynn,yeaaalrigtt,1,0,7,They mad weird they be reaching for anything to hate on a person about,,Mon Jan 27 21:15:05 +0000 2020,,,,https://twitter.com/ChanelLondynn/status/1221904482184753153,1221904482184753153,970482020110409728
2020-01-27 21:11:30+00:00,ChanelLondynn,b0wdi,3,23,176,"In what ways is this mocking black culture, I’m confused lmfaoo",,Mon Jan 27 21:11:30 +0000 2020,,,https://twitter.com/b0wdi/status/1221658672297906176,https://twitter.com/ChanelLondynn/status/1221903583358017536,1221903583358017536,970482020110409728
2020-01-27 00:11:18+00:00,ChanelLondynn,Y2KETAMINE,0,0,0,LMFAOOOO girl i-,,Mon Jan 27 00:11:18 +0000 2020,,,,https://twitter.com/ChanelLondynn/status/1221586442347876353,1221586442347876353,970482020110409728
2020-01-27 00:10:22+00:00,ChanelLondynn,city_girls305,1,0,2,,,Mon Jan 27 00:10:22 +0000 2020,,,,https://twitter.com/ChanelLondynn/status/1221586209396277249,1221586209396277249,970482020110409728
2020-01-27 00:08:02+00:00,ChanelLondynn,Iexorangecounty,0,0,0,She sounds mad goofy right now,,Mon Jan 27 00:08:02 +0000 2020,,,https://twitter.com/Iexorangecounty/status/1221585091685601280,https://twitter.com/ChanelLondynn/status/1221585621740687360,1221585621740687360,970482020110409728
2020-01-27 00:07:41+00:00,ChanelLondynn,,0,1,1,Likeee I can respect an apology when you own up and say you were wrong flat out instead of further trying to explain and sugarcoat what you did for sympathy. Girl THA DOOR,,Mon Jan 27 00:07:41 +0000 2020,,,,https://twitter.com/ChanelLondynn/status/1221585533651963905,1221585533651963905,970482020110409728
2020-01-27 00:01:46+00:00,ChanelLondynn,Iexorangecounty,1,0,2,Who ?,,Mon Jan 27 00:01:46 +0000 2020,,,https://twitter.com/Iexorangecounty/status/1221574361062109184,https://twitter.com/ChanelLondynn/status/1221584041918361600,1221584041918361600,970482020110409728
2020-01-26 19:46:58+00:00,ChanelLondynn,,0,2,17,Kobe Bryant was a legend this is mad heartbreaking & shocking.,,Sun Jan 26 19:46:58 +0000 2020,,,,https://twitter.com/ChanelLondynn/status/1221519921495957505,1221519921495957505,970482020110409728
2020-01-25 23:30:24+00:00,ChanelLondynn,,0,2,14,Yall still aint 21 yet lmfao??,,Sat Jan 25 23:30:24 +0000 2020,,,,https://twitter.com/ChanelLondynn/status/1221213760615940096,1221213760615940096,970482020110409728
2020-01-25 18:22:42+00:00,ChanelLondynn,ChaLoveRose,0,1,19,The dancing at the end LMFAOOOOOO,,Sat Jan 25 18:22:42 +0000 2020,,,https://twitter.com/ChaLoveRose/status/1116144491516264449,https://twitter.com/ChanelLondynn/status/1221136327367778309,1221136327367778309,970482020110409728
2020-01-25 08:51:03+00:00,ChanelLondynn,denzeldion,0,0,0,LMFAOOOOOOOOOOOOO U GOMNNNN,,Sat Jan 25 08:51:03 +0000 2020,,,,https://twitter.com/ChanelLondynn/status/1220992466368679936,1220992466368679936,970482020110409728
2020-01-24 22:27:56+00:00,ChanelLondynn,_Shaniat,0,7,71,Yall bitches pathetic LMFAOOOOOOO,,Fri Jan 24 22:27:56 +0000 2020,,,https://twitter.com/_Shaniat/status/1218896305927401477,https://twitter.com/ChanelLondynn/status/1220835653635600384,1220835653635600384,970482020110409728
2020-01-24 21:56:08+00:00,ChanelLondynn,yeaaalrigtt,0,0,1,"Im hooked , def about to binge",,Fri Jan 24 21:56:08 +0000 2020,,,,https://twitter.com/ChanelLondynn/status/1220827652199550976,1220827652199550976,970482020110409728
