date,username,to,replies,retweets,favorites,text,mentions,formatted_date,geo,hashtags,urls,permalink,ID,author_id
2020-02-28 19:04:29+00:00,courttconroy,r0wennaa,0,1,1,YOU AINT READY FOR THIS WORK,,Fri Feb 28 19:04:29 +0000 2020,,,https://twitter.com/r0wennaa/status/1233419934530723840,https://twitter.com/courttconroy/status/1233468027905200129,1233468027905200129,3190963325
2020-02-28 03:40:02+00:00,courttconroy,AFlyBlackCommie,0,0,1,They are all beautiful but that first man... WOW.,,Fri Feb 28 03:40:02 +0000 2020,,,https://twitter.com/AFlyBlackCommie/status/1233136453305217038,https://twitter.com/courttconroy/status/1233235385410605057,1233235385410605057,3190963325
2020-02-28 03:23:46+00:00,courttconroy,RollingLoud,0,0,3,Is it,,Fri Feb 28 03:23:46 +0000 2020,,,https://twitter.com/RollingLoud/status/1233231228092002304,https://twitter.com/courttconroy/status/1233231287869157376,1233231287869157376,3190963325
2020-02-28 02:46:39+00:00,courttconroy,,0,0,1,Life has been straight up beating my ass lately,,Fri Feb 28 02:46:39 +0000 2020,,,,https://twitter.com/courttconroy/status/1233221947955335168,1233221947955335168,3190963325
2020-02-28 02:42:06+00:00,courttconroy,,0,1,0,https://twitter.com/DemetriusHarmon/status/1233219710600335365,,Fri Feb 28 02:42:06 +0000 2020,,,https://twitter.com/DemetriusHarmon/status/1233219710600335365,https://twitter.com/courttconroy/status/1233220804361490432,1233220804361490432,3190963325
2020-02-28 02:00:14+00:00,courttconroy,KivanBay,0,1,0,I love my cat and I still love dogs but points have been made.,,Fri Feb 28 02:00:14 +0000 2020,,,https://twitter.com/KivanBay/status/1232810191587954690,https://twitter.com/courttconroy/status/1233210267279949824,1233210267279949824,3190963325
2020-02-27 02:15:25+00:00,courttconroy,jeennizzle,0,0,0,Yes.,,Thu Feb 27 02:15:25 +0000 2020,,,https://twitter.com/jeennizzle/status/1232107338460364800,https://twitter.com/courttconroy/status/1232851700739969024,1232851700739969024,3190963325
2020-02-26 21:00:01+00:00,courttconroy,BernieSanders,0,12,18,LETS GET IT FUCKING GOINGGGG,,Wed Feb 26 21:00:01 +0000 2020,,,https://twitter.com/BernieSanders/status/1232489187523399680,https://twitter.com/courttconroy/status/1232772326648926209,1232772326648926209,3190963325
2020-02-26 08:48:36+00:00,courttconroy,katmiichellee,0,0,1,Okay last one lol,,Wed Feb 26 08:48:36 +0000 2020,,,https://music.apple.com/us/playlist/bops/pl.u-PDb40GZTePNKNdx,https://twitter.com/courttconroy/status/1232588259122913281,1232588259122913281,3190963325
2020-02-26 08:48:06+00:00,courttconroy,katmiichellee,0,0,1,,,Wed Feb 26 08:48:06 +0000 2020,,,https://music.apple.com/us/playlist/playlist/pl.u-Ymb09N5ugZj2jJk,https://twitter.com/courttconroy/status/1232588135751700480,1232588135751700480,3190963325
2020-02-26 08:46:45+00:00,courttconroy,katmiichellee,0,0,1,,,Wed Feb 26 08:46:45 +0000 2020,,,https://music.apple.com/us/playlist/come-chill-with-me/pl.u-b3b8RMgHK5R9RZb,https://twitter.com/courttconroy/status/1232587794322743297,1232587794322743297,3190963325
2020-02-26 08:46:19+00:00,courttconroy,katmiichellee,0,0,1,,,Wed Feb 26 08:46:19 +0000 2020,,,https://music.apple.com/us/playlist/baby-making-music/pl.u-LdbqEo3u2jWbWpl,https://twitter.com/courttconroy/status/1232587686462050304,1232587686462050304,3190963325
2020-02-26 05:39:07+00:00,courttconroy,sammiolbrys,0,0,0,Most definitely,,Wed Feb 26 05:39:07 +0000 2020,,,,https://twitter.com/courttconroy/status/1232540575380975617,1232540575380975617,3190963325
2020-02-26 01:36:31+00:00,courttconroy,,1,2,8,I’m craving affection ,,Wed Feb 26 01:36:31 +0000 2020,,,,https://twitter.com/courttconroy/status/1232479525365137408,1232479525365137408,3190963325
2020-02-25 19:38:45+00:00,courttconroy,Leonczik,0,0,0,So talented.,,Tue Feb 25 19:38:45 +0000 2020,,,,https://twitter.com/courttconroy/status/1232389488325910529,1232389488325910529,3190963325
2020-02-25 18:05:10+00:00,courttconroy,,0,7,10,,,Tue Feb 25 18:05:10 +0000 2020,,,,https://twitter.com/courttconroy/status/1232365935861825537,1232365935861825537,3190963325
2020-02-25 17:49:47+00:00,courttconroy,,0,1,2,I hate being helpless.,,Tue Feb 25 17:49:47 +0000 2020,,,,https://twitter.com/courttconroy/status/1232362065123250176,1232362065123250176,3190963325
2020-02-25 17:40:13+00:00,courttconroy,prettyboyyaaron,0,0,0,stop,,Tue Feb 25 17:40:13 +0000 2020,,,,https://twitter.com/courttconroy/status/1232359657521504257,1232359657521504257,3190963325
2020-02-25 17:32:59+00:00,courttconroy,,0,0,1,"“Every time I hear the song Thick & Pretty, I think of you”",,Tue Feb 25 17:32:59 +0000 2020,,,,https://twitter.com/courttconroy/status/1232357836820287488,1232357836820287488,3190963325
2020-02-24 20:34:11+00:00,courttconroy,BigSean,0,1,0,Paradise and I Know,,Mon Feb 24 20:34:11 +0000 2020,,,https://twitter.com/BigSean/status/1232028648720306177,https://twitter.com/courttconroy/status/1232041051839516672,1232041051839516672,3190963325
2020-02-24 17:52:16+00:00,courttconroy,,0,0,3,I play tag and you it for life.,,Mon Feb 24 17:52:16 +0000 2020,,,,https://twitter.com/courttconroy/status/1232000304092270592,1232000304092270592,3190963325
2020-02-24 00:20:50+00:00,courttconroy,uhhangi3,0,0,1,Felt that,,Mon Feb 24 00:20:50 +0000 2020,,,,https://twitter.com/courttconroy/status/1231735701605167104,1231735701605167104,3190963325
2020-02-23 23:55:11+00:00,courttconroy,dnice_sinclair,0,0,1,How it should be,,Sun Feb 23 23:55:11 +0000 2020,,,https://twitter.com/dnice_sinclair/status/1231601788878565381,https://twitter.com/courttconroy/status/1231729245405224961,1231729245405224961,3190963325
2020-02-23 23:52:23+00:00,courttconroy,Nolimittmj,0,0,3,It has always been Free Bobby till it’s backwards.,,Sun Feb 23 23:52:23 +0000 2020,,,https://twitter.com/Nolimittmj/status/1231448223748939776,https://twitter.com/courttconroy/status/1231728543371005953,1231728543371005953,3190963325
2020-02-23 23:31:13+00:00,courttconroy,xannyluck,1,6,10,Toxic LMFAO,,Sun Feb 23 23:31:13 +0000 2020,,,https://twitter.com/xannyluck/status/1231021953307283457,https://twitter.com/courttconroy/status/1231723215833247744,1231723215833247744,3190963325
2020-02-23 23:04:06+00:00,courttconroy,DaBabyDaBaby,0,0,3,His voice is just so...,,Sun Feb 23 23:04:06 +0000 2020,,,https://twitter.com/DaBabyDaBaby/status/1231687102087102464,https://twitter.com/courttconroy/status/1231716389561491463,1231716389561491463,3190963325
2020-02-23 22:59:06+00:00,courttconroy,nofilterflo,0,0,1,Period.,,Sun Feb 23 22:59:06 +0000 2020,,,,https://twitter.com/courttconroy/status/1231715132033597443,1231715132033597443,3190963325
2020-02-23 22:04:37+00:00,courttconroy,ayoobrice,1,4,7,You girls be complaining???,,Sun Feb 23 22:04:37 +0000 2020,,,https://twitter.com/ayoobrice/status/1231346613857243137,https://twitter.com/courttconroy/status/1231701422863011840,1231701422863011840,3190963325
2020-02-23 21:53:17+00:00,courttconroy,sammiolbrys,0,0,0,I’m crying ,,Sun Feb 23 21:53:17 +0000 2020,,,,https://twitter.com/courttconroy/status/1231698570195165184,1231698570195165184,3190963325
2020-02-23 21:53:12+00:00,courttconroy,sammiolbrys,0,0,0,LMAOOO,,Sun Feb 23 21:53:12 +0000 2020,,,,https://twitter.com/courttconroy/status/1231698549525614592,1231698549525614592,3190963325
2020-02-23 21:40:13+00:00,courttconroy,kynthekyd,0,0,1,You are so stunning. I can’t even.,,Sun Feb 23 21:40:13 +0000 2020,,,,https://twitter.com/courttconroy/status/1231695279621099520,1231695279621099520,3190963325
2020-02-23 21:25:59+00:00,courttconroy,,0,8,12,"This weekend was amazing. I’m feeling inspired, motivated, and confident as hell. I’m not even close to where I want to be at. I’m about to be a threat.",,Sun Feb 23 21:25:59 +0000 2020,,,,https://twitter.com/courttconroy/status/1231691698755055623,1231691698755055623,3190963325
2020-02-23 21:19:52+00:00,courttconroy,sammiolbrys,0,1,1,My support system fr,,Sun Feb 23 21:19:52 +0000 2020,,,,https://twitter.com/courttconroy/status/1231690159294423040,1231690159294423040,3190963325
2020-02-23 21:19:47+00:00,courttconroy,sammiolbrys,0,0,1,I love you so much,,Sun Feb 23 21:19:47 +0000 2020,,,,https://twitter.com/courttconroy/status/1231690137475715077,1231690137475715077,3190963325
2020-02-23 20:15:20+00:00,courttconroy,NewWxve_,0,0,3,Junk and Seafood EASILY,,Sun Feb 23 20:15:20 +0000 2020,,,https://twitter.com/NewWxve_/status/1231244617313550336,https://twitter.com/courttconroy/status/1231673917745586176,1231673917745586176,3190963325
2020-02-23 20:11:37+00:00,courttconroy,,0,2,10,The greatest decision I’ve ever made in my life so far is deciding to pursue my dream. I fucking love this dancing shit.,,Sun Feb 23 20:11:37 +0000 2020,,,,https://twitter.com/courttconroy/status/1231672984575893509,1231672984575893509,3190963325
2020-02-22 23:09:23+00:00,courttconroy,prettyboyyaaron,0,0,1,Bet.,,Sat Feb 22 23:09:23 +0000 2020,,,,https://twitter.com/courttconroy/status/1231355333194416128,1231355333194416128,3190963325
2020-02-22 23:01:46+00:00,courttconroy,prettyboyyaaron,1,0,3,Delete this tweet,,Sat Feb 22 23:01:46 +0000 2020,,,,https://twitter.com/courttconroy/status/1231353415126704128,1231353415126704128,3190963325
2020-02-22 22:23:18+00:00,courttconroy,,1,11,11,I really don’t ask for much,,Sat Feb 22 22:23:18 +0000 2020,,,,https://twitter.com/courttconroy/status/1231343736321384448,1231343736321384448,3190963325
2020-02-22 22:17:55+00:00,courttconroy,,0,0,2,My parents never fail to ruin my day whenever I have something important lol,,Sat Feb 22 22:17:55 +0000 2020,,,,https://twitter.com/courttconroy/status/1231342379573137410,1231342379573137410,3190963325
2020-02-22 21:49:25+00:00,courttconroy,xxxTha_Dreamxxx,1,0,0,Hakeem. Please.,,Sat Feb 22 21:49:25 +0000 2020,,,,https://twitter.com/courttconroy/status/1231335206868717568,1231335206868717568,3190963325
2020-02-22 21:29:10+00:00,courttconroy,courttconroy,0,0,0,"I can make my ass fatter though, my titties are a lost cause at this point.",,Sat Feb 22 21:29:10 +0000 2020,,,,https://twitter.com/courttconroy/status/1231330113524031489,1231330113524031489,3190963325
2020-02-22 21:28:36+00:00,courttconroy,llamacitaaa,1,0,0,I need that too,,Sat Feb 22 21:28:36 +0000 2020,,,,https://twitter.com/courttconroy/status/1231329969315491841,1231329969315491841,3190963325
2020-02-22 21:27:48+00:00,courttconroy,courttconroy,1,1,0,Anyone wanna buy me some,,Sat Feb 22 21:27:48 +0000 2020,,,https://twitter.com/courttconroy/status/1231329733864034311,https://twitter.com/courttconroy/status/1231329768920035328,1231329768920035328,3190963325
2020-02-22 21:27:40+00:00,courttconroy,,1,1,6,I need more titties,,Sat Feb 22 21:27:40 +0000 2020,,,,https://twitter.com/courttconroy/status/1231329733864034311,1231329733864034311,3190963325
2020-02-22 20:58:05+00:00,courttconroy,nofilterflo,0,0,1,LMAOOOOOO DEADASS THOUGH,,Sat Feb 22 20:58:05 +0000 2020,,,,https://twitter.com/courttconroy/status/1231322288768847876,1231322288768847876,3190963325
2020-02-22 20:51:26+00:00,courttconroy,nofilterflo,1,0,1,LMAOOO he was wayyyy older but super sweet,,Sat Feb 22 20:51:26 +0000 2020,,,,https://twitter.com/courttconroy/status/1231320617942691840,1231320617942691840,3190963325
2020-02-22 20:33:01+00:00,courttconroy,Sebby_14,0,0,0,I’m hype as hell,,Sat Feb 22 20:33:01 +0000 2020,,,,https://twitter.com/courttconroy/status/1231315983853330433,1231315983853330433,3190963325
2020-02-22 13:28:04+00:00,courttconroy,,1,0,6,My Uber driver told me I look beautiful as I was getting out ,,Sat Feb 22 13:28:04 +0000 2020,,,,https://twitter.com/courttconroy/status/1231209039809384448,1231209039809384448,3190963325
2020-02-22 13:13:35+00:00,courttconroy,R_JayyyZ,0,0,1,LMAOOOOOO,,Sat Feb 22 13:13:35 +0000 2020,,,,https://twitter.com/courttconroy/status/1231205396917911553,1231205396917911553,3190963325
2020-02-22 13:11:45+00:00,courttconroy,R_JayyyZ,1,0,1,Thank you so much ,,Sat Feb 22 13:11:45 +0000 2020,,,,https://twitter.com/courttconroy/status/1231204933682257928,1231204933682257928,3190963325
2020-02-22 08:12:39+00:00,courttconroy,wizxrdx,0,1,1,This fire.,,Sat Feb 22 08:12:39 +0000 2020,,,,https://twitter.com/courttconroy/status/1231129660571947013,1231129660571947013,3190963325
2020-02-22 07:47:27+00:00,courttconroy,prettyboyyaaron,0,0,1,drooped,,Sat Feb 22 07:47:27 +0000 2020,,,,https://twitter.com/courttconroy/status/1231123320810196992,1231123320810196992,3190963325
2020-02-22 07:30:53+00:00,courttconroy,PopSmokeCentral,1,1,3,I need the full song now ,,Sat Feb 22 07:30:53 +0000 2020,,,https://twitter.com/PopSmokeCentral/status/1230926093093199873,https://twitter.com/courttconroy/status/1231119152909373441,1231119152909373441,3190963325
2020-02-22 07:24:59+00:00,courttconroy,,0,1,1,I love when Sam is drunk,,Sat Feb 22 07:24:59 +0000 2020,,,,https://twitter.com/courttconroy/status/1231117666322087936,1231117666322087936,3190963325
2020-02-22 07:24:38+00:00,courttconroy,sammiolbrys,0,0,0, ,,Sat Feb 22 07:24:38 +0000 2020,,,,https://twitter.com/courttconroy/status/1231117578069782528,1231117578069782528,3190963325
2020-02-22 06:23:17+00:00,courttconroy,sensationall_,0,0,2,I’m mad that I knew what he meant before even reading what it was supposed to say LMAOOO,,Sat Feb 22 06:23:17 +0000 2020,,,https://twitter.com/sensationall_/status/1230671647348273153,https://twitter.com/courttconroy/status/1231102138224386048,1231102138224386048,3190963325
2020-02-22 05:52:45+00:00,courttconroy,_najab,0,1,1,.,,Sat Feb 22 05:52:45 +0000 2020,,,https://twitter.com/_najab/status/1230919172332257280,https://twitter.com/courttconroy/status/1231094456058892288,1231094456058892288,3190963325
2020-02-22 05:28:32+00:00,courttconroy,emerymyers_,0,1,1,I love you beyond words.,,Sat Feb 22 05:28:32 +0000 2020,,,,https://twitter.com/courttconroy/status/1231088362683015168,1231088362683015168,3190963325
2020-02-22 05:09:17+00:00,courttconroy,sammiolbrys,1,4,29,I have the greatest best friend. Do you SEE this support? ,,Sat Feb 22 05:09:17 +0000 2020,,,https://twitter.com/sammiolbrys/status/1231071681483067393,https://twitter.com/courttconroy/status/1231083518794567680,1231083518794567680,3190963325
2020-02-22 05:08:56+00:00,courttconroy,sammiolbrys,0,1,3,I love you with all my heart.,,Sat Feb 22 05:08:56 +0000 2020,,,https://twitter.com/sammiolbrys/status/1231071681483067393,https://twitter.com/courttconroy/status/1231083426813485057,1231083426813485057,3190963325
2020-02-22 04:32:14+00:00,courttconroy,kaylaavillegas,0,0,2,IM SO PROUD OF YOU,,Sat Feb 22 04:32:14 +0000 2020,,,,https://twitter.com/courttconroy/status/1231074191388090368,1231074191388090368,3190963325
2020-02-22 04:32:09+00:00,courttconroy,kaylaavillegas,0,0,1,MY MF BABY,,Sat Feb 22 04:32:09 +0000 2020,,,,https://twitter.com/courttconroy/status/1231074171800768512,1231074171800768512,3190963325
2020-02-22 04:29:05+00:00,courttconroy,,0,0,2,I’m really so upset that Pop Smoke is just gone.,,Sat Feb 22 04:29:05 +0000 2020,,,,https://twitter.com/courttconroy/status/1231073399671271424,1231073399671271424,3190963325
2020-02-22 04:25:50+00:00,courttconroy,DaBabyDaBaby,0,0,1,I’m your dinner.,,Sat Feb 22 04:25:50 +0000 2020,,,https://twitter.com/DaBabyDaBaby/status/1231033135334293504,https://twitter.com/courttconroy/status/1231072583744925696,1231072583744925696,3190963325
2020-02-22 04:23:12+00:00,courttconroy,JheneAiko,0,0,2,I LOVE YOU QUEEN,,Sat Feb 22 04:23:12 +0000 2020,,,https://twitter.com/JheneAiko/status/1231041738027851776,https://twitter.com/courttconroy/status/1231071920688373760,1231071920688373760,3190963325
2020-02-22 04:22:55+00:00,courttconroy,sohh,0,1,7,EL ALFA AND POP SMOKE??!! SHIT.,,Sat Feb 22 04:22:55 +0000 2020,,,https://twitter.com/sohh/status/1230933079142916098,https://twitter.com/courttconroy/status/1231071847384567813,1231071847384567813,3190963325
2020-02-22 03:45:00+00:00,courttconroy,xxxTha_Dreamxxx,0,0,0,Manifesting type shit,,Sat Feb 22 03:45:00 +0000 2020,,,,https://twitter.com/courttconroy/status/1231062304415981569,1231062304415981569,3190963325
2020-02-22 03:14:13+00:00,courttconroy,dopekidsheldon,0,0,1,Huge mood ,,Sat Feb 22 03:14:13 +0000 2020,,,https://twitter.com/dopekidsheldon/status/1230646816305225728,https://twitter.com/courttconroy/status/1231054558996111362,1231054558996111362,3190963325
2020-02-22 02:11:55+00:00,courttconroy,emerymyers_,0,1,1,You’re the greatest,,Sat Feb 22 02:11:55 +0000 2020,,,,https://twitter.com/courttconroy/status/1231038879907577857,1231038879907577857,3190963325
2020-02-21 22:58:47+00:00,courttconroy,,0,3,4,"If I was good at art, I would without a doubt be a tattoo artist",,Fri Feb 21 22:58:47 +0000 2020,,,,https://twitter.com/courttconroy/status/1230990277495676928,1230990277495676928,3190963325
2020-02-21 22:58:17+00:00,courttconroy,kaylaavillegas,1,0,1,I WANNA SEE,,Fri Feb 21 22:58:17 +0000 2020,,,,https://twitter.com/courttconroy/status/1230990151754637314,1230990151754637314,3190963325
2020-02-21 21:25:55+00:00,courttconroy,prettycoIdtho,0,0,5,“Teasing ass mf” LMAOOOOOOOO,,Fri Feb 21 21:25:55 +0000 2020,,,https://twitter.com/prettycoIdtho/status/1230360030291152897,https://twitter.com/courttconroy/status/1230966908440150016,1230966908440150016,3190963325
2020-02-21 21:20:07+00:00,courttconroy,KingTrillaX,0,1,5,This absolutely breaks my heart. I hope I do everything in my power as a parent to be well aware of my child’s mental health and get them the help and support they need.,,Fri Feb 21 21:20:07 +0000 2020,,,https://twitter.com/KingTrillaX/status/1230605270570741760,https://twitter.com/courttconroy/status/1230965445286559745,1230965445286559745,3190963325
2020-02-21 21:12:50+00:00,courttconroy,wunnaworld,1,0,2,Excuse me... what,,Fri Feb 21 21:12:50 +0000 2020,,,,https://twitter.com/courttconroy/status/1230963616142237708,1230963616142237708,3190963325
2020-02-21 21:12:10+00:00,courttconroy,sammiolbrys,0,0,0,Wow ,,Fri Feb 21 21:12:10 +0000 2020,,,,https://twitter.com/courttconroy/status/1230963444427390977,1230963444427390977,3190963325
2020-02-21 19:22:20+00:00,courttconroy,MatthewLillard,0,0,0,I love you.,,Fri Feb 21 19:22:20 +0000 2020,,,https://twitter.com/MatthewLillard/status/1230755014081011712,https://twitter.com/courttconroy/status/1230935804123455491,1230935804123455491,3190963325
2020-02-21 19:14:30+00:00,courttconroy,,0,0,1,I genuinely wanna know,,Fri Feb 21 19:14:30 +0000 2020,,,,https://twitter.com/courttconroy/status/1230933833089998848,1230933833089998848,3190963325
2020-02-21 19:14:23+00:00,courttconroy,,1,0,0,What is wrong with pisces,,Fri Feb 21 19:14:23 +0000 2020,,,,https://twitter.com/courttconroy/status/1230933805906714630,1230933805906714630,3190963325
2020-02-21 19:03:04+00:00,courttconroy,,1,1,9,https://twitter.com/courttconroy/status/1230914445435641856,,Fri Feb 21 19:03:04 +0000 2020,,,https://twitter.com/courttconroy/status/1230914445435641856,https://twitter.com/courttconroy/status/1230930956070137858,1230930956070137858,3190963325
2020-02-21 18:00:02+00:00,courttconroy,DaBabyDaBaby,0,4,5,Okay Jonathan.,,Fri Feb 21 18:00:02 +0000 2020,,,https://twitter.com/DaBabyDaBaby/status/1230790197274648578,https://twitter.com/courttconroy/status/1230915094554578946,1230915094554578946,3190963325
2020-02-21 17:59:04+00:00,courttconroy,SLAAATTTTT,0,0,3,And what about it?,,Fri Feb 21 17:59:04 +0000 2020,,,https://twitter.com/SLAAATTTTT/status/1230571364647440384,https://twitter.com/courttconroy/status/1230914850353827840,1230914850353827840,3190963325
2020-02-21 17:57:27+00:00,courttconroy,samuraikp,0,0,0,I need some Chick fil A now,,Fri Feb 21 17:57:27 +0000 2020,,,,https://twitter.com/courttconroy/status/1230914445435641856,1230914445435641856,3190963325
2020-02-21 17:57:07+00:00,courttconroy,,1,0,0,All the sauces from Chick fil A are good,,Fri Feb 21 17:57:07 +0000 2020,,,,https://twitter.com/courttconroy/status/1230914360287092736,1230914360287092736,3190963325
2020-02-21 17:56:29+00:00,courttconroy,samuraikp,1,1,0,"I love ranch, big W",,Fri Feb 21 17:56:29 +0000 2020,,,,https://twitter.com/courttconroy/status/1230914201394319367,1230914201394319367,3190963325
2020-02-21 17:52:52+00:00,courttconroy,ChickfilA,0,0,0,D1A,,Fri Feb 21 17:52:52 +0000 2020,,,https://twitter.com/ChickfilA/status/1230198487138078721,https://twitter.com/courttconroy/status/1230913289263157248,1230913289263157248,3190963325
2020-02-21 15:33:19+00:00,courttconroy,yoyotrav,0,0,0,It’s what she deserves!,,Fri Feb 21 15:33:19 +0000 2020,,,https://twitter.com/yoyotrav/status/1230557291331457024,https://twitter.com/courttconroy/status/1230878172679475200,1230878172679475200,3190963325
2020-02-21 15:31:03+00:00,courttconroy,itsOddFuture,0,1,2,Esmeralda eating it up,,Fri Feb 21 15:31:03 +0000 2020,,,https://twitter.com/itsOddFuture/status/1230675660168933376,https://twitter.com/courttconroy/status/1230877601650167812,1230877601650167812,3190963325
2020-02-21 15:25:26+00:00,courttconroy,sammiolbrys,0,0,0,I love you,,Fri Feb 21 15:25:26 +0000 2020,,,,https://twitter.com/courttconroy/status/1230876188534616065,1230876188534616065,3190963325
2020-02-21 08:51:44+00:00,courttconroy,kxbarajasx,0,0,1,A man.,,Fri Feb 21 08:51:44 +0000 2020,,,https://twitter.com/kxbarajasx/status/1229866494412120065,https://twitter.com/courttconroy/status/1230777111566278656,1230777111566278656,3190963325
2020-02-21 08:28:35+00:00,courttconroy,katmiichellee,0,0,3,I’ve been saying this!,,Fri Feb 21 08:28:35 +0000 2020,,,https://twitter.com/katmiichellee/status/1230684882776580096,https://twitter.com/courttconroy/status/1230771282515357701,1230771282515357701,3190963325
2020-02-20 23:36:21+00:00,courttconroy,,0,0,0,I love Jorja though,,Thu Feb 20 23:36:21 +0000 2020,,,,https://twitter.com/courttconroy/status/1230637342513389569,1230637342513389569,3190963325
2020-02-20 23:36:07+00:00,courttconroy,shegonsuck,1,0,1,This is the worst tweet I’ve ever seen,,Thu Feb 20 23:36:07 +0000 2020,,,https://twitter.com/shegonsuck/status/1230323216993771520,https://twitter.com/courttconroy/status/1230637283335950338,1230637283335950338,3190963325
2020-02-20 23:34:38+00:00,courttconroy,blokk_star,0,0,0,Save us please,,Thu Feb 20 23:34:38 +0000 2020,,,https://twitter.com/blokk_star/status/1230409468837531651,https://twitter.com/courttconroy/status/1230636909535297536,1230636909535297536,3190963325
2020-02-20 23:16:03+00:00,courttconroy,wunnaworld,0,5,13,When men stop,,Thu Feb 20 23:16:03 +0000 2020,,,https://twitter.com/wunnaworld/status/1230620523534671873,https://twitter.com/courttconroy/status/1230632235759546370,1230632235759546370,3190963325
2020-02-20 20:38:17+00:00,courttconroy,Jkoiofficial,1,0,0,Personally adding Kid Cudi to this list,,Thu Feb 20 20:38:17 +0000 2020,,,,https://twitter.com/courttconroy/status/1230592532192645121,1230592532192645121,3190963325
2020-02-20 18:06:22+00:00,courttconroy,smino,0,0,0,DROP IT NOWWWWWWWWW,,Thu Feb 20 18:06:22 +0000 2020,,,https://twitter.com/smino/status/1230544630086680577,https://twitter.com/courttconroy/status/1230554300864176128,1230554300864176128,3190963325
2020-02-20 17:01:34+00:00,courttconroy,N_andreinaa,0,1,0,Who we fighting,,Thu Feb 20 17:01:34 +0000 2020,,,,https://twitter.com/courttconroy/status/1230537994546929664,1230537994546929664,3190963325
2020-02-20 16:58:44+00:00,courttconroy,Twitter,0,0,2,Ok twitter,,Thu Feb 20 16:58:44 +0000 2020,,,https://twitter.com/Twitter/status/1230487937059631104,https://twitter.com/courttconroy/status/1230537277987860483,1230537277987860483,3190963325
2020-02-20 16:58:37+00:00,courttconroy,,0,0,0,,,Thu Feb 20 16:58:37 +0000 2020,,,https://music.apple.com/us/album/2-lil-shorty/1420112681?i=1420113037,https://twitter.com/courttconroy/status/1230537250552918016,1230537250552918016,3190963325
