date,username,to,replies,retweets,favorites,text,mentions,formatted_date,geo,hashtags,urls,permalink,ID,author_id
2020-02-28 23:43:20+00:00,danascllv,,0,37,211,she is unreal,,Fri Feb 28 23:43:20 +0000 2020,,,,https://twitter.com/danascllv/status/1233538202570567682,1233538202570567682,2324383139
2020-02-28 23:36:47+00:00,danascllv,,0,0,4,i’m an abba lesbian. through and through,,Fri Feb 28 23:36:47 +0000 2020,,,,https://twitter.com/danascllv/status/1233536554901147648,1233536554901147648,2324383139
2020-02-28 23:23:10+00:00,danascllv,,0,0,9,i know the ao3 archives like my own pocket,,Fri Feb 28 23:23:10 +0000 2020,,,,https://twitter.com/danascllv/status/1233533129064960000,1233533129064960000,2324383139
2020-02-28 18:42:42+00:00,danascllv,,1,1,7,we all in agreement,,Fri Feb 28 18:42:42 +0000 2020,,,,https://twitter.com/danascllv/status/1233462545886982145,1233462545886982145,2324383139
2020-02-28 16:40:51+00:00,danascllv,darylspeletier,1,1,27,listen I look like mr. potato head from this angle,,Fri Feb 28 16:40:51 +0000 2020,,,https://twitter.com/darylspeletier/status/1233431670843412484,https://twitter.com/danascllv/status/1233431884203515904,1233431884203515904,2324383139
2020-02-28 15:59:17+00:00,danascllv,,0,0,2,soft so soft i’m - i love her sm,,Fri Feb 28 15:59:17 +0000 2020,,,,https://twitter.com/danascllv/status/1233421423303106560,1233421423303106560,2324383139
2020-02-28 15:45:40+00:00,danascllv,,0,0,7,the way gillian always post shit when I’m not home or at work MY heart is beating outta my CHEST,,Fri Feb 28 15:45:40 +0000 2020,,,,https://twitter.com/danascllv/status/1233417995965337603,1233417995965337603,2324383139
2020-02-28 15:44:52+00:00,danascllv,GillianA,0,0,2,gosh that’s my baby look at ha ,,Fri Feb 28 15:44:52 +0000 2020,,,https://twitter.com/GillianA/status/1233417045510938626,https://twitter.com/danascllv/status/1233417794114420738,1233417794114420738,2324383139
2020-02-28 10:26:01+00:00,danascllv,GreysABC,0,2,40,if they kill him off too...... i’ll fuckkng riot,,Fri Feb 28 10:26:01 +0000 2020,,,https://twitter.com/GreysABC/status/1233225833512194048,https://twitter.com/danascllv/status/1233337551303401478,1233337551303401478,2324383139
2020-02-28 09:39:20+00:00,danascllv,,1,1,20,continuously dreaming about gillian.... not gonna complain,,Fri Feb 28 09:39:20 +0000 2020,,,,https://twitter.com/danascllv/status/1233325803057897475,1233325803057897475,2324383139
2020-02-28 00:55:04+00:00,danascllv,_hupperts,1,0,0,nah ,,Fri Feb 28 00:55:04 +0000 2020,,,,https://twitter.com/danascllv/status/1233193870298624000,1233193870298624000,2324383139
2020-02-28 00:32:06+00:00,danascllv,,0,0,1,three hours ago i told myself i’d go to bed early. that went well,,Fri Feb 28 00:32:06 +0000 2020,,,,https://twitter.com/danascllv/status/1233188088710561792,1233188088710561792,2324383139
2020-02-28 00:14:23+00:00,danascllv,gibsongilscully,1,0,1,txf crack from YouTube. amazing,,Fri Feb 28 00:14:23 +0000 2020,,,,https://twitter.com/danascllv/status/1233183628596740099,1233183628596740099,2324383139
2020-02-28 00:10:40+00:00,danascllv,,0,20,156,this is still one of my favorite things on the internet,,Fri Feb 28 00:10:40 +0000 2020,,,,https://twitter.com/danascllv/status/1233182692696567809,1233182692696567809,2324383139
2020-02-27 22:33:20+00:00,danascllv,,72,5875,11731,,,Thu Feb 27 22:33:20 +0000 2020,,,,https://twitter.com/danascllv/status/1233158197902442497,1233158197902442497,2324383139
2020-02-27 22:20:09+00:00,danascllv,_hupperts,1,0,1,I swear I’ve been trying to find it,,Thu Feb 27 22:20:09 +0000 2020,,,,https://twitter.com/danascllv/status/1233154881915097090,1233154881915097090,2324383139
2020-02-27 21:22:10+00:00,danascllv,,0,36,161,she owns me,,Thu Feb 27 21:22:10 +0000 2020,,,,https://twitter.com/danascllv/status/1233140290065772558,1233140290065772558,2324383139
2020-02-27 20:24:43+00:00,danascllv,_hupperts,1,0,3,I looooove this one https://archiveofourown.org/works/16821652,,Thu Feb 27 20:24:43 +0000 2020,,,https://archiveofourown.org/works/16821652,https://twitter.com/danascllv/status/1233125831427469317,1233125831427469317,2324383139
2020-02-27 20:18:34+00:00,danascllv,_hupperts,1,0,0,revival or og run,,Thu Feb 27 20:18:34 +0000 2020,,,,https://twitter.com/danascllv/status/1233124285310476291,1233124285310476291,2324383139
2020-02-27 20:08:26+00:00,danascllv,,0,0,1,"strike that,, more like 15",,Thu Feb 27 20:08:26 +0000 2020,,,,https://twitter.com/danascllv/status/1233121733563076608,1233121733563076608,2324383139
2020-02-27 20:04:36+00:00,danascllv,,1,0,1,i’ve started 5 different fics and i’m like halfway through all of ‘em,,Thu Feb 27 20:04:36 +0000 2020,,,,https://twitter.com/danascllv/status/1233120769112182786,1233120769112182786,2324383139
2020-02-27 18:21:38+00:00,danascllv,,1,0,2,not me going straight to ao3 after finishing ftf,,Thu Feb 27 18:21:38 +0000 2020,,,,https://twitter.com/danascllv/status/1233094856563712001,1233094856563712001,2324383139
2020-02-27 18:16:55+00:00,danascllv,,0,0,6,but fuck them bees,,Thu Feb 27 18:16:55 +0000 2020,,,,https://twitter.com/danascllv/status/1233093668711665665,1233093668711665665,2324383139
2020-02-27 18:16:45+00:00,danascllv,,0,0,2,forget how fucking good fight the future is,,Thu Feb 27 18:16:45 +0000 2020,,,,https://twitter.com/danascllv/status/1233093628404387841,1233093628404387841,2324383139
2020-02-27 17:45:13+00:00,danascllv,darylspeletier,1,0,1,don’t put this into my mind while i’m watching txf,,Thu Feb 27 17:45:13 +0000 2020,,,,https://twitter.com/danascllv/status/1233085694534410240,1233085694534410240,2324383139
2020-02-27 16:28:31+00:00,danascllv,darylspeletier,1,0,2,i know what you’re thinking and i’m thinking the same thing,,Thu Feb 27 16:28:31 +0000 2020,,,,https://twitter.com/danascllv/status/1233066392016035841,1233066392016035841,2324383139
2020-02-27 16:11:58+00:00,danascllv,,2,15,118,legs for days,,Thu Feb 27 16:11:58 +0000 2020,,,,https://twitter.com/danascllv/status/1233062224413044744,1233062224413044744,2324383139
2020-02-27 16:03:12+00:00,danascllv,,0,1,3,who does she think she’s kidding tho,,Thu Feb 27 16:03:12 +0000 2020,,,,https://twitter.com/danascllv/status/1233060020406845440,1233060020406845440,2324383139
2020-02-27 15:50:20+00:00,danascllv,,1,2,27,a reminder that gillian anderson doesn’t feel sorry for men,,Thu Feb 27 15:50:20 +0000 2020,,,,https://twitter.com/danascllv/status/1233056783570219008,1233056783570219008,2324383139
2020-02-27 14:31:09+00:00,danascllv,,0,0,3,billie eillish energy..... PLS,,Thu Feb 27 14:31:09 +0000 2020,,,,https://twitter.com/danascllv/status/1233036854540238849,1233036854540238849,2324383139
2020-02-27 14:01:30+00:00,danascllv,NlCOLEKlDMANS,0,0,1,skskk i know i have to laugh,,Thu Feb 27 14:01:30 +0000 2020,,,,https://twitter.com/danascllv/status/1233029394568024065,1233029394568024065,2324383139
2020-02-27 14:00:18+00:00,danascllv,GillianA,1,1,52,ellen ghosted her ass,,Thu Feb 27 14:00:18 +0000 2020,,,https://twitter.com/GillianA/status/708015978743988225,https://twitter.com/danascllv/status/1233029091336630272,1233029091336630272,2324383139
2020-02-27 12:54:39+00:00,danascllv,,0,0,1,“so you two know each other” my baby is jealoussss,,Thu Feb 27 12:54:39 +0000 2020,,,,https://twitter.com/danascllv/status/1233012571499847680,1233012571499847680,2324383139
2020-02-27 12:41:00+00:00,danascllv,,0,0,0,i finally exposed the real gillian. via an app,,Thu Feb 27 12:41:00 +0000 2020,,,,https://twitter.com/danascllv/status/1233009133261074432,1233009133261074432,2324383139
2020-02-27 12:14:41+00:00,danascllv,,0,0,2,y’all living in London are about to be attacked on a daily basis,,Thu Feb 27 12:14:41 +0000 2020,,,,https://twitter.com/danascllv/status/1233002509855285249,1233002509855285249,2324383139
2020-02-27 12:12:53+00:00,danascllv,,0,0,2,only thing holding me back is my bff called anxiety,,Thu Feb 27 12:12:53 +0000 2020,,,,https://twitter.com/danascllv/status/1233002058539773953,1233002058539773953,2324383139
2020-02-27 12:08:36+00:00,danascllv,darylspeletier,1,0,0,return tickets are only £34 istg,,Thu Feb 27 12:08:36 +0000 2020,,,,https://twitter.com/danascllv/status/1233000979852906498,1233000979852906498,2324383139
2020-02-27 12:05:14+00:00,danascllv,,2,0,4,the tickets are so cheap i -,,Thu Feb 27 12:05:14 +0000 2020,,,,https://twitter.com/danascllv/status/1233000133563908096,1233000133563908096,2324383139
2020-02-27 12:03:59+00:00,danascllv,,1,0,4,the way i’m not kidding when i tell ya i’m flying to London,,Thu Feb 27 12:03:59 +0000 2020,,,,https://twitter.com/danascllv/status/1232999817565085696,1232999817565085696,2324383139
2020-02-27 11:52:24+00:00,danascllv,darylspeletier,0,0,1,looking for flight RIGHT this moment,,Thu Feb 27 11:52:24 +0000 2020,,,,https://twitter.com/danascllv/status/1232996905250152448,1232996905250152448,2324383139
2020-02-27 11:47:50+00:00,danascllv,,1,0,10,fuck the coronavirus i’m flying to London ASAP,,Thu Feb 27 11:47:50 +0000 2020,,,,https://twitter.com/danascllv/status/1232995755763343360,1232995755763343360,2324383139
2020-02-27 11:45:04+00:00,danascllv,,0,0,2,this DUNE CAMPAIGN = bEST THING THAT’LL EVER HAPPEN TO US,,Thu Feb 27 11:45:04 +0000 2020,,,,https://twitter.com/danascllv/status/1232995058430992384,1232995058430992384,2324383139
2020-02-27 11:44:05+00:00,danascllv,darylspeletier,1,0,1,bitch i’m not even sure i’m breathing right now,,Thu Feb 27 11:44:05 +0000 2020,,,,https://twitter.com/danascllv/status/1232994812779008001,1232994812779008001,2324383139
2020-02-27 11:41:34+00:00,danascllv,,0,1,2,not melanie and i having a mental break over gillian rn,,Thu Feb 27 11:41:34 +0000 2020,,,,https://twitter.com/danascllv/status/1232994178235236352,1232994178235236352,2324383139
2020-02-27 09:18:51+00:00,danascllv,,1,8,95,all i ever wanted,,Thu Feb 27 09:18:51 +0000 2020,,,,https://twitter.com/danascllv/status/1232958263685242881,1232958263685242881,2324383139
2020-02-26 23:00:23+00:00,danascllv,,0,0,11,whenever gillian does something i just be throwing my money at her,,Wed Feb 26 23:00:23 +0000 2020,,,,https://twitter.com/danascllv/status/1232802618478645249,1232802618478645249,2324383139
2020-02-26 22:56:45+00:00,danascllv,,1,20,114,i love her like no other,,Wed Feb 26 22:56:45 +0000 2020,,,,https://twitter.com/danascllv/status/1232801704292372480,1232801704292372480,2324383139
2020-02-26 22:38:23+00:00,danascllv,NlCOLEKlDMANS,0,0,1,me too but i’m still stupid enough to open some and i’ve paid the price,,Wed Feb 26 22:38:23 +0000 2020,,,,https://twitter.com/danascllv/status/1232797081271721984,1232797081271721984,2324383139
2020-02-26 22:14:37+00:00,danascllv,,1,0,1,I’ve learned to not open Ina’s dms when I’m in public,,Wed Feb 26 22:14:37 +0000 2020,,,,https://twitter.com/danascllv/status/1232791103377756160,1232791103377756160,2324383139
2020-02-26 21:10:31+00:00,danascllv,,0,1,21,my love for gillian is endless,,Wed Feb 26 21:10:31 +0000 2020,,,,https://twitter.com/danascllv/status/1232774971371532288,1232774971371532288,2324383139
2020-02-26 20:53:45+00:00,danascllv,,0,0,2,if y’all got the coronavirus in the UK i ain’t coming over there,,Wed Feb 26 20:53:45 +0000 2020,,,,https://twitter.com/danascllv/status/1232770749422882819,1232770749422882819,2324383139
2020-02-26 20:12:01+00:00,danascllv,emilykrunts,1,0,1,time to get that sugar daddy Ina,,Wed Feb 26 20:12:01 +0000 2020,,,,https://twitter.com/danascllv/status/1232760250220019713,1232760250220019713,2324383139
2020-02-26 15:49:52+00:00,danascllv,,0,0,15,the way my heart clenches when gillian wears sneakers.... she’s so tiny but so powerful i -,,Wed Feb 26 15:49:52 +0000 2020,,,,https://twitter.com/danascllv/status/1232694277978939397,1232694277978939397,2324383139
2020-02-26 15:48:46+00:00,danascllv,danascllv,1,0,19,"thank you, thank you",,Wed Feb 26 15:48:46 +0000 2020,,,https://twitter.com/danascllv/status/1232451758900645888,https://twitter.com/danascllv/status/1232694000118837249,1232694000118837249,2324383139
2020-02-26 15:43:06+00:00,danascllv,,0,0,1,I hate that I’m not home so I can study these pictures in private,,Wed Feb 26 15:43:06 +0000 2020,,,,https://twitter.com/danascllv/status/1232692573581533184,1232692573581533184,2324383139
2020-02-26 15:23:27+00:00,danascllv,,0,0,3,NO WORDS CAN DESCRIBE HOW THESE PICTURES MAKE ME FEEL,,Wed Feb 26 15:23:27 +0000 2020,,,,https://twitter.com/danascllv/status/1232687630376210432,1232687630376210432,2324383139
2020-02-26 15:20:32+00:00,danascllv,,0,0,0,Aafuckkng HELL KM ACREAMJNG OH NY GOD LOOK AT HERRRRR,,Wed Feb 26 15:20:32 +0000 2020,,,,https://twitter.com/danascllv/status/1232686892761722885,1232686892761722885,2324383139
2020-02-26 15:20:31+00:00,danascllv,,1,0,30,have mercy on me gillian,,Wed Feb 26 15:20:31 +0000 2020,,,,https://twitter.com/danascllv/status/1232686890370899968,1232686890370899968,2324383139
2020-02-26 15:10:22+00:00,danascllv,,0,1,43,gosh look at them,,Wed Feb 26 15:10:22 +0000 2020,,,,https://twitter.com/danascllv/status/1232684337415544833,1232684337415544833,2324383139
2020-02-26 10:39:17+00:00,danascllv,Dani_Auso,0,3,24,they really said let’s give the lesbians what they want and then deleted this scene,,Wed Feb 26 10:39:17 +0000 2020,,,https://twitter.com/Dani_Auso/status/1232590548676075520,https://twitter.com/danascllv/status/1232616116310151168,1232616116310151168,2324383139
2020-02-26 01:00:26+00:00,danascllv,emilykrunts,0,0,1,using the big words now are we,,Wed Feb 26 01:00:26 +0000 2020,,,,https://twitter.com/danascllv/status/1232470443749044224,1232470443749044224,2324383139
2020-02-26 00:57:54+00:00,danascllv,emilykrunts,1,0,0,you mean trying to bully me,,Wed Feb 26 00:57:54 +0000 2020,,,,https://twitter.com/danascllv/status/1232469806181302272,1232469806181302272,2324383139
2020-02-25 23:46:11+00:00,danascllv,,0,0,11,"gillian do something, i beg you",,Tue Feb 25 23:46:11 +0000 2020,,,,https://twitter.com/danascllv/status/1232451758900645888,1232451758900645888,2324383139
2020-02-25 23:23:38+00:00,danascllv,stellaxxgibson,1,0,1,look at that picture... you can see the outline through the dress and it’s... making me feel things,,Tue Feb 25 23:23:38 +0000 2020,,,,https://twitter.com/danascllv/status/1232446083235606528,1232446083235606528,2324383139
2020-02-25 23:19:17+00:00,danascllv,stellaxxgibson,0,0,1,never forget to appreciate the goods,,Tue Feb 25 23:19:17 +0000 2020,,,,https://twitter.com/danascllv/status/1232444986152538113,1232444986152538113,2324383139
2020-02-25 23:18:14+00:00,danascllv,,0,0,0,safe to say they know now,,Tue Feb 25 23:18:14 +0000 2020,,,,https://twitter.com/danascllv/status/1232444722330759168,1232444722330759168,2324383139
2020-02-25 23:16:38+00:00,danascllv,,1,0,3,not me yelling at my friends for not knowing who gillian is,,Tue Feb 25 23:16:38 +0000 2020,,,,https://twitter.com/danascllv/status/1232444322043195392,1232444322043195392,2324383139
2020-02-25 23:16:05+00:00,danascllv,danascllv,0,0,5,if i hear this one more time i will start throwing punches,,Tue Feb 25 23:16:05 +0000 2020,,,https://twitter.com/danascllv/status/1232444086763700225,https://twitter.com/danascllv/status/1232444184654598145,1232444184654598145,2324383139
2020-02-25 23:15:42+00:00,danascllv,,1,30,154,“isn’t that the woman from sex education”,,Tue Feb 25 23:15:42 +0000 2020,,,,https://twitter.com/danascllv/status/1232444086763700225,1232444086763700225,2324383139
2020-02-25 22:42:53+00:00,danascllv,danascllv,1,0,18,still stands true to this day,,Tue Feb 25 22:42:53 +0000 2020,,,https://twitter.com/danascllv/status/1214030894454968322,https://twitter.com/danascllv/status/1232435829424807936,1232435829424807936,2324383139
2020-02-25 22:10:58+00:00,danascllv,emilykrunts,0,0,7,this is the only one that truly matters,,Tue Feb 25 22:10:58 +0000 2020,,,https://twitter.com/emilykrunts/status/1232426487124500480,https://twitter.com/danascllv/status/1232427795697061892,1232427795697061892,2324383139
2020-02-25 21:26:32+00:00,danascllv,,1,17,97,look at her,,Tue Feb 25 21:26:32 +0000 2020,,,,https://twitter.com/danascllv/status/1232416613640626190,1232416613640626190,2324383139
2020-02-25 21:23:59+00:00,danascllv,NlCOLEKlDMANS,1,0,2,you gotta chill you’re such a fucking babe ma’am,,Tue Feb 25 21:23:59 +0000 2020,,,,https://twitter.com/danascllv/status/1232415970955874304,1232415970955874304,2324383139
2020-02-25 21:18:06+00:00,danascllv,,0,0,10,forgot how big of an asshole mulder was after he came back from the dead,,Tue Feb 25 21:18:06 +0000 2020,,,,https://twitter.com/danascllv/status/1232414491276664836,1232414491276664836,2324383139
2020-02-25 20:25:10+00:00,danascllv,,0,0,0,“he was the last”,,Tue Feb 25 20:25:10 +0000 2020,,,,https://twitter.com/danascllv/status/1232401168703410177,1232401168703410177,2324383139
2020-02-25 20:19:48+00:00,danascllv,,1,0,1,like a knife in my goddamn chest ma this HURTS,,Tue Feb 25 20:19:48 +0000 2020,,,,https://twitter.com/danascllv/status/1232399818334621696,1232399818334621696,2324383139
2020-02-25 20:13:10+00:00,danascllv,,1,0,1,i hate myself for watching this episode again i do i really do,,Tue Feb 25 20:13:10 +0000 2020,,,,https://twitter.com/danascllv/status/1232398149089681409,1232398149089681409,2324383139
2020-02-25 19:47:12+00:00,danascllv,,0,0,0,“i’m sorry... i just had a bad dream” she so soft and sad and i just,,Tue Feb 25 19:47:12 +0000 2020,,,,https://twitter.com/danascllv/status/1232391614217236483,1232391614217236483,2324383139
2020-02-25 19:40:37+00:00,danascllv,,0,0,1,there should be a maximum as to how many times scully has to cry during ONE episode,,Tue Feb 25 19:40:37 +0000 2020,,,,https://twitter.com/danascllv/status/1232389956900921346,1232389956900921346,2324383139
2020-02-25 19:35:54+00:00,danascllv,,0,0,7,scully running towards mulder’s dead body in this is not happening... i need a moment,,Tue Feb 25 19:35:54 +0000 2020,,,,https://twitter.com/danascllv/status/1232388773083844608,1232388773083844608,2324383139
2020-02-25 19:10:48+00:00,danascllv,,2,3,63,thoughts? i have them,,Tue Feb 25 19:10:48 +0000 2020,,,,https://twitter.com/danascllv/status/1232382455723765762,1232382455723765762,2324383139
2020-02-25 18:26:36+00:00,danascllv,,0,0,6,the way i get all tingly whenever i look at gillian,,Tue Feb 25 18:26:36 +0000 2020,,,,https://twitter.com/danascllv/status/1232371331494293513,1232371331494293513,2324383139
2020-02-25 14:21:47+00:00,danascllv,NlCOLEKlDMANS,1,0,4,how much they flirted this entire interview shut UP,,Tue Feb 25 14:21:47 +0000 2020,,,,https://twitter.com/danascllv/status/1232309722650464256,1232309722650464256,2324383139
2020-02-25 13:15:10+00:00,danascllv,,0,0,5,not me getting the urge to start a sex ed rewatch for the 50th time,,Tue Feb 25 13:15:10 +0000 2020,,,,https://twitter.com/danascllv/status/1232292956633255937,1232292956633255937,2324383139
2020-02-25 12:20:51+00:00,danascllv,darylspeletier,1,0,2,LOOK AT HIS SMILE AKAKSKSK,,Tue Feb 25 12:20:51 +0000 2020,,,,https://twitter.com/danascllv/status/1232279285785821184,1232279285785821184,2324383139
2020-02-25 12:16:39+00:00,danascllv,,0,0,7,scully almost crying in 3x14 bc she’s worried about mulder...,,Tue Feb 25 12:16:39 +0000 2020,,,,https://twitter.com/danascllv/status/1232278232025702400,1232278232025702400,2324383139
2020-02-25 09:44:06+00:00,danascllv,,0,17,132,we had it all,,Tue Feb 25 09:44:06 +0000 2020,,,,https://twitter.com/danascllv/status/1232239841590611969,1232239841590611969,2324383139
2020-02-25 00:44:25+00:00,danascllv,danascllv,0,0,10,the way 2008 gillian makes me feel....,,Tue Feb 25 00:44:25 +0000 2020,,,https://twitter.com/danascllv/status/1232094308603514881,https://twitter.com/danascllv/status/1232104022804516864,1232104022804516864,2324383139
2020-02-25 00:21:20+00:00,danascllv,,0,0,0,damn it’s been weeks since i’ve been up past 2am good to be back,,Tue Feb 25 00:21:20 +0000 2020,,,,https://twitter.com/danascllv/status/1232098214645501952,1232098214645501952,2324383139
2020-02-25 00:05:49+00:00,danascllv,,2,0,7,*vagina,,Tue Feb 25 00:05:49 +0000 2020,,,,https://twitter.com/danascllv/status/1232094312625836032,1232094312625836032,2324383139
2020-02-25 00:05:49+00:00,danascllv,,9,36,345,gillian anderson with long red hair.... be still my beating heart,,Tue Feb 25 00:05:49 +0000 2020,,,,https://twitter.com/danascllv/status/1232094308603514881,1232094308603514881,2324383139
2020-02-24 21:46:29+00:00,danascllv,,1,8,87,that’s my baby,,Mon Feb 24 21:46:29 +0000 2020,,,,https://twitter.com/danascllv/status/1232059244209463296,1232059244209463296,2324383139
2020-02-24 21:14:12+00:00,danascllv,emilykrunts,0,0,0,let’s see what happens,,Mon Feb 24 21:14:12 +0000 2020,,,,https://twitter.com/danascllv/status/1232051123651063808,1232051123651063808,2324383139
2020-02-24 21:10:49+00:00,danascllv,,0,0,0,and that’s all i have to say on that subject,,Mon Feb 24 21:10:49 +0000 2020,,,,https://twitter.com/danascllv/status/1232050270567358471,1232050270567358471,2324383139
2020-02-24 21:09:42+00:00,danascllv,,2,4,73,listen..... if you know you know,,Mon Feb 24 21:09:42 +0000 2020,,,,https://twitter.com/danascllv/status/1232049989452533766,1232049989452533766,2324383139
2020-02-24 20:32:04+00:00,danascllv,,0,66,249,she is a work of art,,Mon Feb 24 20:32:04 +0000 2020,,,,https://twitter.com/danascllv/status/1232040516742676480,1232040516742676480,2324383139
2020-02-24 19:57:58+00:00,danascllv,danascllv,0,0,14,what i wouldn’t do to have her look at me like that,,Mon Feb 24 19:57:58 +0000 2020,,,https://twitter.com/danascllv/status/1231731506550317056,https://twitter.com/danascllv/status/1232031938116038657,1232031938116038657,2324383139
2020-02-24 19:33:16+00:00,danascllv,,0,0,2,i love https://twitter.com/AyaghNima/status/1229084546248978433,,Mon Feb 24 19:33:16 +0000 2020,,,https://twitter.com/AyaghNima/status/1229084546248978433,https://twitter.com/danascllv/status/1232025721222160387,1232025721222160387,2324383139
2020-02-24 18:20:42+00:00,danascllv,,0,0,1,and wishing i was born 30 years earlier so i could see tour live,,Mon Feb 24 18:20:42 +0000 2020,,,,https://twitter.com/danascllv/status/1232007460023623680,1232007460023623680,2324383139
2020-02-24 18:19:20+00:00,danascllv,,1,0,5,the way i would give up my life for madonna,,Mon Feb 24 18:19:20 +0000 2020,,,,https://twitter.com/danascllv/status/1232007115629305864,1232007115629305864,2324383139
