date,username,to,replies,retweets,favorites,text,mentions,formatted_date,geo,hashtags,urls,permalink,ID,author_id
2020-02-28 23:44:01+00:00,DE4LWIVIT,the1975,0,1,20,the last one screams im dave 42 sick of foreigners taking our jobs brexit means exit ,,Fri Feb 28 23:44:01 +0000 2020,,,https://twitter.com/the1975/status/1233450643756638208,https://twitter.com/DE4LWIVIT/status/1233538377321996288,1233538377321996288,798648259619225600
2020-02-28 23:03:33+00:00,DE4LWIVIT,JakeBugg,0,0,0,happy birthday king,,Fri Feb 28 23:03:33 +0000 2020,,,,https://twitter.com/DE4LWIVIT/status/1233528190628515840,1233528190628515840,798648259619225600
2020-02-28 22:44:08+00:00,DE4LWIVIT,JL1901_,1,0,0,caitlananne,,Fri Feb 28 22:44:08 +0000 2020,,,,https://twitter.com/DE4LWIVIT/status/1233523305623232515,1233523305623232515,798648259619225600
2020-02-28 22:24:09+00:00,DE4LWIVIT,cutieflags,0,0,1,i dont,,Fri Feb 28 22:24:09 +0000 2020,,,,https://twitter.com/DE4LWIVIT/status/1233518278007545857,1233518278007545857,798648259619225600
2020-02-28 22:22:21+00:00,DE4LWIVIT,,3,3,52,i love getting told im a catfish or look different on my ig than irl keep it coming,,Fri Feb 28 22:22:21 +0000 2020,,,,https://twitter.com/DE4LWIVIT/status/1233517822107684864,1233517822107684864,798648259619225600
2020-02-28 22:21:32+00:00,DE4LWIVIT,sophfarrelll,1,0,1,we stan,,Fri Feb 28 22:21:32 +0000 2020,,,,https://twitter.com/DE4LWIVIT/status/1233517618541232131,1233517618541232131,798648259619225600
2020-02-28 22:18:25+00:00,DE4LWIVIT,frankinthereidc,0,0,0,the nails scream fiat 500 tho,,Fri Feb 28 22:18:25 +0000 2020,,,,https://twitter.com/DE4LWIVIT/status/1233516833304711169,1233516833304711169,798648259619225600
2020-02-28 22:17:44+00:00,DE4LWIVIT,newfleshhh,0,0,1,make sure u get every beat,,Fri Feb 28 22:17:44 +0000 2020,,,,https://twitter.com/DE4LWIVIT/status/1233516661715632133,1233516661715632133,798648259619225600
2020-02-28 22:17:32+00:00,DE4LWIVIT,frankinthereidc,1,0,0,fucking loads of them or we have bitches next to us with d*ddy kinks,,Fri Feb 28 22:17:32 +0000 2020,,,,https://twitter.com/DE4LWIVIT/status/1233516609941184512,1233516609941184512,798648259619225600
2020-02-28 22:17:06+00:00,DE4LWIVIT,_kiransinghx,0,0,1,nah its the ones who come in makeup everyday n scream about their bfs liking other girls photos,,Fri Feb 28 22:17:06 +0000 2020,,,,https://twitter.com/DE4LWIVIT/status/1233516503321972736,1233516503321972736,798648259619225600
2020-02-28 22:16:37+00:00,DE4LWIVIT,hdebeaufort,1,0,1,i suppose if thats what you're into,,Fri Feb 28 22:16:37 +0000 2020,,,,https://twitter.com/DE4LWIVIT/status/1233516382463102976,1233516382463102976,798648259619225600
2020-02-28 22:13:50+00:00,DE4LWIVIT,,3,0,7,so many girls in my college scream fiat 500 cba,,Fri Feb 28 22:13:50 +0000 2020,,,,https://twitter.com/DE4LWIVIT/status/1233515681028562944,1233515681028562944,798648259619225600
2020-02-28 22:09:14+00:00,DE4LWIVIT,tialeigh_meek,1,0,1,imagine looking like that im jealous man,,Fri Feb 28 22:09:14 +0000 2020,,,,https://twitter.com/DE4LWIVIT/status/1233514524055146496,1233514524055146496,798648259619225600
2020-02-28 22:03:42+00:00,DE4LWIVIT,newfleshhh,1,0,1,vibing to electric feel shutup about kids n marriage,,Fri Feb 28 22:03:42 +0000 2020,,,,https://twitter.com/DE4LWIVIT/status/1233513131839827968,1233513131839827968,798648259619225600
2020-02-28 22:02:31+00:00,DE4LWIVIT,newfleshhh,1,0,3,have a shot for how many fucks i dont care about what can happen in 10 years as im vibing,,Fri Feb 28 22:02:31 +0000 2020,,,,https://twitter.com/DE4LWIVIT/status/1233512832114839555,1233512832114839555,798648259619225600
2020-02-28 21:56:14+00:00,DE4LWIVIT,frankinthereidc,0,0,0,its coz its a very unlikely line up,,Fri Feb 28 21:56:14 +0000 2020,,,,https://twitter.com/DE4LWIVIT/status/1233511250241490945,1233511250241490945,798648259619225600
2020-02-28 21:54:18+00:00,DE4LWIVIT,frankinthereidc,1,0,0,would u actually,,Fri Feb 28 21:54:18 +0000 2020,,,,https://twitter.com/DE4LWIVIT/status/1233510764335550468,1233510764335550468,798648259619225600
2020-02-28 21:52:40+00:00,DE4LWIVIT,frankiehtafc,2,0,1,haha,,Fri Feb 28 21:52:40 +0000 2020,,,,https://twitter.com/DE4LWIVIT/status/1233510351855144961,1233510351855144961,798648259619225600
2020-02-28 21:50:55+00:00,DE4LWIVIT,,2,0,4,oooo,,Fri Feb 28 21:50:55 +0000 2020,,,,https://twitter.com/DE4LWIVIT/status/1233509913953030147,1233509913953030147,798648259619225600
2020-02-28 20:37:31+00:00,DE4LWIVIT,ellyt4ylor,1,0,0,so pretty,,Fri Feb 28 20:37:31 +0000 2020,,,,https://twitter.com/DE4LWIVIT/status/1233491439721623552,1233491439721623552,798648259619225600
2020-02-28 20:13:07+00:00,DE4LWIVIT,frankinthereidc,0,0,0,got a mad point there,,Fri Feb 28 20:13:07 +0000 2020,,,,https://twitter.com/DE4LWIVIT/status/1233485301370281987,1233485301370281987,798648259619225600
2020-02-28 17:46:19+00:00,DE4LWIVIT,frankinthereidc,0,0,0,ur so mean,,Fri Feb 28 17:46:19 +0000 2020,,,,https://twitter.com/DE4LWIVIT/status/1233448357223391238,1233448357223391238,798648259619225600
2020-02-28 17:38:01+00:00,DE4LWIVIT,DE4LWIVIT,0,0,5,coz they only have one song,,Fri Feb 28 17:38:01 +0000 2020,,,https://twitter.com/DE4LWIVIT/status/1069854207916867584,https://twitter.com/DE4LWIVIT/status/1233446267176574976,1233446267176574976,798648259619225600
2020-02-28 17:29:49+00:00,DE4LWIVIT,frankinthereidc,0,0,1,too famous for me,,Fri Feb 28 17:29:49 +0000 2020,,,,https://twitter.com/DE4LWIVIT/status/1233444205625847814,1233444205625847814,798648259619225600
2020-02-28 15:43:44+00:00,DE4LWIVIT,,0,0,7,them spots that burn ur skin ,,Fri Feb 28 15:43:44 +0000 2020,,,,https://twitter.com/DE4LWIVIT/status/1233417508369174528,1233417508369174528,798648259619225600
2020-02-28 14:29:12+00:00,DE4LWIVIT,hkieran99,0,0,1,the one in wigan is nice,,Fri Feb 28 14:29:12 +0000 2020,,,,https://twitter.com/DE4LWIVIT/status/1233398750707666944,1233398750707666944,798648259619225600
2020-02-28 14:24:40+00:00,DE4LWIVIT,frankiehtafc,1,0,1,they're nicer than normal ones,,Fri Feb 28 14:24:40 +0000 2020,,,,https://twitter.com/DE4LWIVIT/status/1233397609383022594,1233397609383022594,798648259619225600
2020-02-28 14:22:05+00:00,DE4LWIVIT,hkieran99,1,0,1,pound bakery is much nicer n they actual always have their food warm,,Fri Feb 28 14:22:05 +0000 2020,,,,https://twitter.com/DE4LWIVIT/status/1233396960390000643,1233396960390000643,798648259619225600
2020-02-28 14:21:33+00:00,DE4LWIVIT,,1,0,5,i really want some vegan sausage rolls,,Fri Feb 28 14:21:33 +0000 2020,,,,https://twitter.com/DE4LWIVIT/status/1233396826826510336,1233396826826510336,798648259619225600
2020-02-28 14:19:55+00:00,DE4LWIVIT,hkieran99,1,0,0,its well expensive like £1.50 for a pasty,,Fri Feb 28 14:19:55 +0000 2020,,,,https://twitter.com/DE4LWIVIT/status/1233396414807519233,1233396414807519233,798648259619225600
2020-02-28 14:19:34+00:00,DE4LWIVIT,lightgrnades,1,0,1,i love pound bakery cheap n good,,Fri Feb 28 14:19:34 +0000 2020,,,,https://twitter.com/DE4LWIVIT/status/1233396325540077570,1233396325540077570,798648259619225600
2020-02-28 13:43:43+00:00,DE4LWIVIT,jack_shepherd13,0,0,0, ,,Fri Feb 28 13:43:43 +0000 2020,,,,https://twitter.com/DE4LWIVIT/status/1233387306301698049,1233387306301698049,798648259619225600
2020-02-28 13:41:30+00:00,DE4LWIVIT,jack_shepherd13,1,0,0,nah u bully me,,Fri Feb 28 13:41:30 +0000 2020,,,,https://twitter.com/DE4LWIVIT/status/1233386748635471873,1233386748635471873,798648259619225600
2020-02-28 13:38:02+00:00,DE4LWIVIT,gosslilyy,1,0,0,to get in college yes,,Fri Feb 28 13:38:02 +0000 2020,,,,https://twitter.com/DE4LWIVIT/status/1233385876937465857,1233385876937465857,798648259619225600
2020-02-28 13:33:17+00:00,DE4LWIVIT,frankiehtafc,1,0,1,me rn,,Fri Feb 28 13:33:17 +0000 2020,,,,https://twitter.com/DE4LWIVIT/status/1233384680520650753,1233384680520650753,798648259619225600
2020-02-28 13:25:37+00:00,DE4LWIVIT,mattjlfs,0,0,1,we all know,,Fri Feb 28 13:25:37 +0000 2020,,,,https://twitter.com/DE4LWIVIT/status/1233382751933534209,1233382751933534209,798648259619225600
2020-02-28 13:20:53+00:00,DE4LWIVIT,CiaranK47,1,0,0,hate u,,Fri Feb 28 13:20:53 +0000 2020,,,,https://twitter.com/DE4LWIVIT/status/1233381558570098688,1233381558570098688,798648259619225600
2020-02-28 13:19:42+00:00,DE4LWIVIT,,2,1,13,someone should dm me as am well bored,,Fri Feb 28 13:19:42 +0000 2020,,,,https://twitter.com/DE4LWIVIT/status/1233381261831475201,1233381261831475201,798648259619225600
2020-02-28 12:58:50+00:00,DE4LWIVIT,DE4LWIVIT,1,1,8,thinking about this,,Fri Feb 28 12:58:50 +0000 2020,,,https://twitter.com/DE4LWIVIT/status/1229425870844170241,https://twitter.com/DE4LWIVIT/status/1233376009346584582,1233376009346584582,798648259619225600
2020-02-28 01:57:44+00:00,DE4LWIVIT,georgie_woolfy,0,0,1,i know,,Fri Feb 28 01:57:44 +0000 2020,,,,https://twitter.com/DE4LWIVIT/status/1233209639589859329,1233209639589859329,798648259619225600
2020-02-28 01:56:46+00:00,DE4LWIVIT,cornerstone_mp4,0,0,1,a mood,,Fri Feb 28 01:56:46 +0000 2020,,,,https://twitter.com/DE4LWIVIT/status/1233209394084663296,1233209394084663296,798648259619225600
2020-02-28 01:55:56+00:00,DE4LWIVIT,georgie_woolfy,1,0,0,i can see them all tho,,Fri Feb 28 01:55:56 +0000 2020,,,,https://twitter.com/DE4LWIVIT/status/1233209184981782528,1233209184981782528,798648259619225600
2020-02-28 01:53:19+00:00,DE4LWIVIT,,0,0,5,if this account stops getting suspended please n thanks,,Fri Feb 28 01:53:19 +0000 2020,,,,https://twitter.com/DE4LWIVIT/status/1233208525326868480,1233208525326868480,798648259619225600
2020-02-28 01:53:04+00:00,DE4LWIVIT,,1,0,3,hello,,Fri Feb 28 01:53:04 +0000 2020,,,,https://twitter.com/DE4LWIVIT/status/1233208464912080902,1233208464912080902,798648259619225600
2020-02-17 22:46:00+00:00,DE4LWIVIT,cee5ive_,3,0,30,bourbons >>>,,Mon Feb 17 22:46:00 +0000 2020,,,https://twitter.com/cee5ive_/status/1229381814915149824,https://twitter.com/DE4LWIVIT/status/1229537510205874177,1229537510205874177,798648259619225600
2020-02-17 22:41:05+00:00,DE4LWIVIT,Quinnoge99,1,0,0,fuck off,,Mon Feb 17 22:41:05 +0000 2020,,,,https://twitter.com/DE4LWIVIT/status/1229536269748834308,1229536269748834308,798648259619225600
2020-02-17 22:32:04+00:00,DE4LWIVIT,invaala,0,0,0,already seen it loads,,Mon Feb 17 22:32:04 +0000 2020,,,,https://twitter.com/DE4LWIVIT/status/1229534002006175745,1229534002006175745,798648259619225600
2020-02-17 22:30:23+00:00,DE4LWIVIT,lilygxmez,0,0,0,imagine,,Mon Feb 17 22:30:23 +0000 2020,,,,https://twitter.com/DE4LWIVIT/status/1229533579224473600,1229533579224473600,798648259619225600
2020-02-17 22:16:43+00:00,DE4LWIVIT,lilygxmez,1,0,0,honestly,,Mon Feb 17 22:16:43 +0000 2020,,,,https://twitter.com/DE4LWIVIT/status/1229530138326466561,1229530138326466561,798648259619225600
2020-02-17 22:16:26+00:00,DE4LWIVIT,jar_fwrob,0,0,1,sorry,,Mon Feb 17 22:16:26 +0000 2020,,,,https://twitter.com/DE4LWIVIT/status/1229530067497254914,1229530067497254914,798648259619225600
2020-02-17 22:04:00+00:00,DE4LWIVIT,ohno_cockers,1,0,1,i didnt want him in the first place hes not gonna shag you,,Mon Feb 17 22:04:00 +0000 2020,,,,https://twitter.com/DE4LWIVIT/status/1229526938949214210,1229526938949214210,798648259619225600
2020-02-17 22:03:05+00:00,DE4LWIVIT,jamie_kanyasa,0,0,0,i beg to differ,,Mon Feb 17 22:03:05 +0000 2020,,,,https://twitter.com/DE4LWIVIT/status/1229526708317016070,1229526708317016070,798648259619225600
2020-02-17 22:02:52+00:00,DE4LWIVIT,the4ndi,0,0,2,facts,,Mon Feb 17 22:02:52 +0000 2020,,,,https://twitter.com/DE4LWIVIT/status/1229526653728149514,1229526653728149514,798648259619225600
2020-02-17 22:02:45+00:00,DE4LWIVIT,laurenstalford1,0,0,0,didnt go for your boyf,,Mon Feb 17 22:02:45 +0000 2020,,,,https://twitter.com/DE4LWIVIT/status/1229526624594513920,1229526624594513920,798648259619225600
2020-02-17 22:01:18+00:00,DE4LWIVIT,Jamezy166,0,0,1,same,,Mon Feb 17 22:01:18 +0000 2020,,,,https://twitter.com/DE4LWIVIT/status/1229526260973527041,1229526260973527041,798648259619225600
2020-02-17 22:00:26+00:00,DE4LWIVIT,Jamezy166,1,0,2,was born,,Mon Feb 17 22:00:26 +0000 2020,,,,https://twitter.com/DE4LWIVIT/status/1229526041288495109,1229526041288495109,798648259619225600
2020-02-17 22:00:00+00:00,DE4LWIVIT,cfcxjd,0,0,1,he did me there tbh,,Mon Feb 17 22:00:00 +0000 2020,,,,https://twitter.com/DE4LWIVIT/status/1229525931234070528,1229525931234070528,798648259619225600
2020-02-17 21:59:03+00:00,DE4LWIVIT,cfcxjd,1,0,1,is this the one who made fun of my appearance,,Mon Feb 17 21:59:03 +0000 2020,,,,https://twitter.com/DE4LWIVIT/status/1229525692603404288,1229525692603404288,798648259619225600
2020-02-17 21:26:58+00:00,DE4LWIVIT,chloehenry96,0,0,0,lucky girl,,Mon Feb 17 21:26:58 +0000 2020,,,,https://twitter.com/DE4LWIVIT/status/1229517620371697665,1229517620371697665,798648259619225600
2020-02-17 21:26:17+00:00,DE4LWIVIT,JLEedits,1,0,0,no josh,,Mon Feb 17 21:26:17 +0000 2020,,,,https://twitter.com/DE4LWIVIT/status/1229517449034375168,1229517449034375168,798648259619225600
2020-02-17 21:25:11+00:00,DE4LWIVIT,Joe_Binney10,1,0,1,sorry joe,,Mon Feb 17 21:25:11 +0000 2020,,,,https://twitter.com/DE4LWIVIT/status/1229517168909443079,1229517168909443079,798648259619225600
2020-02-17 21:25:03+00:00,DE4LWIVIT,WidoIo,1,0,0,u wish,,Mon Feb 17 21:25:03 +0000 2020,,,,https://twitter.com/DE4LWIVIT/status/1229517138777559046,1229517138777559046,798648259619225600
2020-02-17 21:24:02+00:00,DE4LWIVIT,jakkdickinson,0,0,0,will do jack,,Mon Feb 17 21:24:02 +0000 2020,,,,https://twitter.com/DE4LWIVIT/status/1229516881834409992,1229516881834409992,798648259619225600
2020-02-17 21:23:51+00:00,DE4LWIVIT,WidoIo,1,0,0,i cant imagine calling someone's appearance but hiding mine,,Mon Feb 17 21:23:51 +0000 2020,,,,https://twitter.com/DE4LWIVIT/status/1229516833172094985,1229516833172094985,798648259619225600
2020-02-17 21:22:56+00:00,DE4LWIVIT,_JW67,0,0,1,never i want more people crying,,Mon Feb 17 21:22:56 +0000 2020,,,,https://twitter.com/DE4LWIVIT/status/1229516605455028227,1229516605455028227,798648259619225600
2020-02-17 21:22:42+00:00,DE4LWIVIT,WidoIo,1,0,0,haha loser,,Mon Feb 17 21:22:42 +0000 2020,,,,https://twitter.com/DE4LWIVIT/status/1229516546256654342,1229516546256654342,798648259619225600
2020-02-17 21:21:49+00:00,DE4LWIVIT,WidoIo,1,0,0,no one performs sexual acts to someone who hides behind an avi on ft but okay,,Mon Feb 17 21:21:49 +0000 2020,,,,https://twitter.com/DE4LWIVIT/status/1229516324566687747,1229516324566687747,798648259619225600
2020-02-17 21:21:16+00:00,DE4LWIVIT,_JW67,1,0,1,you should see some of the bites,,Mon Feb 17 21:21:16 +0000 2020,,,,https://twitter.com/DE4LWIVIT/status/1229516186175623169,1229516186175623169,798648259619225600
2020-02-17 21:21:00+00:00,DE4LWIVIT,WidoIo,2,0,1,not what he was saying last night,,Mon Feb 17 21:21:00 +0000 2020,,,,https://twitter.com/DE4LWIVIT/status/1229516115958730755,1229516115958730755,798648259619225600
2020-02-17 21:19:30+00:00,DE4LWIVIT,WidoIo,1,0,2,your dad i mean he loves it,,Mon Feb 17 21:19:30 +0000 2020,,,,https://twitter.com/DE4LWIVIT/status/1229515740103020544,1229515740103020544,798648259619225600
2020-02-17 21:19:15+00:00,DE4LWIVIT,WidoIo,0,0,1,has one of ur ft bfs sucked your dick yet,,Mon Feb 17 21:19:15 +0000 2020,,,,https://twitter.com/DE4LWIVIT/status/1229515676815106050,1229515676815106050,798648259619225600
2020-02-17 21:18:35+00:00,DE4LWIVIT,WidoIo,1,0,3,your dad looks at my face,,Mon Feb 17 21:18:35 +0000 2020,,,,https://twitter.com/DE4LWIVIT/status/1229515511035301888,1229515511035301888,798648259619225600
2020-02-17 21:17:30+00:00,DE4LWIVIT,joshstubbs__,0,0,0,good evening,,Mon Feb 17 21:17:30 +0000 2020,,,,https://twitter.com/DE4LWIVIT/status/1229515235809222656,1229515235809222656,798648259619225600
2020-02-17 21:17:21+00:00,DE4LWIVIT,WidoIo,0,0,0,your dad looks at it tho,,Mon Feb 17 21:17:21 +0000 2020,,,,https://twitter.com/DE4LWIVIT/status/1229515198626705409,1229515198626705409,798648259619225600
2020-02-17 21:16:52+00:00,DE4LWIVIT,WidoIo,1,0,3,who said i didnt want a gf,,Mon Feb 17 21:16:52 +0000 2020,,,,https://twitter.com/DE4LWIVIT/status/1229515075851034624,1229515075851034624,798648259619225600
2020-02-17 21:12:04+00:00,DE4LWIVIT,jesmcx,1,0,0,its a joke,,Mon Feb 17 21:12:04 +0000 2020,,,,https://twitter.com/DE4LWIVIT/status/1229513869887975429,1229513869887975429,798648259619225600
2020-02-17 21:11:59+00:00,DE4LWIVIT,fac3tofac3,0,0,1,ily2 x,,Mon Feb 17 21:11:59 +0000 2020,,,,https://twitter.com/DE4LWIVIT/status/1229513850158014465,1229513850158014465,798648259619225600
2020-02-17 21:00:58+00:00,DE4LWIVIT,charlieacog,0,0,5,gross,,Mon Feb 17 21:00:58 +0000 2020,,,,https://twitter.com/DE4LWIVIT/status/1229511076775157760,1229511076775157760,798648259619225600
2020-02-17 20:59:14+00:00,DE4LWIVIT,lovebloodlillie,1,0,0,hi,,Mon Feb 17 20:59:14 +0000 2020,,,,https://twitter.com/DE4LWIVIT/status/1229510641934897152,1229510641934897152,798648259619225600
2020-02-17 20:58:07+00:00,DE4LWIVIT,DazzlingDivock,1,0,0,sorry jamie,,Mon Feb 17 20:58:07 +0000 2020,,,,https://twitter.com/DE4LWIVIT/status/1229510360060825600,1229510360060825600,798648259619225600
2020-02-17 20:57:48+00:00,DE4LWIVIT,jakeebyrne,0,0,0,sorry jake,,Mon Feb 17 20:57:48 +0000 2020,,,,https://twitter.com/DE4LWIVIT/status/1229510277646995457,1229510277646995457,798648259619225600
2020-02-17 20:52:02+00:00,DE4LWIVIT,ellyt4ylor,0,0,0,pretty,,Mon Feb 17 20:52:02 +0000 2020,,,,https://twitter.com/DE4LWIVIT/status/1229508829664219140,1229508829664219140,798648259619225600
2020-02-17 20:51:55+00:00,DE4LWIVIT,fac3tofac3,1,0,1,pretty,,Mon Feb 17 20:51:55 +0000 2020,,,,https://twitter.com/DE4LWIVIT/status/1229508797862993925,1229508797862993925,798648259619225600
2020-02-17 20:51:49+00:00,DE4LWIVIT,,0,0,34,nah way @ELEANORXNEALE,@ELEANORXNEALE,Mon Feb 17 20:51:49 +0000 2020,,,,https://twitter.com/DE4LWIVIT/status/1229508774727122950,1229508774727122950,798648259619225600
2020-02-17 20:45:11+00:00,DE4LWIVIT,jamesjfcross,0,0,2,sorry james,,Mon Feb 17 20:45:11 +0000 2020,,,,https://twitter.com/DE4LWIVIT/status/1229507106103058433,1229507106103058433,798648259619225600
2020-02-17 20:41:23+00:00,DE4LWIVIT,dtriple_j,1,0,0,been done dirty,,Mon Feb 17 20:41:23 +0000 2020,,,,https://twitter.com/DE4LWIVIT/status/1229506148006535169,1229506148006535169,798648259619225600
2020-02-17 20:40:42+00:00,DE4LWIVIT,rj_jules14,0,0,0,sorry jules,,Mon Feb 17 20:40:42 +0000 2020,,,,https://twitter.com/DE4LWIVIT/status/1229505975541010432,1229505975541010432,798648259619225600
2020-02-17 20:40:29+00:00,DE4LWIVIT,finntheblobfish,0,0,1,same,,Mon Feb 17 20:40:29 +0000 2020,,,,https://twitter.com/DE4LWIVIT/status/1229505921904185344,1229505921904185344,798648259619225600
2020-02-17 20:37:27+00:00,DE4LWIVIT,WidoIo,1,0,4,oooo ur hard,,Mon Feb 17 20:37:27 +0000 2020,,,,https://twitter.com/DE4LWIVIT/status/1229505159958605824,1229505159958605824,798648259619225600
2020-02-17 20:28:46+00:00,DE4LWIVIT,LfcJungz,1,0,1,its a joke,,Mon Feb 17 20:28:46 +0000 2020,,,,https://twitter.com/DE4LWIVIT/status/1229502971270045701,1229502971270045701,798648259619225600
2020-02-17 20:28:38+00:00,DE4LWIVIT,,0,0,1,honestly cba,,Mon Feb 17 20:28:38 +0000 2020,,,,https://twitter.com/DE4LWIVIT/status/1229502940018356226,1229502940018356226,798648259619225600
2020-02-17 20:05:11+00:00,DE4LWIVIT,Johnathan_Race,0,0,2,i didnt want justin bieber or you,,Mon Feb 17 20:05:11 +0000 2020,,,,https://twitter.com/DE4LWIVIT/status/1229497037420482566,1229497037420482566,798648259619225600
2020-02-17 20:04:59+00:00,DE4LWIVIT,JonnyMacguire,1,0,2,violated,,Mon Feb 17 20:04:59 +0000 2020,,,,https://twitter.com/DE4LWIVIT/status/1229496987013328896,1229496987013328896,798648259619225600
2020-02-17 20:00:58+00:00,DE4LWIVIT,DavisWareham,0,0,0,can u cry abit louder,,Mon Feb 17 20:00:58 +0000 2020,,,,https://twitter.com/DE4LWIVIT/status/1229495975967936515,1229495975967936515,798648259619225600
2020-02-17 20:00:05+00:00,DE4LWIVIT,ali9szn,1,0,2,fame,,Mon Feb 17 20:00:05 +0000 2020,,,,https://twitter.com/DE4LWIVIT/status/1229495752856080385,1229495752856080385,798648259619225600
2020-02-17 19:57:16+00:00,DE4LWIVIT,DE4LWIVIT,1,0,10,we did we annoyed FT,,Mon Feb 17 19:57:16 +0000 2020,,,https://twitter.com/DE4LWIVIT/status/1229425870844170241,https://twitter.com/DE4LWIVIT/status/1229495047885926400,1229495047885926400,798648259619225600
2020-02-17 19:56:45+00:00,DE4LWIVIT,_gillyspurs,0,0,0,fair point,,Mon Feb 17 19:56:45 +0000 2020,,,,https://twitter.com/DE4LWIVIT/status/1229494914150490112,1229494914150490112,798648259619225600
2020-02-17 19:54:49+00:00,DE4LWIVIT,ecfcjake17,0,0,0,sorry jay,,Mon Feb 17 19:54:49 +0000 2020,,,,https://twitter.com/DE4LWIVIT/status/1229494429830057989,1229494429830057989,798648259619225600
2020-02-17 19:52:56+00:00,DE4LWIVIT,SaucyCHO,1,0,1,spot on,,Mon Feb 17 19:52:56 +0000 2020,,,,https://twitter.com/DE4LWIVIT/status/1229493954044928012,1229493954044928012,798648259619225600
2020-02-17 19:51:35+00:00,DE4LWIVIT,Bewbacca,0,0,0,no jack,,Mon Feb 17 19:51:35 +0000 2020,,,,https://twitter.com/DE4LWIVIT/status/1229493615690420225,1229493615690420225,798648259619225600
