date,username,to,replies,retweets,favorites,text,mentions,formatted_date,geo,hashtags,urls,permalink,ID,author_id
2020-02-28 18:22:14+00:00,DothTheDoth,,29,1732,6093,"I like my women like I like my haunted houses, horrifying and could kill me at any moment.",,Fri Feb 28 18:22:14 +0000 2020,,,,https://twitter.com/DothTheDoth/status/1233457398356103175,1233457398356103175,571963220
2020-02-27 22:04:30+00:00,DothTheDoth,whatrmr,0,0,59,I've been listening to this song all day,,Thu Feb 27 22:04:30 +0000 2020,,,,https://twitter.com/DothTheDoth/status/1233150944340271115,1233150944340271115,571963220
2020-02-27 01:59:46+00:00,DothTheDoth,,344,7,1209,Show me your skulls,,Thu Feb 27 01:59:46 +0000 2020,,,,https://twitter.com/DothTheDoth/status/1232847763190296577,1232847763190296577,571963220
2020-02-27 01:07:16+00:00,DothTheDoth,,17,1854,5332,"Of course I have body issues, I can’t look at the moon & turn into a fucking wolf.",,Thu Feb 27 01:07:16 +0000 2020,,,,https://twitter.com/DothTheDoth/status/1232834549564035072,1232834549564035072,571963220
2020-02-25 17:29:16+00:00,DothTheDoth,ArtbySlan,1,4,9,This is amazing,,Tue Feb 25 17:29:16 +0000 2020,,,,https://twitter.com/DothTheDoth/status/1232356905382797312,1232356905382797312,571963220
2020-02-25 17:16:03+00:00,DothTheDoth,,23,1846,5231,Women should smile more as they eat the hearts of all who have wronged them.,,Tue Feb 25 17:16:03 +0000 2020,,,,https://twitter.com/DothTheDoth/status/1232353575986237441,1232353575986237441,571963220
2020-02-25 01:52:28+00:00,DothTheDoth,,11,1005,2991,Be a compassionate ghost in the streets & a vindictive demon in the sheets.,,Tue Feb 25 01:52:28 +0000 2020,,,,https://twitter.com/DothTheDoth/status/1232121149972193286,1232121149972193286,571963220
2020-02-24 19:41:50+00:00,DothTheDoth,,29,345,2102,"Your Fitbit leads you on a run through the woods. You come across a standing shovel in the dirt, your watch messages “start digging.”",,Mon Feb 24 19:41:50 +0000 2020,,,,https://twitter.com/DothTheDoth/status/1232027878830854144,1232027878830854144,571963220
2020-02-23 02:55:04+00:00,DothTheDoth,,39,3604,10248,The earth wants us dead & I respect the hell out of that.,,Sun Feb 23 02:55:04 +0000 2020,,,,https://twitter.com/DothTheDoth/status/1231412128436936704,1231412128436936704,571963220
2020-02-22 01:55:32+00:00,DothTheDoth,,24,1526,4430,"Remember, you can become possessed by a demon whenever you want. You’re an adult",,Sat Feb 22 01:55:32 +0000 2020,,,,https://twitter.com/DothTheDoth/status/1231034758643298304,1231034758643298304,571963220
2020-02-21 19:37:55+00:00,DothTheDoth,MiahSaint,0,1,12,Subaru....//.....Audi,,Fri Feb 21 19:37:55 +0000 2020,,,,https://twitter.com/DothTheDoth/status/1230939727307722752,1230939727307722752,571963220
2020-02-21 01:14:22+00:00,DothTheDoth,,36,2268,7693,Marriage should be between a woman & her demons. End of discussion.,,Fri Feb 21 01:14:22 +0000 2020,,,,https://twitter.com/DothTheDoth/status/1230662011354218496,1230662011354218496,571963220
2020-02-20 04:52:30+00:00,DothTheDoth,,19,817,3823,"Sex is cool, but have you ever supported a progressive candidate that could curb race inequality & climate change.",,Thu Feb 20 04:52:30 +0000 2020,,,,https://twitter.com/DothTheDoth/status/1230354517075599360,1230354517075599360,571963220
2020-02-19 13:40:36+00:00,DothTheDoth,,14,1235,4104,"Morning routine: wake up, make coffee, let another day of time & gravity slowly ruin your body.",,Wed Feb 19 13:40:36 +0000 2020,,,,https://twitter.com/DothTheDoth/status/1230125029871976448,1230125029871976448,571963220
2020-02-17 21:05:10+00:00,DothTheDoth,,20,2094,7137,My sexual orientation is a spiral staircase draped in century-old moss that leads to hell.,,Mon Feb 17 21:05:10 +0000 2020,,,,https://twitter.com/DothTheDoth/status/1229512132087156737,1229512132087156737,571963220
2020-02-17 13:59:25+00:00,DothTheDoth,InternetHippo,9,12,569,"Eat shit, bloom boy",,Mon Feb 17 13:59:25 +0000 2020,,,,https://twitter.com/DothTheDoth/status/1229404989258452992,1229404989258452992,571963220
2020-02-16 18:26:26+00:00,DothTheDoth,,22,1370,4132,Sacrifice me to a ancient pagan cult or don’t waste my fucking time.,,Sun Feb 16 18:26:26 +0000 2020,,,,https://twitter.com/DothTheDoth/status/1229109798169464832,1229109798169464832,571963220
2020-02-15 20:16:59+00:00,DothTheDoth,,73,2268,6887,I am fully prepared to die trying to pet a wolf.,,Sat Feb 15 20:16:59 +0000 2020,,,,https://twitter.com/DothTheDoth/status/1228775231063568390,1228775231063568390,571963220
2020-02-15 14:07:51+00:00,DothTheDoth,,5,27,370,"You are all terrifying, thank you.",,Sat Feb 15 14:07:51 +0000 2020,,,,https://twitter.com/DothTheDoth/status/1228682338546180096,1228682338546180096,571963220
2020-02-15 04:55:57+00:00,DothTheDoth,SomeChrisTweets,0,0,16,Killer pin. It reminds me of the monsters in Maniac Mansion,,Sat Feb 15 04:55:57 +0000 2020,,,,https://twitter.com/DothTheDoth/status/1228543446421471236,1228543446421471236,571963220
2020-02-15 04:55:12+00:00,DothTheDoth,earthly_decay,0,1,49,They fucked up not casting you in Bohemian Rhapsody,,Sat Feb 15 04:55:12 +0000 2020,,,,https://twitter.com/DothTheDoth/status/1228543258860695552,1228543258860695552,571963220
2020-02-15 04:43:51+00:00,DothTheDoth,FrozenSighs,0,0,15,Fuck you chris,,Sat Feb 15 04:43:51 +0000 2020,,,,https://twitter.com/DothTheDoth/status/1228540403286249472,1228540403286249472,571963220
2020-02-15 04:35:14+00:00,DothTheDoth,,264,21,1364,Show me your skulls,,Sat Feb 15 04:35:14 +0000 2020,,,,https://twitter.com/DothTheDoth/status/1228538234134827009,1228538234134827009,571963220
2020-02-14 16:42:14+00:00,DothTheDoth,,6,892,2823,Roses are red Violets take shape I always think of that booty In this vast Hellscape,,Fri Feb 14 16:42:14 +0000 2020,,,,https://twitter.com/DothTheDoth/status/1228358800694005761,1228358800694005761,571963220
2020-02-14 02:52:08+00:00,DothTheDoth,,38,53,215,What would you haunt,,Fri Feb 14 02:52:08 +0000 2020,,,,https://twitter.com/DothTheDoth/status/1228149900946354176,1228149900946354176,571963220
2020-02-14 02:02:06+00:00,DothTheDoth,PeteButtigieg,0,2,77,"The big insurance money is coming out of your mouth, my good bitch.",,Fri Feb 14 02:02:06 +0000 2020,,,,https://twitter.com/DothTheDoth/status/1228137307552833536,1228137307552833536,571963220
2020-02-14 01:29:15+00:00,DothTheDoth,,59,1360,4528,Sure sex is cool but have you ever been turned into a vampire on a dimly-lit cobblestone street.,,Fri Feb 14 01:29:15 +0000 2020,,,,https://twitter.com/DothTheDoth/status/1228129042081222656,1228129042081222656,571963220
2020-02-13 20:47:49+00:00,DothTheDoth,,30,2456,7689,I am attracted to: men women the warm release of death,,Thu Feb 13 20:47:49 +0000 2020,,,,https://twitter.com/DothTheDoth/status/1228058216203943936,1228058216203943936,571963220
2020-02-12 20:42:29+00:00,DothTheDoth,,31,1872,5729,Be the reason why you need two priests at your exorcism.,,Wed Feb 12 20:42:29 +0000 2020,,,,https://twitter.com/DothTheDoth/status/1227694484756058116,1227694484756058116,571963220
2020-02-12 15:59:13+00:00,DothTheDoth,GrowlyGrego,1,0,3,"Fuck yes, grego.",,Wed Feb 12 15:59:13 +0000 2020,,,,https://twitter.com/DothTheDoth/status/1227623200252727298,1227623200252727298,571963220
2020-02-11 20:50:46+00:00,DothTheDoth,tinynietzsche,4,35,349,Guillotine the rat.,,Tue Feb 11 20:50:46 +0000 2020,,,,https://twitter.com/DothTheDoth/status/1227334182466129922,1227334182466129922,571963220
2020-02-11 03:40:44+00:00,DothTheDoth,,15,1645,5184,Murder me during a thunderstorm in a haunted estate or don't waste my fucking time.,,Tue Feb 11 03:40:44 +0000 2020,,,,https://twitter.com/DothTheDoth/status/1227074966396506114,1227074966396506114,571963220
2020-02-11 03:30:00+00:00,DothTheDoth,FrozenSighs,0,0,3,You’re numb,,Tue Feb 11 03:30:00 +0000 2020,,,,https://twitter.com/DothTheDoth/status/1227072266674065408,1227072266674065408,571963220
2020-02-10 20:04:39+00:00,DothTheDoth,,29,1596,4936,"Practice self-care like a black hole, be lonely and distant & destroy everything you love around you.",,Mon Feb 10 20:04:39 +0000 2020,,,,https://twitter.com/DothTheDoth/status/1226960190332964864,1226960190332964864,571963220
2020-02-09 17:19:09+00:00,DothTheDoth,theneverm0re,1,2,51,These should do the job,,Sun Feb 09 17:19:09 +0000 2020,,,,https://twitter.com/DothTheDoth/status/1226556153087299591,1226556153087299591,571963220
2020-02-07 18:43:00+00:00,DothTheDoth,,24,1491,5059,Give her what she really wants this Valentines Day: privacy & your beating heart in an oak box.,,Fri Feb 07 18:43:00 +0000 2020,,,,https://twitter.com/DothTheDoth/status/1225852476554956800,1225852476554956800,571963220
2020-02-07 01:29:36+00:00,DothTheDoth,justadamscott,1,0,27,Ocala has some mysterious spots,,Fri Feb 07 01:29:36 +0000 2020,,,,https://twitter.com/DothTheDoth/status/1225592414074744832,1225592414074744832,571963220
2020-02-07 01:00:37+00:00,DothTheDoth,,40,3262,8926,"Remember, you can disappear in a haunted forest whenever you want. You’re an adult.",,Fri Feb 07 01:00:37 +0000 2020,,,,https://twitter.com/DothTheDoth/status/1225585117894258694,1225585117894258694,571963220
2020-02-06 12:19:29+00:00,DothTheDoth,FrozenSighs,1,2,33,Poor choices.,,Thu Feb 06 12:19:29 +0000 2020,,,,https://twitter.com/DothTheDoth/status/1225393574444982272,1225393574444982272,571963220
2020-02-06 02:03:07+00:00,DothTheDoth,cakemittens,0,0,2,Deal,,Thu Feb 06 02:03:07 +0000 2020,,,,https://twitter.com/DothTheDoth/status/1225238460119896066,1225238460119896066,571963220
2020-02-06 01:58:45+00:00,DothTheDoth,cakemittens,1,0,3,more than Bernie?,,Thu Feb 06 01:58:45 +0000 2020,,,,https://twitter.com/DothTheDoth/status/1225237360448856064,1225237360448856064,571963220
2020-02-06 01:36:06+00:00,DothTheDoth,,19,2067,5472,"It's a perfect night to slip into something more comfortable, like a grave.",,Thu Feb 06 01:36:06 +0000 2020,,,,https://twitter.com/DothTheDoth/status/1225231661719334912,1225231661719334912,571963220
2020-02-05 18:51:19+00:00,DothTheDoth,,11,250,1430,Ideal first date: you secretly plot my murder while we canvas for Bernie Sanders.,,Wed Feb 05 18:51:19 +0000 2020,,,,https://twitter.com/DothTheDoth/status/1225129794628718594,1225129794628718594,571963220
2020-02-05 00:31:30+00:00,DothTheDoth,,60,1719,5712,"Due to recent political events, I need to find a witch that can turn me into an ancient moss-covered tree.",,Wed Feb 05 00:31:30 +0000 2020,,,,https://twitter.com/DothTheDoth/status/1224853016781651969,1224853016781651969,571963220
2020-02-04 14:42:50+00:00,DothTheDoth,,27,1465,4766,Hydrate the goths. No government stands a chance against hydrated goths.,,Tue Feb 04 14:42:50 +0000 2020,,,,https://twitter.com/DothTheDoth/status/1224704873935011841,1224704873935011841,571963220
2020-02-04 13:41:11+00:00,DothTheDoth,PeteButtigieg,0,2,101,You lost my good bitch.,,Tue Feb 04 13:41:11 +0000 2020,,,,https://twitter.com/DothTheDoth/status/1224689358667747328,1224689358667747328,571963220
2020-02-04 03:15:46+00:00,DothTheDoth,,18,1241,4221,It’s a perfect night to eat the rich.,,Tue Feb 04 03:15:46 +0000 2020,,,,https://twitter.com/DothTheDoth/status/1224531969012355072,1224531969012355072,571963220
2020-02-02 22:33:44+00:00,DothTheDoth,briangaar,2,0,7,Harsh. But fair. Just glad I don’t have to be a nervous wreck for once.,,Sun Feb 02 22:33:44 +0000 2020,,,,https://twitter.com/DothTheDoth/status/1224098605797081089,1224098605797081089,571963220
2020-02-01 14:44:55+00:00,DothTheDoth,dorsalstream,0,0,88,This is my ideal name for a coffee shop.,,Sat Feb 01 14:44:55 +0000 2020,,,,https://twitter.com/DothTheDoth/status/1223618233800044557,1223618233800044557,571963220
2020-02-01 14:29:53+00:00,DothTheDoth,,29,1411,4467,Start off each morning with a cup of coffee & the poignant reminder that at best you will become dirt.,,Sat Feb 01 14:29:53 +0000 2020,,,,https://twitter.com/DothTheDoth/status/1223614449459826691,1223614449459826691,571963220
2020-01-31 18:17:18+00:00,DothTheDoth,FrozenSighs,0,1,19,"Halfway to the grave, indeed.",,Fri Jan 31 18:17:18 +0000 2020,,,,https://twitter.com/DothTheDoth/status/1223309294684250119,1223309294684250119,571963220
2020-01-31 14:44:35+00:00,DothTheDoth,,35,848,4049,Name a more iconic duo than fog-covered woods & that spooky Edgar Allan Poe bitch. I’ll wait.,,Fri Jan 31 14:44:35 +0000 2020,,,,https://twitter.com/DothTheDoth/status/1223255764372017152,1223255764372017152,571963220
2020-01-30 15:05:17+00:00,DothTheDoth,,25,2009,6855,My sexual orientation is pulling a loose book from a bookshelf & opening a secret door.,,Thu Jan 30 15:05:17 +0000 2020,,,,https://twitter.com/DothTheDoth/status/1222898583306829824,1222898583306829824,571963220
2020-01-29 16:59:42+00:00,DothTheDoth,FrozenSighs,1,0,17,double clap,,Wed Jan 29 16:59:42 +0000 2020,,,,https://twitter.com/DothTheDoth/status/1222564991322263552,1222564991322263552,571963220
2020-01-28 20:26:13+00:00,DothTheDoth,,25,1502,4343,"Remember, it gets worse before it gets worse.",,Tue Jan 28 20:26:13 +0000 2020,,,,https://twitter.com/DothTheDoth/status/1222254572313489408,1222254572313489408,571963220
2020-01-27 16:36:00+00:00,DothTheDoth,,27,1992,6895,Everyday that I’m not a reclusive groundskeeper to an old haunted estate with a horrifying backstory is a day lost.,,Mon Jan 27 16:36:00 +0000 2020,,,,https://twitter.com/DothTheDoth/status/1221834249336238084,1221834249336238084,571963220
2020-01-25 12:58:11+00:00,DothTheDoth,,85,3253,15969,It was dinosaur time,,Sat Jan 25 12:58:11 +0000 2020,,,,https://twitter.com/DothTheDoth/status/1221054658472501248,1221054658472501248,571963220
2020-01-25 00:11:01+00:00,DothTheDoth,deathoftheparty,0,0,4,Anything I could do to help @idlesband see this I will do.,@idlesband,Sat Jan 25 00:11:01 +0000 2020,,,,https://twitter.com/DothTheDoth/status/1220861596068667392,1220861596068667392,571963220
2020-01-24 00:55:32+00:00,DothTheDoth,FrozenSighs,1,2,9,You like vampires? Name one heart staking. Besides mine.,,Fri Jan 24 00:55:32 +0000 2020,,,,https://twitter.com/DothTheDoth/status/1220510410786385921,1220510410786385921,571963220
2020-01-24 00:54:28+00:00,DothTheDoth,tinynietzsche,1,2,64,Abyss are for kids,,Fri Jan 24 00:54:28 +0000 2020,,,,https://twitter.com/DothTheDoth/status/1220510143261171712,1220510143261171712,571963220
2020-01-24 00:47:19+00:00,DothTheDoth,,70,1448,5361,Sex is cool but have you ever had a wooden stake stabbed into your heart in a fog-covered cemetery.,,Fri Jan 24 00:47:19 +0000 2020,,,,https://twitter.com/DothTheDoth/status/1220508344621977608,1220508344621977608,571963220
2020-01-23 02:20:05+00:00,DothTheDoth,holy_schnitt,2,35,399,Aioli is mayo that went to graduate school.,,Thu Jan 23 02:20:05 +0000 2020,,,,https://twitter.com/DothTheDoth/status/1220169299391909888,1220169299391909888,571963220
2020-01-23 01:55:20+00:00,DothTheDoth,,24,1822,5509,Life is a delicate balance between managing your depression & letting time slowly destroy your body.,,Thu Jan 23 01:55:20 +0000 2020,,,,https://twitter.com/DothTheDoth/status/1220163073027321856,1220163073027321856,571963220
2020-01-21 01:25:05+00:00,DothTheDoth,,47,1741,5547,"I've said this before but it bears repeating: If you truly want to be happy, get turned into a wolf by a forest witch.",,Tue Jan 21 01:25:05 +0000 2020,,,,https://twitter.com/DothTheDoth/status/1219430681597575168,1219430681597575168,571963220
2020-01-20 08:33:47+00:00,DothTheDoth,gneicco,1,2,24,"God damn it, Dave.",,Mon Jan 20 08:33:47 +0000 2020,,,,https://twitter.com/DothTheDoth/status/1219176181129412610,1219176181129412610,571963220
2020-01-19 19:40:33+00:00,DothTheDoth,,34,3049,8746,"In honor of Edgar Allan Poe’s birthday I too will be cold, distant & filled with darkness.",,Sun Jan 19 19:40:33 +0000 2020,,,,https://twitter.com/DothTheDoth/status/1218981592208723968,1218981592208723968,571963220
2020-01-19 01:34:44+00:00,DothTheDoth,,18,1573,3887,"It's a perfect night to slip into something more comfortable, like the coffin.",,Sun Jan 19 01:34:44 +0000 2020,,,,https://twitter.com/DothTheDoth/status/1218708335647739904,1218708335647739904,571963220
2020-01-17 00:27:22+00:00,DothTheDoth,,28,1437,5307,Be the reason why she speaks a dead language in bed.,,Fri Jan 17 00:27:22 +0000 2020,,,,https://twitter.com/DothTheDoth/status/1217966607722524682,1217966607722524682,571963220
2020-01-16 23:33:03+00:00,DothTheDoth,sadvil,1,0,1, ,,Thu Jan 16 23:33:03 +0000 2020,,,,https://twitter.com/DothTheDoth/status/1217952937265242113,1217952937265242113,571963220
2020-01-16 23:19:38+00:00,DothTheDoth,FrozenSighs,1,0,16,"Ew, cut it off.",,Thu Jan 16 23:19:38 +0000 2020,,,,https://twitter.com/DothTheDoth/status/1217949560531755008,1217949560531755008,571963220
2020-01-16 23:10:48+00:00,DothTheDoth,briangaar,3,1,23,Have you ever given thought to start a sports/video game website called Gaarstool Sports?,,Thu Jan 16 23:10:48 +0000 2020,,,,https://twitter.com/DothTheDoth/status/1217947337676423173,1217947337676423173,571963220
2020-01-16 01:27:53+00:00,DothTheDoth,,15,1580,4480,Empower the women in your life by offering your beating heart & staying out of her path of retribution.,,Thu Jan 16 01:27:53 +0000 2020,,,,https://twitter.com/DothTheDoth/status/1217619449441849344,1217619449441849344,571963220
2020-01-15 04:36:11+00:00,DothTheDoth,,36,61,1632,Goodnight. Fuck the establishment.,,Wed Jan 15 04:36:11 +0000 2020,,,,https://twitter.com/DothTheDoth/status/1217304449280106496,1217304449280106496,571963220
2020-01-15 01:07:32+00:00,DothTheDoth,,12,1104,3968,Girl are you a full moon because I want you to rip off my skin & turn me into a wolf.,,Wed Jan 15 01:07:32 +0000 2020,,,,https://twitter.com/DothTheDoth/status/1217251940121354241,1217251940121354241,571963220
2020-01-14 01:11:26+00:00,DothTheDoth,FrozenSighs,2,0,44,I wish there was an emoji with a dart stuck in the middle of a target,,Tue Jan 14 01:11:26 +0000 2020,,,,https://twitter.com/DothTheDoth/status/1216890534406639617,1216890534406639617,571963220
2020-01-14 00:27:48+00:00,DothTheDoth,,34,2763,8736,My sexual orientation is a spiral staircase draped in century-old moss that leads to hell.,,Tue Jan 14 00:27:48 +0000 2020,,,,https://twitter.com/DothTheDoth/status/1216879551520890889,1216879551520890889,571963220
2020-01-13 21:22:22+00:00,DothTheDoth,tinynietzsche,1,4,72,"Um, ouch?",,Mon Jan 13 21:22:22 +0000 2020,,,,https://twitter.com/DothTheDoth/status/1216832886109876225,1216832886109876225,571963220
2020-01-13 12:41:04+00:00,DothTheDoth,FrozenSighs,0,0,4,Yetti sighting.,,Mon Jan 13 12:41:04 +0000 2020,,,,https://twitter.com/DothTheDoth/status/1216701695486578688,1216701695486578688,571963220
2020-01-13 12:34:50+00:00,DothTheDoth,flea333,1,0,104,Flea & his bass.,,Mon Jan 13 12:34:50 +0000 2020,,,,https://twitter.com/DothTheDoth/status/1216700129752776704,1216700129752776704,571963220
2020-01-13 01:31:40+00:00,DothTheDoth,,80,1309,5317,Name a more iconic duo than a raven & that spooky Edgar Allan Poe bitch. I’ll wait.,,Mon Jan 13 01:31:40 +0000 2020,,,,https://twitter.com/DothTheDoth/status/1216533239256567808,1216533239256567808,571963220
2020-01-12 01:18:59+00:00,DothTheDoth,,27,2241,6086,"Sure I have body issues, I can't explode into a thousand bats.",,Sun Jan 12 01:18:59 +0000 2020,,,,https://twitter.com/DothTheDoth/status/1216167657705234432,1216167657705234432,571963220
2020-01-12 01:10:10+00:00,DothTheDoth,briangaar,1,0,4,If someone sends you a Montreal Screw Job gif with the ex-royals & McMahon let me know,,Sun Jan 12 01:10:10 +0000 2020,,,,https://twitter.com/DothTheDoth/status/1216165439123992576,1216165439123992576,571963220
2020-01-12 00:15:25+00:00,DothTheDoth,,14,428,1849,It's a perfect night to land a kick-flip in front of some judgemental teens & then preach about the occult.,,Sun Jan 12 00:15:25 +0000 2020,,,,https://twitter.com/DothTheDoth/status/1216151659690315777,1216151659690315777,571963220
2020-01-11 02:21:47+00:00,DothTheDoth,markhoppus,0,0,24,"There isn’t a boardwalk on the east coast theses babies haven’t touched. Please read books, everybody.",,Sat Jan 11 02:21:47 +0000 2020,,,,https://twitter.com/DothTheDoth/status/1215821074929258496,1215821074929258496,571963220
2020-01-11 01:32:15+00:00,DothTheDoth,markhoppus,3,1,99,First a volume of short horror stories and second @mountain_goats,@mountain_goats,Sat Jan 11 01:32:15 +0000 2020,,,,https://twitter.com/DothTheDoth/status/1215808610355335169,1215808610355335169,571963220
2020-01-10 01:26:48+00:00,DothTheDoth,theneverm0re,2,0,56,Only if moss grows out of your skull,,Fri Jan 10 01:26:48 +0000 2020,,,,https://twitter.com/DothTheDoth/status/1215444846862897152,1215444846862897152,571963220
2020-01-10 00:33:02+00:00,DothTheDoth,,36,1874,5473,Let an ancient demon take over your body & anxiety for a while. You’ve earned it.,,Fri Jan 10 00:33:02 +0000 2020,,,,https://twitter.com/DothTheDoth/status/1215431319242584065,1215431319242584065,571963220
2020-01-09 02:28:53+00:00,DothTheDoth,,37,3372,8187,Might fuck around and disappear into an ancient forest & never be seen again.,,Thu Jan 09 02:28:53 +0000 2020,,,,https://twitter.com/DothTheDoth/status/1215098085224919040,1215098085224919040,571963220
2020-01-09 01:38:20+00:00,DothTheDoth,deathoftheparty,1,0,13,Better news: look at these beauties,,Thu Jan 09 01:38:20 +0000 2020,,,,https://twitter.com/DothTheDoth/status/1215085362286092288,1215085362286092288,571963220
2020-01-08 01:30:40+00:00,DothTheDoth,,28,1305,4796,"It’s a perfect night to slip into something more comfortable, like a nuclear bunker.",,Wed Jan 08 01:30:40 +0000 2020,,,,https://twitter.com/DothTheDoth/status/1214721045397147653,1214721045397147653,571963220
2020-01-07 02:50:06+00:00,DothTheDoth,,32,269,1417,"Get ready to say goodbye to the love of your life, again.",,Tue Jan 07 02:50:06 +0000 2020,,,,https://twitter.com/DothTheDoth/status/1214378650268839936,1214378650268839936,571963220
2020-01-07 01:28:07+00:00,DothTheDoth,FrozenSighs,2,0,16,Ask the goblin first,,Tue Jan 07 01:28:07 +0000 2020,,,,https://twitter.com/DothTheDoth/status/1214358017010999296,1214358017010999296,571963220
2020-01-07 01:23:52+00:00,DothTheDoth,,15,1093,3517,Put my beating heart underneath your floorboard so I know it’s real.,,Tue Jan 07 01:23:52 +0000 2020,,,,https://twitter.com/DothTheDoth/status/1214356948881203200,1214356948881203200,571963220
2020-01-06 18:17:48+00:00,DothTheDoth,,44,3453,10144,My sexual orientation is fog rolling through haunted woods.,,Mon Jan 06 18:17:48 +0000 2020,,,,https://twitter.com/DothTheDoth/status/1214249725291122688,1214249725291122688,571963220
2020-01-06 01:43:53+00:00,DothTheDoth,,21,1377,4048,"Remember, you can become possessed by a demon whenever you want. You're an adult.",,Mon Jan 06 01:43:53 +0000 2020,,,,https://twitter.com/DothTheDoth/status/1213999595610611714,1213999595610611714,571963220
2020-01-05 02:48:48+00:00,DothTheDoth,,25,2082,6835,What you do at night is between you and your anxiety.,,Sun Jan 05 02:48:48 +0000 2020,,,,https://twitter.com/DothTheDoth/status/1213653545049886721,1213653545049886721,571963220
2020-01-04 13:40:59+00:00,DothTheDoth,FrozenSighs,0,0,7,Backstage skulls,,Sat Jan 04 13:40:59 +0000 2020,,,,https://twitter.com/DothTheDoth/status/1213455283164532737,1213455283164532737,571963220
2020-01-04 01:39:57+00:00,DothTheDoth,,235,11,1304,Show me your skulls,,Sat Jan 04 01:39:57 +0000 2020,,,,https://twitter.com/DothTheDoth/status/1213273832477405184,1213273832477405184,571963220
2020-01-04 00:20:15+00:00,DothTheDoth,,31,2140,7428,"As your goth personal trainer, I urge you to stay in shape so that you can outrun your haunted past.",,Sat Jan 04 00:20:15 +0000 2020,,,,https://twitter.com/DothTheDoth/status/1213253775156273152,1213253775156273152,571963220
2020-01-03 11:35:28+00:00,DothTheDoth,,14,524,2692,2020: a reality tv personality issues an assassination leading to World War III,,Fri Jan 03 11:35:28 +0000 2020,,,,https://twitter.com/DothTheDoth/status/1213061307890634753,1213061307890634753,571963220
