date,username,to,replies,retweets,favorites,text,mentions,formatted_date,geo,hashtags,urls,permalink,ID,author_id
2020-02-28 23:38:18+00:00,drunkjodie,wonderscoven,0,0,12,jodie sweetieeeeeeee i can't do this,,Fri Feb 28 23:38:18 +0000 2020,,,https://twitter.com/wonderscoven/status/1233533167895707648,https://twitter.com/drunkjodie/status/1233536935177707520,1233536935177707520,988611434287370240
2020-02-28 23:34:45+00:00,drunkjodie,,0,0,1,fucking tired of EVERYONE today,,Fri Feb 28 23:34:45 +0000 2020,,,,https://twitter.com/drunkjodie/status/1233536042856304640,1233536042856304640,988611434287370240
2020-02-28 22:25:06+00:00,drunkjodie,IMDb,0,0,0,pocahontas (1995),,Fri Feb 28 22:25:06 +0000 2020,,,https://twitter.com/IMDb/status/1233497098999533570,https://twitter.com/drunkjodie/status/1233518516436918279,1233518516436918279,988611434287370240
2020-02-28 22:23:04+00:00,drunkjodie,,0,0,0,if jodie got bangs again she'd be unstoppable,,Fri Feb 28 22:23:04 +0000 2020,,,,https://twitter.com/drunkjodie/status/1233518002412425218,1233518002412425218,988611434287370240
2020-02-28 21:53:55+00:00,drunkjodie,,0,0,57,that really is a fucking ring isn't it,,Fri Feb 28 21:53:55 +0000 2020,,,,https://twitter.com/drunkjodie/status/1233510670202699776,1233510670202699776,988611434287370240
2020-02-28 20:42:01+00:00,drunkjodie,,0,0,0,ahh the instagram likes and comments again i can feel ***** ****** already,,Fri Feb 28 20:42:01 +0000 2020,,,,https://twitter.com/drunkjodie/status/1233492572607262722,1233492572607262722,988611434287370240
2020-02-28 19:53:38+00:00,drunkjodie,katehalliwell,0,0,4,haha nervous laughing,,Fri Feb 28 19:53:38 +0000 2020,,,https://twitter.com/katehalliwell/status/1233084881820741632,https://twitter.com/drunkjodie/status/1233480398195261441,1233480398195261441,988611434287370240
2020-02-28 19:28:38+00:00,drunkjodie,Villanelle27,0,0,2,why are u booing me im rightt,,Fri Feb 28 19:28:38 +0000 2020,,,,https://twitter.com/drunkjodie/status/1233474108412661760,1233474108412661760,988611434287370240
2020-02-28 18:45:39+00:00,drunkjodie,,3,18,83,thinking about how this entire fanbase (which has grown a lot since last season) is gonna freak the fuck out when villaneve don't even kiss this season. can't wait!,,Fri Feb 28 18:45:39 +0000 2020,,,,https://twitter.com/drunkjodie/status/1233463288236838917,1233463288236838917,988611434287370240
2020-02-28 18:33:50+00:00,drunkjodie,ChannyyXOXO,1,0,0,her leg... im looking disrespectfully,,Fri Feb 28 18:33:50 +0000 2020,,,,https://twitter.com/drunkjodie/status/1233460314236166144,1233460314236166144,988611434287370240
2020-02-28 18:32:35+00:00,drunkjodie,littlegmeeks,2,0,0,my mad fat diary,,Fri Feb 28 18:32:35 +0000 2020,,,,https://twitter.com/drunkjodie/status/1233460002679029767,1233460002679029767,988611434287370240
2020-02-28 18:25:59+00:00,drunkjodie,villainelless,1,0,1,annoying asshole,,Fri Feb 28 18:25:59 +0000 2020,,,,https://twitter.com/drunkjodie/status/1233458339528527872,1233458339528527872,988611434287370240
2020-02-28 18:23:53+00:00,drunkjodie,ladygaga,0,0,4,coronavirus ghostwrote this,,Fri Feb 28 18:23:53 +0000 2020,,,https://twitter.com/ladygaga/status/1233244554976849921,https://twitter.com/drunkjodie/status/1233457811495030789,1233457811495030789,988611434287370240
2020-02-28 18:23:01+00:00,drunkjodie,villainelless,1,0,0,you do this EVERY single time,,Fri Feb 28 18:23:01 +0000 2020,,,,https://twitter.com/drunkjodie/status/1233457592661397504,1233457592661397504,988611434287370240
2020-02-28 18:20:54+00:00,drunkjodie,,1,1,32,not to be horny on main but,,Fri Feb 28 18:20:54 +0000 2020,,,,https://twitter.com/drunkjodie/status/1233457059435339776,1233457059435339776,988611434287370240
2020-02-28 18:12:13+00:00,drunkjodie,Villanelle27,0,0,1,your MIND,,Fri Feb 28 18:12:13 +0000 2020,,,,https://twitter.com/drunkjodie/status/1233454873913544705,1233454873913544705,988611434287370240
2020-02-28 18:00:58+00:00,drunkjodie,Villanelle27,0,0,0,it is for me periodd how's that called in english ndkbdks,,Fri Feb 28 18:00:58 +0000 2020,,,,https://twitter.com/drunkjodie/status/1233452045790830593,1233452045790830593,988611434287370240
2020-02-28 18:00:05+00:00,drunkjodie,,0,0,7,VILLANELLE PORFAVOR CLAVAME UN PELAPAPAS EN LA GARGANTA TE LO PIDO NO SOY DIGNAAAAAAA,,Fri Feb 28 18:00:05 +0000 2020,,,,https://twitter.com/drunkjodie/status/1233451821601116161,1233451821601116161,988611434287370240
2020-02-28 17:58:02+00:00,drunkjodie,,0,0,7,HATE SEX IS COMING,,Fri Feb 28 17:58:02 +0000 2020,,,,https://twitter.com/drunkjodie/status/1233451306888593408,1233451306888593408,988611434287370240
2020-02-28 17:57:12+00:00,drunkjodie,,0,2,8,i want villanelle to k word me with that tiny knife idek what it is but i'll beg her to do it,,Fri Feb 28 17:57:12 +0000 2020,,,,https://twitter.com/drunkjodie/status/1233451096997277696,1233451096997277696,988611434287370240
2020-02-28 17:55:37+00:00,drunkjodie,ChannyyXOXO,1,0,1,looks like that thing you use to peel potatoes... idk the fucking name jsbsjsnks,,Fri Feb 28 17:55:37 +0000 2020,,,,https://twitter.com/drunkjodie/status/1233450700077719552,1233450700077719552,988611434287370240
2020-02-28 17:51:00+00:00,drunkjodie,KillingEve,0,1,6,SEROTONINNNNNN,,Fri Feb 28 17:51:00 +0000 2020,,,https://twitter.com/KillingEve/status/1233444502213398529,https://twitter.com/drunkjodie/status/1233449536779096065,1233449536779096065,988611434287370240
2020-02-28 17:50:20+00:00,drunkjodie,,0,4,45,STAB ME PLEASE I DESERVE IT,,Fri Feb 28 17:50:20 +0000 2020,,,,https://twitter.com/drunkjodie/status/1233449366968569859,1233449366968569859,988611434287370240
2020-02-28 17:47:26+00:00,drunkjodie,,0,38,118,THE POWER THAT THAT HAS THE INTELLIGENCE THAT THAT HAS THE CLEARANCE THAT THAT HAS THE IMPACT THAT THAT HAS THE INFLUENCE THAT THAT HAS THE INTERNATIONAL IMPLICATIONS THAT THAT HAS,,Fri Feb 28 17:47:26 +0000 2020,,,,https://twitter.com/drunkjodie/status/1233448636702433283,1233448636702433283,988611434287370240
2020-02-28 17:43:42+00:00,drunkjodie,,0,3,15,IM GONNA K WORD MYSELF THEY ARE MY LIFE,,Fri Feb 28 17:43:42 +0000 2020,,,,https://twitter.com/drunkjodie/status/1233447700630265856,1233447700630265856,988611434287370240
2020-02-28 17:43:08+00:00,drunkjodie,,1,1,23,what is this i...,,Fri Feb 28 17:43:08 +0000 2020,,,,https://twitter.com/drunkjodie/status/1233447555444420610,1233447555444420610,988611434287370240
2020-02-28 05:26:06+00:00,drunkjodie,moleculesoffame,1,0,1,i just know this is your actual internal mood,,Fri Feb 28 05:26:06 +0000 2020,,,,https://twitter.com/drunkjodie/status/1233262074152865792,1233262074152865792,988611434287370240
2020-02-28 05:12:44+00:00,drunkjodie,massedvction,0,0,1,marge no voy a mentirte...,,Fri Feb 28 05:12:44 +0000 2020,,,,https://twitter.com/drunkjodie/status/1233258710950129664,1233258710950129664,988611434287370240
2020-02-28 05:05:47+00:00,drunkjodie,massedvction,1,0,1,literal con los q mejor me llevo son libras ya estas en mi corazón,,Fri Feb 28 05:05:47 +0000 2020,,,,https://twitter.com/drunkjodie/status/1233256961409519616,1233256961409519616,988611434287370240
2020-02-28 05:04:52+00:00,drunkjodie,carlotarizmendi,0,0,1,girl lets be friends pls,,Fri Feb 28 05:04:52 +0000 2020,,,,https://twitter.com/drunkjodie/status/1233256731595202560,1233256731595202560,988611434287370240
2020-02-28 05:03:57+00:00,drunkjodie,ChannyyXOXO,1,0,0,taurus is worse so ur fine ,,Fri Feb 28 05:03:57 +0000 2020,,,,https://twitter.com/drunkjodie/status/1233256501327867904,1233256501327867904,988611434287370240
2020-02-28 03:01:07+00:00,drunkjodie,massedvction,1,0,1,decime ya ke sos y donde firmo bb ,,Fri Feb 28 03:01:07 +0000 2020,,,,https://twitter.com/drunkjodie/status/1233225589986922496,1233225589986922496,988611434287370240
2020-02-28 02:58:20+00:00,drunkjodie,messyanxiousgay,1,0,0,well hello there my zodiac twin say yesss ,,Fri Feb 28 02:58:20 +0000 2020,,,,https://twitter.com/drunkjodie/status/1233224887524827141,1233224887524827141,988611434287370240
2020-02-28 02:56:37+00:00,drunkjodie,cafedeamendoa,1,0,0,omg i might book flights what are u,,Fri Feb 28 02:56:37 +0000 2020,,,,https://twitter.com/drunkjodie/status/1233224456195203072,1233224456195203072,988611434287370240
2020-02-28 02:55:22+00:00,drunkjodie,ChannyyXOXO,1,0,0,depending on which of the 3 devils u are i can make an exception,,Fri Feb 28 02:55:22 +0000 2020,,,,https://twitter.com/drunkjodie/status/1233224141370687491,1233224141370687491,988611434287370240
2020-02-28 02:53:50+00:00,drunkjodie,villainelless,0,0,1,callate estupida ,,Fri Feb 28 02:53:50 +0000 2020,,,,https://twitter.com/drunkjodie/status/1233223758246182912,1233223758246182912,988611434287370240
2020-02-28 02:10:14+00:00,drunkjodie,,8,0,11,"accepting friend and gf applications (caps, taurus and cancer look away)",,Fri Feb 28 02:10:14 +0000 2020,,,,https://twitter.com/drunkjodie/status/1233212786131509249,1233212786131509249,988611434287370240
2020-02-28 02:05:23+00:00,drunkjodie,njwblanchett,1,0,0,jajjajaja sii y cmo me dijiste flaca supongo q sos de argentina cmo yo am i right?,,Fri Feb 28 02:05:23 +0000 2020,,,,https://twitter.com/drunkjodie/status/1233211562351087618,1233211562351087618,988611434287370240
2020-02-28 01:05:14+00:00,drunkjodie,njwblanchett,1,0,0,"high, well thats interesting..",,Fri Feb 28 01:05:14 +0000 2020,,,,https://twitter.com/drunkjodie/status/1233196425867137024,1233196425867137024,988611434287370240
2020-02-28 00:57:39+00:00,drunkjodie,bentargaryen,0,0,0,daenerys sweetie...,,Fri Feb 28 00:57:39 +0000 2020,,,https://twitter.com/bentargaryen/status/1233085696560238593,https://twitter.com/drunkjodie/status/1233194518545158146,1233194518545158146,988611434287370240
2020-02-27 22:16:14+00:00,drunkjodie,,0,0,3,this is officially fetus jodie national day,,Thu Feb 27 22:16:14 +0000 2020,,,,https://twitter.com/drunkjodie/status/1233153896253706240,1233153896253706240,988611434287370240
2020-02-27 22:04:35+00:00,drunkjodie,cottgrill,1,0,0,WHAT for real??????,,Thu Feb 27 22:04:35 +0000 2020,,,,https://twitter.com/drunkjodie/status/1233150963025895429,1233150963025895429,988611434287370240
2020-02-27 22:02:51+00:00,drunkjodie,,1,1,29,no wayyyyy lmaoo,,Thu Feb 27 22:02:51 +0000 2020,,,,https://twitter.com/drunkjodie/status/1233150527866839040,1233150527866839040,988611434287370240
2020-02-27 20:35:59+00:00,drunkjodie,villanevelle,3,5,64,omg remember when she k worded gabriel ,,Thu Feb 27 20:35:59 +0000 2020,,,https://twitter.com/villanevelle/status/1233127970451206147,https://twitter.com/drunkjodie/status/1233128668966400020,1233128668966400020,988611434287370240
2020-02-27 19:02:54+00:00,drunkjodie,,1,0,11,the way yall are gonna get suspended i...,,Thu Feb 27 19:02:54 +0000 2020,,,,https://twitter.com/drunkjodie/status/1233105241026985990,1233105241026985990,988611434287370240
2020-02-27 19:01:54+00:00,drunkjodie,,0,0,26,i'd sell my kidneys for them,,Thu Feb 27 19:01:54 +0000 2020,,,,https://twitter.com/drunkjodie/status/1233104990983655430,1233104990983655430,988611434287370240
2020-02-27 18:19:57+00:00,drunkjodie,,0,0,0,can you believe el dipy ended tusa? legend,,Thu Feb 27 18:19:57 +0000 2020,,,,https://twitter.com/drunkjodie/status/1233094435111567362,1233094435111567362,988611434287370240
2020-02-27 18:05:55+00:00,drunkjodie,villanxellez,0,0,5,I FUCKING HATE YOU,,Thu Feb 27 18:05:55 +0000 2020,,,,https://twitter.com/drunkjodie/status/1233090902341627905,1233090902341627905,988611434287370240
2020-02-27 17:15:37+00:00,drunkjodie,,0,15,85,me campaigning for jodie's first oscar for supporting actress,,Thu Feb 27 17:15:37 +0000 2020,,,,https://twitter.com/drunkjodie/status/1233078243655376897,1233078243655376897,988611434287370240
2020-02-27 17:05:45+00:00,drunkjodie,KillingEve,0,0,3,they thought they did something here huh,,Thu Feb 27 17:05:45 +0000 2020,,,https://twitter.com/KillingEve/status/1233074009526489088,https://twitter.com/drunkjodie/status/1233075761898311680,1233075761898311680,988611434287370240
2020-02-27 17:01:43+00:00,drunkjodie,,1,0,3,look at littlefinger with blonde hair,,Thu Feb 27 17:01:43 +0000 2020,,,,https://twitter.com/drunkjodie/status/1233074744917925888,1233074744917925888,988611434287370240
2020-02-27 15:22:05+00:00,drunkjodie,xlemondrizzle,1,0,1,she kinda ended the pop girlies,,Thu Feb 27 15:22:05 +0000 2020,,,,https://twitter.com/drunkjodie/status/1233049671330934784,1233049671330934784,988611434287370240
2020-02-27 14:04:34+00:00,drunkjodie,,0,1,4,i want jodie florence and anya taylor joy to work together on something idc what it is just imagine the RANGE,,Thu Feb 27 14:04:34 +0000 2020,,,,https://twitter.com/drunkjodie/status/1233030164570832896,1233030164570832896,988611434287370240
2020-02-27 13:45:06+00:00,drunkjodie,,0,0,19,,,Thu Feb 27 13:45:06 +0000 2020,,,,https://twitter.com/drunkjodie/status/1233025264948596737,1233025264948596737,988611434287370240
2020-02-27 13:27:37+00:00,drunkjodie,,2,0,4,a lot of people would be scared here,,Thu Feb 27 13:27:37 +0000 2020,,,,https://twitter.com/drunkjodie/status/1233020865052381185,1233020865052381185,988611434287370240
2020-02-27 13:14:22+00:00,drunkjodie,,0,0,2,i can't believe i fucking survived this hiatus it felt like a century man gimme that promo inject it right into me like a shot of serotonin,,Thu Feb 27 13:14:22 +0000 2020,,,,https://twitter.com/drunkjodie/status/1233017529905356800,1233017529905356800,988611434287370240
2020-02-27 13:02:16+00:00,drunkjodie,,0,4,8, ,,Thu Feb 27 13:02:16 +0000 2020,,,,https://twitter.com/drunkjodie/status/1233014487533391872,1233014487533391872,988611434287370240
2020-02-27 12:54:16+00:00,drunkjodie,,0,5,32,many thoughts. head full,,Thu Feb 27 12:54:16 +0000 2020,,,,https://twitter.com/drunkjodie/status/1233012472103211008,1233012472103211008,988611434287370240
2020-02-27 12:01:24+00:00,drunkjodie,,1,13,70,good morning to me,,Thu Feb 27 12:01:24 +0000 2020,,,,https://twitter.com/drunkjodie/status/1232999170090393604,1232999170090393604,988611434287370240
2020-02-27 03:53:29+00:00,drunkjodie,moleculesoffame,0,0,1,NOOOAJSBJDBDKJDJ,,Thu Feb 27 03:53:29 +0000 2020,,,,https://twitter.com/drunkjodie/status/1232876382029537280,1232876382029537280,988611434287370240
2020-02-27 02:59:06+00:00,drunkjodie,,0,16,67,might rewatch booksmart for scientific reasons https://twitter.com/getxwaysav/status/1230245827072987137/video/1,,Thu Feb 27 02:59:06 +0000 2020,,,https://twitter.com/getxwaysav/status/1230245827072987137/video/1,https://twitter.com/drunkjodie/status/1232862695688372224,1232862695688372224,988611434287370240
2020-02-27 02:18:55+00:00,drunkjodie,,0,0,0,levanta la cabeza virus q se te cae la corona ,,Thu Feb 27 02:18:55 +0000 2020,,,,https://twitter.com/drunkjodie/status/1232852583477325824,1232852583477325824,988611434287370240
2020-02-27 02:10:43+00:00,drunkjodie,,0,0,2,og pfp made a comeback,,Thu Feb 27 02:10:43 +0000 2020,,,,https://twitter.com/drunkjodie/status/1232850520433418245,1232850520433418245,988611434287370240
2020-02-26 18:04:43+00:00,drunkjodie,KillingEve,0,0,2,yall make me sick,,Wed Feb 26 18:04:43 +0000 2020,,,,https://twitter.com/drunkjodie/status/1232728211693412355,1232728211693412355,988611434287370240
2020-02-26 18:00:47+00:00,drunkjodie,,0,0,7,killing eve be like graphic design is my passion well they better find another one...,,Wed Feb 26 18:00:47 +0000 2020,,,,https://twitter.com/drunkjodie/status/1232727223494434816,1232727223494434816,988611434287370240
2020-02-26 17:58:23+00:00,drunkjodie,,1,3,7,mi familia mi factoria,,Wed Feb 26 17:58:23 +0000 2020,,,,https://twitter.com/drunkjodie/status/1232726619669876736,1232726619669876736,988611434287370240
2020-02-26 17:20:19+00:00,drunkjodie,,0,12,72,not suzanne saying eve sees villanelle as human as NO ONE does im having a breakdown,,Wed Feb 26 17:20:19 +0000 2020,,,,https://twitter.com/drunkjodie/status/1232717040588410880,1232717040588410880,988611434287370240
2020-02-26 17:17:27+00:00,drunkjodie,,0,1,7,count me in as scared and excited omg,,Wed Feb 26 17:17:27 +0000 2020,,,,https://twitter.com/drunkjodie/status/1232716316257243136,1232716316257243136,988611434287370240
2020-02-26 17:12:44+00:00,drunkjodie,,2,30,117,"""...and of course eve and her approach to villanelle and the way she FEELS about her.. we need to keep that constantly evolving while still staying true to the relationship that’s being formed""",,Wed Feb 26 17:12:44 +0000 2020,,,,https://twitter.com/drunkjodie/status/1232715131148263429,1232715131148263429,988611434287370240
2020-02-26 17:09:52+00:00,drunkjodie,,0,5,37,i hope suzanne has an EXCELLENT day and she stays hydrated and healthy,,Wed Feb 26 17:09:52 +0000 2020,,,,https://twitter.com/drunkjodie/status/1232714410638090245,1232714410638090245,988611434287370240
2020-02-26 15:10:39+00:00,drunkjodie,,0,2,25,slept 2 hours for this exam and i still have hours to go and i don't know shit im just vibing https://twitter.com/ComerJodie/status/758584373247668225/video/1,,Wed Feb 26 15:10:39 +0000 2020,,,https://twitter.com/ComerJodie/status/758584373247668225/video/1,https://twitter.com/drunkjodie/status/1232684408617959424,1232684408617959424,988611434287370240
2020-02-26 02:53:28+00:00,drunkjodie,comerjodie_,0,0,1,im not sleeping im pulling an all nighter i have a fucking exam tomorrow,,Wed Feb 26 02:53:28 +0000 2020,,,,https://twitter.com/drunkjodie/status/1232498890290499584,1232498890290499584,988611434287370240
2020-02-26 02:48:56+00:00,drunkjodie,,3,50,215,goodnight my baby comes back in 61 days,,Wed Feb 26 02:48:56 +0000 2020,,,,https://twitter.com/drunkjodie/status/1232497747800076288,1232497747800076288,988611434287370240
2020-02-26 02:39:27+00:00,drunkjodie,,0,0,0,im almost on my 5th cup of coffee and im about to start swinging,,Wed Feb 26 02:39:27 +0000 2020,,,,https://twitter.com/drunkjodie/status/1232495362386120707,1232495362386120707,988611434287370240
2020-02-26 02:34:56+00:00,drunkjodie,lufearless,1,0,0,bueno pero esos que no vacunan a sus hijos lo merecen por imbeciles,,Wed Feb 26 02:34:56 +0000 2020,,,,https://twitter.com/drunkjodie/status/1232494226413215744,1232494226413215744,988611434287370240
2020-02-26 02:24:04+00:00,drunkjodie,,0,0,3,rip to - now i don't feel those kinds of things - gone but never forgotten,,Wed Feb 26 02:24:04 +0000 2020,,,,https://twitter.com/drunkjodie/status/1232491491789983746,1232491491789983746,988611434287370240
2020-02-26 02:16:27+00:00,drunkjodie,comerjodie_,0,0,1,im lactose tolerant so i guess never,,Wed Feb 26 02:16:27 +0000 2020,,,,https://twitter.com/drunkjodie/status/1232489571918598144,1232489571918598144,988611434287370240
2020-02-25 21:59:14+00:00,drunkjodie,,0,0,6,officially a member of anya taylor joy's protection squad i'll do anything for her,,Tue Feb 25 21:59:14 +0000 2020,,,,https://twitter.com/drunkjodie/status/1232424841371934722,1232424841371934722,988611434287370240
2020-02-25 21:04:05+00:00,drunkjodie,,0,0,0,who chose mutual crush im free every single day,,Tue Feb 25 21:04:05 +0000 2020,,,,https://twitter.com/drunkjodie/status/1232410962961018880,1232410962961018880,988611434287370240
2020-02-25 20:43:26+00:00,drunkjodie,swiftiereads,0,0,1,bueno mire como se dio vuelta el partido sñr juez capaz ser latino tiene sus pros,,Tue Feb 25 20:43:26 +0000 2020,,,https://twitter.com/swiftiereads/status/1232315696102563840,https://twitter.com/drunkjodie/status/1232405765903835137,1232405765903835137,988611434287370240
2020-02-25 20:17:12+00:00,drunkjodie,moleculesoffame,1,0,1,i chose 4,,Tue Feb 25 20:17:12 +0000 2020,,,,https://twitter.com/drunkjodie/status/1232399165717647361,1232399165717647361,988611434287370240
2020-02-25 19:06:45+00:00,drunkjodie,,0,0,5,the evil has been defeated,,Tue Feb 25 19:06:45 +0000 2020,,,,https://twitter.com/drunkjodie/status/1232381435253796866,1232381435253796866,988611434287370240
2020-02-25 17:26:10+00:00,drunkjodie,,0,0,3,legend,,Tue Feb 25 17:26:10 +0000 2020,,,,https://twitter.com/drunkjodie/status/1232356125011476480,1232356125011476480,988611434287370240
2020-02-25 17:09:57+00:00,drunkjodie,,0,0,6,idk why there's food discourse again on the tl but just so you know pineapples STILL don't belong on pizza and they never will,,Tue Feb 25 17:09:57 +0000 2020,,,,https://twitter.com/drunkjodie/status/1232352042611548166,1232352042611548166,988611434287370240
2020-02-25 17:06:35+00:00,drunkjodie,padmaine,0,0,10,who the hell puts mayo on pizza thats even WORSE than putting pineapples on it,,Tue Feb 25 17:06:35 +0000 2020,,,https://twitter.com/padmaine/status/1232350069111705600,https://twitter.com/drunkjodie/status/1232351194259099649,1232351194259099649,988611434287370240
2020-02-25 02:51:20+00:00,drunkjodie,,1,0,0,stole this - what am i for u? 1 : mutual 2 : mutual crush 3 : mutual fav 4 : mutual boring,,Tue Feb 25 02:51:20 +0000 2020,,,,https://twitter.com/drunkjodie/status/1232135965923299329,1232135965923299329,988611434287370240
2020-02-25 00:35:01+00:00,drunkjodie,EveIncorrect,0,0,7,why is this so accurate,,Tue Feb 25 00:35:01 +0000 2020,,,https://twitter.com/EveIncorrect/status/1230453710217596928,https://twitter.com/drunkjodie/status/1232101658190110720,1232101658190110720,988611434287370240
2020-02-25 00:28:55+00:00,drunkjodie,villainelless,0,0,0,I HATE YOU STOP,,Tue Feb 25 00:28:55 +0000 2020,,,,https://twitter.com/drunkjodie/status/1232100125608218624,1232100125608218624,988611434287370240
2020-02-25 00:25:52+00:00,drunkjodie,,0,0,7,anyways im going out for drinks today cause no one works in this fucking country so fuck having an exam on wednesday im getting drunk tonight i hope she's proud of me <3 https://twitter.com/villanellesbae/status/1232044599604129797/video/1,,Tue Feb 25 00:25:52 +0000 2020,,,https://twitter.com/villanellesbae/status/1232044599604129797/video/1,https://twitter.com/drunkjodie/status/1232099355999588358,1232099355999588358,988611434287370240
2020-02-25 00:23:15+00:00,drunkjodie,villanxellez,0,0,1,@TwitterSupport get her,@TwitterSupport,Tue Feb 25 00:23:15 +0000 2020,,,,https://twitter.com/drunkjodie/status/1232098698970238978,1232098698970238978,988611434287370240
2020-02-25 00:22:01+00:00,drunkjodie,villanxellez,2,0,2,I FUCKING KNOW SHUT THE FUCK UPPPPPPPPPPPP,,Tue Feb 25 00:22:01 +0000 2020,,,,https://twitter.com/drunkjodie/status/1232098388642074624,1232098388642074624,988611434287370240
2020-02-25 00:21:11+00:00,drunkjodie,villanxellez,1,1,1,PLEASE I SO FELL FOR THIS,,Tue Feb 25 00:21:11 +0000 2020,,,,https://twitter.com/drunkjodie/status/1232098176271822848,1232098176271822848,988611434287370240
2020-02-25 00:20:46+00:00,drunkjodie,,1,1,1,omg i AM k wording myself tomorrow,,Tue Feb 25 00:20:46 +0000 2020,,,,https://twitter.com/drunkjodie/status/1232098074480332801,1232098074480332801,988611434287370240
2020-02-24 22:54:13+00:00,drunkjodie,,0,6,35,eve killing villanelle or whatever i haven't seen the show https://twitter.com/filmcupid/status/1230210648547745792/video/1,,Mon Feb 24 22:54:13 +0000 2020,,,https://twitter.com/filmcupid/status/1230210648547745792/video/1,https://twitter.com/drunkjodie/status/1232076290137698304,1232076290137698304,988611434287370240
2020-02-24 22:21:47+00:00,drunkjodie,,0,0,3,"i just saw someone commented ""yes WHITNEY sing"" under a clip of selena gomez singing please excuse me while i go and SCREAM",,Mon Feb 24 22:21:47 +0000 2020,,,,https://twitter.com/drunkjodie/status/1232068127686643713,1232068127686643713,988611434287370240
2020-02-24 22:17:07+00:00,drunkjodie,Villanelle27,1,0,1,dude no it'd break my heart don't do this to me,,Mon Feb 24 22:17:07 +0000 2020,,,,https://twitter.com/drunkjodie/status/1232066956376801280,1232066956376801280,988611434287370240
2020-02-24 22:10:56+00:00,drunkjodie,,0,0,1,its time to use the ** again,,Mon Feb 24 22:10:56 +0000 2020,,,,https://twitter.com/drunkjodie/status/1232065398381608960,1232065398381608960,988611434287370240
2020-02-24 20:44:03+00:00,drunkjodie,,0,0,0,dios amo a mi señora florence ,,Mon Feb 24 20:44:03 +0000 2020,,,,https://twitter.com/drunkjodie/status/1232043532627726336,1232043532627726336,988611434287370240
2020-02-24 20:40:03+00:00,drunkjodie,massedvction,0,0,0,yo tambn bb,,Mon Feb 24 20:40:03 +0000 2020,,,,https://twitter.com/drunkjodie/status/1232042526720364545,1232042526720364545,988611434287370240
2020-02-24 19:34:32+00:00,drunkjodie,,1,0,15,yo probando keta por 1era vez,,Mon Feb 24 19:34:32 +0000 2020,,,,https://twitter.com/drunkjodie/status/1232026040991703043,1232026040991703043,988611434287370240
