date,username,to,replies,retweets,favorites,text,mentions,formatted_date,geo,hashtags,urls,permalink,ID,author_id
2020-02-28 23:00:54+00:00,dykelanelle,qqnenfeu,0,0,1,it's a yes from me,,Fri Feb 28 23:00:54 +0000 2020,,,,https://twitter.com/dykelanelle/status/1233527526150037504,1233527526150037504,1034439809937358848
2020-02-28 23:00:21+00:00,dykelanelle,lindeauenfeu,0,0,1,ikr.... makes me throw up,,Fri Feb 28 23:00:21 +0000 2020,,,,https://twitter.com/dykelanelle/status/1233527387532468225,1233527387532468225,1034439809937358848
2020-02-28 22:59:53+00:00,dykelanelle,,0,0,0,MA CHE CAZZO DANNO L'AWARD A POLANSKI MA CHE CAZZ HANNO NEL CERVELLO DIO SANTOOO,,Fri Feb 28 22:59:53 +0000 2020,,,,https://twitter.com/dykelanelle/status/1233527267487354881,1233527267487354881,1034439809937358848
2020-02-28 22:58:24+00:00,dykelanelle,qqnenfeu,2,0,1,they gave an award to p*lanski do we really care about that academy,,Fri Feb 28 22:58:24 +0000 2020,,,,https://twitter.com/dykelanelle/status/1233526895788077056,1233526895788077056,1034439809937358848
2020-02-28 22:54:16+00:00,dykelanelle,haenelswift,0,0,5,what the hell......... are they for real???? apart from the fact that they're awarding a pedophile and a rapist - they're also THAT insensitive??????? what the hell. what. the. hell.,,Fri Feb 28 22:54:16 +0000 2020,,,https://twitter.com/haenelswift/status/1233521468270686210,https://twitter.com/dykelanelle/status/1233525854933835778,1233525854933835778,1034439809937358848
2020-02-28 22:48:07+00:00,dykelanelle,sciammesque,0,0,1,OK THANK YOU SO MUCH EHEH,,Fri Feb 28 22:48:07 +0000 2020,,,,https://twitter.com/dykelanelle/status/1233524308770684928,1233524308770684928,1034439809937358848
2020-02-28 22:47:38+00:00,dykelanelle,mulhdr,0,1,3,WHAT THE HELL NOEMIE HOW COULD YOU,,Fri Feb 28 22:47:38 +0000 2020,,,https://twitter.com/mulhdr/status/1233480093881847808,https://twitter.com/dykelanelle/status/1233524186779439104,1233524186779439104,1034439809937358848
2020-02-28 22:46:47+00:00,dykelanelle,sciammesque,1,0,1,ty ((im assuming you're watching the live that's why i asked)),,Fri Feb 28 22:46:47 +0000 2020,,,,https://twitter.com/dykelanelle/status/1233523974346330113,1233523974346330113,1034439809937358848
2020-02-28 22:44:39+00:00,dykelanelle,sciammesque,1,0,1,omg tell me when u know ,,Fri Feb 28 22:44:39 +0000 2020,,,,https://twitter.com/dykelanelle/status/1233523435369881601,1233523435369881601,1034439809937358848
2020-02-28 22:44:19+00:00,dykelanelle,,0,0,0,PLS TELL ME KONSTANTIN is still alive PLS,,Fri Feb 28 22:44:19 +0000 2020,,,,https://twitter.com/dykelanelle/status/1233523352352051206,1233523352352051206,1034439809937358848
2020-02-28 22:43:18+00:00,dykelanelle,sciammesque,1,0,0,who won ,,Fri Feb 28 22:43:18 +0000 2020,,,,https://twitter.com/dykelanelle/status/1233523097782882310,1233523097782882310,1034439809937358848
2020-02-28 22:40:03+00:00,dykelanelle,,0,0,2,wowzer,,Fri Feb 28 22:40:03 +0000 2020,,,,https://twitter.com/dykelanelle/status/1233522279654608896,1233522279654608896,1034439809937358848
2020-02-28 22:35:29+00:00,dykelanelle,BelMaslany,1,0,0,HII,,Fri Feb 28 22:35:29 +0000 2020,,,,https://twitter.com/dykelanelle/status/1233521129849073666,1233521129849073666,1034439809937358848
2020-02-28 22:17:05+00:00,dykelanelle,comerscolleen,0,0,1,I've been listening to the whole album for weeks your taste!!!!,,Fri Feb 28 22:17:05 +0000 2020,,,,https://twitter.com/dykelanelle/status/1233516497059897345,1233516497059897345,1034439809937358848
2020-02-28 22:15:45+00:00,dykelanelle,migrainevhs,0,0,0,i,,Fri Feb 28 22:15:45 +0000 2020,,,,https://twitter.com/dykelanelle/status/1233516164753580033,1233516164753580033,1034439809937358848
2020-02-28 22:11:46+00:00,dykelanelle,migrainevhs,0,0,0,we,,Fri Feb 28 22:11:46 +0000 2020,,,,https://twitter.com/dykelanelle/status/1233515159693426690,1233515159693426690,1034439809937358848
2020-02-28 21:58:58+00:00,dykelanelle,fzzztsimmons,0,0,1,adoro,,Fri Feb 28 21:58:58 +0000 2020,,,,https://twitter.com/dykelanelle/status/1233511940028346369,1233511940028346369,1034439809937358848
2020-02-28 21:58:52+00:00,dykelanelle,fzzztsimmons,0,0,1,AIUTO,,Fri Feb 28 21:58:52 +0000 2020,,,,https://twitter.com/dykelanelle/status/1233511913381924865,1233511913381924865,1034439809937358848
2020-02-28 21:42:47+00:00,dykelanelle,filmsvillanelle,0,0,1,ikr it looks SO good,,Fri Feb 28 21:42:47 +0000 2020,,,,https://twitter.com/dykelanelle/status/1233507864955826181,1233507864955826181,1034439809937358848
2020-02-28 21:38:53+00:00,dykelanelle,bowiesmelodrama,0,0,1,as u should,,Fri Feb 28 21:38:53 +0000 2020,,,,https://twitter.com/dykelanelle/status/1233506883207598081,1233506883207598081,1034439809937358848
2020-02-28 21:33:21+00:00,dykelanelle,tristennnnn_,0,0,3,this is so disgusting. HOW COULD YOU SUPPORT JAMES CHARLES BUY ANOTHER PALETTE ,,Fri Feb 28 21:33:21 +0000 2020,,,https://twitter.com/tristennnnn_/status/1232810398363070470,https://twitter.com/dykelanelle/status/1233505493655703553,1233505493655703553,1034439809937358848
2020-02-28 21:30:23+00:00,dykelanelle,bowiesmelodrama,1,0,1,io ho visto e letto entrambi e sì è fantastica la amo,,Fri Feb 28 21:30:23 +0000 2020,,,,https://twitter.com/dykelanelle/status/1233504745928699917,1233504745928699917,1034439809937358848
2020-02-28 21:17:38+00:00,dykelanelle,fzzztsimmons,1,0,1,AHGGH NON VEDO L'ORA SINCERAMENTE MI SEMBRA FIGO,,Fri Feb 28 21:17:38 +0000 2020,,,,https://twitter.com/dykelanelle/status/1233501536459927558,1233501536459927558,1034439809937358848
2020-02-28 21:04:51+00:00,dykelanelle,waterloumiller,0,0,2,mi voglio suicidar,,Fri Feb 28 21:04:51 +0000 2020,,,,https://twitter.com/dykelanelle/status/1233498319877484544,1233498319877484544,1034439809937358848
2020-02-28 21:04:32+00:00,dykelanelle,villanellextarg,0,0,1,omg i can't wait!!,,Fri Feb 28 21:04:32 +0000 2020,,,,https://twitter.com/dykelanelle/status/1233498241980862465,1233498241980862465,1034439809937358848
2020-02-28 21:03:03+00:00,dykelanelle,villanellextarg,1,0,1,they recommended it to me and it stars amy adams so it must be really good ehhe,,Fri Feb 28 21:03:03 +0000 2020,,,,https://twitter.com/dykelanelle/status/1233497868150939654,1233497868150939654,1034439809937358848
2020-02-28 21:00:01+00:00,dykelanelle,NXOnNetflix,0,0,4,the only man ever,,Fri Feb 28 21:00:01 +0000 2020,,,https://twitter.com/NXOnNetflix/status/1233466931040133120,https://twitter.com/dykelanelle/status/1233497102904446981,1233497102904446981,1034439809937358848
2020-02-28 20:59:23+00:00,dykelanelle,,4,0,6,tonite im starting sharp objects ,,Fri Feb 28 20:59:23 +0000 2020,,,,https://twitter.com/dykelanelle/status/1233496944191983618,1233496944191983618,1034439809937358848
2020-02-28 20:50:52+00:00,dykelanelle,,0,0,2,everyone talking abt thighs but yall se what i see right,,Fri Feb 28 20:50:52 +0000 2020,,,,https://twitter.com/dykelanelle/status/1233494799937933312,1233494799937933312,1034439809937358848
2020-02-28 20:26:10+00:00,dykelanelle,zomniums,0,0,5,mood,,Fri Feb 28 20:26:10 +0000 2020,,,,https://twitter.com/dykelanelle/status/1233488583333470209,1233488583333470209,1034439809937358848
2020-02-28 20:24:45+00:00,dykelanelle,lauharrier,1,0,13,or like qwhitentine tarantino,,Fri Feb 28 20:24:45 +0000 2020,,,,https://twitter.com/dykelanelle/status/1233488229862641664,1233488229862641664,1034439809937358848
2020-02-28 20:05:28+00:00,dykelanelle,waterloumiller,0,0,1,she's cute,,Fri Feb 28 20:05:28 +0000 2020,,,,https://twitter.com/dykelanelle/status/1233483374532218881,1233483374532218881,1034439809937358848
2020-02-28 19:58:46+00:00,dykelanelle,,0,0,3,ok found something other than food maybe https://twitter.com/adoredelans/status/1233100322417057792,,Fri Feb 28 19:58:46 +0000 2020,,,https://twitter.com/adoredelans/status/1233100322417057792,https://twitter.com/dykelanelle/status/1233481691722846213,1233481691722846213,1034439809937358848
2020-02-28 17:34:08+00:00,dykelanelle,,0,0,5,OMG THEIR HANDS..... INTERTWINED.........THANK YOU KILLING EVE,,Fri Feb 28 17:34:08 +0000 2020,,,,https://twitter.com/dykelanelle/status/1233445291040419844,1233445291040419844,1034439809937358848
2020-02-28 17:32:21+00:00,dykelanelle,,0,1,3,wtf was that,,Fri Feb 28 17:32:21 +0000 2020,,,,https://twitter.com/dykelanelle/status/1233444843986309120,1233444843986309120,1034439809937358848
2020-02-28 17:31:58+00:00,dykelanelle,KillingEve,0,0,1,OSMSHSBGSMG IM KILLING YALL,,Fri Feb 28 17:31:58 +0000 2020,,,https://twitter.com/KillingEve/status/1233444502213398529,https://twitter.com/dykelanelle/status/1233444748335210497,1233444748335210497,1034439809937358848
2020-02-28 17:25:30+00:00,dykelanelle,olymvpae,0,0,1,lo è (e tra l'altro stai benissimo così),,Fri Feb 28 17:25:30 +0000 2020,,,,https://twitter.com/dykelanelle/status/1233443117593964545,1233443117593964545,1034439809937358848
2020-02-28 17:22:50+00:00,dykelanelle,odedanilo,0,0,1,I THOUGHT THE BLACK ONE WAS THW ONE FROM PARASITE I-,,Fri Feb 28 17:22:50 +0000 2020,,,https://twitter.com/odedanilo/status/1233026558274789378,https://twitter.com/dykelanelle/status/1233442448237645830,1233442448237645830,1034439809937358848
2020-02-28 17:13:11+00:00,dykelanelle,,0,0,8,jodie liking gillian anderson's pic,,Fri Feb 28 17:13:11 +0000 2020,,,,https://twitter.com/dykelanelle/status/1233440018988969985,1233440018988969985,1034439809937358848
2020-02-28 17:06:19+00:00,dykelanelle,adoredelans,0,0,1,why is it just food-,,Fri Feb 28 17:06:19 +0000 2020,,,,https://twitter.com/dykelanelle/status/1233438292437295104,1233438292437295104,1034439809937358848
2020-02-28 16:57:34+00:00,dykelanelle,ALIVESTANTIN,0,0,0, ,,Fri Feb 28 16:57:34 +0000 2020,,,,https://twitter.com/dykelanelle/status/1233436089815388164,1233436089815388164,1034439809937358848
2020-02-28 15:12:04+00:00,dykelanelle,BBCAMERICA,1,1,38,eve was SO ready to eat her out tho,,Fri Feb 28 15:12:04 +0000 2020,,,https://twitter.com/BBCAMERICA/status/1233137730718248973,https://twitter.com/dykelanelle/status/1233409540797931520,1233409540797931520,1034439809937358848
2020-02-28 15:08:19+00:00,dykelanelle,TRIFENILFOSFINA,0,0,4,MA QUALE TRADIZIONE E TRADIZIONE QUESTI SON PAZZI,,Fri Feb 28 15:08:19 +0000 2020,,,,https://twitter.com/dykelanelle/status/1233408594852405249,1233408594852405249,1034439809937358848
2020-02-28 15:02:12+00:00,dykelanelle,alluregaga,0,0,2,born this way and applause are god tier,,Fri Feb 28 15:02:12 +0000 2020,,,https://twitter.com/alluregaga/status/1233078315893714944,https://twitter.com/dykelanelle/status/1233407057006669830,1233407057006669830,1034439809937358848
2020-02-28 15:01:09+00:00,dykelanelle,ALIVESTANTIN,1,0,1,high x3,,Fri Feb 28 15:01:09 +0000 2020,,,,https://twitter.com/dykelanelle/status/1233406793503645696,1233406793503645696,1034439809937358848
2020-02-28 13:48:07+00:00,dykelanelle,sobering_stairs,0,0,1,LMAO SHSHSGGS,,Fri Feb 28 13:48:07 +0000 2020,,,,https://twitter.com/dykelanelle/status/1233388410787835904,1233388410787835904,1034439809937358848
2020-02-28 13:44:28+00:00,dykelanelle,sobering_stairs,1,0,1,yea i know its insane she was insane no wonder i left ,,Fri Feb 28 13:44:28 +0000 2020,,,,https://twitter.com/dykelanelle/status/1233387494294663170,1233387494294663170,1034439809937358848
2020-02-28 13:39:59+00:00,dykelanelle,sobering_stairs,1,0,1,bisch my coach made us do a 20 minute plank one time and i cheated and put my legs on the floor lmao its literally the worst,,Fri Feb 28 13:39:59 +0000 2020,,,,https://twitter.com/dykelanelle/status/1233386364542033921,1233386364542033921,1034439809937358848
2020-02-28 13:35:52+00:00,dykelanelle,villownsmyass,0,0,0,,,Fri Feb 28 13:35:52 +0000 2020,,,,https://twitter.com/dykelanelle/status/1233385330729988096,1233385330729988096,1034439809937358848
2020-02-28 13:31:02+00:00,dykelanelle,villownsmyass,1,0,0,ohhh yessss :),,Fri Feb 28 13:31:02 +0000 2020,,,,https://twitter.com/dykelanelle/status/1233384115279364096,1233384115279364096,1034439809937358848
2020-02-28 12:01:36+00:00,dykelanelle,LegaSalvini,0,0,3,pensavo fosse un account fake non possono essere seri dai che figura di merd,,Fri Feb 28 12:01:36 +0000 2020,,,https://twitter.com/LegaSalvini/status/1233041358392381442,https://twitter.com/dykelanelle/status/1233361605825617920,1233361605825617920,1034439809937358848
2020-02-28 11:46:42+00:00,dykelanelle,haenelswift,0,0,1, NEPOTISM IS MY FRIEND ,,Fri Feb 28 11:46:42 +0000 2020,,,https://twitter.com/haenelswift/status/1233160260082335746,https://twitter.com/dykelanelle/status/1233357856109408256,1233357856109408256,1034439809937358848
2020-02-28 11:25:46+00:00,dykelanelle,sq33kmonster,0,0,1,divorce exists emma pls,,Fri Feb 28 11:25:46 +0000 2020,,,,https://twitter.com/dykelanelle/status/1233352591041552391,1233352591041552391,1034439809937358848
2020-02-28 11:19:22+00:00,dykelanelle,villownsmyass,1,0,0,high high medium!!,,Fri Feb 28 11:19:22 +0000 2020,,,,https://twitter.com/dykelanelle/status/1233350978298097670,1233350978298097670,1034439809937358848
2020-02-28 11:06:10+00:00,dykelanelle,dykelanelle,0,0,1,come*,,Fri Feb 28 11:06:10 +0000 2020,,,,https://twitter.com/dykelanelle/status/1233347655608262658,1233347655608262658,1034439809937358848
2020-02-28 11:06:02+00:00,dykelanelle,bowiesmelodrama,2,0,1,a me non è piaciuto così tanto ma john mi ha fatta piangere cone una bambina e VOGLIAMO PARLARE DELLA PERFORMANCE DI EMILY BLUNT ACADEMY AWARDDDD,,Fri Feb 28 11:06:02 +0000 2020,,,,https://twitter.com/dykelanelle/status/1233347623857410048,1233347623857410048,1034439809937358848
2020-02-28 09:34:22+00:00,dykelanelle,suyurisan,0,0,0,NO,,Fri Feb 28 09:34:22 +0000 2020,,,,https://twitter.com/dykelanelle/status/1233324554866610176,1233324554866610176,1034439809937358848
2020-02-27 18:49:01+00:00,dykelanelle,villanxellez,0,0,1,WHAT THE HEELLDBDHDHD,,Thu Feb 27 18:49:01 +0000 2020,,,,https://twitter.com/dykelanelle/status/1233101748342083584,1233101748342083584,1034439809937358848
2020-02-27 18:24:52+00:00,dykelanelle,coochiegangx,0,0,1,i-,,Thu Feb 27 18:24:52 +0000 2020,,,,https://twitter.com/dykelanelle/status/1233095671101743105,1233095671101743105,1034439809937358848
2020-02-27 15:05:10+00:00,dykelanelle,dykelanelle,0,0,1,would they do*,,Thu Feb 27 15:05:10 +0000 2020,,,,https://twitter.com/dykelanelle/status/1233045415836164096,1233045415836164096,1034439809937358848
2020-02-27 15:05:01+00:00,dykelanelle,captainparriIla,2,0,1,and i thought lana parrilla was young if they knew i wanna have s*x with jane fonda what they would do.......,,Thu Feb 27 15:05:01 +0000 2020,,,,https://twitter.com/dykelanelle/status/1233045377621876743,1233045377621876743,1034439809937358848
2020-02-27 15:03:40+00:00,dykelanelle,captainparriIla,0,0,1,apparently not ,,Thu Feb 27 15:03:40 +0000 2020,,,,https://twitter.com/dykelanelle/status/1233045038134898693,1233045038134898693,1034439809937358848
2020-02-27 14:31:25+00:00,dykelanelle,PAC1NOS,2,0,29,str*ights are crazy omg ,,Thu Feb 27 14:31:25 +0000 2020,,,https://twitter.com/PAC1NOS/status/1232909342199996418,https://twitter.com/dykelanelle/status/1233036919820476416,1233036919820476416,1034439809937358848
2020-02-27 14:14:33+00:00,dykelanelle,,0,0,5,omg jodie next to a pair of shoes amazing,,Thu Feb 27 14:14:33 +0000 2020,,,,https://twitter.com/dykelanelle/status/1233032676657049601,1233032676657049601,1034439809937358848
2020-02-27 13:41:57+00:00,dykelanelle,,0,0,1,"ero in un sottopassaggio buio dietro ad una signora, lei si è girata preoccupata di essere inseguita da qualcuno e dopo aver visto che sono una donna si è tranquillizzata i hate men bcos so cosa ha provato quella donna in quel millesimo di secondo in cui ha pensato fossi un uomo",,Thu Feb 27 13:41:57 +0000 2020,,,,https://twitter.com/dykelanelle/status/1233024474456481792,1233024474456481792,1034439809937358848
2020-02-27 12:30:54+00:00,dykelanelle,sapphicinheat,0,0,2,....... i know......,,Thu Feb 27 12:30:54 +0000 2020,,,,https://twitter.com/dykelanelle/status/1233006593895256064,1233006593895256064,1034439809937358848
2020-02-27 12:28:41+00:00,dykelanelle,,0,0,2,... you know.....,,Thu Feb 27 12:28:41 +0000 2020,,,,https://twitter.com/dykelanelle/status/1233006032915398656,1233006032915398656,1034439809937358848
2020-02-27 11:00:38+00:00,dykelanelle,,0,0,1,dina from i am not ok with this pls marry me tyty,,Thu Feb 27 11:00:38 +0000 2020,,,,https://twitter.com/dykelanelle/status/1232983874474516480,1232983874474516480,1034439809937358848
2020-02-27 10:41:26+00:00,dykelanelle,RACHELWEISZX,0,0,0,yes,,Thu Feb 27 10:41:26 +0000 2020,,,,https://twitter.com/dykelanelle/status/1232979045245227008,1232979045245227008,1034439809937358848
2020-02-27 10:36:02+00:00,dykelanelle,,0,0,3,dying AND going to gaga's concert or living???? the simplest choice of my life fr,,Thu Feb 27 10:36:02 +0000 2020,,,,https://twitter.com/dykelanelle/status/1232977683614707712,1232977683614707712,1034439809937358848
2020-02-27 10:35:18+00:00,dykelanelle,,1,0,6,if gaga comes to italy idc abt coronavirus im going to her concert bye,,Thu Feb 27 10:35:18 +0000 2020,,,,https://twitter.com/dykelanelle/status/1232977501502263301,1232977501502263301,1034439809937358848
2020-02-27 10:30:37+00:00,dykelanelle,isseaus,0,0,1,ovvio che poi questi individui votino salvini..... aiuto,,Thu Feb 27 10:30:37 +0000 2020,,,,https://twitter.com/dykelanelle/status/1232976322907033601,1232976322907033601,1034439809937358848
2020-02-27 10:28:14+00:00,dykelanelle,isseaus,1,0,0,che schif ma perché c'è gente del genere nella mia regione,,Thu Feb 27 10:28:14 +0000 2020,,,,https://twitter.com/dykelanelle/status/1232975722769264640,1232975722769264640,1034439809937358848
2020-02-27 09:25:43+00:00,dykelanelle,,0,0,1,there are so many arctic monkeys songs but yall only know 1 and it shows ,,Thu Feb 27 09:25:43 +0000 2020,,,,https://twitter.com/dykelanelle/status/1232959991507750913,1232959991507750913,1034439809937358848
2020-02-27 09:03:31+00:00,dykelanelle,carriefisvher,0,0,1,slytherin,,Thu Feb 27 09:03:31 +0000 2020,,,,https://twitter.com/dykelanelle/status/1232954401054175232,1232954401054175232,1034439809937358848
2020-02-27 09:01:39+00:00,dykelanelle,,0,0,3,pulp fiction truly isn't that good tho,,Thu Feb 27 09:01:39 +0000 2020,,,,https://twitter.com/dykelanelle/status/1232953933351596034,1232953933351596034,1034439809937358848
2020-02-27 08:55:04+00:00,dykelanelle,dykelanelle,0,0,0,"-insultare un paziente zero che non conosco sui social. mi sembra molto irrispettoso, tutto qui.",,Thu Feb 27 08:55:04 +0000 2020,,,,https://twitter.com/dykelanelle/status/1232952276173672455,1232952276173672455,1034439809937358848
2020-02-27 08:54:34+00:00,dykelanelle,dykelanelle,1,0,0,"-ha scritto il tweet nemmeno lo conosce, e non conosce nemmeno la sua situazione economica o familiare. non mi sembra giusto. va bene la preoccupazione ma certi insulti sono un po' esagerati. io non vivo lontano dalla zona rossa ma di certo non mi permetto di -",,Thu Feb 27 08:54:34 +0000 2020,,,,https://twitter.com/dykelanelle/status/1232952150067683328,1232952150067683328,1034439809937358848
2020-02-27 08:53:13+00:00,dykelanelle,Eu_1_9,2,0,0,"va bene ma magari questo povero cristo per un motivo o per l'altro non ha potuto fare a meno di muoversi e, non sapendo di essere malato, ovviamente ha portato il virus anche lì. non c'è certo bisogno di usare certi insulti nei confronti di questa persona, dato che chi-",,Thu Feb 27 08:53:13 +0000 2020,,,,https://twitter.com/dykelanelle/status/1232951810958163975,1232951810958163975,1034439809937358848
2020-02-26 23:22:21+00:00,dykelanelle,GVCCILOUIS,1,0,1,"come se uno decidesse di ammalarsi e facesse apposta ad andare in Puglia ed attaccare il coronavirus a tutti... ma dai su, ormai fate solo ridere",,Wed Feb 26 23:22:21 +0000 2020,,,https://twitter.com/GVCCILOUIS/status/1232759451330981888,https://twitter.com/dykelanelle/status/1232808145820508161,1232808145820508161,1034439809937358848
2020-02-26 23:20:26+00:00,dykelanelle,GVCCILOUIS,0,0,1,"1.""perché cazzo scendete?"" il povero cristo stava solo tornando a casa sua 2.insultare la gente con delle parole così volgari (non conoscendoli nemmeno tra l'altro)non mi sembra il caso, dato che sappiamo benissimo tutti ormai che il coronavirus non è così facile da diagnosticare",,Wed Feb 26 23:20:26 +0000 2020,,,https://twitter.com/GVCCILOUIS/status/1232759451330981888,https://twitter.com/dykelanelle/status/1232807667019735040,1232807667019735040,1034439809937358848
2020-02-26 23:09:09+00:00,dykelanelle,,0,0,0,a meno che non siate italiani ovvio,,Wed Feb 26 23:09:09 +0000 2020,,,,https://twitter.com/dykelanelle/status/1232804827727618048,1232804827727618048,1034439809937358848
2020-02-26 23:08:14+00:00,dykelanelle,shallowbale,0,0,1,i am the lesbian one on the right,,Wed Feb 26 23:08:14 +0000 2020,,,https://twitter.com/shallowbale/status/1232762275607588864,https://twitter.com/dykelanelle/status/1232804593110786048,1232804593110786048,1034439809937358848
2020-02-26 23:08:01+00:00,dykelanelle,shallowbale,1,0,0,anyone who's a retirement home is not entitled to be italian bye,,Wed Feb 26 23:08:01 +0000 2020,,,https://twitter.com/shallowbale/status/1232762275607588864,https://twitter.com/dykelanelle/status/1232804539444727808,1232804539444727808,1034439809937358848
2020-02-26 23:05:15+00:00,dykelanelle,dykedolores,0,0,1,WAIT ITS NOT THE SAME PERSON...... HOW,,Wed Feb 26 23:05:15 +0000 2020,,,https://twitter.com/dykedolores/status/1232679796225794048,https://twitter.com/dykelanelle/status/1232803845404864517,1232803845404864517,1034439809937358848
2020-02-26 22:24:06+00:00,dykelanelle,oualittlegirl,0,0,2,the fact that i can't marry her - homophobia,,Wed Feb 26 22:24:06 +0000 2020,,,,https://twitter.com/dykelanelle/status/1232793487038468099,1232793487038468099,1034439809937358848
2020-02-26 22:14:04+00:00,dykelanelle,bowiesmelodrama,1,0,1,U ARE,,Wed Feb 26 22:14:04 +0000 2020,,,,https://twitter.com/dykelanelle/status/1232790965406126080,1232790965406126080,1034439809937358848
2020-02-26 20:24:35+00:00,dykelanelle,DeepSpaceErmine,0,0,0,"if i ""saw"" it but i slept all the way through it does it count?",,Wed Feb 26 20:24:35 +0000 2020,,,,https://twitter.com/dykelanelle/status/1232763410225520640,1232763410225520640,1034439809937358848
2020-02-26 13:43:04+00:00,dykelanelle,waterloumiller,0,0,1,bhsvsv same,,Wed Feb 26 13:43:04 +0000 2020,,,,https://twitter.com/dykelanelle/status/1232662366300594176,1232662366300594176,1034439809937358848
2020-02-26 13:24:04+00:00,dykelanelle,solelunastro,0,0,2,the taurus one..... I feel attacked,,Wed Feb 26 13:24:04 +0000 2020,,,https://twitter.com/solelunastro/status/1232341256879116289,https://twitter.com/dykelanelle/status/1232657583485390849,1232657583485390849,1034439809937358848
2020-02-26 13:21:58+00:00,dykelanelle,DaniEmilyx,0,0,1,british and italian * lmao,,Wed Feb 26 13:21:58 +0000 2020,,,,https://twitter.com/dykelanelle/status/1232657054088781829,1232657054088781829,1034439809937358848
2020-02-26 13:19:34+00:00,dykelanelle,savuarferr,0,0,0,eresia,,Wed Feb 26 13:19:34 +0000 2020,,,https://twitter.com/savuarferr/status/1232394815381397504,https://twitter.com/dykelanelle/status/1232656450100572162,1232656450100572162,1034439809937358848
2020-02-26 13:06:41+00:00,dykelanelle,,0,1,11,french people calling italians racist when they're literally colonisers pls say sike,,Wed Feb 26 13:06:41 +0000 2020,,,,https://twitter.com/dykelanelle/status/1232653210818662406,1232653210818662406,1034439809937358848
2020-02-26 12:51:52+00:00,dykelanelle,waterloumiller,1,0,1,the cutest,,Wed Feb 26 12:51:52 +0000 2020,,,,https://twitter.com/dykelanelle/status/1232649482376032256,1232649482376032256,1034439809937358848
2020-02-26 10:16:57+00:00,dykelanelle,evellanelle,0,0,0,IKR.....,,Wed Feb 26 10:16:57 +0000 2020,,,,https://twitter.com/dykelanelle/status/1232610494302838784,1232610494302838784,1034439809937358848
2020-02-26 09:53:57+00:00,dykelanelle,,0,0,0,HIS TASTE IS UNMATCHED https://twitter.com/IndieWire/status/1232334438635360256?s=19,,Wed Feb 26 09:53:57 +0000 2020,,,https://twitter.com/IndieWire/status/1232334438635360256?s=19,https://twitter.com/dykelanelle/status/1232604706897354752,1232604706897354752,1034439809937358848
2020-02-26 09:11:20+00:00,dykelanelle,rues8ball,0,0,0,i got psychopath we- ,,Wed Feb 26 09:11:20 +0000 2020,,,,https://twitter.com/dykelanelle/status/1232593983815258112,1232593983815258112,1034439809937358848
2020-02-26 08:38:17+00:00,dykelanelle,waterloumiller,0,0,3,ikrrrrr ,,Wed Feb 26 08:38:17 +0000 2020,,,,https://twitter.com/dykelanelle/status/1232585666770456576,1232585666770456576,1034439809937358848
2020-02-26 08:38:01+00:00,dykelanelle,sapphicinheat,0,0,1,omg we're scary only if someone touches our food ,,Wed Feb 26 08:38:01 +0000 2020,,,,https://twitter.com/dykelanelle/status/1232585597107294208,1232585597107294208,1034439809937358848
2020-02-26 08:36:24+00:00,dykelanelle,sapphicinheat,0,0,1,IM SORRY ILY ,,Wed Feb 26 08:36:24 +0000 2020,,,,https://twitter.com/dykelanelle/status/1232585188972154883,1232585188972154883,1034439809937358848
