date,username,to,replies,retweets,favorites,text,mentions,formatted_date,geo,hashtags,urls,permalink,ID,author_id
2020-02-27 22:34:56+00:00,FjonaXhelili,,0,1,5,"Kjo ekipë po bënë shumë për organizimin e konferencës ndërkombëtare LEAP in Prishtina 2020! 18 marsi po afron dhe ne jemi gati për konferencë, nga e hëna nisim me prezentimin e folësve dhe cdo detaji tjetër! #MEET_OUR_TEAM #LDABalkan #LEAPpr #LEAPzg",,Thu Feb 27 22:34:56 +0000 2020,,#MEET_OUR_TEAM #LDABalkan #LEAPpr #LEAPzg,,https://twitter.com/FjonaXhelili/status/1233158600564060161,1233158600564060161,341813734
2020-02-26 13:38:12+00:00,FjonaXhelili,,0,0,2,Amo nerva jeni tu m’shku me kete coronavirus,,Wed Feb 26 13:38:12 +0000 2020,,,,https://twitter.com/FjonaXhelili/status/1232661141467418625,1232661141467418625,341813734
2020-02-26 12:47:26+00:00,FjonaXhelili,,0,0,0,Prom m’kan shpu 7 here e dikur me t’8 ma gjeten ni ven ,,Wed Feb 26 12:47:26 +0000 2020,,,,https://twitter.com/FjonaXhelili/status/1232648366254895104,1232648366254895104,341813734
2020-02-26 12:43:26+00:00,FjonaXhelili,Dqibit,0,0,2,Dad: Gilan Mom: Shkup Me: veq normal jo,,Wed Feb 26 12:43:26 +0000 2020,,,https://twitter.com/Dqibit/status/1232645534650949632,https://twitter.com/FjonaXhelili/status/1232647358812508161,1232647358812508161,341813734
2020-02-23 12:22:59+00:00,FjonaXhelili,,0,1,23, ,,Sun Feb 23 12:22:59 +0000 2020,,,,https://twitter.com/FjonaXhelili/status/1231555049756790784,1231555049756790784,341813734
2020-02-22 16:33:23+00:00,FjonaXhelili,,2,0,3,E kom marr ni inikcion te tmershem ,,Sat Feb 22 16:33:23 +0000 2020,,,,https://twitter.com/FjonaXhelili/status/1231255675986161666,1231255675986161666,341813734
2020-02-21 21:57:19+00:00,FjonaXhelili,,0,0,3,Tani mtha ty mami jot nuk t’ka mbajt n’bark t’ka lon permi tavolin. Ky se din qe n’kumull m’kan gjet ,,Fri Feb 21 21:57:19 +0000 2020,,,,https://twitter.com/FjonaXhelili/status/1230974808223080448,1230974808223080448,341813734
2020-02-21 21:55:02+00:00,FjonaXhelili,wallflower0424,0,0,0,Kuku tmerr bre ke so normal gati 2or kena met,,Fri Feb 21 21:55:02 +0000 2020,,,,https://twitter.com/FjonaXhelili/status/1230974234626789376,1230974234626789376,341813734
2020-02-21 21:54:06+00:00,FjonaXhelili,,1,0,5,Une: Ajan a m’don mu a mamin tond ma shume? Ajani: Te dyjave ama mamin t’paren se m’ka mbajt n’bark,,Fri Feb 21 21:54:06 +0000 2020,,,,https://twitter.com/FjonaXhelili/status/1230974000341364736,1230974000341364736,341813734
2020-02-21 17:10:30+00:00,FjonaXhelili,,1,0,13,Shihemi në LEAP IN PRISHTINA Apliko këtu: https://docs.google.com/forms/d/e/1FAIpQLSegTWuHK-SFUj2oVEMKN81V2AqpLxWyavVaEa4eNA3QBmi3Nw/alreadyresponded?fbclid=IwAR00zO9V57E142WMpvoCV6jeajvx8PATG2U8aSfR3ADxmlqmoWxcnHR0L5s,,Fri Feb 21 17:10:30 +0000 2020,,,https://docs.google.com/forms/d/e/1FAIpQLSegTWuHK-SFUj2oVEMKN81V2AqpLxWyavVaEa4eNA3QBmi3Nw/alreadyresponded?fbclid=IwAR00zO9V57E142WMpvoCV6jeajvx8PATG2U8aSfR3ADxmlqmoWxcnHR0L5s,https://twitter.com/FjonaXhelili/status/1230902628986556418,1230902628986556418,341813734
2020-02-21 17:05:01+00:00,FjonaXhelili,,1,0,1,Ma shpejt shkoj nZvicer me aeroplan se nGilan me kerr babooooo,,Fri Feb 21 17:05:01 +0000 2020,,,,https://twitter.com/FjonaXhelili/status/1230901247596810240,1230901247596810240,341813734
2020-02-21 17:04:20+00:00,FjonaXhelili,,1,0,2,Veterniku o tmerr ,,Fri Feb 21 17:04:20 +0000 2020,,,,https://twitter.com/FjonaXhelili/status/1230901077178028032,1230901077178028032,341813734
2020-02-21 11:14:52+00:00,FjonaXhelili,,1,0,13, ,,Fri Feb 21 11:14:52 +0000 2020,,,,https://twitter.com/FjonaXhelili/status/1230813129598259200,1230813129598259200,341813734
2020-02-19 20:40:16+00:00,FjonaXhelili,,0,3,19,,,Wed Feb 19 20:40:16 +0000 2020,,,,https://twitter.com/FjonaXhelili/status/1230230643382063109,1230230643382063109,341813734
2020-02-17 11:06:02+00:00,FjonaXhelili,AlbanImami,1,0,1, ,,Mon Feb 17 11:06:02 +0000 2020,,,,https://twitter.com/FjonaXhelili/status/1229361357562286081,1229361357562286081,341813734
2020-02-16 23:01:23+00:00,FjonaXhelili,bebadfc,0,0,1, ,,Sun Feb 16 23:01:23 +0000 2020,,,,https://twitter.com/FjonaXhelili/status/1229178990377787392,1229178990377787392,341813734
2020-02-16 23:00:39+00:00,FjonaXhelili,,0,1,12,"12 vjet shtet E shumë e shumë vite sakrificë e gjak për këtë ditë, po rritemi bashkë. Për ditë ma t'mira e ëndrra plot! Urime Kosovë !!!",,Sun Feb 16 23:00:39 +0000 2020,,,,https://twitter.com/FjonaXhelili/status/1229178808772808704,1229178808772808704,341813734
2020-02-16 20:51:26+00:00,FjonaXhelili,,0,1,7,"This is what it’s all about, these are the moments we live for #intelektualët1998",,Sun Feb 16 20:51:26 +0000 2020,,#intelektual,,https://twitter.com/FjonaXhelili/status/1229146288895250434,1229146288895250434,341813734
2020-02-16 18:44:19+00:00,FjonaXhelili,,0,0,2,Ajani sa m’tha ti je Shqipnia edhe Ismajl Qemajli e une Kosova edhe Skenderbeu ,,Sun Feb 16 18:44:19 +0000 2020,,,,https://twitter.com/FjonaXhelili/status/1229114300788334595,1229114300788334595,341813734
2020-02-16 13:27:45+00:00,FjonaXhelili,,0,0,2,HAXHIMUSA ,,Sun Feb 16 13:27:45 +0000 2020,,,,https://twitter.com/FjonaXhelili/status/1229034632210997249,1229034632210997249,341813734
2020-02-16 12:38:27+00:00,FjonaXhelili,,1,0,14,DFC DAY ,,Sun Feb 16 12:38:27 +0000 2020,,,,https://twitter.com/FjonaXhelili/status/1229022225254305793,1229022225254305793,341813734
2020-02-16 00:26:03+00:00,FjonaXhelili,,0,0,3,Sun po rri qut me kqyre UFC nateeeem,,Sun Feb 16 00:26:03 +0000 2020,,,,https://twitter.com/FjonaXhelili/status/1228837912659271684,1228837912659271684,341813734
2020-02-16 00:25:01+00:00,FjonaXhelili,aarbreeshaa_s,0,0,0,I miss you tooo zemer ,,Sun Feb 16 00:25:01 +0000 2020,,,,https://twitter.com/FjonaXhelili/status/1228837650104274946,1228837650104274946,341813734
2020-02-16 00:11:42+00:00,FjonaXhelili,,1,0,7,Si sot e maj n’men qfare kohe e mire u kon @aarbreeshaa_s,@aarbreeshaa_s,Sun Feb 16 00:11:42 +0000 2020,,,,https://twitter.com/FjonaXhelili/status/1228834300583391232,1228834300583391232,341813734
2020-02-14 23:37:08+00:00,FjonaXhelili,,0,2,3, ,,Fri Feb 14 23:37:08 +0000 2020,,,,https://twitter.com/FjonaXhelili/status/1228463212653400065,1228463212653400065,341813734
2020-02-14 23:35:08+00:00,FjonaXhelili,,0,0,0,Qe ni muj mdoket nuk kokna kon nGilan,,Fri Feb 14 23:35:08 +0000 2020,,,,https://twitter.com/FjonaXhelili/status/1228462708300877831,1228462708300877831,341813734
2020-02-13 23:44:50+00:00,FjonaXhelili,,1,0,8,Urime shen valentini ,,Thu Feb 13 23:44:50 +0000 2020,,,,https://twitter.com/FjonaXhelili/status/1228102765483876354,1228102765483876354,341813734
2020-02-13 15:44:08+00:00,FjonaXhelili,,0,0,7,8 facts ,,Thu Feb 13 15:44:08 +0000 2020,,,,https://twitter.com/FjonaXhelili/status/1227981791665020928,1227981791665020928,341813734
2020-02-13 15:28:28+00:00,FjonaXhelili,,1,0,2,Me ma pas rreh dikush qeshtu nipin ne qerdhe po ju kallxoj qe sot nburg isha kon,,Thu Feb 13 15:28:28 +0000 2020,,,,https://twitter.com/FjonaXhelili/status/1227977847727435784,1227977847727435784,341813734
2020-02-13 14:45:00+00:00,FjonaXhelili,fuckalmaa,0,0,1,Haram ata 1 qe m'i kan lon qe sun i kom msu kurre,,Thu Feb 13 14:45:00 +0000 2020,,,https://twitter.com/fuckalmaa/status/1227889780396101632,https://twitter.com/FjonaXhelili/status/1227966908487610368,1227966908487610368,341813734
2020-02-13 14:44:03+00:00,FjonaXhelili,admirim,0,0,1,Fmijaq.,,Thu Feb 13 14:44:03 +0000 2020,,,https://twitter.com/admirim/status/1227911520673202176,https://twitter.com/FjonaXhelili/status/1227966670553190400,1227966670553190400,341813734
2020-02-13 10:09:36+00:00,FjonaXhelili,,1,0,9,Kom hyp me ni taksi paska muzik t’darsmave ooo qysh pom kcehet edhe pse nuk kcej kurre ,,Thu Feb 13 10:09:36 +0000 2020,,,,https://twitter.com/FjonaXhelili/status/1227897601678245890,1227897601678245890,341813734
2020-02-12 19:49:07+00:00,FjonaXhelili,,0,1,15, ,,Wed Feb 12 19:49:07 +0000 2020,,,,https://twitter.com/FjonaXhelili/status/1227681055559290881,1227681055559290881,341813734
2020-02-12 11:01:22+00:00,FjonaXhelili,thegr8granit,0,0,2, ,,Wed Feb 12 11:01:22 +0000 2020,,,,https://twitter.com/FjonaXhelili/status/1227548244386992128,1227548244386992128,341813734
2020-02-11 17:14:25+00:00,FjonaXhelili,,0,0,0, ,,Tue Feb 11 17:14:25 +0000 2020,,,,https://twitter.com/FjonaXhelili/status/1227279734234587136,1227279734234587136,341813734
2020-02-11 17:13:30+00:00,FjonaXhelili,sibiiie,0,0,1,Dashni ,,Tue Feb 11 17:13:30 +0000 2020,,,,https://twitter.com/FjonaXhelili/status/1227279506475560960,1227279506475560960,341813734
2020-02-11 17:12:30+00:00,FjonaXhelili,,0,2,3,Duke e pritur @Darqeri dhe baxhen e tij @GranitHoxha5 ,,Tue Feb 11 17:12:30 +0000 2020,,,,https://twitter.com/FjonaXhelili/status/1227279254204899328,1227279254204899328,341813734
2020-02-11 15:54:39+00:00,FjonaXhelili,,0,0,9,Momente te veshtira ,,Tue Feb 11 15:54:39 +0000 2020,,,,https://twitter.com/FjonaXhelili/status/1227259660186550273,1227259660186550273,341813734
2020-02-10 16:30:09+00:00,FjonaXhelili,,1,0,7, ,,Mon Feb 10 16:30:09 +0000 2020,,,,https://twitter.com/FjonaXhelili/status/1226906209657196554,1226906209657196554,341813734
2020-02-09 12:58:42+00:00,FjonaXhelili,,0,0,10,Medalja e dytë e bronztë e Përfaqësuesës se Kosovës nga Kampionati Evropian në karate qe po mbahet në Budapest të Hungarisë. Ketë e arriti Albulenë Gërvalla në kategorinë U21 deri 55 kg. Urime Kosovë ,,Sun Feb 09 12:58:42 +0000 2020,,,,https://twitter.com/FjonaXhelili/status/1226490608577064961,1226490608577064961,341813734
2020-02-09 10:33:20+00:00,FjonaXhelili,,2,0,26,Check out this BUDAful view.,,Sun Feb 09 10:33:20 +0000 2020,,,,https://twitter.com/FjonaXhelili/status/1226454025433952256,1226454025433952256,341813734
2020-02-08 19:23:54+00:00,FjonaXhelili,,2,1,34,Medalja e parë e bronztë e Përfaqësuesës se Kosovës nga Kampionati Evropian në karate qe po mbahet në Budapest të Hungarisë. Ketë e arriti Betim Maliqi në kategorinë e juniorëve deri 68 kg. Urime Kosovë ,,Sat Feb 08 19:23:54 +0000 2020,,,,https://twitter.com/FjonaXhelili/status/1226225157057978368,1226225157057978368,341813734
2020-02-07 23:57:33+00:00,FjonaXhelili,,0,0,7, ,,Fri Feb 07 23:57:33 +0000 2020,,,,https://twitter.com/FjonaXhelili/status/1225931636602232832,1225931636602232832,341813734
2020-02-07 23:19:15+00:00,FjonaXhelili,,0,0,13,"Federata e Karatesë e Kosovës para fillimit të Kampionatit Evropian për Kadet, Junior dhe U21 @KosovoKarate @NOCKOSOVO",@KosovoKarate @NOCKOSOVO,Fri Feb 07 23:19:15 +0000 2020,,,,https://twitter.com/FjonaXhelili/status/1225921996397084672,1225921996397084672,341813734
2020-02-07 08:35:05+00:00,FjonaXhelili,,2,1,13,Buda budaaaaaaa ,,Fri Feb 07 08:35:05 +0000 2020,,,,https://twitter.com/FjonaXhelili/status/1225699491451305984,1225699491451305984,341813734
2020-02-07 08:34:36+00:00,FjonaXhelili,sibiiie,0,0,0,Faleminderit shume loqke,,Fri Feb 07 08:34:36 +0000 2020,,,,https://twitter.com/FjonaXhelili/status/1225699370269413378,1225699370269413378,341813734
2020-02-06 20:51:58+00:00,FjonaXhelili,,1,0,8, ,,Thu Feb 06 20:51:58 +0000 2020,,,,https://twitter.com/FjonaXhelili/status/1225522544603693056,1225522544603693056,341813734
2020-02-06 09:00:37+00:00,FjonaXhelili,alushajerion,0,0,0,Faleminderit shume,,Thu Feb 06 09:00:37 +0000 2020,,,,https://twitter.com/FjonaXhelili/status/1225343528278032385,1225343528278032385,341813734
2020-02-06 09:00:28+00:00,FjonaXhelili,FatlindRe,0,0,0,Faleminderit shume,,Thu Feb 06 09:00:28 +0000 2020,,,,https://twitter.com/FjonaXhelili/status/1225343490265141249,1225343490265141249,341813734
2020-02-06 01:37:04+00:00,FjonaXhelili,,5,2,23,"Rrugës për në Budapest në Kampionatin Evropian në karate me Përfaqësuesën e Kosovës, na priftë e mbara ",,Thu Feb 06 01:37:04 +0000 2020,,,,https://twitter.com/FjonaXhelili/status/1225231906012311552,1225231906012311552,341813734
2020-02-03 17:32:39+00:00,FjonaXhelili,FjonaXhelili,0,0,0, ,,Mon Feb 03 17:32:39 +0000 2020,,,https://twitter.com/FjonaXhelili/status/1164872228263141376,https://twitter.com/FjonaXhelili/status/1224385220230729729,1224385220230729729,341813734
2020-02-03 17:26:25+00:00,FjonaXhelili,,0,1,5, ,,Mon Feb 03 17:26:25 +0000 2020,,,,https://twitter.com/FjonaXhelili/status/1224383652198584323,1224383652198584323,341813734
2020-02-03 15:30:11+00:00,FjonaXhelili,,0,0,0,Ganimeteeeee mos kaj se bohet mir ,,Mon Feb 03 15:30:11 +0000 2020,,,,https://twitter.com/FjonaXhelili/status/1224354400027758593,1224354400027758593,341813734
2020-02-03 09:58:25+00:00,FjonaXhelili,flakronrexhepi_,1,0,0,Prej tetorit o nfurre garant u djeg,,Mon Feb 03 09:58:25 +0000 2020,,,,https://twitter.com/FjonaXhelili/status/1224270909407711232,1224270909407711232,341813734
2020-02-03 09:43:53+00:00,FjonaXhelili,,2,0,1,A u bo qeveria ?,,Mon Feb 03 09:43:53 +0000 2020,,,,https://twitter.com/FjonaXhelili/status/1224267251119017984,1224267251119017984,341813734
2020-02-02 20:34:42+00:00,FjonaXhelili,liza_haliti,0,0,1,Flm flm,,Sun Feb 02 20:34:42 +0000 2020,,,,https://twitter.com/FjonaXhelili/status/1224068646735171585,1224068646735171585,341813734
2020-02-02 20:32:44+00:00,FjonaXhelili,,0,0,2,Fatiiii ,,Sun Feb 02 20:32:44 +0000 2020,,,,https://twitter.com/FjonaXhelili/status/1224068151853404162,1224068151853404162,341813734
2020-02-02 16:34:42+00:00,FjonaXhelili,aarbreeshaa_s,0,0,0,Hajr paq ta qoj ftesen ,,Sun Feb 02 16:34:42 +0000 2020,,,,https://twitter.com/FjonaXhelili/status/1224008251718742017,1224008251718742017,341813734
2020-02-02 14:36:56+00:00,FjonaXhelili,,2,0,0,IM GONNA MARRY HIM I SWEAR,,Sun Feb 02 14:36:56 +0000 2020,,,,https://twitter.com/FjonaXhelili/status/1223978612337963008,1223978612337963008,341813734
2020-02-02 14:35:07+00:00,FjonaXhelili,AdeMacedonia,0,0,0, ,,Sun Feb 02 14:35:07 +0000 2020,,,https://twitter.com/AdeMacedonia/status/1223907282020372482,https://twitter.com/FjonaXhelili/status/1223978154668306435,1223978154668306435,341813734
2020-02-02 00:23:23+00:00,FjonaXhelili,stuckwithenkela,0,0,1,,,Sun Feb 02 00:23:23 +0000 2020,,,,https://twitter.com/FjonaXhelili/status/1223763809749344256,1223763809749344256,341813734
2020-02-01 19:04:01+00:00,FjonaXhelili,,1,0,0,Sa koha e mire sot ,,Sat Feb 01 19:04:01 +0000 2020,,,,https://twitter.com/FjonaXhelili/status/1223683440459046913,1223683440459046913,341813734
2020-01-30 01:09:56+00:00,FjonaXhelili,Dqibit,1,0,1,Mhk pro,,Thu Jan 30 01:09:56 +0000 2020,,,,https://twitter.com/FjonaXhelili/status/1222688361384742913,1222688361384742913,341813734
2020-01-30 00:55:28+00:00,FjonaXhelili,,1,0,6,Pse nuk osht ni paralajmrim para se me vdek? S’paku me i perqafu njerzit qe e din qe ki me ju mungu ton jeten..,,Thu Jan 30 00:55:28 +0000 2020,,,,https://twitter.com/FjonaXhelili/status/1222684722654011397,1222684722654011397,341813734
2020-01-30 00:49:14+00:00,FjonaXhelili,ddayanaaaaaaaa,0,0,0, ,,Thu Jan 30 00:49:14 +0000 2020,,,,https://twitter.com/FjonaXhelili/status/1222683150372999168,1222683150372999168,341813734
2020-01-30 00:48:05+00:00,FjonaXhelili,,1,0,1,Po disponim tkeq kom bre,,Thu Jan 30 00:48:05 +0000 2020,,,,https://twitter.com/FjonaXhelili/status/1222682863340048385,1222682863340048385,341813734
2020-01-30 00:28:03+00:00,FjonaXhelili,,0,0,10,,,Thu Jan 30 00:28:03 +0000 2020,,,,https://twitter.com/FjonaXhelili/status/1222677823250407425,1222677823250407425,341813734
2020-01-30 00:25:03+00:00,FjonaXhelili,Vesa_Ymeri,0,0,0,Lujta qe dy vjet jom nis me bo njo edhe sjom tu shku ,,Thu Jan 30 00:25:03 +0000 2020,,,,https://twitter.com/FjonaXhelili/status/1222677065868173317,1222677065868173317,341813734
2020-01-29 23:47:19+00:00,FjonaXhelili,,0,0,2,E mora ni lajm shume t’keq 2020 osht tu marr shume njerz t’mire edhe t’ri.,,Wed Jan 29 23:47:19 +0000 2020,,,,https://twitter.com/FjonaXhelili/status/1222667568768593921,1222667568768593921,341813734
2020-01-29 11:47:42+00:00,FjonaXhelili,,0,0,0,Lujtaaaa hahahahahahahahahahahahahhaahahhahah,,Wed Jan 29 11:47:42 +0000 2020,,,,https://twitter.com/FjonaXhelili/status/1222486472907022338,1222486472907022338,341813734
2020-01-28 20:34:59+00:00,FjonaXhelili,Dqibit,1,0,2,I miss you guys ,,Tue Jan 28 20:34:59 +0000 2020,,,,https://twitter.com/FjonaXhelili/status/1222256780190851072,1222256780190851072,341813734
2020-01-28 12:26:05+00:00,FjonaXhelili,,0,0,10,,,Tue Jan 28 12:26:05 +0000 2020,,,,https://twitter.com/FjonaXhelili/status/1222133743504113664,1222133743504113664,341813734
2020-01-27 08:28:49+00:00,FjonaXhelili,,0,0,6,,,Mon Jan 27 08:28:49 +0000 2020,,,,https://twitter.com/FjonaXhelili/status/1221711646994898947,1221711646994898947,341813734
2020-01-26 21:18:45+00:00,FjonaXhelili,nickhautman,0,0,2, ,,Sun Jan 26 21:18:45 +0000 2020,,,https://twitter.com/nickhautman/status/1221533865233219585,https://twitter.com/FjonaXhelili/status/1221543017577897989,1221543017577897989,341813734
2020-01-26 20:03:02+00:00,FjonaXhelili,,0,0,3,Teper mu dhimt seriozisht ,,Sun Jan 26 20:03:02 +0000 2020,,,,https://twitter.com/FjonaXhelili/status/1221523963848753154,1221523963848753154,341813734
2020-01-26 19:55:27+00:00,FjonaXhelili,,0,2,14,RIP Kobe. Long live Mamba ,,Sun Jan 26 19:55:27 +0000 2020,,,,https://twitter.com/FjonaXhelili/status/1221522057231392769,1221522057231392769,341813734
2020-01-26 13:45:34+00:00,FjonaXhelili,,0,0,10,No matter where life takes you don't forget where you came from. #Pogragjë,,Sun Jan 26 13:45:34 +0000 2020,,#Pogragj,,https://twitter.com/FjonaXhelili/status/1221428969683243008,1221428969683243008,341813734
2020-01-24 18:43:35+00:00,FjonaXhelili,,0,0,2,Ma mire futbolli se politika aaaa,,Fri Jan 24 18:43:35 +0000 2020,,,https://bbc.in/2NQSiYM,https://twitter.com/FjonaXhelili/status/1220779195313348610,1220779195313348610,341813734
2020-01-22 21:06:56+00:00,FjonaXhelili,,0,0,1,Dicka e madhe po vjen! Ekipa per organizimin e LEAPin Prishtina 2020! #LDABalkan #LEAPzg #LEAPpr https://www.facebook.com/story.php?story_fbid=2555123761281980&amp;id=100003531429726,,Wed Jan 22 21:06:56 +0000 2020,,#LDABalkan #LEAPzg #LEAPpr,https://www.facebook.com/story.php?story_fbid=2555123761281980&id=100003531429726,https://twitter.com/FjonaXhelili/status/1220090493230555136,1220090493230555136,341813734
2020-01-21 19:56:56+00:00,FjonaXhelili,,0,0,1,https://www.facebook.com/story.php?story_fbid=2553151068145916&amp;id=100003531429726,,Tue Jan 21 19:56:56 +0000 2020,,,https://www.facebook.com/story.php?story_fbid=2553151068145916&id=100003531429726,https://twitter.com/FjonaXhelili/status/1219710488071888897,1219710488071888897,341813734
2020-01-21 13:24:19+00:00,FjonaXhelili,,1,1,15,"I përhershëm kujtimi për Presidentin dhe njeriun e madh të Kosovës, Dr.Ibrahim Rugova!",,Tue Jan 21 13:24:19 +0000 2020,,,,https://twitter.com/FjonaXhelili/status/1219611684295397383,1219611684295397383,341813734
2020-01-21 08:44:57+00:00,FjonaXhelili,,0,0,1, ,,Tue Jan 21 08:44:57 +0000 2020,,,https://youtu.be/vXvszW-r6rA,https://twitter.com/FjonaXhelili/status/1219541380139290624,1219541380139290624,341813734
2020-01-20 11:14:43+00:00,FjonaXhelili,buzhala,0,0,0,Kismet me video ko me dal me bo kerkesen me dite ata qka po hekim,,Mon Jan 20 11:14:43 +0000 2020,,,,https://twitter.com/FjonaXhelili/status/1219216680208957440,1219216680208957440,341813734
2020-01-20 11:09:55+00:00,FjonaXhelili,buzhala,1,0,0,Une mo voten ko me ja qit veq qati qe m’premton qe ka me i hek sorrat prej Kosoves,,Mon Jan 20 11:09:55 +0000 2020,,,,https://twitter.com/FjonaXhelili/status/1219215475420340224,1219215475420340224,341813734
2020-01-20 11:09:21+00:00,FjonaXhelili,,0,0,0,"#MondayMotivation Përfaqësuesja e Kosovës në Karate u rendit në vendin e dytë në bazë te medaljeve te fituara ( 6 medalje prej tyre 3 te arta, 2 argjendta dhe një bronztë) duke lenë prapa shumë shtete më te mëdha evropiane me shumë garues. KOSOVA ",,Mon Jan 20 11:09:21 +0000 2020,,#MondayMotivation,,https://twitter.com/FjonaXhelili/status/1219215329542508544,1219215329542508544,341813734
2020-01-20 11:05:25+00:00,FjonaXhelili,,1,0,5,I du kimikat qe ta qesin nenshkrimit teper t’mire ,,Mon Jan 20 11:05:25 +0000 2020,,,,https://twitter.com/FjonaXhelili/status/1219214342232645632,1219214342232645632,341813734
2020-01-20 11:03:06+00:00,FjonaXhelili,katunars,0,0,1,Urime ,,Mon Jan 20 11:03:06 +0000 2020,,,,https://twitter.com/FjonaXhelili/status/1219213758444249088,1219213758444249088,341813734
2020-01-20 11:01:38+00:00,FjonaXhelili,,1,0,3,I wasn’t ready for Labi vs Blero beef,,Mon Jan 20 11:01:38 +0000 2020,,,,https://twitter.com/FjonaXhelili/status/1219213387927900161,1219213387927900161,341813734
2020-01-20 09:19:33+00:00,FjonaXhelili,,0,0,0,,,Mon Jan 20 09:19:33 +0000 2020,,,https://www.facebook.com/story.php?story_fbid=2550204065107283&id=100003531429726,https://twitter.com/FjonaXhelili/status/1219187697895583746,1219187697895583746,341813734
2020-01-20 09:05:20+00:00,FjonaXhelili,ipkofoundation,0,0,0, ,,Mon Jan 20 09:05:20 +0000 2020,,,,https://twitter.com/FjonaXhelili/status/1219184122029056000,1219184122029056000,341813734
2020-01-20 08:22:50+00:00,FjonaXhelili,,0,0,0,"Përfaqësuesja e Kosovës në Karate u rendit në vendin e dytë në bazë te medaljeve te fituara ( 6 medalje prej tyre 3 te arta, 2 argjendta dhe një bronztë) duke lenë prapa shumë shtete më te mëdha evropiane me shumë garues. KOSOVA https://www.facebook.com/story.php?story_fbid=2550145468446476&amp;id=100003531429726",,Mon Jan 20 08:22:50 +0000 2020,,,https://www.facebook.com/story.php?story_fbid=2550145468446476&id=100003531429726,https://twitter.com/FjonaXhelili/status/1219173424800706562,1219173424800706562,341813734
2020-01-19 22:29:59+00:00,FjonaXhelili,,0,0,3,RAST'SISHT Krejt rastsisht jem ardh' n'ket' jete Asht' kjo rastsi qi n' jete na man Per me i dale zot vedit vete Permbrend' rastsis' e bajm noj' plan. Virgjil Kule,,Sun Jan 19 22:29:59 +0000 2020,,,,https://twitter.com/FjonaXhelili/status/1219024228927836160,1219024228927836160,341813734
2020-01-19 22:18:12+00:00,FjonaXhelili,FootyHumour,0,0,3,HAHAHAHAHAHAHHAHA,,Sun Jan 19 22:18:12 +0000 2020,,,https://twitter.com/FootyHumour/status/1218886102670565376,https://twitter.com/FjonaXhelili/status/1219021262875435009,1219021262875435009,341813734
2020-01-19 22:13:19+00:00,FjonaXhelili,,0,0,0,Oss https://www.facebook.com/story.php?story_fbid=2549451005182589&amp;id=100003531429726,,Sun Jan 19 22:13:19 +0000 2020,,,https://www.facebook.com/story.php?story_fbid=2549451005182589&id=100003531429726,https://twitter.com/FjonaXhelili/status/1219020034078625804,1219020034078625804,341813734
2020-01-19 21:47:58+00:00,FjonaXhelili,,0,0,5,"If you cheat on someone who is willing to do anything for you, you actually cheated yourself out of true loyalty.",,Sun Jan 19 21:47:58 +0000 2020,,,,https://twitter.com/FjonaXhelili/status/1219013656027049991,1219013656027049991,341813734
2020-01-19 18:22:29+00:00,FjonaXhelili,,0,0,0,https://www.facebook.com/story.php?story_fbid=2549133651880991&amp;id=100003531429726,,Sun Jan 19 18:22:29 +0000 2020,,,https://www.facebook.com/story.php?story_fbid=2549133651880991&id=100003531429726,https://twitter.com/FjonaXhelili/status/1218961943328968707,1218961943328968707,341813734
2020-01-19 18:11:52+00:00,FjonaXhelili,,0,0,0,https://www.facebook.com/story.php?story_fbid=2549117665215923&amp;id=100003531429726,,Sun Jan 19 18:11:52 +0000 2020,,,https://www.facebook.com/story.php?story_fbid=2549117665215923&id=100003531429726,https://twitter.com/FjonaXhelili/status/1218959271947382793,1218959271947382793,341813734
2020-01-19 17:42:37+00:00,FjonaXhelili,,0,0,0,https://www.facebook.com/story.php?story_fbid=2549075681886788&amp;id=100003531429726,,Sun Jan 19 17:42:37 +0000 2020,,,https://www.facebook.com/story.php?story_fbid=2549075681886788&id=100003531429726,https://twitter.com/FjonaXhelili/status/1218951910524362758,1218951910524362758,341813734
2020-01-19 14:06:09+00:00,FjonaXhelili,,0,0,0,,,Sun Jan 19 14:06:09 +0000 2020,,,https://www.facebook.com/story.php?story_fbid=2548741465253543&id=100003531429726,https://twitter.com/FjonaXhelili/status/1218897436455919618,1218897436455919618,341813734
2020-01-19 13:58:30+00:00,FjonaXhelili,,0,0,0,RADIO STAR 96.4 – Kërkohet gjak urgjentisht http://radiostargjilan.com/web/2020/01/19/kerkohet-gjak-urgjentisht/,,Sun Jan 19 13:58:30 +0000 2020,,,http://radiostargjilan.com/web/2020/01/19/kerkohet-gjak-urgjentisht/,https://twitter.com/FjonaXhelili/status/1218895510297305088,1218895510297305088,341813734
