date,username,to,replies,retweets,favorites,text,mentions,formatted_date,geo,hashtags,urls,permalink,ID,author_id
2020-02-26 13:22:42+00:00,fuckalmaa,vktva,0,0,1,you do deserve. mashAllah we aint jinxing,,Wed Feb 26 13:22:42 +0000 2020,,,,https://twitter.com/fuckalmaa/status/1232657242459168769,1232657242459168769,2296548223
2020-02-26 13:22:09+00:00,fuckalmaa,,0,1,37,I’m bigger than my body I’m colder than this home I’m meaner than my demons I’m bigger than these bones,,Wed Feb 26 13:22:09 +0000 2020,,,,https://twitter.com/fuckalmaa/status/1232657101710921731,1232657101710921731,2296548223
2020-02-26 11:09:18+00:00,fuckalmaa,,1,0,13,this boy mad. M A D i tell u,,Wed Feb 26 11:09:18 +0000 2020,,,,https://twitter.com/fuckalmaa/status/1232623670780137474,1232623670780137474,2296548223
2020-02-25 15:13:47+00:00,fuckalmaa,vktva,0,0,0,not too soon for when it’s the last meme I share..,,Tue Feb 25 15:13:47 +0000 2020,,,,https://twitter.com/fuckalmaa/status/1232322807289335808,1232322807289335808,2296548223
2020-02-25 14:32:15+00:00,fuckalmaa,,0,2,11,Vita doesn’t deserve me on twitter and how much funny content I send to her for her to reply 4 days later w a “HAHAHAH” smh smh,,Tue Feb 25 14:32:15 +0000 2020,,,,https://twitter.com/fuckalmaa/status/1232312357386240000,1232312357386240000,2296548223
2020-02-25 05:38:26+00:00,fuckalmaa,,0,0,0, ,,Tue Feb 25 05:38:26 +0000 2020,,,,https://twitter.com/fuckalmaa/status/1232178017608306690,1232178017608306690,2296548223
2020-02-24 20:42:58+00:00,fuckalmaa,teefeew,0,1,9,deka,,Mon Feb 24 20:42:58 +0000 2020,,,https://twitter.com/teefeew/status/1232040166581309440,https://twitter.com/fuckalmaa/status/1232043261063200774,1232043261063200774,2296548223
2020-02-24 20:06:18+00:00,fuckalmaa,,4,5,405,bubble gum,,Mon Feb 24 20:06:18 +0000 2020,,,,https://twitter.com/fuckalmaa/status/1232034032273252352,1232034032273252352,2296548223
2020-02-24 20:04:44+00:00,fuckalmaa,ahotperson,0,0,1,..sweet lordT,,Mon Feb 24 20:04:44 +0000 2020,,,,https://twitter.com/fuckalmaa/status/1232033638964965379,1232033638964965379,2296548223
2020-02-24 20:04:18+00:00,fuckalmaa,,0,0,17,"whoever yelled my name in the street today, thanks for recognizing me looking a bum ",,Mon Feb 24 20:04:18 +0000 2020,,,,https://twitter.com/fuckalmaa/status/1232033530110234626,1232033530110234626,2296548223
2020-02-24 19:38:30+00:00,fuckalmaa,ahotperson,1,0,0,week 2? DAY 2,,Mon Feb 24 19:38:30 +0000 2020,,,,https://twitter.com/fuckalmaa/status/1232027036786601985,1232027036786601985,2296548223
2020-02-22 21:53:38+00:00,fuckalmaa,ArdoraBilibani,1,0,1, my pumpkin,,Sat Feb 22 21:53:38 +0000 2020,,,,https://twitter.com/fuckalmaa/status/1231336270695104513,1231336270695104513,2296548223
2020-02-22 21:52:11+00:00,fuckalmaa,hamdikadriu,0,0,3,A MAN!! ,,Sat Feb 22 21:52:11 +0000 2020,,,,https://twitter.com/fuckalmaa/status/1231335902947008512,1231335902947008512,2296548223
2020-02-22 21:01:52+00:00,fuckalmaa,IgnorantMalc,0,0,2,mister...issa joke! i know wtf a shorty is damn,,Sat Feb 22 21:01:52 +0000 2020,,,,https://twitter.com/fuckalmaa/status/1231323243287654401,1231323243287654401,2296548223
2020-02-22 20:55:34+00:00,fuckalmaa,hamdikadriu,1,1,15,Eu Hamdi kalle kalle,,Sat Feb 22 20:55:34 +0000 2020,,,https://twitter.com/hamdikadriu/status/1231317923140132865,https://twitter.com/fuckalmaa/status/1231321654808240129,1231321654808240129,2296548223
2020-02-22 20:55:20+00:00,fuckalmaa,geni_sh,0,0,0,kiss kiss pa te bere piss,,Sat Feb 22 20:55:20 +0000 2020,,,,https://twitter.com/fuckalmaa/status/1231321596368949256,1231321596368949256,2296548223
2020-02-22 20:54:42+00:00,fuckalmaa,ihateithere01,0,0,0,ily ,,Sat Feb 22 20:54:42 +0000 2020,,,,https://twitter.com/fuckalmaa/status/1231321436754792455,1231321436754792455,2296548223
2020-02-22 20:54:12+00:00,fuckalmaa,IgnorantMalc,1,0,0,mf u’ a shorty i’m 6’ tall that’s the descr smh (answer is u gotta be ready to enter the albanian culture and traditions),,Sat Feb 22 20:54:12 +0000 2020,,,,https://twitter.com/fuckalmaa/status/1231321313677058048,1231321313677058048,2296548223
2020-02-22 20:51:58+00:00,fuckalmaa,pickmepIease,0,0,0,po!!,,Sat Feb 22 20:51:58 +0000 2020,,,,https://twitter.com/fuckalmaa/status/1231320751137001473,1231320751137001473,2296548223
2020-02-22 20:20:27+00:00,fuckalmaa,,1,0,10,,,Sat Feb 22 20:20:27 +0000 2020,,,,https://twitter.com/fuckalmaa/status/1231312817623531525,1231312817623531525,2296548223
2020-02-22 19:16:16+00:00,fuckalmaa,catherineesson,0,1,10,why you own make up then bitch?,,Sat Feb 22 19:16:16 +0000 2020,,,https://twitter.com/catherineesson/status/1230879464332107777,https://twitter.com/fuckalmaa/status/1231296669246984197,1231296669246984197,2296548223
2020-02-22 18:55:14+00:00,fuckalmaa,cliterallly,1,0,1,hoooot,,Sat Feb 22 18:55:14 +0000 2020,,,,https://twitter.com/fuckalmaa/status/1231291372717694976,1231291372717694976,2296548223
2020-02-21 18:58:05+00:00,fuckalmaa,,6,0,27,do we hate it here?,,Fri Feb 21 18:58:05 +0000 2020,,,,https://twitter.com/fuckalmaa/status/1230929702799409152,1230929702799409152,2296548223
2020-02-21 18:20:54+00:00,fuckalmaa,,2,1,23,should i get my life together or should i just keep being sexy and chaotic,,Fri Feb 21 18:20:54 +0000 2020,,,,https://twitter.com/fuckalmaa/status/1230920347014356999,1230920347014356999,2296548223
2020-02-21 17:35:11+00:00,fuckalmaa,Rude_Astrology,0,0,3,my Pisces moon has 24H to respond,,Fri Feb 21 17:35:11 +0000 2020,,,https://twitter.com/Rude_Astrology/status/1230871086570655745,https://twitter.com/fuckalmaa/status/1230908839106666496,1230908839106666496,2296548223
2020-02-21 17:13:26+00:00,fuckalmaa,vktva,0,0,1,This truly is her reaction. And I love the energy she gives off MAKING ME FEEL GOOD ABT MYSELF ,,Fri Feb 21 17:13:26 +0000 2020,,,https://twitter.com/vktva/status/1230890792320978947,https://twitter.com/fuckalmaa/status/1230903368027136001,1230903368027136001,2296548223
2020-02-21 17:12:37+00:00,fuckalmaa,ArdoraBilibani,0,0,1,more every day x,,Fri Feb 21 17:12:37 +0000 2020,,,,https://twitter.com/fuckalmaa/status/1230903160283291654,1230903160283291654,2296548223
2020-02-21 15:11:56+00:00,fuckalmaa,ArdoraBilibani,1,0,0,GOOD!,,Fri Feb 21 15:11:56 +0000 2020,,,,https://twitter.com/fuckalmaa/status/1230872792641495042,1230872792641495042,2296548223
2020-02-21 11:37:05+00:00,fuckalmaa,44rmand0,1,0,7,You’re the one here sexualizing your momma’s body whilst comparing it to a 19 year old. Educate yourself and learn to respect others.,,Fri Feb 21 11:37:05 +0000 2020,,,,https://twitter.com/fuckalmaa/status/1230818721687621632,1230818721687621632,2296548223
2020-02-21 11:24:55+00:00,fuckalmaa,,0,0,6,give it up to me,,Fri Feb 21 11:24:55 +0000 2020,,,,https://twitter.com/fuckalmaa/status/1230815658193170433,1230815658193170433,2296548223
2020-02-21 09:53:51+00:00,fuckalmaa,ArdoraBilibani,1,0,2,and u looked hella cute,,Fri Feb 21 09:53:51 +0000 2020,,,,https://twitter.com/fuckalmaa/status/1230792741686333441,1230792741686333441,2296548223
2020-02-21 09:53:16+00:00,fuckalmaa,ArdoraBilibani,0,0,1,hahah ta ha zemren bre ,,Fri Feb 21 09:53:16 +0000 2020,,,,https://twitter.com/fuckalmaa/status/1230792597200867328,1230792597200867328,2296548223
2020-02-20 22:55:24+00:00,fuckalmaa,vktva,0,0,0,i will beat u up if u went to search my name and “want” to see what to get me as a gift. YOUVE DONE ENOUGH FOR ME WHEN WILL U LEARN,,Thu Feb 20 22:55:24 +0000 2020,,,,https://twitter.com/fuckalmaa/status/1230627040044494849,1230627040044494849,2296548223
2020-02-20 20:01:20+00:00,fuckalmaa,,0,0,3,that’s so cute of him I ,,Thu Feb 20 20:01:20 +0000 2020,,,,https://twitter.com/fuckalmaa/status/1230583232535703552,1230583232535703552,2296548223
2020-02-20 17:19:17+00:00,fuckalmaa,,1,0,11,qysh i qelin ata “tavanat” knej ka kjo pjesa ku pihet cigarja me na smu mushknit kshtu phaaaa,,Thu Feb 20 17:19:17 +0000 2020,,,,https://twitter.com/fuckalmaa/status/1230542451556962304,1230542451556962304,2296548223
2020-02-20 17:12:21+00:00,fuckalmaa,hamdikadriu,5,1,77,"Valla be Hamdi, ca me t’thon",,Thu Feb 20 17:12:21 +0000 2020,,,https://twitter.com/hamdikadriu/status/1230526947484147712,https://twitter.com/fuckalmaa/status/1230540706571264000,1230540706571264000,2296548223
2020-02-20 15:37:32+00:00,fuckalmaa,,4,0,19,Happy birthday @rihanna do you remember me in Monaco?,@rihanna,Thu Feb 20 15:37:32 +0000 2020,,,,https://twitter.com/fuckalmaa/status/1230516846522179584,1230516846522179584,2296548223
2020-02-20 14:02:38+00:00,fuckalmaa,fuckalmaa,0,0,2,Falemnderit per pergjigjje t’gjithve ,,Thu Feb 20 14:02:38 +0000 2020,,,https://twitter.com/fuckalmaa/status/1230475200317284353,https://twitter.com/fuckalmaa/status/1230492961953198083,1230492961953198083,2296548223
2020-02-20 12:52:03+00:00,fuckalmaa,,7,0,20,A muj mi nxerr leternjoftimin edhe n’Komune t’Prishtines? Edhe a punojne 12:00-13:00?,,Thu Feb 20 12:52:03 +0000 2020,,,,https://twitter.com/fuckalmaa/status/1230475200317284353,1230475200317284353,2296548223
2020-02-20 10:43:18+00:00,fuckalmaa,justflo10,1,0,0,i know where i live my mans,,Thu Feb 20 10:43:18 +0000 2020,,,,https://twitter.com/fuckalmaa/status/1230442798945570822,1230442798945570822,2296548223
2020-02-20 09:48:02+00:00,fuckalmaa,gaialect,0,1,3,this how Vita found out I’m in love,,Thu Feb 20 09:48:02 +0000 2020,,,https://twitter.com/gaialect/status/1230227948835409920,https://twitter.com/fuckalmaa/status/1230428892588134403,1230428892588134403,2296548223
2020-02-20 08:53:59+00:00,fuckalmaa,vktva,0,0,0,my beautiful baby ,,Thu Feb 20 08:53:59 +0000 2020,,,,https://twitter.com/fuckalmaa/status/1230415288216301575,1230415288216301575,2296548223
2020-02-20 08:50:28+00:00,fuckalmaa,it_meirl_bot,0,0,5,okay Nina Gashi having ass,,Thu Feb 20 08:50:28 +0000 2020,,,https://twitter.com/it_meirl_bot/status/1230314425241833472,https://twitter.com/fuckalmaa/status/1230414404740698114,1230414404740698114,2296548223
2020-02-20 06:36:17+00:00,fuckalmaa,sacredhawk1,0,1,0,te dua ty,,Thu Feb 20 06:36:17 +0000 2020,,,,https://twitter.com/fuckalmaa/status/1230380636034211841,1230380636034211841,2296548223
2020-02-19 21:16:51+00:00,fuckalmaa,,13,5,456,rising and shining,,Wed Feb 19 21:16:51 +0000 2020,,,,https://twitter.com/fuckalmaa/status/1230239850940502017,1230239850940502017,2296548223
2020-02-19 19:39:58+00:00,fuckalmaa,itserickaaa_,3,1,15,pH of your coochie gone b up the hills sis wtf,,Wed Feb 19 19:39:58 +0000 2020,,,https://twitter.com/itserickaaa_/status/1229871114257649666,https://twitter.com/fuckalmaa/status/1230215469308792833,1230215469308792833,2296548223
2020-02-19 19:04:14+00:00,fuckalmaa,dmndrlns,0,0,0,exactly,,Wed Feb 19 19:04:14 +0000 2020,,,,https://twitter.com/fuckalmaa/status/1230206476163133440,1230206476163133440,2296548223
2020-02-19 15:25:03+00:00,fuckalmaa,GashiNina,0,0,2,,,Wed Feb 19 15:25:03 +0000 2020,,,,https://twitter.com/fuckalmaa/status/1230151315348738049,1230151315348738049,2296548223
2020-02-19 15:01:34+00:00,fuckalmaa,,0,3,26,"you make me wanna run circles around you, so glad that I found you",,Wed Feb 19 15:01:34 +0000 2020,,,,https://twitter.com/fuckalmaa/status/1230145408141275137,1230145408141275137,2296548223
2020-02-19 12:36:35+00:00,fuckalmaa,,0,0,24,"I know theres nthg worse than an abuser/rapist, but my hate is especially big when it comes to people lying abt being a victim of. Not because the accused one’s life changes (cos often false accusations fail) but because of these fake victims, actual victims arent believed.",,Wed Feb 19 12:36:35 +0000 2020,,,,https://twitter.com/fuckalmaa/status/1230108921416863745,1230108921416863745,2296548223
2020-02-18 22:43:32+00:00,fuckalmaa,vktva,0,0,0,just in a more aggressive manner,,Tue Feb 18 22:43:32 +0000 2020,,,,https://twitter.com/fuckalmaa/status/1229899275410300931,1229899275410300931,2296548223
2020-02-18 21:29:52+00:00,fuckalmaa,AbzBobbyTariq,1,0,0,@alxcext on ig,@alxcext,Tue Feb 18 21:29:52 +0000 2020,,,,https://twitter.com/fuckalmaa/status/1229880736901189632,1229880736901189632,2296548223
2020-02-18 18:59:09+00:00,fuckalmaa,BatonGovori,0,0,0,ani hajt po,,Tue Feb 18 18:59:09 +0000 2020,,,,https://twitter.com/fuckalmaa/status/1229842808095281152,1229842808095281152,2296548223
2020-02-18 18:35:18+00:00,fuckalmaa,BatonGovori,1,0,0,o jo bre hec,,Tue Feb 18 18:35:18 +0000 2020,,,,https://twitter.com/fuckalmaa/status/1229836807606558720,1229836807606558720,2296548223
2020-02-18 18:32:34+00:00,fuckalmaa,Rude_Astrology,0,0,2,someone woke up hatin’,,Tue Feb 18 18:32:34 +0000 2020,,,,https://twitter.com/fuckalmaa/status/1229836118083940355,1229836118083940355,2296548223
2020-02-18 18:30:15+00:00,fuckalmaa,hoemoticon,0,3,6,geminis meeting up w more than two people,,Tue Feb 18 18:30:15 +0000 2020,,,https://twitter.com/hoemoticon/status/1229466962826272778,https://twitter.com/fuckalmaa/status/1229835534991810560,1229835534991810560,2296548223
2020-02-18 17:46:44+00:00,fuckalmaa,Grimezsz,3,0,64,yh cos some of yalls ART SUCKS and tiddies are always nice to see,,Tue Feb 18 17:46:44 +0000 2020,,,https://twitter.com/Grimezsz/status/1229564175032053761,https://twitter.com/fuckalmaa/status/1229824582145757184,1229824582145757184,2296548223
2020-02-18 17:44:59+00:00,fuckalmaa,FionaVitija,1,0,1,YOU ARE EVERYTHING,,Tue Feb 18 17:44:59 +0000 2020,,,,https://twitter.com/fuckalmaa/status/1229824142192631810,1229824142192631810,2296548223
2020-02-18 17:00:02+00:00,fuckalmaa,KaLavdim,1,0,22,mam dil se u pallite,,Tue Feb 18 17:00:02 +0000 2020,,,https://twitter.com/KaLavdim/status/1229803891736432640,https://twitter.com/fuckalmaa/status/1229812833451466752,1229812833451466752,2296548223
2020-02-18 09:36:59+00:00,fuckalmaa,justflo10,0,0,0,SKSKSKSKSKS,,Tue Feb 18 09:36:59 +0000 2020,,,,https://twitter.com/fuckalmaa/status/1229701333000826882,1229701333000826882,2296548223
2020-02-18 09:36:20+00:00,fuckalmaa,pluhutra,0,0,2, ,,Tue Feb 18 09:36:20 +0000 2020,,,,https://twitter.com/fuckalmaa/status/1229701170836447235,1229701170836447235,2296548223
2020-02-17 22:26:31+00:00,fuckalmaa,NotArlindi,1,0,2,,,Mon Feb 17 22:26:31 +0000 2020,,,,https://twitter.com/fuckalmaa/status/1229532604942225410,1229532604942225410,2296548223
2020-02-17 22:02:11+00:00,fuckalmaa,,1,1,46,Kur Zoti shprendau mend ti nuk ishe prezent ,,Mon Feb 17 22:02:11 +0000 2020,,,,https://twitter.com/fuckalmaa/status/1229526482206314496,1229526482206314496,2296548223
2020-02-17 22:00:32+00:00,fuckalmaa,Rude_Astrology,0,0,1,this is so spot on i cant WAIT for gemini,,Mon Feb 17 22:00:32 +0000 2020,,,https://twitter.com/Rude_Astrology/status/1229524622464442369,https://twitter.com/fuckalmaa/status/1229526065019834368,1229526065019834368,2296548223
2020-02-17 20:31:44+00:00,fuckalmaa,,0,3,42,MOS MA PREK TI SHKJA DRENICEN,,Mon Feb 17 20:31:44 +0000 2020,,,,https://twitter.com/fuckalmaa/status/1229503717684260869,1229503717684260869,2296548223
2020-02-17 20:29:58+00:00,fuckalmaa,DonGecaj,1,0,1,tell Vita I said hi,,Mon Feb 17 20:29:58 +0000 2020,,,,https://twitter.com/fuckalmaa/status/1229503276950925312,1229503276950925312,2296548223
2020-02-17 20:13:52+00:00,fuckalmaa,StarkIndustrie_,0,0,6,I’m Alma Goddess of the day and I’m on earth because I am the time . HELL YEAH WHATEVER THAT IS,,Mon Feb 17 20:13:52 +0000 2020,,,https://twitter.com/StarkIndustrie_/status/1229003173496590337,https://twitter.com/fuckalmaa/status/1229499221465845762,1229499221465845762,2296548223
2020-02-17 20:11:51+00:00,fuckalmaa,,9,2,321,prsh yje,,Mon Feb 17 20:11:51 +0000 2020,,,,https://twitter.com/fuckalmaa/status/1229498716597473283,1229498716597473283,2296548223
2020-02-17 13:32:48+00:00,fuckalmaa,DonGecaj,2,0,2,mans went to London been there for a week mans using their slangs LOOOL. (btw good for u keep securing the bag kingue),,Mon Feb 17 13:32:48 +0000 2020,,,,https://twitter.com/fuckalmaa/status/1229398292460646400,1229398292460646400,2296548223
2020-02-16 21:24:23+00:00,fuckalmaa,pickmepIease,1,0,0,imma need permission for these to be on my ig feed,,Sun Feb 16 21:24:23 +0000 2020,,,,https://twitter.com/fuckalmaa/status/1229154582409945089,1229154582409945089,2296548223
2020-02-16 21:16:16+00:00,fuckalmaa,zotidiell,0,0,4,Yes,,Sun Feb 16 21:16:16 +0000 2020,,,https://twitter.com/zotidiell/status/1229109875504013318,https://twitter.com/fuckalmaa/status/1229152537053364225,1229152537053364225,2296548223
2020-02-16 21:16:04+00:00,fuckalmaa,Seraphine0_0,0,0,2,Hahah girls supporting girls ,,Sun Feb 16 21:16:04 +0000 2020,,,,https://twitter.com/fuckalmaa/status/1229152489963958272,1229152489963958272,2296548223
2020-02-16 21:15:28+00:00,fuckalmaa,vktva,1,0,0,1 week till I’m in ur guts then x,,Sun Feb 16 21:15:28 +0000 2020,,,,https://twitter.com/fuckalmaa/status/1229152336863469570,1229152336863469570,2296548223
2020-02-16 18:49:24+00:00,fuckalmaa,naomi2520_6,0,0,1,no ily,,Sun Feb 16 18:49:24 +0000 2020,,,,https://twitter.com/fuckalmaa/status/1229115580080369664,1229115580080369664,2296548223
2020-02-16 18:49:19+00:00,fuckalmaa,reazeqiri,0,0,0,cikiii ,,Sun Feb 16 18:49:19 +0000 2020,,,,https://twitter.com/fuckalmaa/status/1229115556193849344,1229115556193849344,2296548223
2020-02-16 18:49:13+00:00,fuckalmaa,happyxristine,0,0,0, ,,Sun Feb 16 18:49:13 +0000 2020,,,,https://twitter.com/fuckalmaa/status/1229115534022672386,1229115534022672386,2296548223
2020-02-16 18:49:09+00:00,fuckalmaa,bariumtequilisa,0,0,2, ,,Sun Feb 16 18:49:09 +0000 2020,,,,https://twitter.com/fuckalmaa/status/1229115516784193538,1229115516784193538,2296548223
2020-02-16 17:09:08+00:00,fuckalmaa,,10,38,537,just sitting here looking fancy,,Sun Feb 16 17:09:08 +0000 2020,,,,https://twitter.com/fuckalmaa/status/1229090343800524800,1229090343800524800,2296548223
2020-02-16 08:37:29+00:00,fuckalmaa,FokYouSel,1,0,27,beautiful hands,,Sun Feb 16 08:37:29 +0000 2020,,,https://twitter.com/FokYouSel/status/1228784745468907526,https://twitter.com/fuckalmaa/status/1228961585844146176,1228961585844146176,2296548223
2020-02-15 22:56:03+00:00,fuckalmaa,,0,6,42,why is it so boring when u cut shit off w someone u used to spend 24/7 with..how long till i get me a new one?,,Sat Feb 15 22:56:03 +0000 2020,,,,https://twitter.com/fuckalmaa/status/1228815262134276097,1228815262134276097,2296548223
2020-02-15 18:56:09+00:00,fuckalmaa,NotArlindi,1,1,1,well do u want me to prentend we have virtual sex? ure nice and id marry u what more do u want fucking hell its never enough for u is it??,,Sat Feb 15 18:56:09 +0000 2020,,,,https://twitter.com/fuckalmaa/status/1228754889993596928,1228754889993596928,2296548223
2020-02-15 18:53:49+00:00,fuckalmaa,NotArlindi,1,1,2,bitch u cant even fly to Albania cos of the tickets let alone Kosova stfu. beat a 6’ tall bitch up he said..phew the confidence,,Sat Feb 15 18:53:49 +0000 2020,,,,https://twitter.com/fuckalmaa/status/1228754301507469312,1228754301507469312,2296548223
2020-02-15 18:46:43+00:00,fuckalmaa,NotArlindi,1,1,1,its a joke u dumb ass u know id die for u wtf,,Sat Feb 15 18:46:43 +0000 2020,,,,https://twitter.com/fuckalmaa/status/1228752516336230401,1228752516336230401,2296548223
2020-02-15 09:33:04+00:00,fuckalmaa,kamehamehari,1,0,0,can I see pics?,,Sat Feb 15 09:33:04 +0000 2020,,,,https://twitter.com/fuckalmaa/status/1228613183818039296,1228613183818039296,2296548223
2020-02-15 09:29:06+00:00,fuckalmaa,Rude_Astrology,0,0,2,so..deep down I’m a..man? Is that what you’re tryna say?,,Sat Feb 15 09:29:06 +0000 2020,,,https://twitter.com/Rude_Astrology/status/1228530872019800064,https://twitter.com/fuckalmaa/status/1228612186785759232,1228612186785759232,2296548223
2020-02-14 21:20:08+00:00,fuckalmaa,NotArlindi,2,0,1,"and yet none would give it to you Arlind, shut yo ugly ass TF up",,Fri Feb 14 21:20:08 +0000 2020,,,,https://twitter.com/fuckalmaa/status/1228428738041434114,1228428738041434114,2296548223
2020-02-14 18:43:57+00:00,fuckalmaa,,0,1,5,Cfare pozite e palakmueshme me t’thon “I love you” allah,,Fri Feb 14 18:43:57 +0000 2020,,,,https://twitter.com/fuckalmaa/status/1228389433436708864,1228389433436708864,2296548223
2020-02-14 18:02:05+00:00,fuckalmaa,,4,0,23,ich will raus von hier,,Fri Feb 14 18:02:05 +0000 2020,,,,https://twitter.com/fuckalmaa/status/1228378894316732423,1228378894316732423,2296548223
2020-02-14 15:48:48+00:00,fuckalmaa,,0,0,7,heeeec mar fshele gojen,,Fri Feb 14 15:48:48 +0000 2020,,,,https://twitter.com/fuckalmaa/status/1228345353898012677,1228345353898012677,2296548223
2020-02-14 15:04:54+00:00,fuckalmaa,,0,0,18,VEC NJE PIKE T’ME KISHE DASHT TI VEQ NJE PIKE ME SHUME SE VETEN,,Fri Feb 14 15:04:54 +0000 2020,,,,https://twitter.com/fuckalmaa/status/1228334304339648513,1228334304339648513,2296548223
2020-02-14 13:57:59+00:00,fuckalmaa,,0,1,4,My wings don’t spread like they used to.,,Fri Feb 14 13:57:59 +0000 2020,,,,https://twitter.com/fuckalmaa/status/1228317467732332545,1228317467732332545,2296548223
2020-02-14 09:13:49+00:00,fuckalmaa,rihanat_sona,3,2,31,aiii shume t’dhimshem bre jeni bo merrni dA zhiv t’kuqe krejt dregën krokodajll,,Fri Feb 14 09:13:49 +0000 2020,,,https://twitter.com/rihanat_sona/status/1226754866229411841,https://twitter.com/fuckalmaa/status/1228245952391262208,1228245952391262208,2296548223
2020-02-14 08:32:16+00:00,fuckalmaa,,0,0,48,Happy Valentine’s my loves ,,Fri Feb 14 08:32:16 +0000 2020,,,,https://twitter.com/fuckalmaa/status/1228235496922304512,1228235496922304512,2296548223
2020-02-13 23:27:34+00:00,fuckalmaa,megzonz,0,0,1,vk vllaqko jane bere x zhiv t’kuqe,,Thu Feb 13 23:27:34 +0000 2020,,,,https://twitter.com/fuckalmaa/status/1228098419274768384,1228098419274768384,2296548223
2020-02-13 23:06:01+00:00,fuckalmaa,,1,1,34,"girl, if your man is moving onto me, while being in a rltsh w u, say “thank u” for cancelling trash outta both our lives, dont come @me i will fight u AND him cause yall two bitches",,Thu Feb 13 23:06:01 +0000 2020,,,,https://twitter.com/fuckalmaa/status/1228092993565069312,1228092993565069312,2296548223
2020-02-13 23:02:43+00:00,fuckalmaa,,1,0,10,"mfs taking my vjersha tweet seriously, ma’am...sir...please! I am not stopping you from memorizing and reciting your poem",,Thu Feb 13 23:02:43 +0000 2020,,,,https://twitter.com/fuckalmaa/status/1228092165827571712,1228092165827571712,2296548223
2020-02-13 22:40:54+00:00,fuckalmaa,mujib_f1,0,0,8,si sorre pa keqkuptime tlt,,Thu Feb 13 22:40:54 +0000 2020,,,https://twitter.com/mujib_f1/status/1227346529251418113,https://twitter.com/fuckalmaa/status/1228086672815988736,1228086672815988736,2296548223
2020-02-13 22:13:07+00:00,fuckalmaa,vktva,1,0,0,... ,,Thu Feb 13 22:13:07 +0000 2020,,,,https://twitter.com/fuckalmaa/status/1228079681188089856,1228079681188089856,2296548223
2020-02-13 22:12:14+00:00,fuckalmaa,Justbestials,0,2,19,kuku ta ha more gojen une ty,,Thu Feb 13 22:12:14 +0000 2020,,,https://twitter.com/Justbestials/status/1228048055775170561,https://twitter.com/fuckalmaa/status/1228079459812724736,1228079459812724736,2296548223
2020-02-13 22:09:46+00:00,fuckalmaa,madisonthebeat,1,0,1,iight stranger,,Thu Feb 13 22:09:46 +0000 2020,,,,https://twitter.com/fuckalmaa/status/1228078837600342017,1228078837600342017,2296548223
