date,username,to,replies,retweets,favorites,text,mentions,formatted_date,geo,hashtags,urls,permalink,ID,author_id
2020-02-28 23:55:26+00:00,ginetonica,,0,0,7,mds acabei de saber q as mulheres estão tirando as próteses das teta pq tá na moda ter peitinho TERIA A MINHA VEZ CHEGADO???????????,,Fri Feb 28 23:55:26 +0000 2020,,,,https://twitter.com/ginetonica/status/1233541248885174272,1233541248885174272,2528382901
2020-02-28 22:52:53+00:00,ginetonica,,1,0,0,ainda não assisti o clipe de falling pois estou esperando a bad bater mais tarde e assim eu poderei ter conteúdo para tal,,Fri Feb 28 22:52:53 +0000 2020,,,,https://twitter.com/ginetonica/status/1233525506794049538,1233525506794049538,2528382901
2020-02-28 22:49:28+00:00,ginetonica,aridevotion,0,1,10,quem foram os monstros que não pararam pra ela ,,Fri Feb 28 22:49:28 +0000 2020,,,https://twitter.com/aridevotion/status/1233403695364268032,https://twitter.com/ginetonica/status/1233524646802329600,1233524646802329600,2528382901
2020-02-28 22:06:05+00:00,ginetonica,ladygaga,0,0,3,mae dos yags msm viado,,Fri Feb 28 22:06:05 +0000 2020,,,https://twitter.com/ladygaga/status/1233244554976849921,https://twitter.com/ginetonica/status/1233513731516256258,1233513731516256258,2528382901
2020-02-28 21:28:20+00:00,ginetonica,,0,0,5,mto bom queimar as teta com baciado ,,Fri Feb 28 21:28:20 +0000 2020,,,,https://twitter.com/ginetonica/status/1233504228401991681,1233504228401991681,2528382901
2020-02-28 18:06:30+00:00,ginetonica,punkyyyyyyyy,0,0,2,did you just assume my age??,,Fri Feb 28 18:06:30 +0000 2020,,,https://twitter.com/punkyyyyyyyy/status/1233069487563399169,https://twitter.com/ginetonica/status/1233453436814995456,1233453436814995456,2528382901
2020-02-28 17:18:47+00:00,ginetonica,soyrnilk,0,0,2,"não queria q esse fosse aqueles tweets do tipo ""mds essa sou eu"" mas caralho essa sou eu",,Fri Feb 28 17:18:47 +0000 2020,,,https://twitter.com/soyrnilk/status/1232793145093439488,https://twitter.com/ginetonica/status/1233441430519062528,1233441430519062528,2528382901
2020-02-28 17:12:23+00:00,ginetonica,,0,0,1,se fosse pra escolher ser o refrão de uma música eu escolheria essa aqui,,Fri Feb 28 17:12:23 +0000 2020,,,https://open.spotify.com/track/2sjqD4Tm2qWwjWVYtHyhFA?si=QMpXB_KSQfOL0doY6WWX5Q,https://twitter.com/ginetonica/status/1233439817880477703,1233439817880477703,2528382901
2020-02-28 17:10:07+00:00,ginetonica,,0,0,2,me irrita mto ver mulher que se maquia pra P A R I R,,Fri Feb 28 17:10:07 +0000 2020,,,,https://twitter.com/ginetonica/status/1233439247555874816,1233439247555874816,2528382901
2020-02-28 13:58:13+00:00,ginetonica,,0,0,0,mds q morte de aula,,Fri Feb 28 13:58:13 +0000 2020,,,,https://twitter.com/ginetonica/status/1233390956004679680,1233390956004679680,2528382901
2020-02-28 13:35:36+00:00,ginetonica,LDRaddic,2,3,30,é assim que uma mulher da direita se veste,,Fri Feb 28 13:35:36 +0000 2020,,,https://twitter.com/LDRaddic/status/1233227728683442177,https://twitter.com/ginetonica/status/1233385263726039041,1233385263726039041,2528382901
2020-02-28 13:05:10+00:00,ginetonica,starwrays,0,0,0,"achei que combina bem, nome de gay que tem chão de taco",,Fri Feb 28 13:05:10 +0000 2020,,,,https://twitter.com/ginetonica/status/1233377602448056322,1233377602448056322,2528382901
2020-02-28 11:01:55+00:00,ginetonica,willtuber,0,2,6,A Globo está ensinando o telespectador a se prevenir contra o #coronavirusnobrasil 1 - faz um dab pro virus achar que vc é retardado e ir embora,,Fri Feb 28 11:01:55 +0000 2020,,#coronavirusnobrasil,https://twitter.com/willtuber/status/1232694922022662147,https://twitter.com/ginetonica/status/1233346588547993600,1233346588547993600,2528382901
2020-02-28 03:10:49+00:00,ginetonica,,0,0,0,"não é genial igual parasite, mas é mto daora, tem umas cenas mto boas e a história é mais uma vez morte aos ricos and I think it's beautiful",,Fri Feb 28 03:10:49 +0000 2020,,,,https://twitter.com/ginetonica/status/1233228032887881728,1233228032887881728,2528382901
2020-02-28 03:05:51+00:00,ginetonica,,0,0,2,caralho quatro minutos dps da meia noite e já tem yag dando rt e biscoito pra ator porno,,Fri Feb 28 03:05:51 +0000 2020,,,,https://twitter.com/ginetonica/status/1233226782888923137,1233226782888923137,2528382901
2020-02-28 02:57:37+00:00,ginetonica,,0,0,1,o único branco chato que só fala abobrinha que eu passo pano é o marcelo hessel,,Fri Feb 28 02:57:37 +0000 2020,,,,https://twitter.com/ginetonica/status/1233224708776189953,1233224708776189953,2528382901
2020-02-28 02:55:33+00:00,ginetonica,LaRudnik,1,0,1,enchi mta linguiça djsjfkekfkek,,Fri Feb 28 02:55:33 +0000 2020,,,,https://twitter.com/ginetonica/status/1233224190301523968,1233224190301523968,2528382901
2020-02-28 02:31:36+00:00,ginetonica,Variety,0,1,29,ela desbancou roma (dirigido pelo cara de ganhou dois óscares de melhor diretorkkkkkkkkkkkkkkkkkkkkkkkkkkkkkkkkkkkkkkkkkkkk),,Fri Feb 28 02:31:36 +0000 2020,,,https://twitter.com/Variety/status/1233175499779633153,https://twitter.com/ginetonica/status/1233218161698332677,1233218161698332677,2528382901
2020-02-28 02:15:01+00:00,ginetonica,,0,0,0,foi esse msm fjejfjejt eu assisti na época que lançou lá fora então eu nem fazia ideia,,Fri Feb 28 02:15:01 +0000 2020,,,,https://twitter.com/ginetonica/status/1233213990387507200,1233213990387507200,2528382901
2020-02-28 02:12:37+00:00,ginetonica,bilbobgs,0,0,1,obg ,,Fri Feb 28 02:12:37 +0000 2020,,,,https://twitter.com/ginetonica/status/1233213386151862272,1233213386151862272,2528382901
2020-02-28 02:11:47+00:00,ginetonica,,0,0,1,acabei de descobrir que parasite n foi o primeiro filme do bong joon ho que eu assisti - me sentindo insuportável ,,Fri Feb 28 02:11:47 +0000 2020,,,,https://twitter.com/ginetonica/status/1233213173425213440,1233213173425213440,2528382901
2020-02-28 01:54:59+00:00,ginetonica,bilbobgs,1,0,0,manda o nome mo,,Fri Feb 28 01:54:59 +0000 2020,,,,https://twitter.com/ginetonica/status/1233208947898822657,1233208947898822657,2528382901
2020-02-28 01:36:45+00:00,ginetonica,,1,1,2,a taylor swift perdeu a chance de dar o nome do álbum dela se reputassa,,Fri Feb 28 01:36:45 +0000 2020,,,,https://twitter.com/ginetonica/status/1233204358818476034,1233204358818476034,2528382901
2020-02-28 00:30:27+00:00,ginetonica,gravityyfallls,0,0,0,o cancelamento vem,,Fri Feb 28 00:30:27 +0000 2020,,,,https://twitter.com/ginetonica/status/1233187673159995395,1233187673159995395,2528382901
2020-02-28 00:02:03+00:00,ginetonica,,0,0,1,"acho q minha religião é o áudio do tiago bêbado no meio da festa falando ""eeeeeeeee a eduarda me agrediu""",,Fri Feb 28 00:02:03 +0000 2020,,,,https://twitter.com/ginetonica/status/1233180526317637632,1233180526317637632,2528382901
2020-02-27 23:56:42+00:00,ginetonica,,0,0,4,canhota branca sulista com rinite e chorona como posso te irritar mais,,Thu Feb 27 23:56:42 +0000 2020,,,,https://twitter.com/ginetonica/status/1233179178884837376,1233179178884837376,2528382901
2020-02-27 23:51:46+00:00,ginetonica,,0,0,0,as vezes a melhor coisa que se pode fazer é se fingir de burra,,Thu Feb 27 23:51:46 +0000 2020,,,,https://twitter.com/ginetonica/status/1233177938486611968,1233177938486611968,2528382901
2020-02-27 23:33:57+00:00,ginetonica,,1,0,3,"eu tinha q fazer uma resenha de no mínimo 30 linhas, escrevi tudo certinho e fui contar deu 24...",,Thu Feb 27 23:33:57 +0000 2020,,,,https://twitter.com/ginetonica/status/1233173452972052481,1233173452972052481,2528382901
2020-02-27 23:32:07+00:00,ginetonica,CarpesLara,0,0,1,depois desses 4 anos acho q n,,Thu Feb 27 23:32:07 +0000 2020,,,,https://twitter.com/ginetonica/status/1233172994773614594,1233172994773614594,2528382901
2020-02-27 22:28:47+00:00,ginetonica,,0,0,1,o fdp passa um artigo de duas folhas e meia e pede uma resenha de trinta linhas um grande vai tomar no cu,,Thu Feb 27 22:28:47 +0000 2020,,,,https://twitter.com/ginetonica/status/1233157056288428035,1233157056288428035,2528382901
2020-02-27 22:25:28+00:00,ginetonica,,1,0,3,mto triste em saber que nós universitários somos a salvação do país,,Thu Feb 27 22:25:28 +0000 2020,,,,https://twitter.com/ginetonica/status/1233156219210289156,1233156219210289156,2528382901
2020-02-27 21:32:05+00:00,ginetonica,chacomconhaque,0,0,1,sorry bitch,,Thu Feb 27 21:32:05 +0000 2020,,,,https://twitter.com/ginetonica/status/1233142787509571584,1233142787509571584,2528382901
2020-02-27 21:18:03+00:00,ginetonica,gravityyfallls,0,0,0,34todos,,Thu Feb 27 21:18:03 +0000 2020,,,,https://twitter.com/ginetonica/status/1233139253066059778,1233139253066059778,2528382901
2020-02-27 21:16:46+00:00,ginetonica,neuromanso,1,0,1,a alegria no rosto da criança,,Thu Feb 27 21:16:46 +0000 2020,,,,https://twitter.com/ginetonica/status/1233138932998713357,1233138932998713357,2528382901
2020-02-27 21:13:35+00:00,ginetonica,,3,0,22,tava fuçando na minha galeria e ontem eu tirei essas fotos com a minha larica e nem sabia kakakaka,,Thu Feb 27 21:13:35 +0000 2020,,,,https://twitter.com/ginetonica/status/1233138130183741440,1233138130183741440,2528382901
2020-02-27 20:49:01+00:00,ginetonica,gatoaquatico,0,0,1,"é pftooooooo, se prepara",,Thu Feb 27 20:49:01 +0000 2020,,,,https://twitter.com/ginetonica/status/1233131947205025796,1233131947205025796,2528382901
2020-02-27 20:45:51+00:00,ginetonica,SeriesTWBZ,0,0,3,bong joon ho pq está chorando?,,Thu Feb 27 20:45:51 +0000 2020,,,https://twitter.com/SeriesTWBZ/status/1233113739655884802,https://twitter.com/ginetonica/status/1233131149154824193,1233131149154824193,2528382901
2020-02-27 19:33:09+00:00,ginetonica,,0,0,1,mto bom gastar o dinheiro que eu não tenho com uber,,Thu Feb 27 19:33:09 +0000 2020,,,,https://twitter.com/ginetonica/status/1233112853755912194,1233112853755912194,2528382901
2020-02-27 18:28:22+00:00,ginetonica,,0,0,4,eu só queria não ter as bochechas do fofão,,Thu Feb 27 18:28:22 +0000 2020,,,,https://twitter.com/ginetonica/status/1233096553084211202,1233096553084211202,2528382901
2020-02-27 18:18:45+00:00,ginetonica,horni_torrinco,0,0,1,forças guerreiro,,Thu Feb 27 18:18:45 +0000 2020,,,,https://twitter.com/ginetonica/status/1233094133906071559,1233094133906071559,2528382901
2020-02-27 18:16:37+00:00,ginetonica,horni_torrinco,1,0,1,eu já acho mto tempo ,,Thu Feb 27 18:16:37 +0000 2020,,,,https://twitter.com/ginetonica/status/1233093594011127808,1233093594011127808,2528382901
2020-02-27 18:15:51+00:00,ginetonica,,1,0,1,devido ao carnaval ficarei um tempo sem usar ***** a partir da semana que vem estarei de volta,,Thu Feb 27 18:15:51 +0000 2020,,,,https://twitter.com/ginetonica/status/1233093402868228096,1233093402868228096,2528382901
2020-02-27 17:45:17+00:00,ginetonica,,0,0,0,caralho q ódio eu me odeio,,Thu Feb 27 17:45:17 +0000 2020,,,,https://twitter.com/ginetonica/status/1233085708778246145,1233085708778246145,2528382901
2020-02-27 17:21:40+00:00,ginetonica,,0,0,0,certas coisas a gnt nunca se acostuma msm,,Thu Feb 27 17:21:40 +0000 2020,,,,https://twitter.com/ginetonica/status/1233079765290160128,1233079765290160128,2528382901
2020-02-27 16:55:39+00:00,ginetonica,starwrays,0,0,0,um neneeeem,,Thu Feb 27 16:55:39 +0000 2020,,,,https://twitter.com/ginetonica/status/1233073221068623872,1233073221068623872,2528382901
2020-02-27 16:50:13+00:00,ginetonica,,0,0,1,ela ta assi >:( na última foto,,Thu Feb 27 16:50:13 +0000 2020,,,,https://twitter.com/ginetonica/status/1233071853499027457,1233071853499027457,2528382901
2020-02-27 16:19:36+00:00,ginetonica,,2,1,12,eis as mensagens que minha mãe mandou nesta manhã,,Thu Feb 27 16:19:36 +0000 2020,,,,https://twitter.com/ginetonica/status/1233064148512190465,1233064148512190465,2528382901
2020-02-27 16:16:05+00:00,ginetonica,,0,1,3,"homofóbica sim, mas só com mariconas",,Thu Feb 27 16:16:05 +0000 2020,,,,https://twitter.com/ginetonica/status/1233063262893355010,1233063262893355010,2528382901
2020-02-27 12:54:21+00:00,ginetonica,,0,0,0,sentindo que sociologia vai comer meu cu lindamente ,,Thu Feb 27 12:54:21 +0000 2020,,,,https://twitter.com/ginetonica/status/1233012492177199106,1233012492177199106,2528382901
2020-02-27 12:08:22+00:00,ginetonica,gatoaquatico,0,0,0,sim miga jrjrjtr eu escrevo as vezes pois n tenho preferência,,Thu Feb 27 12:08:22 +0000 2020,,,,https://twitter.com/ginetonica/status/1233000922084782080,1233000922084782080,2528382901
2020-02-27 12:00:13+00:00,ginetonica,,5,1,6,vcs preferem catorze ou quatorze,,Thu Feb 27 12:00:13 +0000 2020,,,,https://twitter.com/ginetonica/status/1232998870134804480,1232998870134804480,2528382901
2020-02-27 01:11:24+00:00,ginetonica,,0,10,29,esse é o momento do feriado que eu percebo que eu não fiz nada e que meu futuro está nas minhas mãos,,Thu Feb 27 01:11:24 +0000 2020,,,,https://twitter.com/ginetonica/status/1232835591844302850,1232835591844302850,2528382901
2020-02-26 21:16:28+00:00,ginetonica,,0,0,4,pensando que no club penguin sempre tinha um idiota no canto jogando bola de neve em todo mundo,,Wed Feb 26 21:16:28 +0000 2020,,,,https://twitter.com/ginetonica/status/1232776466372407296,1232776466372407296,2528382901
2020-02-26 16:15:01+00:00,ginetonica,,0,1,0,a dor de saber que amanha começa tudo de novo e dessa vez é pra valer,,Wed Feb 26 16:15:01 +0000 2020,,,,https://twitter.com/ginetonica/status/1232700605203992576,1232700605203992576,2528382901
2020-02-26 02:37:57+00:00,ginetonica,,0,0,2,assistindo um vídeo sobre o top 10 piores festas do club penguin,,Wed Feb 26 02:37:57 +0000 2020,,,,https://twitter.com/ginetonica/status/1232494983376097281,1232494983376097281,2528382901
2020-02-25 21:10:06+00:00,ginetonica,,0,1,5,única criança possível ,,Tue Feb 25 21:10:06 +0000 2020,,,,https://twitter.com/ginetonica/status/1232412479839449089,1232412479839449089,2528382901
2020-02-25 13:15:17+00:00,ginetonica,GabiiNeumann,0,0,1,(voltar com o dinheiro q eu tinha sexta tb),,Tue Feb 25 13:15:17 +0000 2020,,,,https://twitter.com/ginetonica/status/1232292987700420608,1232292987700420608,2528382901
2020-02-25 13:07:12+00:00,ginetonica,gilmaarferrari,1,0,4,mds parecem tudo criança de 13 anos e ainda acham bonito,,Tue Feb 25 13:07:12 +0000 2020,,,https://twitter.com/gilmaarferrari/status/1231981239395024896,https://twitter.com/ginetonica/status/1232290953664266240,1232290953664266240,2528382901
2020-02-25 12:35:30+00:00,ginetonica,,1,1,4,será que podemos voltar pra sexta??,,Tue Feb 25 12:35:30 +0000 2020,,,,https://twitter.com/ginetonica/status/1232282973392842754,1232282973392842754,2528382901
2020-02-25 00:23:44+00:00,ginetonica,,0,1,3,pensando em como é triste o fato de klaus não ter ganhado oscar de melhor animação,,Tue Feb 25 00:23:44 +0000 2020,,,,https://twitter.com/ginetonica/status/1232098820621770752,1232098820621770752,2528382901
2020-02-24 23:45:14+00:00,ginetonica,,0,0,1,imaginado que se o superbowl da gaga fosse agr ela teria cantado shallow com o bradley provavelmente,,Mon Feb 24 23:45:14 +0000 2020,,,,https://twitter.com/ginetonica/status/1232089131511111680,1232089131511111680,2528382901
2020-02-24 20:33:50+00:00,ginetonica,,0,0,0,ok preciso ir pra maldivas,,Mon Feb 24 20:33:50 +0000 2020,,,,https://twitter.com/ginetonica/status/1232040963029315584,1232040963029315584,2528382901
2020-02-24 14:19:13+00:00,ginetonica,vitaotrab,0,0,0,escuta pfvr,,Mon Feb 24 14:19:13 +0000 2020,,,,https://twitter.com/ginetonica/status/1231946689067528197,1231946689067528197,2528382901
2020-02-24 13:51:56+00:00,ginetonica,,0,0,1,"lembrando da época que eu era uma escritora quase famosa de fic em 2013, era tudo ser xingada pelas pessoas qdo eu demorava pra atualizar ",,Mon Feb 24 13:51:56 +0000 2020,,,,https://twitter.com/ginetonica/status/1231939821377069056,1231939821377069056,2528382901
2020-02-24 13:40:30+00:00,ginetonica,icretinoreal,1,0,5,eu e meus amigos um dia antes da prova estudando,,Mon Feb 24 13:40:30 +0000 2020,,,https://twitter.com/icretinoreal/status/1231625269439582211,https://twitter.com/ginetonica/status/1231936945581891585,1231936945581891585,2528382901
2020-02-24 13:07:53+00:00,ginetonica,vitaotrab,1,0,0,essa música é mto boa,,Mon Feb 24 13:07:53 +0000 2020,,,,https://twitter.com/ginetonica/status/1231928734535618560,1231928734535618560,2528382901
2020-02-24 02:09:54+00:00,ginetonica,jleiteg,0,0,0, ,,Mon Feb 24 02:09:54 +0000 2020,,,,https://twitter.com/ginetonica/status/1231763147280781312,1231763147280781312,2528382901
2020-02-23 22:03:17+00:00,ginetonica,,1,1,16,make do dia 2 de carnavrau,,Sun Feb 23 22:03:17 +0000 2020,,,,https://twitter.com/ginetonica/status/1231701088224600065,1231701088224600065,2528382901
2020-02-23 16:18:36+00:00,ginetonica,jleiteg,0,0,0,só faltou as mechas,,Sun Feb 23 16:18:36 +0000 2020,,,,https://twitter.com/ginetonica/status/1231614343399329792,1231614343399329792,2528382901
2020-02-23 13:20:10+00:00,ginetonica,MarmotaDiaria,0,0,0,carnaval é o momento que eu mais amo ser brasileira,,Sun Feb 23 13:20:10 +0000 2020,,,https://twitter.com/MarmotaDiaria/status/1231302423370702848,https://twitter.com/ginetonica/status/1231569437842649088,1231569437842649088,2528382901
2020-02-23 13:18:41+00:00,ginetonica,UmNome_Criativo,0,0,1,um sonho,,Sun Feb 23 13:18:41 +0000 2020,,,,https://twitter.com/ginetonica/status/1231569065258430466,1231569065258430466,2528382901
2020-02-22 14:58:25+00:00,ginetonica,theweeknd,0,2,3,"que demora viado, preciso das minhas músicas de chorar enquanto faço strip logo",,Sat Feb 22 14:58:25 +0000 2020,,,https://twitter.com/theweeknd/status/1230200596151451648,https://twitter.com/ginetonica/status/1231231777169121280,1231231777169121280,2528382901
2020-02-22 13:35:28+00:00,ginetonica,_G_janoski,0,0,1, ,,Sat Feb 22 13:35:28 +0000 2020,,,,https://twitter.com/ginetonica/status/1231210901283450880,1231210901283450880,2528382901
2020-02-22 13:13:43+00:00,ginetonica,,0,0,4,porraaaaa tá nublado e chuviscando em dia de bloquinho,,Sat Feb 22 13:13:43 +0000 2020,,,,https://twitter.com/ginetonica/status/1231205428303929344,1231205428303929344,2528382901
2020-02-22 13:11:23+00:00,ginetonica,,0,0,5,"vcs tão militando em cima de fantasia de policial, caralho vão procurar um emprego",,Sat Feb 22 13:11:23 +0000 2020,,,,https://twitter.com/ginetonica/status/1231204842707865601,1231204842707865601,2528382901
2020-02-22 04:21:18+00:00,ginetonica,milaexpect,0,0,14,uma abominação,,Sat Feb 22 04:21:18 +0000 2020,,,https://twitter.com/milaexpect/status/1230870107229958145,https://twitter.com/ginetonica/status/1231071441191342081,1231071441191342081,2528382901
2020-02-22 02:05:02+00:00,ginetonica,,0,0,1,e eu amo apenas,,Sat Feb 22 02:05:02 +0000 2020,,,,https://twitter.com/ginetonica/status/1231037150415728641,1231037150415728641,2528382901
2020-02-22 01:55:19+00:00,ginetonica,,1,0,4,carnavrou em casa escutando shallow ,,Sat Feb 22 01:55:19 +0000 2020,,,,https://twitter.com/ginetonica/status/1231034702351474688,1231034702351474688,2528382901
2020-02-21 19:42:05+00:00,ginetonica,bloodywitchy,0,0,0,eu achei esse vídeo sem defeito nenhum,,Fri Feb 21 19:42:05 +0000 2020,,,https://twitter.com/bloodywitchy/status/1230885322025848833,https://twitter.com/ginetonica/status/1230940776097570818,1230940776097570818,2528382901
2020-02-21 18:06:53+00:00,ginetonica,,0,0,2,quase duas semanas em pg e engordei 2 kg ,,Fri Feb 21 18:06:53 +0000 2020,,,,https://twitter.com/ginetonica/status/1230916817352318983,1230916817352318983,2528382901
2020-02-21 18:02:13+00:00,ginetonica,vitornpaiva_,0,0,1,que inveja,,Fri Feb 21 18:02:13 +0000 2020,,,,https://twitter.com/ginetonica/status/1230915643404361729,1230915643404361729,2528382901
2020-02-21 16:27:04+00:00,ginetonica,vitornpaiva_,1,0,1,"n tava perdida né, só tava aqui fazendo uma hora",,Fri Feb 21 16:27:04 +0000 2020,,,,https://twitter.com/ginetonica/status/1230891697715892224,1230891697715892224,2528382901
2020-02-21 16:05:06+00:00,ginetonica,chacomconhaque,0,0,0,"skfjwkfmekkf seria tudo, mas vc n precisa ",,Fri Feb 21 16:05:06 +0000 2020,,,,https://twitter.com/ginetonica/status/1230886172425179136,1230886172425179136,2528382901
2020-02-21 14:27:35+00:00,ginetonica,padrao_oprimida,1,1,8,coisas simples que eu aprecio: gelatina no RU,,Fri Feb 21 14:27:35 +0000 2020,,,https://twitter.com/padrao_oprimida/status/1230303026772160513,https://twitter.com/ginetonica/status/1230861629899800577,1230861629899800577,2528382901
2020-02-21 13:15:04+00:00,ginetonica,,0,0,0,a minha caloura falando de quando conheceu a namo dela ,,Fri Feb 21 13:15:04 +0000 2020,,,,https://twitter.com/ginetonica/status/1230843380030230529,1230843380030230529,2528382901
2020-02-21 11:00:20+00:00,ginetonica,,0,0,5,acordei desejando peitos maiores,,Fri Feb 21 11:00:20 +0000 2020,,,,https://twitter.com/ginetonica/status/1230809473746456583,1230809473746456583,2528382901
2020-02-21 02:39:43+00:00,ginetonica,,0,0,4,hj o professor me usou de exemplo pra fingir que eu era uma empresária bem sucedida sonhei alto,,Fri Feb 21 02:39:43 +0000 2020,,,,https://twitter.com/ginetonica/status/1230683488984162306,1230683488984162306,2528382901
2020-02-21 02:33:02+00:00,ginetonica,,0,0,1,n tô pronta pra ter aula dnv com certo professor aí,,Fri Feb 21 02:33:02 +0000 2020,,,,https://twitter.com/ginetonica/status/1230681809270296577,1230681809270296577,2528382901
2020-02-21 01:55:27+00:00,ginetonica,des4tiv4d009,0,0,0,"aaaaa ta, nunca li",,Fri Feb 21 01:55:27 +0000 2020,,,,https://twitter.com/ginetonica/status/1230672348963115008,1230672348963115008,2528382901
2020-02-21 01:53:20+00:00,ginetonica,des4tiv4d009,1,0,0,a.... n conheço,,Fri Feb 21 01:53:20 +0000 2020,,,,https://twitter.com/ginetonica/status/1230671818299772931,1230671818299772931,2528382901
2020-02-21 01:50:11+00:00,ginetonica,pjograce,2,0,2,eu não ... sei???,,Fri Feb 21 01:50:11 +0000 2020,,,https://twitter.com/pjograce/status/1230601718985084928,https://twitter.com/ginetonica/status/1230671024854851585,1230671024854851585,2528382901
2020-02-21 01:49:01+00:00,ginetonica,__HaKanY__,0,0,0,anao,,Fri Feb 21 01:49:01 +0000 2020,,,,https://twitter.com/ginetonica/status/1230670731136176129,1230670731136176129,2528382901
2020-02-21 01:21:38+00:00,ginetonica,,1,1,0,nossa eu odeio gnt bonita,,Fri Feb 21 01:21:38 +0000 2020,,,,https://twitter.com/ginetonica/status/1230663837889814528,1230663837889814528,2528382901
2020-02-21 01:18:20+00:00,ginetonica,gatoaquatico,0,0,1,amoga?? hitou parabens,,Fri Feb 21 01:18:20 +0000 2020,,,,https://twitter.com/ginetonica/status/1230663008726212609,1230663008726212609,2528382901
2020-02-21 00:42:30+00:00,ginetonica,g1,0,0,3,legends never die,,Fri Feb 21 00:42:30 +0000 2020,,,https://twitter.com/g1/status/1230267377666994182,https://twitter.com/ginetonica/status/1230653992511909898,1230653992511909898,2528382901
2020-02-20 23:41:12+00:00,ginetonica,riviacomments,1,1,8,nem sei quem são direito mas só de olhar me irrita,,Thu Feb 20 23:41:12 +0000 2020,,,https://twitter.com/riviacomments/status/1230333470339190785,https://twitter.com/ginetonica/status/1230638562057519104,1230638562057519104,2528382901
2020-02-20 21:18:14+00:00,ginetonica,,0,0,1,fazer faxina nesse calor com água quente da torneira ,,Thu Feb 20 21:18:14 +0000 2020,,,,https://twitter.com/ginetonica/status/1230602587390566438,1230602587390566438,2528382901
2020-02-20 18:41:34+00:00,ginetonica,w0meninfiIm,0,0,0,chorei largada qdo assisti,,Thu Feb 20 18:41:34 +0000 2020,,,https://twitter.com/w0meninfiIm/status/1230492057019568129,https://twitter.com/ginetonica/status/1230563159657680896,1230563159657680896,2528382901
2020-02-20 18:01:16+00:00,ginetonica,GabiiNeumann,0,0,2,chega a dar nervoso,,Thu Feb 20 18:01:16 +0000 2020,,,,https://twitter.com/ginetonica/status/1230553018023604225,1230553018023604225,2528382901
2020-02-20 17:37:47+00:00,ginetonica,,0,0,5,hj eu vi uma situação de xenofobia e eu nem sei dizer a raiva e o nojo que eu senti,,Thu Feb 20 17:37:47 +0000 2020,,,,https://twitter.com/ginetonica/status/1230547107729117185,1230547107729117185,2528382901
