date,username,to,replies,retweets,favorites,text,mentions,formatted_date,geo,hashtags,urls,permalink,ID,author_id
2020-02-28 23:49:24+00:00,KleviGotHeat,SethM4cfarlane,1,0,0,E meritojm,,Fri Feb 28 23:49:24 +0000 2020,,,,https://twitter.com/KleviGotHeat/status/1233539730245115904,1233539730245115904,1211797267251744770
2020-02-28 23:49:09+00:00,KleviGotHeat,2dopjoTequila,1,0,1,Ckm mret shpresoj te ket qen dite produktive kjo e sotmja per ty mik,,Fri Feb 28 23:49:09 +0000 2020,,,,https://twitter.com/KleviGotHeat/status/1233539667703877632,1233539667703877632,1211797267251744770
2020-02-28 23:42:39+00:00,KleviGotHeat,danjo_egoisti,1,0,0,Gn boss,,Fri Feb 28 23:42:39 +0000 2020,,,,https://twitter.com/KleviGotHeat/status/1233538032558624768,1233538032558624768,1211797267251744770
2020-02-28 22:48:03+00:00,KleviGotHeat,danjo_egoisti,1,0,0,I dont think so my nigga this shit's too real to hit numbers,,Fri Feb 28 22:48:03 +0000 2020,,,,https://twitter.com/KleviGotHeat/status/1233524291930599424,1233524291930599424,1211797267251744770
2020-02-28 22:35:09+00:00,KleviGotHeat,danjogetmoney,0,0,1,Ok,,Fri Feb 28 22:35:09 +0000 2020,,,,https://twitter.com/KleviGotHeat/status/1233521044452970497,1233521044452970497,1211797267251744770
2020-02-28 22:33:04+00:00,KleviGotHeat,pikturojshtepia,1,0,0,Si sm futi njeri n grup mu,,Fri Feb 28 22:33:04 +0000 2020,,,,https://twitter.com/KleviGotHeat/status/1233520520311791617,1233520520311791617,1211797267251744770
2020-02-28 22:25:08+00:00,KleviGotHeat,lavdie_qirjako,0,0,0,Mplq ajo pjesa ajo kafshon buzen dhe ti ja bon aam,,Fri Feb 28 22:25:08 +0000 2020,,,,https://twitter.com/KleviGotHeat/status/1233518523101655040,1233518523101655040,1211797267251744770
2020-02-28 22:22:56+00:00,KleviGotHeat,lavdie_qirjako,1,0,0,E ngjojm bashk kte si thu,,Fri Feb 28 22:22:56 +0000 2020,,,,https://twitter.com/KleviGotHeat/status/1233517968845410309,1233517968845410309,1211797267251744770
2020-02-28 22:15:02+00:00,KleviGotHeat,lavdie_qirjako,1,0,0,Po pse ma bon kte,,Fri Feb 28 22:15:02 +0000 2020,,,,https://twitter.com/KleviGotHeat/status/1233515983907753984,1233515983907753984,1211797267251744770
2020-02-28 21:55:04+00:00,KleviGotHeat,BallaAlb,1,0,0,Kolegia ime dyshon qe ti je tu bo simpin' plak,,Fri Feb 28 21:55:04 +0000 2020,,,,https://twitter.com/KleviGotHeat/status/1233510956866719744,1233510956866719744,1211797267251744770
2020-02-28 21:52:23+00:00,KleviGotHeat,xxxBandaButuesi,3,0,0,Po pse un se meritoj i dit pushim e,,Fri Feb 28 21:52:23 +0000 2020,,,,https://twitter.com/KleviGotHeat/status/1233510283701899274,1233510283701899274,1211797267251744770
2020-02-28 21:47:55+00:00,KleviGotHeat,,1,0,2,Dhe motrat n pidh atij qe knon refrenin me aq melankoli kaq klm,,Fri Feb 28 21:47:55 +0000 2020,,,,https://twitter.com/KleviGotHeat/status/1233509159351586816,1233509159351586816,1211797267251744770
2020-02-28 21:45:17+00:00,KleviGotHeat,RyoSaeba971,3,4,76,Produkt 28 - Si peme,,Fri Feb 28 21:45:17 +0000 2020,,,https://twitter.com/RyoSaeba971/status/1232321746210086912,https://twitter.com/KleviGotHeat/status/1233508497184231424,1233508497184231424,1211797267251744770
2020-02-28 21:17:01+00:00,KleviGotHeat,BLEEEEEND,0,0,0,,,Fri Feb 28 21:17:01 +0000 2020,,,,https://twitter.com/KleviGotHeat/status/1233501380201132032,1233501380201132032,1211797267251744770
2020-02-28 21:06:17+00:00,KleviGotHeat,MyslymitG,0,0,0,,,Fri Feb 28 21:06:17 +0000 2020,,,,https://twitter.com/KleviGotHeat/status/1233498679497101312,1233498679497101312,1211797267251744770
2020-02-28 20:49:43+00:00,KleviGotHeat,ikrbaby,2,0,0,14,,Fri Feb 28 20:49:43 +0000 2020,,,,https://twitter.com/KleviGotHeat/status/1233494510732226565,1233494510732226565,1211797267251744770
2020-02-28 20:43:07+00:00,KleviGotHeat,xjmkah,1,0,1,Po,,Fri Feb 28 20:43:07 +0000 2020,,,,https://twitter.com/KleviGotHeat/status/1233492852954537986,1233492852954537986,1211797267251744770
2020-02-28 20:18:05+00:00,KleviGotHeat,,0,0,0,Se kshu them un,,Fri Feb 28 20:18:05 +0000 2020,,,,https://twitter.com/KleviGotHeat/status/1233486553118363650,1233486553118363650,1211797267251744770
2020-02-28 20:17:21+00:00,KleviGotHeat,specicuori,1,0,0,14,,Fri Feb 28 20:17:21 +0000 2020,,,,https://twitter.com/KleviGotHeat/status/1233486367654645760,1233486367654645760,1211797267251744770
2020-02-28 15:49:06+00:00,KleviGotHeat,ericclaptonstan,1,0,0,Haah jo e kam pas seriozisht jam lutur shum mos tme kapin po ky u tregu mjaft vigjilent sss smla ,,Fri Feb 28 15:49:06 +0000 2020,,,,https://twitter.com/KleviGotHeat/status/1233418858096209923,1233418858096209923,1211797267251744770
2020-02-28 15:21:44+00:00,KleviGotHeat,ericclaptonstan,0,0,4,Ej shiko kalojm n dm me mir se sh-shiko dhe un nuk e kisha seriozisht ishte skem a mkpt,,Fri Feb 28 15:21:44 +0000 2020,,,,https://twitter.com/KleviGotHeat/status/1233411973653594113,1233411973653594113,1211797267251744770
2020-02-28 15:09:55+00:00,KleviGotHeat,kurtollifjolla,3,0,1,@ye3zuschrist @njezetnjezet @pikturojshtepia @ericclaptonstan go off fellas,@ye3zuschrist @pikturojshtepia @ericclaptonstan,Fri Feb 28 15:09:55 +0000 2020,,,,https://twitter.com/KleviGotHeat/status/1233408999439183872,1233408999439183872,1211797267251744770
2020-02-28 15:00:59+00:00,KleviGotHeat,faaakju,1,0,0,E fort kjo mret mkape ktu skam ca them ,,Fri Feb 28 15:00:59 +0000 2020,,,,https://twitter.com/KleviGotHeat/status/1233406750356910080,1233406750356910080,1211797267251744770
2020-02-28 13:49:20+00:00,KleviGotHeat,Flavdio,0,0,3,,,Fri Feb 28 13:49:20 +0000 2020,,,,https://twitter.com/KleviGotHeat/status/1233388719320727553,1233388719320727553,1211797267251744770
2020-02-28 13:43:10+00:00,KleviGotHeat,diteyyyy,0,0,0,Patjeter i nderuar ,,Fri Feb 28 13:43:10 +0000 2020,,,,https://twitter.com/KleviGotHeat/status/1233387168430776320,1233387168430776320,1211797267251744770
2020-02-28 13:23:19+00:00,KleviGotHeat,pikturojshtepia,1,0,3,Na pëlqen të ligjërojmë me një teke Skëndërbeu pas dreke koleg ,,Fri Feb 28 13:23:19 +0000 2020,,,,https://twitter.com/KleviGotHeat/status/1233382171211182082,1233382171211182082,1211797267251744770
2020-02-28 12:30:33+00:00,KleviGotHeat,killthericch,0,0,2,,,Fri Feb 28 12:30:33 +0000 2020,,,,https://twitter.com/KleviGotHeat/status/1233368891549798401,1233368891549798401,1211797267251744770
2020-02-28 12:17:37+00:00,KleviGotHeat,,0,0,0,,,Fri Feb 28 12:17:37 +0000 2020,,,,https://twitter.com/KleviGotHeat/status/1233365638581833728,1233365638581833728,1211797267251744770
2020-02-28 12:14:09+00:00,KleviGotHeat,wiceri69,1,0,0,Ligjërojmë,,Fri Feb 28 12:14:09 +0000 2020,,,,https://twitter.com/KleviGotHeat/status/1233364764455251974,1233364764455251974,1211797267251744770
2020-02-28 12:12:24+00:00,KleviGotHeat,BLEEEEEND,0,0,1,Your sacrifice shall be rewarded disciple! ,,Fri Feb 28 12:12:24 +0000 2020,,,,https://twitter.com/KleviGotHeat/status/1233364326544793600,1233364326544793600,1211797267251744770
2020-02-28 12:08:20+00:00,KleviGotHeat,2dopjoTequila,0,0,0,,,Fri Feb 28 12:08:20 +0000 2020,,,,https://twitter.com/KleviGotHeat/status/1233363303424024578,1233363303424024578,1211797267251744770
2020-02-28 11:59:14+00:00,KleviGotHeat,SethM4cfarlane,0,0,1,E drejta jonë disciple,,Fri Feb 28 11:59:14 +0000 2020,,,,https://twitter.com/KleviGotHeat/status/1233361012906188800,1233361012906188800,1211797267251744770
2020-02-28 11:54:54+00:00,KleviGotHeat,aaaarevani,0,0,0,,,Fri Feb 28 11:54:54 +0000 2020,,,,https://twitter.com/KleviGotHeat/status/1233359921548320769,1233359921548320769,1211797267251744770
2020-02-28 11:53:11+00:00,KleviGotHeat,,0,0,5,Ligjërojenj tek te tjerët këtë mesazh oh dishepujt e mi,,Fri Feb 28 11:53:11 +0000 2020,,,,https://twitter.com/KleviGotHeat/status/1233359490294173697,1233359490294173697,1211797267251744770
2020-02-28 11:51:09+00:00,KleviGotHeat,MedMubiru,16,4,74,Mashkulli është krijuar të ketë 7 gra dhe plot robëresha. Femra e tradhëton burrin kur nuk e do atë ndërsa mashkulli e tradhëton gruan dhe kur e don shum atë!,,Fri Feb 28 11:51:09 +0000 2020,,,https://twitter.com/MedMubiru/status/1206471908625178625,https://twitter.com/KleviGotHeat/status/1233358977242714112,1233358977242714112,1211797267251744770
2020-02-28 11:17:13+00:00,KleviGotHeat,AriuKaf,0,0,1,Na u mor fryma ca lloj loti,,Fri Feb 28 11:17:13 +0000 2020,,,,https://twitter.com/KleviGotHeat/status/1233350435479654401,1233350435479654401,1211797267251744770
2020-02-28 10:47:46+00:00,KleviGotHeat,,0,0,0,Po,,Fri Feb 28 10:47:46 +0000 2020,,,,https://twitter.com/KleviGotHeat/status/1233343024899543041,1233343024899543041,1211797267251744770
2020-02-28 10:36:41+00:00,KleviGotHeat,SethM4cfarlane,1,0,1, ,,Fri Feb 28 10:36:41 +0000 2020,,,,https://twitter.com/KleviGotHeat/status/1233340237830672384,1233340237830672384,1211797267251744770
2020-02-27 22:58:30+00:00,KleviGotHeat,,0,0,4,Po,,Thu Feb 27 22:58:30 +0000 2020,,,,https://twitter.com/KleviGotHeat/status/1233164535399358464,1233164535399358464,1211797267251744770
2020-02-27 22:49:40+00:00,KleviGotHeat,jo1ax,0,0,0,Thanks ,,Thu Feb 27 22:49:40 +0000 2020,,,,https://twitter.com/KleviGotHeat/status/1233162309482242048,1233162309482242048,1211797267251744770
2020-02-27 22:46:53+00:00,KleviGotHeat,SethM4cfarlane,0,0,1,Rrofsh koleg,,Thu Feb 27 22:46:53 +0000 2020,,,,https://twitter.com/KleviGotHeat/status/1233161611751428096,1233161611751428096,1211797267251744770
2020-02-27 22:34:19+00:00,KleviGotHeat,,2,0,19,100 followers? Nah 100 real mf who kept it w me,,Thu Feb 27 22:34:19 +0000 2020,,,,https://twitter.com/KleviGotHeat/status/1233158448579301376,1233158448579301376,1211797267251744770
2020-02-27 22:31:15+00:00,KleviGotHeat,,0,0,0,@varikarian F,,Thu Feb 27 22:31:15 +0000 2020,,,,https://twitter.com/KleviGotHeat/status/1233157674289844225,1233157674289844225,1211797267251744770
2020-02-27 22:28:59+00:00,KleviGotHeat,,1,0,0,@daniel_egoisti S mret,,Thu Feb 27 22:28:59 +0000 2020,,,,https://twitter.com/KleviGotHeat/status/1233157104174759936,1233157104174759936,1211797267251744770
2020-02-27 22:20:16+00:00,KleviGotHeat,,0,0,0,@yacutebaby Middle A,,Thu Feb 27 22:20:16 +0000 2020,,,,https://twitter.com/KleviGotHeat/status/1233154910281195522,1233154910281195522,1211797267251744770
2020-02-27 22:10:27+00:00,KleviGotHeat,,0,0,0,@Klejdjo3 F,,Thu Feb 27 22:10:27 +0000 2020,,,,https://twitter.com/KleviGotHeat/status/1233152443166478342,1233152443166478342,1211797267251744770
2020-02-27 22:10:12+00:00,KleviGotHeat,,0,0,0,@2dopjoTequila S dopio,@2dopjoTequila,Thu Feb 27 22:10:12 +0000 2020,,,,https://twitter.com/KleviGotHeat/status/1233152379199086604,1233152379199086604,1211797267251744770
2020-02-27 21:42:32+00:00,KleviGotHeat,,1,0,1,@crazytrainduh Middle A,,Thu Feb 27 21:42:32 +0000 2020,,,,https://twitter.com/KleviGotHeat/status/1233145417086513164,1233145417086513164,1211797267251744770
2020-02-27 21:28:33+00:00,KleviGotHeat,liverdisturber,0,0,1,Vetem koka,,Thu Feb 27 21:28:33 +0000 2020,,,,https://twitter.com/KleviGotHeat/status/1233141894613544995,1233141894613544995,1211797267251744770
2020-02-27 21:16:14+00:00,KleviGotHeat,,0,0,2,@servisifemrave se di pz pz,@servisifemrave,Thu Feb 27 21:16:14 +0000 2020,,,,https://twitter.com/KleviGotHeat/status/1233138796427988992,1233138796427988992,1211797267251744770
2020-02-27 21:15:30+00:00,KleviGotHeat,,0,0,1,@meand5others S jet,@meand5others,Thu Feb 27 21:15:30 +0000 2020,,,,https://twitter.com/KleviGotHeat/status/1233138614458101772,1233138614458101772,1211797267251744770
2020-02-27 20:54:23+00:00,KleviGotHeat,,0,0,1,@21gjonax SSS+,@21gjonax,Thu Feb 27 20:54:23 +0000 2020,,,,https://twitter.com/KleviGotHeat/status/1233133298186170376,1233133298186170376,1211797267251744770
2020-02-27 20:51:06+00:00,KleviGotHeat,liverdisturber,1,0,3,Dyshe m t mir ska,,Thu Feb 27 20:51:06 +0000 2020,,,,https://twitter.com/KleviGotHeat/status/1233132473992830977,1233132473992830977,1211797267251744770
2020-02-27 20:42:33+00:00,KleviGotHeat,,0,0,1,@joaanaat S,,Thu Feb 27 20:42:33 +0000 2020,,,,https://twitter.com/KleviGotHeat/status/1233130321803194381,1233130321803194381,1211797267251744770
2020-02-27 20:42:19+00:00,KleviGotHeat,,0,0,0,@ikrbaby S,@ikrbaby,Thu Feb 27 20:42:19 +0000 2020,,,,https://twitter.com/KleviGotHeat/status/1233130261535219712,1233130261535219712,1211797267251744770
2020-02-27 20:41:55+00:00,KleviGotHeat,,0,0,0,@xinxilushe2 A,@xinxilushe2,Thu Feb 27 20:41:55 +0000 2020,,,,https://twitter.com/KleviGotHeat/status/1233130161303846914,1233130161303846914,1211797267251744770
2020-02-27 20:41:11+00:00,KleviGotHeat,SethM4cfarlane,1,0,0,A for looks SSS per ndihmen si koleg qe je,,Thu Feb 27 20:41:11 +0000 2020,,,,https://twitter.com/KleviGotHeat/status/1233129978000297989,1233129978000297989,1211797267251744770
2020-02-27 20:39:33+00:00,KleviGotHeat,,1,0,0,@vet97a S,@vet97a,Thu Feb 27 20:39:33 +0000 2020,,,,https://twitter.com/KleviGotHeat/status/1233129566660702214,1233129566660702214,1211797267251744770
2020-02-27 20:38:16+00:00,KleviGotHeat,,15,0,23,Hajt iher se ktu boni like ju,,Thu Feb 27 20:38:16 +0000 2020,,,,https://twitter.com/KleviGotHeat/status/1233129243384655872,1233129243384655872,1211797267251744770
2020-02-27 16:31:56+00:00,KleviGotHeat,meand5others,1,0,0,Ishte pun tjt kjo shpirt per ty kam ndjenja,,Thu Feb 27 16:31:56 +0000 2020,,,,https://twitter.com/KleviGotHeat/status/1233067249373777920,1233067249373777920,1211797267251744770
2020-02-27 16:29:44+00:00,KleviGotHeat,meand5others,1,0,1,Hajde m shpirt,,Thu Feb 27 16:29:44 +0000 2020,,,,https://twitter.com/KleviGotHeat/status/1233066696614739969,1233066696614739969,1211797267251744770
2020-02-27 15:33:53+00:00,KleviGotHeat,,0,0,0,,,Thu Feb 27 15:33:53 +0000 2020,,,,https://twitter.com/KleviGotHeat/status/1233052643968331779,1233052643968331779,1211797267251744770
2020-02-27 14:59:39+00:00,KleviGotHeat,pikturojshtepia,1,0,1,Edhe mu sma kan bo shef po nejse hape cik krahun ti shoku,,Thu Feb 27 14:59:39 +0000 2020,,,,https://twitter.com/KleviGotHeat/status/1233044026145869825,1233044026145869825,1211797267251744770
2020-02-27 14:43:13+00:00,KleviGotHeat,pikturojshtepia,1,0,1,@AriuKaf dhoma e gazit t jet gati nese del naj nji ktu q do me dal kundra rrymes,@AriuKaf,Thu Feb 27 14:43:13 +0000 2020,,,,https://twitter.com/KleviGotHeat/status/1233039892495519744,1233039892495519744,1211797267251744770
2020-02-27 14:36:19+00:00,KleviGotHeat,AriuKaf,1,0,1,Ungrateful hoes,,Thu Feb 27 14:36:19 +0000 2020,,,,https://twitter.com/KleviGotHeat/status/1233038154556411912,1233038154556411912,1211797267251744770
2020-02-27 14:18:35+00:00,KleviGotHeat,LabirintHegeli,1,0,1,,,Thu Feb 27 14:18:35 +0000 2020,,,,https://twitter.com/KleviGotHeat/status/1233033692282544129,1233033692282544129,1211797267251744770
2020-02-27 14:15:01+00:00,KleviGotHeat,SethM4cfarlane,2,0,0,T trashegoheni,,Thu Feb 27 14:15:01 +0000 2020,,,,https://twitter.com/KleviGotHeat/status/1233032793183211521,1233032793183211521,1211797267251744770
2020-02-27 14:08:30+00:00,KleviGotHeat,LabirintHegeli,1,0,0,E do dhe dorën nfyt,,Thu Feb 27 14:08:30 +0000 2020,,,,https://twitter.com/KleviGotHeat/status/1233031153805864960,1233031153805864960,1211797267251744770
2020-02-27 12:50:20+00:00,KleviGotHeat,bariumtequilisa,2,0,3,Ska gjo vazhdoni ju ta dini që ktu jam un boni kujdes,,Thu Feb 27 12:50:20 +0000 2020,,,,https://twitter.com/KleviGotHeat/status/1233011483363217409,1233011483363217409,1211797267251744770
2020-02-27 11:39:25+00:00,KleviGotHeat,meand5others,1,0,0,Dhe un te dua shum,,Thu Feb 27 11:39:25 +0000 2020,,,,https://twitter.com/KleviGotHeat/status/1232993638352932864,1232993638352932864,1211797267251744770
2020-02-27 11:31:20+00:00,KleviGotHeat,SethM4cfarlane,0,0,1,Pff normal,,Thu Feb 27 11:31:20 +0000 2020,,,,https://twitter.com/KleviGotHeat/status/1232991600621637632,1232991600621637632,1211797267251744770
2020-02-27 11:14:09+00:00,KleviGotHeat,,1,0,8,Nuk ngjoj jo spo ngjoj gjo jooo https://twitter.com/Meltem1707/status/1202614750129147907,,Thu Feb 27 11:14:09 +0000 2020,,,https://twitter.com/Meltem1707/status/1202614750129147907,https://twitter.com/KleviGotHeat/status/1232987276105453569,1232987276105453569,1211797267251744770
2020-02-27 11:03:37+00:00,KleviGotHeat,AriuKaf,1,0,1,Kalamojt e twitterit slujn lojna ,,Thu Feb 27 11:03:37 +0000 2020,,,,https://twitter.com/KleviGotHeat/status/1232984626597126144,1232984626597126144,1211797267251744770
2020-02-27 01:41:50+00:00,KleviGotHeat,redhairenergy,0,0,0,Ok,,Thu Feb 27 01:41:50 +0000 2020,,,,https://twitter.com/KleviGotHeat/status/1232843249775239168,1232843249775239168,1211797267251744770
2020-02-27 01:07:28+00:00,KleviGotHeat,2dopjoTequila,0,0,0,Pse nuk raportove qe sot koleg nje @larg jam rrufe,,Thu Feb 27 01:07:28 +0000 2020,,,,https://twitter.com/KleviGotHeat/status/1232834598993788929,1232834598993788929,1211797267251744770
2020-02-27 01:03:06+00:00,KleviGotHeat,jurislavstalin,1,0,0,Gn,,Thu Feb 27 01:03:06 +0000 2020,,,,https://twitter.com/KleviGotHeat/status/1232833500610514944,1232833500610514944,1211797267251744770
2020-02-26 22:14:30+00:00,KleviGotHeat,meand5others,1,0,1,Spaske qen mir,,Wed Feb 26 22:14:30 +0000 2020,,,,https://twitter.com/KleviGotHeat/status/1232791071257747456,1232791071257747456,1211797267251744770
2020-02-26 17:41:14+00:00,KleviGotHeat,SethM4cfarlane,0,0,1,,,Wed Feb 26 17:41:14 +0000 2020,,,,https://twitter.com/KleviGotHeat/status/1232722303441670144,1232722303441670144,1211797267251744770
2020-02-26 16:58:07+00:00,KleviGotHeat,pikturojshtepia,1,0,6,Kujdes nga Ëngjëlli plak hands down,,Wed Feb 26 16:58:07 +0000 2020,,,,https://twitter.com/KleviGotHeat/status/1232711454010281984,1232711454010281984,1211797267251744770
2020-02-26 15:38:24+00:00,KleviGotHeat,SethM4cfarlane,1,0,0,M.I.D Lil Endi AK 47,,Wed Feb 26 15:38:24 +0000 2020,,,,https://twitter.com/KleviGotHeat/status/1232691390569680898,1232691390569680898,1211797267251744770
2020-02-26 15:34:59+00:00,KleviGotHeat,SethM4cfarlane,1,0,0,Veteran madje,,Wed Feb 26 15:34:59 +0000 2020,,,,https://twitter.com/KleviGotHeat/status/1232690532201226240,1232690532201226240,1211797267251744770
2020-02-26 12:00:29+00:00,KleviGotHeat,2dopjoTequila,1,1,4,,,Wed Feb 26 12:00:29 +0000 2020,,,,https://twitter.com/KleviGotHeat/status/1232636549822636032,1232636549822636032,1211797267251744770
2020-02-26 11:50:57+00:00,KleviGotHeat,,0,1,10,https://twitter.com/kingfatimaaaa/status/1232181463421865985,,Wed Feb 26 11:50:57 +0000 2020,,,https://twitter.com/kingfatimaaaa/status/1232181463421865985,https://twitter.com/KleviGotHeat/status/1232634149934161926,1232634149934161926,1211797267251744770
2020-02-26 09:52:19+00:00,KleviGotHeat,kaclali,0,0,0,Sprish pun,,Wed Feb 26 09:52:19 +0000 2020,,,,https://twitter.com/KleviGotHeat/status/1232604293905240064,1232604293905240064,1211797267251744770
2020-02-26 09:47:15+00:00,KleviGotHeat,kaclali,1,0,0,Mund dhe te njihemi hihi ,,Wed Feb 26 09:47:15 +0000 2020,,,,https://twitter.com/KleviGotHeat/status/1232603022099984384,1232603022099984384,1211797267251744770
2020-02-26 09:40:14+00:00,KleviGotHeat,SethM4cfarlane,1,0,0,Ku e ke pa koleg,,Wed Feb 26 09:40:14 +0000 2020,,,,https://twitter.com/KleviGotHeat/status/1232601253366112258,1232601253366112258,1211797267251744770
2020-02-26 09:39:10+00:00,KleviGotHeat,kaclali,0,0,1,Me kte ftyr q ke ti duhet t them un Zot jo,,Wed Feb 26 09:39:10 +0000 2020,,,,https://twitter.com/KleviGotHeat/status/1232600987925438464,1232600987925438464,1211797267251744770
2020-02-26 01:55:47+00:00,KleviGotHeat,bariumtequilisa,0,0,0,Ste ndihmoj dot puna ishte tma gjenit ju fiksimin sma gjeti njero deri tashi,,Wed Feb 26 01:55:47 +0000 2020,,,,https://twitter.com/KleviGotHeat/status/1232484374097956864,1232484374097956864,1211797267251744770
2020-02-26 01:34:53+00:00,KleviGotHeat,bariumtequilisa,1,0,0,Pse menojn kto q tkam fiksim ty ,,Wed Feb 26 01:34:53 +0000 2020,,,,https://twitter.com/KleviGotHeat/status/1232479113765502976,1232479113765502976,1211797267251744770
2020-02-26 00:13:52+00:00,KleviGotHeat,katerqineizet,0,0,1,Jo plak sje i vetmi,,Wed Feb 26 00:13:52 +0000 2020,,,,https://twitter.com/KleviGotHeat/status/1232458724125507584,1232458724125507584,1211797267251744770
2020-02-26 00:07:59+00:00,KleviGotHeat,akirioo,1,0,3,,,Wed Feb 26 00:07:59 +0000 2020,,,,https://twitter.com/KleviGotHeat/status/1232457245050339329,1232457245050339329,1211797267251744770
2020-02-26 00:05:12+00:00,KleviGotHeat,akirioo,1,0,2,Nuk bohet,,Wed Feb 26 00:05:12 +0000 2020,,,,https://twitter.com/KleviGotHeat/status/1232456541896232961,1232456541896232961,1211797267251744770
2020-02-25 23:52:44+00:00,KleviGotHeat,meand5others,1,0,0,Tbukra se mund ti arrijmë hihi,,Tue Feb 25 23:52:44 +0000 2020,,,,https://twitter.com/KleviGotHeat/status/1232453405731246080,1232453405731246080,1211797267251744770
2020-02-25 23:50:53+00:00,KleviGotHeat,meand5others,1,0,0,Me mua?,,Tue Feb 25 23:50:53 +0000 2020,,,,https://twitter.com/KleviGotHeat/status/1232452940763254784,1232452940763254784,1211797267251744770
2020-02-25 23:49:14+00:00,KleviGotHeat,meand5others,1,0,0,Vapa?,,Tue Feb 25 23:49:14 +0000 2020,,,,https://twitter.com/KleviGotHeat/status/1232452523627139074,1232452523627139074,1211797267251744770
2020-02-25 23:47:48+00:00,KleviGotHeat,meand5others,1,0,0,Spo me zinte gjumi,,Tue Feb 25 23:47:48 +0000 2020,,,,https://twitter.com/KleviGotHeat/status/1232452163743277056,1232452163743277056,1211797267251744770
2020-02-25 23:47:21+00:00,KleviGotHeat,pikturojshtepia,0,0,0,I'll take revenge for you fella just wait,,Tue Feb 25 23:47:21 +0000 2020,,,,https://twitter.com/KleviGotHeat/status/1232452049989599232,1232452049989599232,1211797267251744770
2020-02-25 23:46:44+00:00,KleviGotHeat,meand5others,1,0,0,Çkm,,Tue Feb 25 23:46:44 +0000 2020,,,,https://twitter.com/KleviGotHeat/status/1232451895978971136,1232451895978971136,1211797267251744770
2020-02-25 23:38:31+00:00,KleviGotHeat,SethM4cfarlane,1,0,1,Jo un jam bodyguard i @tequilisa,,Tue Feb 25 23:38:31 +0000 2020,,,,https://twitter.com/KleviGotHeat/status/1232449826656096256,1232449826656096256,1211797267251744770
2020-02-25 23:37:11+00:00,KleviGotHeat,danjogetmoney,1,0,3,@pikturojshtepia stivo ca po nodh ktu plak,@pikturojshtepia,Tue Feb 25 23:37:11 +0000 2020,,,,https://twitter.com/KleviGotHeat/status/1232449492240125952,1232449492240125952,1211797267251744770
