date,username,to,replies,retweets,favorites,text,mentions,formatted_date,geo,hashtags,urls,permalink,ID,author_id
2020-02-28 15:33:33+00:00,haniruok,yajpeg,0,0,0,takes a king to know a king ,,Fri Feb 28 15:33:33 +0000 2020,,,,https://twitter.com/haniruok/status/1233414946844823553,1233414946844823553,716733423
2020-02-28 15:32:19+00:00,haniruok,mithkii,0,0,0,tysmmm ,,Fri Feb 28 15:32:19 +0000 2020,,,,https://twitter.com/haniruok/status/1233414637149970432,1233414637149970432,716733423
2020-02-28 15:32:04+00:00,haniruok,jakegyllenhaaII,0,0,1,KSDJJDJD ,,Fri Feb 28 15:32:04 +0000 2020,,,,https://twitter.com/haniruok/status/1233414571903324160,1233414571903324160,716733423
2020-02-28 15:31:43+00:00,haniruok,amalgesic,0,0,1,it would be an oxymoron if he wore it as he does not rule ,,Fri Feb 28 15:31:43 +0000 2020,,,,https://twitter.com/haniruok/status/1233414484976455680,1233414484976455680,716733423
2020-02-28 11:06:13+00:00,haniruok,lailatweetzx,0,0,1,the way my dumbass didn't even connect deva cut with deva curl skdjdshhsd i am going nowhere near that stuff ,,Fri Feb 28 11:06:13 +0000 2020,,,,https://twitter.com/haniruok/status/1233347670066057217,1233347670066057217,716733423
2020-02-28 11:03:56+00:00,haniruok,,1,0,5,my hair has grown which means my curls don't have as much volume so i need a curly/deva cut....but these prices smh,,Fri Feb 28 11:03:56 +0000 2020,,,,https://twitter.com/haniruok/status/1233347092615254016,1233347092615254016,716733423
2020-02-28 00:40:58+00:00,haniruok,,1,0,11,"just took the bins out and five minutes later three of my neighbors did the same, i set trends dem man copy ",,Fri Feb 28 00:40:58 +0000 2020,,,,https://twitter.com/haniruok/status/1233190321816731648,1233190321816731648,716733423
2020-02-27 22:40:25+00:00,haniruok,,0,0,0,ooo ty!!!!,,Thu Feb 27 22:40:25 +0000 2020,,,,https://twitter.com/haniruok/status/1233159980762746880,1233159980762746880,716733423
2020-02-27 22:33:04+00:00,haniruok,,0,0,5,i need a paddington poster,,Thu Feb 27 22:33:04 +0000 2020,,,,https://twitter.com/haniruok/status/1233158133968752646,1233158133968752646,716733423
2020-02-27 22:00:07+00:00,haniruok,,1,0,4,what kind of skinny fetus,,Thu Feb 27 22:00:07 +0000 2020,,,,https://twitter.com/haniruok/status/1233149839539679235,1233149839539679235,716733423
2020-02-27 21:57:21+00:00,haniruok,,1,0,10,this lady standing up on the train was giving me the weirdest looks and it was only when i got up that i finally saw her “baby on board” badge...girl if you don’t stick that belly out a lil more i had no clue ,,Thu Feb 27 21:57:21 +0000 2020,,,,https://twitter.com/haniruok/status/1233149144254046209,1233149144254046209,716733423
2020-02-27 21:41:33+00:00,haniruok,,0,1,8,sex education paved the way lemme write dorm instead of “accommodation” pls,,Thu Feb 27 21:41:33 +0000 2020,,,,https://twitter.com/haniruok/status/1233145170172030990,1233145170172030990,716733423
2020-02-27 21:37:59+00:00,haniruok,,2,1,36,all the critiques i get on my scripts from my teacher are “sounds too american isn’t this set in london???” BITCH ION WANNA BE HERE DAS WHY,,Thu Feb 27 21:37:59 +0000 2020,,,,https://twitter.com/haniruok/status/1233144271961829384,1233144271961829384,716733423
2020-02-27 20:25:37+00:00,haniruok,EW,0,0,13,am i really gonna have to figure out where i left off in season 5 just for her....yes,,Thu Feb 27 20:25:37 +0000 2020,,,https://twitter.com/EW/status/1232792657115611136,https://twitter.com/haniruok/status/1233126057664032768,1233126057664032768,716733423
2020-02-27 20:24:11+00:00,haniruok,irljeangrey,1,0,1,no way!!! we’re basically the same height and same ive been overcompensating by buying a lot of platforms lmao,,Thu Feb 27 20:24:11 +0000 2020,,,,https://twitter.com/haniruok/status/1233125696345714695,1233125696345714695,716733423
2020-02-27 20:13:36+00:00,haniruok,irljeangrey,1,0,1,WAIT why do i get tall girl vibes from you ,,Thu Feb 27 20:13:36 +0000 2020,,,,https://twitter.com/haniruok/status/1233123032941649921,1233123032941649921,716733423
2020-02-27 20:04:47+00:00,haniruok,,0,0,15,timothee chalamet really just wanders around london by himself...a lot of people would be scared and ill name em,,Thu Feb 27 20:04:47 +0000 2020,,,,https://twitter.com/haniruok/status/1233120814498766853,1233120814498766853,716733423
2020-02-27 19:53:56+00:00,haniruok,,0,0,16,almost every member of my family has a different name for my cat and he responds to them all???,,Thu Feb 27 19:53:56 +0000 2020,,,,https://twitter.com/haniruok/status/1233118084283666433,1233118084283666433,716733423
2020-02-27 17:31:23+00:00,haniruok,,0,3,29,there is no worse feeling than when you can feel yourself being annoying but you just can’t stop,,Thu Feb 27 17:31:23 +0000 2020,,,,https://twitter.com/haniruok/status/1233082213685698560,1233082213685698560,716733423
2020-02-27 15:35:25+00:00,haniruok,,0,0,17,https://twitter.com/rahm3sh/status/1232506692732059650,,Thu Feb 27 15:35:25 +0000 2020,,,https://twitter.com/rahm3sh/status/1232506692732059650,https://twitter.com/haniruok/status/1233053025968807936,1233053025968807936,716733423
2020-02-27 13:39:20+00:00,haniruok,,0,1,12,i have the most healthy and wholesome breakfast and lunches and then i lose ALL composure by dinner time what’s up with that,,Thu Feb 27 13:39:20 +0000 2020,,,,https://twitter.com/haniruok/status/1233023816147841025,1233023816147841025,716733423
2020-02-27 00:28:43+00:00,haniruok,yajpeg,0,0,0,and then suddenly maury comes out of nowhere and there’s a surprise DNA test,,Thu Feb 27 00:28:43 +0000 2020,,,,https://twitter.com/haniruok/status/1232824850126909440,1232824850126909440,716733423
2020-02-27 00:20:28+00:00,haniruok,,1,0,7,i hate a screenshots tweet when it gets 69 likes and then captions it “nice” ass bitch,,Thu Feb 27 00:20:28 +0000 2020,,,,https://twitter.com/haniruok/status/1232822772432326657,1232822772432326657,716733423
2020-02-26 23:23:22+00:00,haniruok,haaniyah_,0,1,2,NYLON MAG YESSSSS ,,Wed Feb 26 23:23:22 +0000 2020,,,,https://twitter.com/haniruok/status/1232808401454936065,1232808401454936065,716733423
2020-02-26 22:53:38+00:00,haniruok,putinaspliff,1,0,2,i’m so mad at myself don’t even wanna look at the tweet,,Wed Feb 26 22:53:38 +0000 2020,,,,https://twitter.com/haniruok/status/1232800918871183361,1232800918871183361,716733423
2020-02-26 22:52:56+00:00,haniruok,yajpeg,1,0,0,FKAKJASHYEHESH evidence of brain cells decreasing ,,Wed Feb 26 22:52:56 +0000 2020,,,,https://twitter.com/haniruok/status/1232800744090284033,1232800744090284033,716733423
2020-02-26 22:10:23+00:00,haniruok,aminoncinema,1,0,0,omg ME WITH YOU i die everytime you mention your clients skdjjdjdjd ,,Wed Feb 26 22:10:23 +0000 2020,,,,https://twitter.com/haniruok/status/1232790038527840257,1232790038527840257,716733423
2020-02-26 22:07:17+00:00,haniruok,OCEANGlRL,1,0,0,coochie so fat it bakes bread ,,Wed Feb 26 22:07:17 +0000 2020,,,,https://twitter.com/haniruok/status/1232789257632337926,1232789257632337926,716733423
2020-02-26 22:05:40+00:00,haniruok,spiderverses,1,0,0,omg oomf appropriating disabilities y’all come get her,,Wed Feb 26 22:05:40 +0000 2020,,,,https://twitter.com/haniruok/status/1232788849350369281,1232788849350369281,716733423
2020-02-26 22:04:46+00:00,haniruok,OCEANGlRL,1,0,1,was that a dish on ratatouille omg ur obsessed,,Wed Feb 26 22:04:46 +0000 2020,,,,https://twitter.com/haniruok/status/1232788622610399233,1232788622610399233,716733423
2020-02-26 22:03:37+00:00,haniruok,OCEANGlRL,1,0,1,ok linguistics get a room ,,Wed Feb 26 22:03:37 +0000 2020,,,,https://twitter.com/haniruok/status/1232788333262254081,1232788333262254081,716733423
2020-02-26 21:55:05+00:00,haniruok,spiderverses,1,0,1,WHEW CHILLAY SJDJJDJDDJ,,Wed Feb 26 21:55:05 +0000 2020,,,,https://twitter.com/haniruok/status/1232786186164428801,1232786186164428801,716733423
2020-02-26 21:35:00+00:00,haniruok,OCEANGlRL,1,0,1,ur own personal jester a literal honour ,,Wed Feb 26 21:35:00 +0000 2020,,,,https://twitter.com/haniruok/status/1232781133642895360,1232781133642895360,716733423
2020-02-26 21:34:17+00:00,haniruok,miyaisms,1,0,1,omg i need all your encouraging words on a recording so i can just constantly listen to them ,,Wed Feb 26 21:34:17 +0000 2020,,,,https://twitter.com/haniruok/status/1232780953271009281,1232780953271009281,716733423
2020-02-26 21:33:15+00:00,haniruok,IamTheReelKP,0,0,2,"if i can do it, you can too!!! good luck!!",,Wed Feb 26 21:33:15 +0000 2020,,,,https://twitter.com/haniruok/status/1232780692045606916,1232780692045606916,716733423
2020-02-26 21:22:08+00:00,haniruok,,5,3,529,thinking about how i was so unconfident to tackle comedy writing and a guy in my class tonight choked on his water at a line in my script and we had to momentarily stop the reading ,,Wed Feb 26 21:22:08 +0000 2020,,,,https://twitter.com/haniruok/status/1232777892037353473,1232777892037353473,716733423
2020-02-26 20:05:20+00:00,haniruok,putinaspliff,0,0,4,"woke up this morning and put my hair into a messy bun and slipped on my docs, next i put on some minimal makeup because i wasn't like other girls <3",,Wed Feb 26 20:05:20 +0000 2020,,,,https://twitter.com/haniruok/status/1232758565196136449,1232758565196136449,716733423
2020-02-26 20:04:20+00:00,haniruok,kamadmitone,0,0,0,KSJSDD LITERALLY,,Wed Feb 26 20:04:20 +0000 2020,,,,https://twitter.com/haniruok/status/1232758314749968384,1232758314749968384,716733423
2020-02-26 20:04:06+00:00,haniruok,,0,0,26,the way this girl in my class has created such a cool dystopian/fantasy concept that would absolutely thrive on HBO i'm so excited for her come on female screenwriters!!!!,,Wed Feb 26 20:04:06 +0000 2020,,,,https://twitter.com/haniruok/status/1232758256982020099,1232758256982020099,716733423
2020-02-26 19:58:56+00:00,haniruok,,3,0,22,can't believe me and this dude despised each other at the beginning of this course and now we share m&m's in the back of the lecture hall,,Wed Feb 26 19:58:56 +0000 2020,,,,https://twitter.com/haniruok/status/1232756955934076931,1232756955934076931,716733423
2020-02-26 19:00:42+00:00,haniruok,spiderverses,1,0,0,NOOOO,,Wed Feb 26 19:00:42 +0000 2020,,,,https://twitter.com/haniruok/status/1232742299504955392,1232742299504955392,716733423
2020-02-26 17:50:59+00:00,haniruok,,0,0,9,that horrendous accent only sounds good on zayn and if that isn’t an example of pretty privilege at work idk what is skdjdjdj,,Wed Feb 26 17:50:59 +0000 2020,,,,https://twitter.com/haniruok/status/1232724755746304000,1232724755746304000,716733423
2020-02-26 16:15:12+00:00,haniruok,,0,0,20,just heard someone say they’re giving up carrots for lent....how healthy is your diet for carrots to be the villain,,Wed Feb 26 16:15:12 +0000 2020,,,,https://twitter.com/haniruok/status/1232700650900860934,1232700650900860934,716733423
2020-02-26 15:56:58+00:00,haniruok,celestfae,0,0,1,i will not comment further,,Wed Feb 26 15:56:58 +0000 2020,,,,https://twitter.com/haniruok/status/1232696064542695425,1232696064542695425,716733423
2020-02-26 14:25:56+00:00,haniruok,yajpeg,0,0,0,ALEXA PLAY ROMAN HOLIDAY,,Wed Feb 26 14:25:56 +0000 2020,,,,https://twitter.com/haniruok/status/1232673153027117057,1232673153027117057,716733423
2020-02-26 14:20:10+00:00,haniruok,,1,0,24,wrote 18 pages of script today omg is it crack,,Wed Feb 26 14:20:10 +0000 2020,,,,https://twitter.com/haniruok/status/1232671704641658881,1232671704641658881,716733423
2020-02-26 01:24:14+00:00,haniruok,,0,0,15,alright alright,,Wed Feb 26 01:24:14 +0000 2020,,,,https://twitter.com/haniruok/status/1232476432539873280,1232476432539873280,716733423
2020-02-25 22:53:13+00:00,haniruok,dunwaIl,0,0,2,oomf blocked me bc a bunch of satanic popes serenaded me *not clickbait* ????,,Tue Feb 25 22:53:13 +0000 2020,,,,https://twitter.com/haniruok/status/1232438429473894400,1232438429473894400,716733423
2020-02-25 22:30:37+00:00,haniruok,,1,0,21,ikra taking me to a ghost concert next year vibes,,Tue Feb 25 22:30:37 +0000 2020,,,,https://twitter.com/haniruok/status/1232432740689006593,1232432740689006593,716733423
2020-02-25 21:47:56+00:00,haniruok,,0,0,6,i genuinely find kombucha girl lovely and actually funny,,Tue Feb 25 21:47:56 +0000 2020,,,,https://twitter.com/haniruok/status/1232421998598524928,1232421998598524928,716733423
2020-02-25 21:06:34+00:00,haniruok,,0,0,5,bryce is a really american name i don't think i will ever come across a british bryce,,Tue Feb 25 21:06:34 +0000 2020,,,,https://twitter.com/haniruok/status/1232411587526479872,1232411587526479872,716733423
2020-02-25 20:35:39+00:00,haniruok,,0,0,0,.,,Tue Feb 25 20:35:39 +0000 2020,,,https://curiouscat.me/haniruok?t=1582662939,https://twitter.com/haniruok/status/1232403807793041409,1232403807793041409,716733423
2020-02-25 20:28:33+00:00,haniruok,pjgray_,0,0,3,omg they truly don’t understand what low budget means to students skdjdj,,Tue Feb 25 20:28:33 +0000 2020,,,,https://twitter.com/haniruok/status/1232402020763656194,1232402020763656194,716733423
2020-02-25 20:28:00+00:00,haniruok,,0,0,8,feel like i’ve genuinely gotten dumber over the years might fuck around and re-learn how to do simultaneous equations later,,Tue Feb 25 20:28:00 +0000 2020,,,,https://twitter.com/haniruok/status/1232401883857391616,1232401883857391616,716733423
2020-02-25 19:11:24+00:00,haniruok,seraphfem,1,0,0,wait a minute what ,,Tue Feb 25 19:11:24 +0000 2020,,,,https://twitter.com/haniruok/status/1232382605414338563,1232382605414338563,716733423
2020-02-25 18:36:31+00:00,haniruok,,0,0,5,the last ten minutes at work should be used as a torture device,,Tue Feb 25 18:36:31 +0000 2020,,,,https://twitter.com/haniruok/status/1232373827197378561,1232373827197378561,716733423
2020-02-25 16:46:44+00:00,haniruok,noahpsychs,1,0,2,thanks noah i guess i was way off sjdjjdjd,,Tue Feb 25 16:46:44 +0000 2020,,,,https://twitter.com/haniruok/status/1232346198654308352,1232346198654308352,716733423
2020-02-25 16:41:32+00:00,haniruok,OCEANGlRL,0,0,1,oh this is a fit,,Tue Feb 25 16:41:32 +0000 2020,,,,https://twitter.com/haniruok/status/1232344892510285824,1232344892510285824,716733423
2020-02-25 16:41:15+00:00,haniruok,filmmakerflying,0,0,0,yeah i was thinking around that number ,,Tue Feb 25 16:41:15 +0000 2020,,,,https://twitter.com/haniruok/status/1232344820850536448,1232344820850536448,716733423
2020-02-25 16:21:17+00:00,haniruok,camerouninema,1,0,2,i would honestly say even lower ,,Tue Feb 25 16:21:17 +0000 2020,,,,https://twitter.com/haniruok/status/1232339795126476800,1232339795126476800,716733423
2020-02-25 15:53:23+00:00,haniruok,ephwinslow,0,0,0,oh a SERVE,,Tue Feb 25 15:53:23 +0000 2020,,,,https://twitter.com/haniruok/status/1232332774985605120,1232332774985605120,716733423
2020-02-25 15:52:43+00:00,haniruok,scorpidont,0,0,1,miss gorjussss,,Tue Feb 25 15:52:43 +0000 2020,,,,https://twitter.com/haniruok/status/1232332605300891648,1232332605300891648,716733423
2020-02-25 15:52:19+00:00,haniruok,,7,0,15,what’s your definition of low budget filmmaking because people on youtube are saying some ridiculous amounts ngl,,Tue Feb 25 15:52:19 +0000 2020,,,,https://twitter.com/haniruok/status/1232332507120644097,1232332507120644097,716733423
2020-02-25 15:37:16+00:00,haniruok,bergmanisland_,0,0,1,sameeeee ,,Tue Feb 25 15:37:16 +0000 2020,,,,https://twitter.com/haniruok/status/1232328719391391744,1232328719391391744,716733423
2020-02-25 15:31:12+00:00,haniruok,bergmanisland_,1,0,1,100%,,Tue Feb 25 15:31:12 +0000 2020,,,,https://twitter.com/haniruok/status/1232327189749592064,1232327189749592064,716733423
2020-02-25 12:59:03+00:00,haniruok,,0,0,15,i would marry my pilot episode if it was a person like das my type das my type,,Tue Feb 25 12:59:03 +0000 2020,,,,https://twitter.com/haniruok/status/1232288900019822594,1232288900019822594,716733423
2020-02-24 19:27:30+00:00,haniruok,attackontima,1,0,1,YESSSS FATSSSS so happy for you ,,Mon Feb 24 19:27:30 +0000 2020,,,,https://twitter.com/haniruok/status/1232024270185914370,1232024270185914370,716733423
2020-02-24 19:24:16+00:00,haniruok,,1,0,24,why am i just finding out lena waithe stole a concept from an up-and-coming filmmaker why is she insisting on being so annoying god,,Mon Feb 24 19:24:16 +0000 2020,,,,https://twitter.com/haniruok/status/1232023456188977152,1232023456188977152,716733423
2020-02-24 18:47:14+00:00,haniruok,childgrave,0,0,0,we do but it’s still ridiculous in london ,,Mon Feb 24 18:47:14 +0000 2020,,,,https://twitter.com/haniruok/status/1232014135594037250,1232014135594037250,716733423
2020-02-24 18:03:28+00:00,haniruok,spiderverses,0,0,1,ok smarty pants,,Mon Feb 24 18:03:28 +0000 2020,,,,https://twitter.com/haniruok/status/1232003121750138881,1232003121750138881,716733423
2020-02-24 17:41:37+00:00,haniruok,spiderverses,1,0,3,so it was an ellipsis not a period ,,Mon Feb 24 17:41:37 +0000 2020,,,,https://twitter.com/haniruok/status/1231997622287818758,1231997622287818758,716733423
2020-02-24 17:39:12+00:00,haniruok,,0,0,12,"shall i go cannes.....lowkey in debt but i want something to party to, something for the summertime <3",,Mon Feb 24 17:39:12 +0000 2020,,,,https://twitter.com/haniruok/status/1231997013656559617,1231997013656559617,716733423
2020-02-24 17:11:51+00:00,haniruok,witchyanya,0,0,1,yep!,,Mon Feb 24 17:11:51 +0000 2020,,,,https://twitter.com/haniruok/status/1231990131252432896,1231990131252432896,716733423
2020-02-24 16:28:10+00:00,haniruok,,2,0,0,1. 2. 3. 4. ,,Mon Feb 24 16:28:10 +0000 2020,,,,https://twitter.com/haniruok/status/1231979137104891904,1231979137104891904,716733423
2020-02-24 16:01:29+00:00,haniruok,bolu_bello,0,28,150,no thank u one of us needs to make money,,Mon Feb 24 16:01:29 +0000 2020,,,https://twitter.com/bolu_bello/status/1231649417666711553,https://twitter.com/haniruok/status/1231972425308475393,1231972425308475393,716733423
2020-02-24 15:51:10+00:00,haniruok,LWLies,0,0,13,me and my dad will be there opening night,,Mon Feb 24 15:51:10 +0000 2020,,,https://twitter.com/LWLies/status/1231966518524678145,https://twitter.com/haniruok/status/1231969826823954432,1231969826823954432,716733423
2020-02-24 11:59:04+00:00,haniruok,ephwinslow,0,0,2,skdjjd capitalism will not win on my watch ,,Mon Feb 24 11:59:04 +0000 2020,,,,https://twitter.com/haniruok/status/1231911416573124609,1231911416573124609,716733423
2020-02-24 11:45:06+00:00,haniruok,,1,0,5,the fear in my heart as the inspector came closer and i realized i couldn’t use my little sisters’ birthday anymore because they turned 16 last month skdjdjdjdj,,Mon Feb 24 11:45:06 +0000 2020,,,,https://twitter.com/haniruok/status/1231907903306641410,1231907903306641410,716733423
2020-02-24 11:44:27+00:00,haniruok,,2,0,32,for someone who’s almost 23 and has anxiety you’d think i’d stop pretending to be 15 and buying child tickets on public transport,,Mon Feb 24 11:44:27 +0000 2020,,,,https://twitter.com/haniruok/status/1231907740504788999,1231907740504788999,716733423
2020-02-24 02:37:33+00:00,haniruok,cIemmie,1,0,31,ladybird done lost her mind,,Mon Feb 24 02:37:33 +0000 2020,,,,https://twitter.com/haniruok/status/1231770107531157504,1231770107531157504,716733423
2020-02-24 02:35:29+00:00,haniruok,Molssssss,1,0,1,omg sameee it’s so scary!!!!!! can time just stop lmao,,Mon Feb 24 02:35:29 +0000 2020,,,,https://twitter.com/haniruok/status/1231769587789811712,1231769587789811712,716733423
2020-02-24 02:11:15+00:00,haniruok,,0,0,6,just wish i was nineteen and on fire again ,,Mon Feb 24 02:11:15 +0000 2020,,,,https://twitter.com/haniruok/status/1231763489078771712,1231763489078771712,716733423
2020-02-24 02:10:58+00:00,haniruok,,2,0,26,it’s going to make me physically sick when i change the 22 in my bio to 23 in two months time,,Mon Feb 24 02:10:58 +0000 2020,,,,https://twitter.com/haniruok/status/1231763419117891584,1231763419117891584,716733423
2020-02-24 00:20:34+00:00,haniruok,,0,0,10,there comes a time where the eldest sibling starts to get along with the sibling younger than them and you both start to bond over collective family trauma ahhh that’s herstory,,Mon Feb 24 00:20:34 +0000 2020,,,,https://twitter.com/haniruok/status/1231735635091873792,1231735635091873792,716733423
2020-02-24 00:18:07+00:00,haniruok,midsmmrr,1,0,1,omg meeee the way i’m trying to teach myself how to read again skdjdjdjdj,,Mon Feb 24 00:18:07 +0000 2020,,,,https://twitter.com/haniruok/status/1231735018831204354,1231735018831204354,716733423
2020-02-24 00:17:25+00:00,haniruok,,1,0,13,the way i realized outside of my three friends i hang out with my nineteen year old sister the most....discostang,,Mon Feb 24 00:17:25 +0000 2020,,,,https://twitter.com/haniruok/status/1231734841814720512,1231734841814720512,716733423
2020-02-24 00:04:17+00:00,haniruok,claire_foy,0,0,2,STOP LMAOOO,,Mon Feb 24 00:04:17 +0000 2020,,,,https://twitter.com/haniruok/status/1231731535398789120,1231731535398789120,716733423
2020-02-23 18:59:05+00:00,haniruok,,0,0,3,i didn’t think drinks could do that it was like someone stuffed mentos in it omg we are drenched,,Sun Feb 23 18:59:05 +0000 2020,,,,https://twitter.com/haniruok/status/1231654730419621893,1231654730419621893,716733423
2020-02-23 18:58:03+00:00,haniruok,,1,0,12,a 1.5 ltr of pepsi just exploded in the back seat of my car as my sister drove like EXPLODED covered all the windows and everything we thought it was a bomb skdjdjdjdjj,,Sun Feb 23 18:58:03 +0000 2020,,,,https://twitter.com/haniruok/status/1231654471656181761,1231654471656181761,716733423
2020-02-23 17:51:14+00:00,haniruok,bbwightvc,0,0,1,thank youuuu ,,Sun Feb 23 17:51:14 +0000 2020,,,,https://twitter.com/haniruok/status/1231637655441592321,1231637655441592321,716733423
2020-02-23 17:50:58+00:00,haniruok,midsmmrr,0,0,1,SJDJJDJD TYSM ,,Sun Feb 23 17:50:58 +0000 2020,,,,https://twitter.com/haniruok/status/1231637589142245378,1231637589142245378,716733423
2020-02-23 17:22:00+00:00,haniruok,amalgesic,1,0,0,think streaming sites have an agenda against you specifically also what movie,,Sun Feb 23 17:22:00 +0000 2020,,,,https://twitter.com/haniruok/status/1231630298691047425,1231630298691047425,716733423
2020-02-22 19:38:28+00:00,haniruok,,0,0,2,the way i convinced amal to get greggs today despite it being day 1 of her healthy eating ,,Sat Feb 22 19:38:28 +0000 2020,,,,https://twitter.com/haniruok/status/1231302254700961793,1231302254700961793,716733423
2020-02-22 18:33:39+00:00,haniruok,saerodynamic_,3,0,5,-10 i’ve tried everything to be a scary bitch but alas,,Sat Feb 22 18:33:39 +0000 2020,,,https://twitter.com/saerodynamic_/status/1231054450925674496,https://twitter.com/haniruok/status/1231285941056233475,1231285941056233475,716733423
2020-02-22 16:25:32+00:00,haniruok,,0,0,13,men’s section at thrift stores i luv u <3,,Sat Feb 22 16:25:32 +0000 2020,,,,https://twitter.com/haniruok/status/1231253701756674051,1231253701756674051,716733423
2020-02-22 13:55:06+00:00,haniruok,,1,0,6,30 minutes into thrifting and already found so many gems i honestly believe @amalgesic is my lucky charm,@amalgesic,Sat Feb 22 13:55:06 +0000 2020,,,,https://twitter.com/haniruok/status/1231215844430155776,1231215844430155776,716733423
2020-02-22 11:54:49+00:00,haniruok,,0,0,2,the state of my car after my sister and her friends use it for a day ,,Sat Feb 22 11:54:49 +0000 2020,,,,https://twitter.com/haniruok/status/1231185571344736261,1231185571344736261,716733423
2020-02-21 20:35:20+00:00,haniruok,dunwaIl,1,0,1,i’m laughing all over again kskdjdjsjsjjajs,,Fri Feb 21 20:35:20 +0000 2020,,,,https://twitter.com/haniruok/status/1230954177792282625,1230954177792282625,716733423
2020-02-21 20:28:15+00:00,haniruok,haaniyah_,0,0,1,"now, han.",,Fri Feb 21 20:28:15 +0000 2020,,,,https://twitter.com/haniruok/status/1230952394676228097,1230952394676228097,716733423
2020-02-21 20:19:18+00:00,haniruok,haaniyah_,1,0,12,or “i did a thing” sjdjdjj,,Fri Feb 21 20:19:18 +0000 2020,,,,https://twitter.com/haniruok/status/1230950142947287042,1230950142947287042,716733423
