date,username,to,replies,retweets,favorites,text,mentions,formatted_date,geo,hashtags,urls,permalink,ID,author_id
2020-02-28 23:22:48+00:00,HarlemMC,CorwinMalcolm,0,0,1,Congrats!,,Fri Feb 28 23:22:48 +0000 2020,,,,https://twitter.com/HarlemMC/status/1233533038031708163,1233533038031708163,954470334
2020-02-28 23:20:25+00:00,HarlemMC,mydadfailedme,0,0,1,This reminds me of the woman who actually crunched and tweeted the numbers for returns on investing in Black-owned and operated prisons. She rightfully got dragged.,,Fri Feb 28 23:20:25 +0000 2020,,,https://twitter.com/mydadfailedme/status/1232855228694679552,https://twitter.com/HarlemMC/status/1233532436442701825,1233532436442701825,954470334
2020-02-28 23:08:52+00:00,HarlemMC,,0,0,0,Nice pecs and toned arms on a man,,Fri Feb 28 23:08:52 +0000 2020,,,,https://twitter.com/HarlemMC/status/1233529529081221121,1233529529081221121,954470334
2020-02-28 23:07:30+00:00,HarlemMC,,0,0,2,*bozo,,Fri Feb 28 23:07:30 +0000 2020,,,,https://twitter.com/HarlemMC/status/1233529185571950592,1233529185571950592,954470334
2020-02-28 23:03:53+00:00,HarlemMC,sunhashira,2,2,4,People are sending this boxo money?!,,Fri Feb 28 23:03:53 +0000 2020,,,https://twitter.com/sunhashira/status/1233417652225368065,https://twitter.com/HarlemMC/status/1233528278046183424,1233528278046183424,954470334
2020-02-28 22:59:01+00:00,HarlemMC,talleyberrybaby,0,2,7,,,Fri Feb 28 22:59:01 +0000 2020,,,https://twitter.com/harlemmc/status/1233524216122744832?s=21,https://twitter.com/HarlemMC/status/1233527052063715328,1233527052063715328,954470334
2020-02-28 22:47:45+00:00,HarlemMC,talleyberrybaby,4,36,61,Y’all need to start dating men who actually like u. Your thinking on this will change when u do. Learn the signs for when a man is only interested in u for sex so u don’t waste your time. These narratives y’all create as a defense mechanism reallt aren’t serving u well.,,Fri Feb 28 22:47:45 +0000 2020,,,https://twitter.com/talleyberrybaby/status/1233231316436602884,https://twitter.com/HarlemMC/status/1233524216122744832,1233524216122744832,954470334
2020-02-28 20:56:10+00:00,HarlemMC,cnni,0,0,1,Send the floods. It’s time.,,Fri Feb 28 20:56:10 +0000 2020,,,https://twitter.com/cnni/status/1233393636672446464,https://twitter.com/HarlemMC/status/1233496133240008709,1233496133240008709,954470334
2020-02-28 20:54:05+00:00,HarlemMC,Gresham2x,0,0,2,This dude must not be an ass man cause I’m straight and even I didn’t notice anything but the ass. ,,Fri Feb 28 20:54:05 +0000 2020,,,https://twitter.com/Gresham2x/status/1233068818030833664,https://twitter.com/HarlemMC/status/1233495609765695488,1233495609765695488,954470334
2020-02-28 20:50:34+00:00,HarlemMC,SportsCenter,0,0,2,Damn. He really should shave his head so he won’t look like a middle-aged man.,,Fri Feb 28 20:50:34 +0000 2020,,,https://twitter.com/SportsCenter/status/1233409452767895552,https://twitter.com/HarlemMC/status/1233494724394332160,1233494724394332160,954470334
2020-02-28 20:42:14+00:00,HarlemMC,___inCANdescent,0,0,3,She forgot to add that one is a clown. ,,Fri Feb 28 20:42:14 +0000 2020,,,https://twitter.com/___inCANdescent/status/1233141521832140800,https://twitter.com/HarlemMC/status/1233492630358691841,1233492630358691841,954470334
2020-02-28 19:36:59+00:00,HarlemMC,atrupar,0,1,3,SNL skit for this week.,,Fri Feb 28 19:36:59 +0000 2020,,,https://twitter.com/atrupar/status/1233423437286211585,https://twitter.com/HarlemMC/status/1233476209159344136,1233476209159344136,954470334
2020-02-28 19:32:19+00:00,HarlemMC,LVaddict618,0,0,1, Oh my God. I forgot about this! We’re all gonna die.,,Fri Feb 28 19:32:19 +0000 2020,,,https://twitter.com/LVaddict618/status/1233424920778072064,https://twitter.com/HarlemMC/status/1233475032845881345,1233475032845881345,954470334
2020-02-28 19:03:37+00:00,HarlemMC,ILoveJameson30,0,0,0, ,,Fri Feb 28 19:03:37 +0000 2020,,,,https://twitter.com/HarlemMC/status/1233467809302274050,1233467809302274050,954470334
2020-02-28 16:38:53+00:00,HarlemMC,BenJealous,0,0,2,Imagine being a past chairman of the NAACP and trying to call an election before the vast majority of Black folks have voted. Bernie really has people talking crazy.,,Fri Feb 28 16:38:53 +0000 2020,,,https://twitter.com/BenJealous/status/1233132598337003520,https://twitter.com/HarlemMC/status/1233431387027492865,1233431387027492865,954470334
2020-02-28 16:19:57+00:00,HarlemMC,cardeaframez,0,0,0, Let’s do this!,,Fri Feb 28 16:19:57 +0000 2020,,,,https://twitter.com/HarlemMC/status/1233426623099215873,1233426623099215873,954470334
2020-02-28 16:17:10+00:00,HarlemMC,rahm3sh,2,0,2,Can I borrow someone’s toddler for a few hours? ,,Fri Feb 28 16:17:10 +0000 2020,,,https://twitter.com/rahm3sh/status/1233203248951169024,https://twitter.com/HarlemMC/status/1233425924185640963,1233425924185640963,954470334
2020-02-28 15:24:55+00:00,HarlemMC,createdbyjarrod,0,0,0,Damn. I’m so sorry you’re going through this. People are vile. Good luck with the art presentation.,,Fri Feb 28 15:24:55 +0000 2020,,,,https://twitter.com/HarlemMC/status/1233412772521816065,1233412772521816065,954470334
2020-02-28 15:14:48+00:00,HarlemMC,,0,0,1,Another reason to say.... https://twitter.com/BtSquared2/status/1233208090369175553,,Fri Feb 28 15:14:48 +0000 2020,,,https://twitter.com/BtSquared2/status/1233208090369175553,https://twitter.com/HarlemMC/status/1233410226210168833,1233410226210168833,954470334
2020-02-28 05:34:36+00:00,HarlemMC,,0,1,1,https://twitter.com/Complex/status/1233256179738009615,,Fri Feb 28 05:34:36 +0000 2020,,,https://twitter.com/Complex/status/1233256179738009615,https://twitter.com/HarlemMC/status/1233264216410382337,1233264216410382337,954470334
2020-02-28 05:28:55+00:00,HarlemMC,_JustinBobby_,0,0,3,This thread ,,Fri Feb 28 05:28:55 +0000 2020,,,https://twitter.com/_JustinBobby_/status/1232846735241891841,https://twitter.com/HarlemMC/status/1233262786018447360,1233262786018447360,954470334
2020-02-28 05:27:36+00:00,HarlemMC,WinkWestwood,0,0,0,Jumped out ,,Fri Feb 28 05:27:36 +0000 2020,,,,https://twitter.com/HarlemMC/status/1233262455083675650,1233262455083675650,954470334
2020-02-28 05:25:32+00:00,HarlemMC,WinkWestwood,1,0,0,Yuck,,Fri Feb 28 05:25:32 +0000 2020,,,,https://twitter.com/HarlemMC/status/1233261935463890944,1233261935463890944,954470334
2020-02-28 05:23:06+00:00,HarlemMC,WinkWestwood,1,0,0,He deleted. What’d he tweet?,,Fri Feb 28 05:23:06 +0000 2020,,,,https://twitter.com/HarlemMC/status/1233261322961408000,1233261322961408000,954470334
2020-02-28 05:21:36+00:00,HarlemMC,ag_due,0,0,1,Exactly. People need to get a grip.,,Fri Feb 28 05:21:36 +0000 2020,,,,https://twitter.com/HarlemMC/status/1233260942361858048,1233260942361858048,954470334
2020-02-28 05:10:10+00:00,HarlemMC,,1,0,1,Bernie Sanders’s Scandinavian fantasy - The Washington Post,,Fri Feb 28 05:10:10 +0000 2020,,,https://www.washingtonpost.com/opinions/bernie-sanderss-scandinavian-fantasy/2020/02/27/ee894d6e-599f-11ea-9b35-def5a027d470_story.html,https://twitter.com/HarlemMC/status/1233258065702588416,1233258065702588416,954470334
2020-02-28 04:47:36+00:00,HarlemMC,MufasaShakur_,0,1,0,Damnnnnn,,Fri Feb 28 04:47:36 +0000 2020,,,https://twitter.com/MufasaShakur_/status/1226217474548551682,https://twitter.com/HarlemMC/status/1233252387013484545,1233252387013484545,954470334
2020-02-28 04:20:53+00:00,HarlemMC,Says_LifeAsKing,1,0,0, You asking about Kelly from Love is Blind?,,Fri Feb 28 04:20:53 +0000 2020,,,,https://twitter.com/HarlemMC/status/1233245662965325831,1233245662965325831,954470334
2020-02-28 03:23:02+00:00,HarlemMC,courtforshort2,0,0,0, ,,Fri Feb 28 03:23:02 +0000 2020,,,,https://twitter.com/HarlemMC/status/1233231103747555329,1233231103747555329,954470334
2020-02-28 03:17:56+00:00,HarlemMC,SadiqoJN,0,0,0, ,,Fri Feb 28 03:17:56 +0000 2020,,,https://twitter.com/SadiqoJN/status/1233034442614202369,https://twitter.com/HarlemMC/status/1233229822354214912,1233229822354214912,954470334
2020-02-28 03:13:23+00:00,HarlemMC,_alejandrajoyce,0,0,0, ,,Fri Feb 28 03:13:23 +0000 2020,,,,https://twitter.com/HarlemMC/status/1233228676864540674,1233228676864540674,954470334
2020-02-28 03:13:01+00:00,HarlemMC,,0,0,0,"Not for my outlet. It’s enough for some women, tho. Btw, I see you took my advice on the display name. Very good. ",,Fri Feb 28 03:13:01 +0000 2020,,,,https://twitter.com/HarlemMC/status/1233228586305363968,1233228586305363968,954470334
2020-02-28 03:11:18+00:00,HarlemMC,platini954,0,0,0, ,,Fri Feb 28 03:11:18 +0000 2020,,,,https://twitter.com/HarlemMC/status/1233228153742557187,1233228153742557187,954470334
2020-02-28 02:16:15+00:00,HarlemMC,platini954,3,3,11,They’re saying 6 inches is enough,,Fri Feb 28 02:16:15 +0000 2020,,,https://twitter.com/platini954/status/1233212142645579782,https://twitter.com/HarlemMC/status/1233214297410547714,1233214297410547714,954470334
2020-02-28 01:48:55+00:00,HarlemMC,StanFritz,0,0,0, I totally missed that,,Fri Feb 28 01:48:55 +0000 2020,,,,https://twitter.com/HarlemMC/status/1233207419280543744,1233207419280543744,954470334
2020-02-28 01:21:41+00:00,HarlemMC,,1,0,2,https://twitter.com/broseanmuhammad/status/1233198662487953408,,Fri Feb 28 01:21:41 +0000 2020,,,https://twitter.com/broseanmuhammad/status/1233198662487953408,https://twitter.com/HarlemMC/status/1233200568056926209,1233200568056926209,954470334
2020-02-28 01:19:29+00:00,HarlemMC,juantrinidad_,1,0,1,"I don’t know this guy, but I just KNOW he hangs out at the Marina every summer Sunday",,Fri Feb 28 01:19:29 +0000 2020,,,https://twitter.com/juantrinidad_/status/1233077222128439296,https://twitter.com/HarlemMC/status/1233200011271458817,1233200011271458817,954470334
2020-02-28 01:13:32+00:00,HarlemMC,juantrinidad_,1,0,2, Accurate,,Fri Feb 28 01:13:32 +0000 2020,,,https://twitter.com/juantrinidad_/status/1233077222128439296,https://twitter.com/HarlemMC/status/1233198514936700929,1233198514936700929,954470334
2020-02-28 00:30:37+00:00,HarlemMC,SacTownGrandma,0,0,0, So cute!,,Fri Feb 28 00:30:37 +0000 2020,,,,https://twitter.com/HarlemMC/status/1233187716822638595,1233187716822638595,954470334
2020-02-27 22:19:03+00:00,HarlemMC,,0,0,0,"Has anyone had any negative experience temporarily deactivating their Twitter account? Want to do it, by don’t want to lose anything.",,Thu Feb 27 22:19:03 +0000 2020,,,,https://twitter.com/HarlemMC/status/1233154606957518848,1233154606957518848,954470334
2020-02-27 22:03:41+00:00,HarlemMC,terrill,0,0,0, I’ll take a lil’ “toxic masculinity” if sending dick pics to your homies is the alternative.,,Thu Feb 27 22:03:41 +0000 2020,,,,https://twitter.com/HarlemMC/status/1233150737951133706,1233150737951133706,954470334
2020-02-27 21:41:46+00:00,HarlemMC,__Dutch,0,0,0,"Damn, dude. You selling drugs?! ",,Thu Feb 27 21:41:46 +0000 2020,,,,https://twitter.com/HarlemMC/status/1233145223636799488,1233145223636799488,954470334
2020-02-27 21:40:43+00:00,HarlemMC,naima,0,0,0, What?!,,Thu Feb 27 21:40:43 +0000 2020,,,,https://twitter.com/HarlemMC/status/1233144959269842946,1233144959269842946,954470334
2020-02-27 21:35:49+00:00,HarlemMC,Jbrous14,1,0,1,If they don’t GTFOH with that mess and leave the Obamas alone.,,Thu Feb 27 21:35:49 +0000 2020,,,https://twitter.com/Jbrous14/status/1233142989763104773,https://twitter.com/HarlemMC/status/1233143725343354894,1233143725343354894,954470334
2020-02-27 21:30:15+00:00,HarlemMC,terrill,1,0,0,Such a bad friend. Smh.,,Thu Feb 27 21:30:15 +0000 2020,,,,https://twitter.com/HarlemMC/status/1233142325444063239,1233142325444063239,954470334
2020-02-27 21:28:20+00:00,HarlemMC,atdanwhite,0,0,1,White Twitter is a wild place ,,Thu Feb 27 21:28:20 +0000 2020,,,https://twitter.com/atdanwhite/status/1232779178170355714,https://twitter.com/HarlemMC/status/1233141842126016512,1233141842126016512,954470334
2020-02-27 19:43:09+00:00,HarlemMC,jmtoya_,0,1,1, Latin American countries rubbed on the “vivaporu” to avoid coronavirus,,Thu Feb 27 19:43:09 +0000 2020,,,https://twitter.com/jmtoya_/status/1232801273289854976,https://twitter.com/HarlemMC/status/1233115370283728901,1233115370283728901,954470334
2020-02-27 18:58:19+00:00,HarlemMC,,0,0,2,https://twitter.com/ChristinaKVUE/status/1233052549512597504,,Thu Feb 27 18:58:19 +0000 2020,,,https://twitter.com/ChristinaKVUE/status/1233052549512597504,https://twitter.com/HarlemMC/status/1233104088314892297,1233104088314892297,954470334
2020-02-27 18:57:26+00:00,HarlemMC,ChristinaKVUE,1,1,1,So much winning,,Thu Feb 27 18:57:26 +0000 2020,,,https://twitter.com/ChristinaKVUE/status/1233052549512597504,https://twitter.com/HarlemMC/status/1233103864884232192,1233103864884232192,954470334
2020-02-27 18:53:26+00:00,HarlemMC,RogerSaid,0,0,0,OH MY GOD ,,Thu Feb 27 18:53:26 +0000 2020,,,https://twitter.com/RogerSaid/status/1233023883034406920,https://twitter.com/HarlemMC/status/1233102858825977857,1233102858825977857,954470334
2020-02-27 18:39:55+00:00,HarlemMC,TheBrookeAsh,0,0,1,Nope. He did the right thing. She’s all over the place. Can’t manage her emotions and communicate with him effectively.,,Thu Feb 27 18:39:55 +0000 2020,,,,https://twitter.com/HarlemMC/status/1233099456733732869,1233099456733732869,954470334
2020-02-27 18:36:47+00:00,HarlemMC,Jb_XIIVI,3,0,4,Not true. Ugly men have beards to hide the ugly.,,Thu Feb 27 18:36:47 +0000 2020,,,https://twitter.com/Jb_XIIVI/status/1232714396092313600,https://twitter.com/HarlemMC/status/1233098668338753536,1233098668338753536,954470334
2020-02-27 18:32:17+00:00,HarlemMC,,0,0,0,Kelly’s a sociopath.,,Thu Feb 27 18:32:17 +0000 2020,,,,https://twitter.com/HarlemMC/status/1233097538972135425,1233097538972135425,954470334
2020-02-27 18:04:47+00:00,HarlemMC,TMZ,1,2,4,This the white man y’all been lusting over? ,,Thu Feb 27 18:04:47 +0000 2020,,,https://twitter.com/TMZ/status/1233038461025697798,https://twitter.com/HarlemMC/status/1233090615153512449,1233090615153512449,954470334
2020-02-27 17:20:32+00:00,HarlemMC,,0,0,3,"If he does marry Amber, Barnett should include a “everyone pays their own college debt for a degree they never earned” vow.",,Thu Feb 27 17:20:32 +0000 2020,,,,https://twitter.com/HarlemMC/status/1233079482665390080,1233079482665390080,954470334
2020-02-27 17:16:06+00:00,HarlemMC,KivanBay,1,1,4,"Damn, he has a point.",,Thu Feb 27 17:16:06 +0000 2020,,,https://twitter.com/KivanBay/status/1232810191587954690,https://twitter.com/HarlemMC/status/1233078363700551680,1233078363700551680,954470334
2020-02-27 17:14:51+00:00,HarlemMC,,0,0,3,"If Barnett marries Amber, he’s an idiot.",,Thu Feb 27 17:14:51 +0000 2020,,,,https://twitter.com/HarlemMC/status/1233078051090714627,1233078051090714627,954470334
2020-02-27 17:01:57+00:00,HarlemMC,,0,0,0,@TheBrookeAsh I’m currently watching the finale. What time will you be tweeting about it? I’d like to reserve my spot. ,@TheBrookeAsh,Thu Feb 27 17:01:57 +0000 2020,,,,https://twitter.com/HarlemMC/status/1233074802631544832,1233074802631544832,954470334
2020-02-27 16:51:54+00:00,HarlemMC,_mookthagod,0,0,0, ,,Thu Feb 27 16:51:54 +0000 2020,,,https://twitter.com/_mookthagod/status/1232677585357852672,https://twitter.com/HarlemMC/status/1233072276003807232,1233072276003807232,954470334
2020-02-27 16:44:48+00:00,HarlemMC,RVAReid,0,0,2,Happy Birthday! Welcome to 40+ Twitter. We saved you a seat.,,Thu Feb 27 16:44:48 +0000 2020,,,,https://twitter.com/HarlemMC/status/1233070490119540737,1233070490119540737,954470334
2020-02-27 16:43:14+00:00,HarlemMC,josecanyousee,0,0,4,One of the reasons I can’t take this man seriously after having voted for him in the NY primary. Answers any questions regarding how he’s going to help Black folks with “I marched with Dr. King” and “supported Jesse Jackson’s presidential campaign.” ,,Thu Feb 27 16:43:14 +0000 2020,,,https://twitter.com/josecanyousee/status/1233065095237783552,https://twitter.com/HarlemMC/status/1233070096211435520,1233070096211435520,954470334
2020-02-27 16:28:21+00:00,HarlemMC,,0,1,2,https://twitter.com/TheSuperNupe/status/1233065101525159938,,Thu Feb 27 16:28:21 +0000 2020,,,https://twitter.com/TheSuperNupe/status/1233065101525159938,https://twitter.com/HarlemMC/status/1233066348210720769,1233066348210720769,954470334
2020-02-27 16:27:09+00:00,HarlemMC,Dnt_TestMe,0,0,1,"I definitely mean a Black man when I say tall, dark and handsome.",,Thu Feb 27 16:27:09 +0000 2020,,,,https://twitter.com/HarlemMC/status/1233066048771018754,1233066048771018754,954470334
2020-02-27 16:23:44+00:00,HarlemMC,Nigerianscamsss,0,0,1,This is them 24/7,,Thu Feb 27 16:23:44 +0000 2020,,,https://twitter.com/Nigerianscamsss/status/1233059795185348609,https://twitter.com/HarlemMC/status/1233065188468895746,1233065188468895746,954470334
2020-02-27 16:17:05+00:00,HarlemMC,Not_Yves,1,0,4," This is me, too. I’m always taken aback when white women say it. I know they mean dark hair color and eyes, but still.",,Thu Feb 27 16:17:05 +0000 2020,,,,https://twitter.com/HarlemMC/status/1233063512458616832,1233063512458616832,954470334
2020-02-27 16:07:58+00:00,HarlemMC,,0,0,4,Her tomorrow: https://twitter.com/janellejcomic/status/1232841176438362113,,Thu Feb 27 16:07:58 +0000 2020,,,https://twitter.com/janellejcomic/status/1232841176438362113,https://twitter.com/HarlemMC/status/1233061220191698944,1233061220191698944,954470334
2020-02-27 15:49:40+00:00,HarlemMC,washingtonpost,0,0,1,Miss Black America’s endorsing Mayo Pete? ,,Thu Feb 27 15:49:40 +0000 2020,,,https://twitter.com/washingtonpost/status/1233044340836118528,https://twitter.com/HarlemMC/status/1233056615110184961,1233056615110184961,954470334
2020-02-27 15:32:27+00:00,HarlemMC,,0,0,1,LMAOOOO This Stan from The Office’s kid https://twitter.com/always__asiaa/status/1232695403465859072,,Thu Feb 27 15:32:27 +0000 2020,,,https://twitter.com/always__asiaa/status/1232695403465859072,https://twitter.com/HarlemMC/status/1233052283207856129,1233052283207856129,954470334
2020-02-27 15:28:48+00:00,HarlemMC,,1,0,0, You should change your display name to “Wedges Aficionado”.,,Thu Feb 27 15:28:48 +0000 2020,,,,https://twitter.com/HarlemMC/status/1233051362138742784,1233051362138742784,954470334
2020-02-27 15:26:21+00:00,HarlemMC,HarlemMC,0,0,0,Thank you for being my liaison to your tribe. ,,Thu Feb 27 15:26:21 +0000 2020,,,,https://twitter.com/HarlemMC/status/1233050747891277824,1233050747891277824,954470334
2020-02-27 15:23:52+00:00,HarlemMC,s1msimmaaa,1,0,0, Very lazy,,Thu Feb 27 15:23:52 +0000 2020,,,,https://twitter.com/HarlemMC/status/1233050121845329921,1233050121845329921,954470334
2020-02-27 15:21:11+00:00,HarlemMC,s1msimmaaa,0,0,0,"Yeah. We used that in high school, too. When kids were broke and couldn’t actually go on dates. Just hilarious to see grown ass people be like “we talked for 9 months.” ",,Thu Feb 27 15:21:11 +0000 2020,,,,https://twitter.com/HarlemMC/status/1233049447669600258,1233049447669600258,954470334
2020-02-27 15:16:45+00:00,HarlemMC,s1msimmaaa,1,0,0,"My generation used “talking” as we’re talking on the phone, texting, etc., then “dating”, then bf/gf, etc.",,Thu Feb 27 15:16:45 +0000 2020,,,,https://twitter.com/HarlemMC/status/1233048330063749120,1233048330063749120,954470334
2020-02-27 15:13:17+00:00,HarlemMC,MPRnews,0,0,3,Someone got paid to write this ,,Thu Feb 27 15:13:17 +0000 2020,,,https://twitter.com/MPRnews/status/1233027001016967168,https://twitter.com/HarlemMC/status/1233047459414396934,1233047459414396934,954470334
2020-02-27 15:09:13+00:00,HarlemMC,DurhamtheLegend,0,0,0, Dr Umar is busy telling Black men with white wives to lose them.,,Thu Feb 27 15:09:13 +0000 2020,,,,https://twitter.com/HarlemMC/status/1233046433030430721,1233046433030430721,954470334
2020-02-27 15:07:28+00:00,HarlemMC,s1msimmaaa,2,0,0,"Thank you for the breakdown. It still makes no sense, but i’ll let y’all live.",,Thu Feb 27 15:07:28 +0000 2020,,,,https://twitter.com/HarlemMC/status/1233045995593793539,1233045995593793539,954470334
2020-02-27 15:03:24+00:00,HarlemMC,TheHoustonAstro,0,0,0, ,,Thu Feb 27 15:03:24 +0000 2020,,,https://twitter.com/TheHoustonAstro/status/1232926688956354560,https://twitter.com/HarlemMC/status/1233044971873284096,1233044971873284096,954470334
2020-02-27 14:58:12+00:00,HarlemMC,Dnt_TestMe,0,0,1,LMAOOO Right. One dumbass being “loyal” while the other one has a roster. It’d be like not continuing to interview with other companies after a phone interview with one company.,,Thu Feb 27 14:58:12 +0000 2020,,,https://twitter.com/Dnt_TestMe/status/1233042841456304128,https://twitter.com/HarlemMC/status/1233043661727977474,1233043661727977474,954470334
2020-02-27 14:52:38+00:00,HarlemMC,,2,1,6,"I will never understand the youngins on this app calling the “dating before becoming official stage”, the “talking stage.” Y’all make no sense. What do y’all call the stage where you exchange messages or talk on the phone to see if you even like each other enough to hang out?",,Thu Feb 27 14:52:38 +0000 2020,,,,https://twitter.com/HarlemMC/status/1233042261195317250,1233042261195317250,954470334
2020-02-27 13:39:53+00:00,HarlemMC,,1,1,3,https://twitter.com/jdesmondharris/status/1232682292096589824,,Thu Feb 27 13:39:53 +0000 2020,,,https://twitter.com/jdesmondharris/status/1232682292096589824,https://twitter.com/HarlemMC/status/1233023953528147969,1233023953528147969,954470334
2020-02-27 04:05:54+00:00,HarlemMC,jaekellyy_,0,0,2,"Very good, actually. At this rate, I’ll have my summer body by April.",,Thu Feb 27 04:05:54 +0000 2020,,,https://twitter.com/jaekellyy_/status/1232874816128126977,https://twitter.com/HarlemMC/status/1232879503891931136,1232879503891931136,954470334
2020-02-27 03:47:45+00:00,HarlemMC,BestFlaws,0,0,0,Right. They be stingy with lettuce. LETTUCE.,,Thu Feb 27 03:47:45 +0000 2020,,,https://twitter.com/BestFlaws/status/1232384681796145153,https://twitter.com/HarlemMC/status/1232874936261316609,1232874936261316609,954470334
2020-02-27 03:46:03+00:00,HarlemMC,ZharnaeAseliend,0,0,2,This is so damn cute ,,Thu Feb 27 03:46:03 +0000 2020,,,https://twitter.com/ZharnaeAseliend/status/1232693344070926336,https://twitter.com/HarlemMC/status/1232874508400328704,1232874508400328704,954470334
2020-02-27 03:35:32+00:00,HarlemMC,MardyMarvel,0,0,1, I bet you do,,Thu Feb 27 03:35:32 +0000 2020,,,,https://twitter.com/HarlemMC/status/1232871863749050368,1232871863749050368,954470334
2020-02-27 03:30:18+00:00,HarlemMC,Peter_Mandii,1,0,0,,,Thu Feb 27 03:30:18 +0000 2020,,,,https://twitter.com/HarlemMC/status/1232870547941404672,1232870547941404672,954470334
2020-02-27 03:25:56+00:00,HarlemMC,JeeCue,0,0,0,True,,Thu Feb 27 03:25:56 +0000 2020,,,,https://twitter.com/HarlemMC/status/1232869446445826048,1232869446445826048,954470334
2020-02-27 03:21:58+00:00,HarlemMC,Peter_Mandii,1,0,1,"LMAOOO Awww, that’s so sweet. Thank you, but not necessary. It made me laugh, which I always appreciate.",,Thu Feb 27 03:21:58 +0000 2020,,,https://twitter.com/Peter_Mandii/status/1232867570874748929,https://twitter.com/HarlemMC/status/1232868447530430464,1232868447530430464,954470334
2020-02-27 03:17:12+00:00,HarlemMC,,0,0,0,My mutuals got jokes ,,Thu Feb 27 03:17:12 +0000 2020,,,,https://twitter.com/HarlemMC/status/1232867250669006848,1232867250669006848,954470334
2020-02-27 02:58:26+00:00,HarlemMC,Trillary_Banks,0,1,1, ,,Thu Feb 27 02:58:26 +0000 2020,,,https://twitter.com/Trillary_Banks/status/1232814029090914304,https://twitter.com/HarlemMC/status/1232862526511222784,1232862526511222784,954470334
2020-02-27 02:56:19+00:00,HarlemMC,RaveenTheDream,0,0,1,Sadly. They do. Smh.,,Thu Feb 27 02:56:19 +0000 2020,,,https://twitter.com/RaveenTheDream/status/1232860913230848006,https://twitter.com/HarlemMC/status/1232861992702160896,1232861992702160896,954470334
2020-02-27 02:55:35+00:00,HarlemMC,RaveenTheDream,0,0,0,Just making sure lol,,Thu Feb 27 02:55:35 +0000 2020,,,,https://twitter.com/HarlemMC/status/1232861810237345792,1232861810237345792,954470334
2020-02-27 02:55:10+00:00,HarlemMC,Deion_Slanders,0,0,0,Sadly,,Thu Feb 27 02:55:10 +0000 2020,,,,https://twitter.com/HarlemMC/status/1232861703232249856,1232861703232249856,954470334
2020-02-27 02:54:49+00:00,HarlemMC,reesetheone1,0,0,1,True,,Thu Feb 27 02:54:49 +0000 2020,,,,https://twitter.com/HarlemMC/status/1232861615101480960,1232861615101480960,954470334
2020-02-27 02:54:29+00:00,HarlemMC,RaveenTheDream,1,0,0,Who’s y’all? I’m not falling for that.,,Thu Feb 27 02:54:29 +0000 2020,,,,https://twitter.com/HarlemMC/status/1232861532565970945,1232861532565970945,954470334
2020-02-27 02:53:23+00:00,HarlemMC,reesetheone1,1,0,1,I’m sure that dude said that on purpose on the off chance she was dumb enough to post her ass...lol Dudes had that going on for a while where they’d say stuff just to trigger women who would post pictures to prove them wrong. Smh.,,Thu Feb 27 02:53:23 +0000 2020,,,,https://twitter.com/HarlemMC/status/1232861254936649729,1232861254936649729,954470334
2020-02-27 02:51:06+00:00,HarlemMC,Peter_Mandii,0,0,7,Oh. I know. The women’s team takes an embarrassing L yet again. Smh.,,Thu Feb 27 02:51:06 +0000 2020,,,,https://twitter.com/HarlemMC/status/1232860680069533701,1232860680069533701,954470334
2020-02-27 02:49:54+00:00,HarlemMC,_Myleshigh,1,2,3,LMAOOO right. Imagine posting your almost bare ass on the TL to prove something to a stranger.,,Thu Feb 27 02:49:54 +0000 2020,,,https://twitter.com/_Myleshigh/status/1232859517853093889,https://twitter.com/HarlemMC/status/1232860380751376385,1232860380751376385,954470334
2020-02-27 02:45:59+00:00,HarlemMC,Emersondiaz,0,0,2, You’re welcome,,Thu Feb 27 02:45:59 +0000 2020,,,,https://twitter.com/HarlemMC/status/1232859393135386626,1232859393135386626,954470334
2020-02-27 02:42:18+00:00,HarlemMC,,11,14,65,This app is really unbelievable,,Thu Feb 27 02:42:18 +0000 2020,,,,https://twitter.com/HarlemMC/status/1232858468408872962,1232858468408872962,954470334
2020-02-27 02:32:36+00:00,HarlemMC,lexiee_10,1,0,38,She’s so cute!,,Thu Feb 27 02:32:36 +0000 2020,,,,https://twitter.com/HarlemMC/status/1232856025188966401,1232856025188966401,954470334
