date,username,to,replies,retweets,favorites,text,mentions,formatted_date,geo,hashtags,urls,permalink,ID,author_id
2020-02-28 22:55:05+00:00,ianamurray,,0,3,34,i don’t have the mental capacity to write about anything that isn’t reality tv right now so please just accept me for who i am,,Fri Feb 28 22:55:05 +0000 2020,,,https://www.gq.com/story/netflix-reality-shows-ranked-by-how-unhinged-they-are,https://twitter.com/ianamurray/status/1233526062426005506,1233526062426005506,216080261
2020-02-28 22:47:08+00:00,ianamurray,,1,0,36,"MARTIN EDEN. you all were not lying when you said martin eden is hot. also after watching nothing but garbage this month, this was a miracle.",,Fri Feb 28 22:47:08 +0000 2020,,,,https://twitter.com/ianamurray/status/1233524058626678785,1233524058626678785,216080261
2020-02-28 17:44:25+00:00,ianamurray,,3,0,41,VIVARIUM. a movie i saw.,,Fri Feb 28 17:44:25 +0000 2020,,,,https://twitter.com/ianamurray/status/1233447878137434114,1233447878137434114,216080261
2020-02-28 17:44:22+00:00,ianamurray,,3,0,57,seeing a few films at glasgow film fest... emphasis on few – my dissertation continues to haunt me. ANYWAY,,Fri Feb 28 17:44:22 +0000 2020,,,,https://twitter.com/ianamurray/status/1233447868683427842,1233447868683427842,216080261
2020-02-28 15:24:11+00:00,ianamurray,ghibliotheque,2,0,20,FINALLY,,Fri Feb 28 15:24:11 +0000 2020,,,https://twitter.com/ghibliotheque/status/1233401572585091072,https://twitter.com/ianamurray/status/1233412587041230853,1233412587041230853,216080261
2020-02-28 12:40:44+00:00,ianamurray,,0,0,12,i need help,,Fri Feb 28 12:40:44 +0000 2020,,,,https://twitter.com/ianamurray/status/1233371456983224320,1233371456983224320,216080261
2020-02-28 12:12:56+00:00,ianamurray,Variety,1,0,53,oh my god ,,Fri Feb 28 12:12:56 +0000 2020,,,https://twitter.com/Variety/status/1233363762956185601,https://twitter.com/ianamurray/status/1233364460393451521,1233364460393451521,216080261
2020-02-28 11:32:59+00:00,ianamurray,,0,1,6,,,Fri Feb 28 11:32:59 +0000 2020,,,https://youtu.be/sLbIe83CcS4,https://twitter.com/ianamurray/status/1233354404021051393,1233354404021051393,216080261
2020-02-27 21:53:12+00:00,ianamurray,skinsplace2,0,0,0,this hurts,,Thu Feb 27 21:53:12 +0000 2020,,,,https://twitter.com/ianamurray/status/1233148101021642752,1233148101021642752,216080261
2020-02-27 20:34:23+00:00,ianamurray,,3,13,458,do you know how fucked up it is that t*mothee ch*lamet is just living in london now and i'm supposed to just live my life with that knowledge,,Thu Feb 27 20:34:23 +0000 2020,,,,https://twitter.com/ianamurray/status/1233128266862596096,1233128266862596096,216080261
2020-02-27 16:44:01+00:00,ianamurray,phantomthreads,1,6,176,an ICONIC moment,,Thu Feb 27 16:44:01 +0000 2020,,,https://twitter.com/phantomthreads/status/1233069837112397825,https://twitter.com/ianamurray/status/1233070290630053889,1233070290630053889,216080261
2020-02-27 15:14:20+00:00,ianamurray,sydurbanek,0,1,115,missed opportunity not using “sondance”,,Thu Feb 27 15:14:20 +0000 2020,,,https://twitter.com/sydurbanek/status/1233042119385853952,https://twitter.com/ianamurray/status/1233047722720157698,1233047722720157698,216080261
2020-02-27 13:33:44+00:00,ianamurray,,0,0,92,i’m past halfway through my dissertation,,Thu Feb 27 13:33:44 +0000 2020,,,,https://twitter.com/ianamurray/status/1233022405532114946,1233022405532114946,216080261
2020-02-27 13:32:05+00:00,ianamurray,alimkheraj,0,0,1,omgg!!!!!!!!!!!!!!!!!!!,,Thu Feb 27 13:32:05 +0000 2020,,,,https://twitter.com/ianamurray/status/1233021988425347072,1233021988425347072,216080261
2020-02-27 13:01:32+00:00,ianamurray,litlewomen,0,0,2,queeeen ty,,Thu Feb 27 13:01:32 +0000 2020,,,,https://twitter.com/ianamurray/status/1233014302837219331,1233014302837219331,216080261
2020-02-27 12:59:12+00:00,ianamurray,ginadivittorio,0,0,18,the blood drive one is a bit too close to home ouch,,Thu Feb 27 12:59:12 +0000 2020,,,https://twitter.com/ginadivittorio/status/1232829466793201664,https://twitter.com/ianamurray/status/1233013714644799488,1233013714644799488,216080261
2020-02-27 12:49:58+00:00,ianamurray,litlewomen,1,0,1,where is this from!!!!!,,Thu Feb 27 12:49:58 +0000 2020,,,,https://twitter.com/ianamurray/status/1233011389364568067,1233011389364568067,216080261
2020-02-27 12:16:43+00:00,ianamurray,,1,3,49,i love this https://twitter.com/douglasgrnwd/status/1233000887251066882,,Thu Feb 27 12:16:43 +0000 2020,,,https://twitter.com/douglasgrnwd/status/1233000887251066882,https://twitter.com/ianamurray/status/1233003022025969664,1233003022025969664,216080261
2020-02-26 23:08:11+00:00,ianamurray,,3,0,35,i just would like to know if i’m going to cannes thnx,,Wed Feb 26 23:08:11 +0000 2020,,,,https://twitter.com/ianamurray/status/1232804580624404482,1232804580624404482,216080261
2020-02-26 23:01:25+00:00,ianamurray,lazzarofeIice,1,0,5,sis when i did it i name dropped godard and wong kar wai trust me you’re fine alfksjdjs,,Wed Feb 26 23:01:25 +0000 2020,,,,https://twitter.com/ianamurray/status/1232802878240313344,1232802878240313344,216080261
2020-02-26 22:47:20+00:00,ianamurray,yajpeg,0,0,0,you star!!!!! thank you!,,Wed Feb 26 22:47:20 +0000 2020,,,,https://twitter.com/ianamurray/status/1232799336167346180,1232799336167346180,216080261
2020-02-26 22:37:29+00:00,ianamurray,botsuspiria,1,2,62,good times,,Wed Feb 26 22:37:29 +0000 2020,,,https://twitter.com/botsuspiria/status/1232794990994239488,https://twitter.com/ianamurray/status/1232796855341322241,1232796855341322241,216080261
2020-02-26 20:47:42+00:00,ianamurray,,0,1,49,a24’s twitter wants what artificial eye’s twitter has,,Wed Feb 26 20:47:42 +0000 2020,,,,https://twitter.com/ianamurray/status/1232769229214093313,1232769229214093313,216080261
2020-02-26 19:22:04+00:00,ianamurray,A24,2,48,876,SECOND COW,,Wed Feb 26 19:22:04 +0000 2020,,,https://twitter.com/A24/status/1232747600027299843,https://twitter.com/ianamurray/status/1232747679651856384,1232747679651856384,216080261
2020-02-26 19:06:19+00:00,ianamurray,_jarking,1,0,0,sally nooooooo,,Wed Feb 26 19:06:19 +0000 2020,,,,https://twitter.com/ianamurray/status/1232743715334184961,1232743715334184961,216080261
2020-02-26 18:56:50+00:00,ianamurray,davidlsims,1,1,22,harrison ford MURDERS timmy chalamet,,Wed Feb 26 18:56:50 +0000 2020,,,,https://twitter.com/ianamurray/status/1232741329324724229,1232741329324724229,216080261
2020-02-26 18:55:23+00:00,ianamurray,davidlsims,1,0,9,by that movie you mean... indiana jones yeah,,Wed Feb 26 18:55:23 +0000 2020,,,,https://twitter.com/ianamurray/status/1232740962994094086,1232740962994094086,216080261
2020-02-26 18:52:58+00:00,ianamurray,,2,4,70,if james mangold is directing indiana jones........... can someone else take over the bob dylan movie,,Wed Feb 26 18:52:58 +0000 2020,,,,https://twitter.com/ianamurray/status/1232740354987876352,1232740354987876352,216080261
2020-02-26 18:42:57+00:00,ianamurray,mrsamherbst,1,0,1,yEEEEESSSSSS,,Wed Feb 26 18:42:57 +0000 2020,,,,https://twitter.com/ianamurray/status/1232737836023107584,1232737836023107584,216080261
2020-02-26 18:36:02+00:00,ianamurray,goodjobliz,1,0,10,i don’t think i ever recovered from bacurau. it melted my brain,,Wed Feb 26 18:36:02 +0000 2020,,,,https://twitter.com/ianamurray/status/1232736092576796674,1232736092576796674,216080261
2020-02-26 18:16:59+00:00,ianamurray,,1,0,9,which is a weird thing to say since that feels completely at odds with the book which is grim and uncomfortable and not at all fun. kinda wish the show was more faithful in that respect (and this also applies to the end of the f***ing world),,Wed Feb 26 18:16:59 +0000 2020,,,,https://twitter.com/ianamurray/status/1232731298025934855,1232731298025934855,216080261
2020-02-26 18:14:17+00:00,ianamurray,,3,0,95,i like i am not okay with this very much but i am also aware that it was practically manufactured in a lab and designed to be likeable,,Wed Feb 26 18:14:17 +0000 2020,,,,https://twitter.com/ianamurray/status/1232730621115555842,1232730621115555842,216080261
2020-02-26 15:03:01+00:00,ianamurray,BarryJenkins,0,0,24,YEAH IT DID!,,Wed Feb 26 15:03:01 +0000 2020,,,,https://twitter.com/ianamurray/status/1232682487983300609,1232682487983300609,216080261
2020-02-26 14:49:36+00:00,ianamurray,,4,0,360,little women’s impact,,Wed Feb 26 14:49:36 +0000 2020,,,,https://twitter.com/ianamurray/status/1232679110775910404,1232679110775910404,216080261
2020-02-26 00:36:57+00:00,ianamurray,Wordpeggio,0,1,21,update! https://twitter.com/wordpeggio/status/1232461674000420864?s=21,,Wed Feb 26 00:36:57 +0000 2020,,,"https://twitter.com/wordpeggio/status/1232461674000420864?s=21,https://twitter.com/Wordpeggio/status/1232461674000420864",https://twitter.com/ianamurray/status/1232464532544598017,1232464532544598017,216080261
2020-02-26 00:35:33+00:00,ianamurray,Wordpeggio,0,0,10,and this has made MY day! thank you for reading and thank you for your wonderful trivia!,,Wed Feb 26 00:35:33 +0000 2020,,,,https://twitter.com/ianamurray/status/1232464180004806661,1232464180004806661,216080261
2020-02-25 22:43:08+00:00,ianamurray,davidbowies,1,0,1,BYE,,Tue Feb 25 22:43:08 +0000 2020,,,,https://twitter.com/ianamurray/status/1232435892482035714,1232435892482035714,216080261
2020-02-25 20:22:32+00:00,ianamurray,,3,6,79,i have been thinking about this for three days,,Tue Feb 25 20:22:32 +0000 2020,,,,https://twitter.com/ianamurray/status/1232400507177754624,1232400507177754624,216080261
2020-02-25 20:21:07+00:00,ianamurray,,2,16,140,me: what can i write about hunters me:,,Tue Feb 25 20:21:07 +0000 2020,,,https://www.gq.com/story/celebrating-amazon-prime-trivia-section,https://twitter.com/ianamurray/status/1232400152452792320,1232400152452792320,216080261
2020-02-25 20:12:50+00:00,ianamurray,,1,0,37,so many young people here !! hyped for them to be enlightened by the queen sciamma,,Tue Feb 25 20:12:50 +0000 2020,,,,https://twitter.com/ianamurray/status/1232398067254595585,1232398067254595585,216080261
2020-02-25 19:53:21+00:00,ianamurray,,6,1,326,the queue for stretches outside of the cinema and down the street :’))),,Tue Feb 25 19:53:21 +0000 2020,,,,https://twitter.com/ianamurray/status/1232393164276862976,1232393164276862976,216080261
2020-02-25 18:41:40+00:00,ianamurray,,0,3,93,i’m so tired i just want luca guadagnino’s hbo series to come out,,Tue Feb 25 18:41:40 +0000 2020,,,,https://twitter.com/ianamurray/status/1232375123002482694,1232375123002482694,216080261
2020-02-25 18:29:14+00:00,ianamurray,JoshKurp,0,0,1,THANK YOU,,Tue Feb 25 18:29:14 +0000 2020,,,,https://twitter.com/ianamurray/status/1232371995167334403,1232371995167334403,216080261
2020-02-25 18:22:52+00:00,ianamurray,intothecrevasse,1,0,2,i met them at a screening and they knew who i was because i had been sharing thirst tweets about rachelle for months... not my finest moment,,Tue Feb 25 18:22:52 +0000 2020,,,,https://twitter.com/ianamurray/status/1232370392716713984,1232370392716713984,216080261
2020-02-25 15:20:17+00:00,ianamurray,pitchfork,1,3,24,alfkakdksjfialfkskdjsj,,Tue Feb 25 15:20:17 +0000 2020,,,https://twitter.com/pitchfork/status/1232320052277497856,https://twitter.com/ianamurray/status/1232324441893474305,1232324441893474305,216080261
2020-02-25 14:22:26+00:00,ianamurray,goodjobliz,0,0,4,omg and rachel’s delivery of “ohhhh it came ouuut” is *so* good,,Tue Feb 25 14:22:26 +0000 2020,,,,https://twitter.com/ianamurray/status/1232309885431214080,1232309885431214080,216080261
2020-02-25 00:18:19+00:00,ianamurray,DEADLINE,0,2,69,n i c e,,Tue Feb 25 00:18:19 +0000 2020,,,https://twitter.com/DEADLINE/status/1232094750494212096,https://twitter.com/ianamurray/status/1232097458223796224,1232097458223796224,216080261
2020-02-24 19:19:41+00:00,ianamurray,812filmreviews,0,0,21,thank you for writing this ,,Mon Feb 24 19:19:41 +0000 2020,,,,https://twitter.com/ianamurray/status/1232022303891812352,1232022303891812352,216080261
2020-02-24 13:45:59+00:00,ianamurray,goodjobliz,1,0,9,"no one talks about how he hit the YA trifecta by voicing ron weasley, jacob black AND peeta mellark",,Mon Feb 24 13:45:59 +0000 2020,,,,https://twitter.com/ianamurray/status/1231938324182503424,1231938324182503424,216080261
2020-02-24 12:58:31+00:00,ianamurray,evroselane,0,0,1,HOLY MOLY YES GIRL !!!!,,Mon Feb 24 12:58:31 +0000 2020,,,,https://twitter.com/ianamurray/status/1231926379832320000,1231926379832320000,216080261
2020-02-24 12:43:16+00:00,ianamurray,,0,11,50,ICYMI back on the keanu beat for constantine’s 15th anniversary,,Mon Feb 24 12:43:16 +0000 2020,,,https://www.gq.com/story/keanu-reeves-constantine-left-a-weird-and-wonderful-legacy,https://twitter.com/ianamurray/status/1231922542979493890,1231922542979493890,216080261
2020-02-24 11:36:24+00:00,ianamurray,,9,5,533,"hi last weekend was one of the worst weekends of my life but i’m fine. i’m easing back into this, having a healthier relationship with social media from now on. muting all notifications except from friends for a while for my own sake. much love, i’ll be kinder.",,Mon Feb 24 11:36:24 +0000 2020,,,,https://twitter.com/ianamurray/status/1231905712370016257,1231905712370016257,216080261
2020-02-21 03:07:53+00:00,ianamurray,Carlislegendary,0,0,11,an ambulance has been dispatched,,Fri Feb 21 03:07:53 +0000 2020,,,,https://twitter.com/ianamurray/status/1230690578314207233,1230690578314207233,216080261
2020-02-21 03:01:31+00:00,ianamurray,MlSSANDREAG,0,0,15,this isn’t appropriate,,Fri Feb 21 03:01:31 +0000 2020,,,,https://twitter.com/ianamurray/status/1230688977327443968,1230688977327443968,216080261
2020-02-21 01:54:36+00:00,ianamurray,finalgirlerin,0,0,15,"in all honesty, i don’t know. i was complicit for a really long time, and for that i sincerely apologise because it enabled toxic behaviour. much ado was more than its EIC, it was a group of talented writers – i didn’t want to see it fall apart and that was selfish on my part.",,Fri Feb 21 01:54:36 +0000 2020,,,,https://twitter.com/ianamurray/status/1230672135582048258,1230672135582048258,216080261
2020-02-21 01:29:06+00:00,ianamurray,briannazigs,0,0,4, ,,Fri Feb 21 01:29:06 +0000 2020,,,,https://twitter.com/ianamurray/status/1230665717525176328,1230665717525176328,216080261
2020-02-21 01:21:57+00:00,ianamurray,tylerllewtaing,1,0,6,"you too llewyn, you did such amazing work at much ado ",,Fri Feb 21 01:21:57 +0000 2020,,,,https://twitter.com/ianamurray/status/1230663919326420992,1230663919326420992,216080261
2020-02-21 00:59:52+00:00,ianamurray,lazzarofeIice,0,0,4,there was about 10 of us or so,,Fri Feb 21 00:59:52 +0000 2020,,,,https://twitter.com/ianamurray/status/1230658359487029249,1230658359487029249,216080261
2020-02-20 22:23:25+00:00,ianamurray,,1,3,141,saw a tweet about emma and instinctively read it as em-MA... i’m upset,,Thu Feb 20 22:23:25 +0000 2020,,,,https://twitter.com/ianamurray/status/1230618988847169537,1230618988847169537,216080261
2020-02-20 22:05:24+00:00,ianamurray,davidlsims,1,0,4, ,,Thu Feb 20 22:05:24 +0000 2020,,,,https://twitter.com/ianamurray/status/1230614457149247489,1230614457149247489,216080261
2020-02-20 22:03:56+00:00,ianamurray,lindseyromain,0,0,1,I’M SORRY,,Thu Feb 20 22:03:56 +0000 2020,,,,https://twitter.com/ianamurray/status/1230614088167890944,1230614088167890944,216080261
2020-02-20 21:44:24+00:00,ianamurray,,0,0,45,suddenly i'm not sad anymore? https://chrome.google.com/webstore/detail/animal-crossing-music/fcedlaimpcfgpnfdgjbmmfibkklpioop,,Thu Feb 20 21:44:24 +0000 2020,,,https://chrome.google.com/webstore/detail/animal-crossing-music/fcedlaimpcfgpnfdgjbmmfibkklpioop,https://twitter.com/ianamurray/status/1230609169566310401,1230609169566310401,216080261
2020-02-20 21:39:16+00:00,ianamurray,lindseyromain,1,0,7,"true! tbf i shouldn't even be getting involved, R+J came out before i was born ",,Thu Feb 20 21:39:16 +0000 2020,,,,https://twitter.com/ianamurray/status/1230607878140108800,1230607878140108800,216080261
2020-02-20 21:25:47+00:00,ianamurray,lindseyromain,0,0,26,i think timmy is a movie star but i don’t think he’ll become an actual household name until dune comes out... like he got an oscar nom and a lot of people still didn’t know who he was...,,Thu Feb 20 21:25:47 +0000 2020,,,,https://twitter.com/ianamurray/status/1230604486684663821,1230604486684663821,216080261
2020-02-20 21:20:37+00:00,ianamurray,,4,0,100,i have a really bad take on the leo/titanic debate and i don’t want to say it because it’s about timothee chalamet,,Thu Feb 20 21:20:37 +0000 2020,,,,https://twitter.com/ianamurray/status/1230603183585710085,1230603183585710085,216080261
2020-02-20 20:51:54+00:00,ianamurray,jgrebes,0,0,3,the only opinion i have about bond songs is that writing's on the wall is the worst so this was a pretty satisfying read,,Thu Feb 20 20:51:54 +0000 2020,,,,https://twitter.com/ianamurray/status/1230595959392022528,1230595959392022528,216080261
2020-02-20 20:25:52+00:00,ianamurray,,0,3,41,i’ve forgotten how to write lol,,Thu Feb 20 20:25:52 +0000 2020,,,,https://twitter.com/ianamurray/status/1230589405066387456,1230589405066387456,216080261
2020-02-20 19:04:58+00:00,ianamurray,LevanAkin,2,0,3,copped my ticket last week ahhh this is so cool !!!,,Thu Feb 20 19:04:58 +0000 2020,,,,https://twitter.com/ianamurray/status/1230569047621636096,1230569047621636096,216080261
2020-02-20 17:40:28+00:00,ianamurray,THR,10,336,2812,"yeah i wanna see parasite in every format possible: imax, b&w, projected on the side of a building, transmitted telepathically to my brain",,Thu Feb 20 17:40:28 +0000 2020,,,https://twitter.com/THR/status/1230545692181061632,https://twitter.com/ianamurray/status/1230547782932606977,1230547782932606977,216080261
2020-02-20 17:00:49+00:00,ianamurray,,0,2,29,a feature about finding out all the ways you can die in animal crossing new horizons,,Thu Feb 20 17:00:49 +0000 2020,,,,https://twitter.com/ianamurray/status/1230537802686828544,1230537802686828544,216080261
2020-02-20 15:54:54+00:00,ianamurray,BrennanCarley,0,0,1, ,,Thu Feb 20 15:54:54 +0000 2020,,,,https://twitter.com/ianamurray/status/1230521217263767560,1230521217263767560,216080261
2020-02-20 15:44:42+00:00,ianamurray,netflix,0,0,72,darren criss if you need help just say the word,,Thu Feb 20 15:44:42 +0000 2020,,,https://twitter.com/netflix/status/1230507771281453061,https://twitter.com/ianamurray/status/1230518650005860352,1230518650005860352,216080261
2020-02-20 14:31:43+00:00,ianamurray,,1,10,92,felt my soul leave my body when animal crossing said you can customise the topography of the island,,Thu Feb 20 14:31:43 +0000 2020,,,,https://twitter.com/ianamurray/status/1230500280455909382,1230500280455909382,216080261
2020-02-20 14:12:05+00:00,ianamurray,,0,1,35,HE’S DEAD,,Thu Feb 20 14:12:05 +0000 2020,,,,https://twitter.com/ianamurray/status/1230495343101534208,1230495343101534208,216080261
2020-02-20 13:54:35+00:00,ianamurray,,1,0,28,ANIMAL! CROSSING! DIRECT!,,Thu Feb 20 13:54:35 +0000 2020,,,,https://twitter.com/ianamurray/status/1230490935215128578,1230490935215128578,216080261
2020-02-20 13:36:21+00:00,ianamurray,chaterollie,0,1,26,!!!! https://twitter.com/chaterollie/status/1230485012321112064?s=21,,Thu Feb 20 13:36:21 +0000 2020,,,"https://twitter.com/chaterollie/status/1230485012321112064?s=21,https://twitter.com/chaterollie/status/1230485012321112064",https://twitter.com/ianamurray/status/1230486346893946883,1230486346893946883,216080261
2020-02-20 11:54:33+00:00,ianamurray,AshleyySpencer,0,0,1,ashley!! you’re so lovely thank you ,,Thu Feb 20 11:54:33 +0000 2020,,,,https://twitter.com/ianamurray/status/1230460730643746816,1230460730643746816,216080261
2020-02-20 11:52:12+00:00,ianamurray,,3,2,155,people quoting this like “well DUH it’s not safe on a frozen lake” well did you think that maybe i’m just gullible,,Thu Feb 20 11:52:12 +0000 2020,,,,https://twitter.com/ianamurray/status/1230460137137213440,1230460137137213440,216080261
2020-02-20 11:22:00+00:00,ianamurray,goodjobliz,1,0,3,AHHHH THANK YOU !!,,Thu Feb 20 11:22:00 +0000 2020,,,,https://twitter.com/ianamurray/status/1230452536689283080,1230452536689283080,216080261
2020-02-20 11:21:08+00:00,ianamurray,,2,0,50,if anyone sees a little joe poster with my quote on it around london can you send me a pic pleeease i wanna show my parents ,,Thu Feb 20 11:21:08 +0000 2020,,,,https://twitter.com/ianamurray/status/1230452320275660800,1230452320275660800,216080261
2020-02-20 11:18:29+00:00,ianamurray,goodjobliz,1,0,4,detective hannah is on the case,,Thu Feb 20 11:18:29 +0000 2020,,,,https://twitter.com/ianamurray/status/1230451651586199552,1230451651586199552,216080261
2020-02-19 23:19:02+00:00,ianamurray,,10,174,2218,my life is a lie,,Wed Feb 19 23:19:02 +0000 2020,,,,https://twitter.com/ianamurray/status/1230270596245807104,1230270596245807104,216080261
2020-02-19 23:10:30+00:00,ianamurray,DreamHorseMovie,0,0,47,am i weak or is this actually really cute,,Wed Feb 19 23:10:30 +0000 2020,,,https://twitter.com/DreamHorseMovie/status/1230139351637598208,https://twitter.com/ianamurray/status/1230268448271368197,1230268448271368197,216080261
2020-02-19 22:35:00+00:00,ianamurray,laura_venning,1,13,207,if succession doesn't make tom and greg canon in season 3 i'm gonna flip,,Wed Feb 19 22:35:00 +0000 2020,,,https://twitter.com/laura_venning/status/1230258962211037186,https://twitter.com/ianamurray/status/1230259517088313346,1230259517088313346,216080261
2020-02-19 20:45:08+00:00,ianamurray,tylerllewtaing,0,0,25,does this person think greta was condoning her tf,,Wed Feb 19 20:45:08 +0000 2020,,,,https://twitter.com/ianamurray/status/1230231866705313794,1230231866705313794,216080261
2020-02-19 17:52:36+00:00,ianamurray,,1,1,74,the end is in sight !!!!,,Wed Feb 19 17:52:36 +0000 2020,,,,https://twitter.com/ianamurray/status/1230188447807221760,1230188447807221760,216080261
2020-02-19 16:51:46+00:00,ianamurray,,3,11,123,happy belated 15th anniversary to the best comic book movie of all time,,Wed Feb 19 16:51:46 +0000 2020,,,,https://twitter.com/ianamurray/status/1230173140946444290,1230173140946444290,216080261
2020-02-19 16:35:24+00:00,ianamurray,edvardmunch1974,0,0,15,relatable,,Wed Feb 19 16:35:24 +0000 2020,,,,https://twitter.com/ianamurray/status/1230169019803631618,1230169019803631618,216080261
2020-02-19 14:58:50+00:00,ianamurray,Festival_Cannes,0,0,145,sorry to the film that clashes with this you will not be seeing me ,,Wed Feb 19 14:58:50 +0000 2020,,,https://twitter.com/Festival_Cannes/status/1230079648589078533,https://twitter.com/ianamurray/status/1230144716538368002,1230144716538368002,216080261
2020-02-19 13:56:39+00:00,ianamurray,,2,0,110,help normal people is ruining my LIIIIFE,,Wed Feb 19 13:56:39 +0000 2020,,,,https://twitter.com/ianamurray/status/1230129069133639680,1230129069133639680,216080261
2020-02-19 11:38:38+00:00,ianamurray,_kelseyjae,0,0,1,you can get a switch lite it’s cheaper :),,Wed Feb 19 11:38:38 +0000 2020,,,,https://twitter.com/ianamurray/status/1230094336664141825,1230094336664141825,216080261
2020-02-19 10:53:53+00:00,ianamurray,_jarking,1,0,12,SHUT UP IM TRYING TO BE SINCERE,,Wed Feb 19 10:53:53 +0000 2020,,,,https://twitter.com/ianamurray/status/1230083076132425728,1230083076132425728,216080261
2020-02-19 10:52:58+00:00,ianamurray,,10,46,2201,"three years ago today, i took a flight to berlin on a whim to see one film and one film only on the last day of berlinale. all i had was a gut feeling that this movie was special and, well, you know how i feel about it.",,Wed Feb 19 10:52:58 +0000 2020,,,,https://twitter.com/ianamurray/status/1230082844053168128,1230082844053168128,216080261
2020-02-19 00:48:17+00:00,ianamurray,myownprivate5,3,2,36,THIS! IS! IT! i am spirallingggg https://twitter.com/myownprivate5/status/1229923602243428352?s=21,,Wed Feb 19 00:48:17 +0000 2020,,,"https://twitter.com/myownprivate5/status/1229923602243428352?s=21,https://twitter.com/myownprivate5/status/1229923602243428352",https://twitter.com/ianamurray/status/1229930672023838721,1229930672023838721,216080261
2020-02-18 23:47:58+00:00,ianamurray,youaresogoldens,0,0,1,"since like 2016,,,,",,Tue Feb 18 23:47:58 +0000 2020,,,,https://twitter.com/ianamurray/status/1229915489268355073,1229915489268355073,216080261
2020-02-18 23:44:59+00:00,ianamurray,alimkheraj,0,0,1,the way that this summarises the 50/50 split in my replies lmaooooo,,Tue Feb 18 23:44:59 +0000 2020,,,,https://twitter.com/ianamurray/status/1229914742287937536,1229914742287937536,216080261
2020-02-18 23:43:30+00:00,ianamurray,NinSwitchNews,1,0,45,forgot the most important one https://twitter.com/ninswitchnews/status/1229804714511888384?s=21,,Tue Feb 18 23:43:30 +0000 2020,,,"https://twitter.com/ninswitchnews/status/1229804714511888384?s=21,https://twitter.com/NinSwitchNews/status/1229804714511888384",https://twitter.com/ianamurray/status/1229914367879151617,1229914367879151617,216080261
2020-02-18 23:41:12+00:00,ianamurray,,2,146,1539,what a day! what a d a y !,,Tue Feb 18 23:41:12 +0000 2020,,,,https://twitter.com/ianamurray/status/1229913788943609856,1229913788943609856,216080261
2020-02-18 23:36:37+00:00,ianamurray,MillicentOnFilm,0,0,7,GIRL didn't @_jarking and i grill you on this when we had lunch??? UNCUT GEMS IS ON NETFLIX,@_jarking,Tue Feb 18 23:36:37 +0000 2020,,,,https://twitter.com/ianamurray/status/1229912633622618115,1229912633622618115,216080261
2020-02-18 23:25:46+00:00,ianamurray,,0,1,28,nic braun’s insta story okaaay fashion king !!! tc watch your back,,Tue Feb 18 23:25:46 +0000 2020,,,,https://twitter.com/ianamurray/status/1229909905034838018,1229909905034838018,216080261
