date,username,to,replies,retweets,favorites,text,mentions,formatted_date,geo,hashtags,urls,permalink,ID,author_id
2020-02-28 20:06:51+00:00,ikaveri,nilanjanaroy,0,0,1,Superb thread.,,Fri Feb 28 20:06:51 +0000 2020,,,,https://twitter.com/ikaveri/status/1233483725759012864,1233483725759012864,51552352
2020-02-28 19:58:49+00:00,ikaveri,gutlibagh,1,0,1,"Haan, Accha है",,Fri Feb 28 19:58:49 +0000 2020,,,,https://twitter.com/ikaveri/status/1233481703085297665,1233481703085297665,51552352
2020-02-28 19:58:09+00:00,ikaveri,singhvivek73,0,0,0,"Yes, I got it right later",,Fri Feb 28 19:58:09 +0000 2020,,,,https://twitter.com/ikaveri/status/1233481534704771072,1233481534704771072,51552352
2020-02-28 19:23:01+00:00,ikaveri,Neha14505402,2,0,1,I'm not that young ,,Fri Feb 28 19:23:01 +0000 2020,,,,https://twitter.com/ikaveri/status/1233472693791531009,1233472693791531009,51552352
2020-02-28 19:20:18+00:00,ikaveri,isbanga,0,0,0, ,,Fri Feb 28 19:20:18 +0000 2020,,,,https://twitter.com/ikaveri/status/1233472008945459200,1233472008945459200,51552352
2020-02-28 19:12:23+00:00,ikaveri,amitn1,1,0,1,I'm not bothered but it's very hard to handle for many women.,,Fri Feb 28 19:12:23 +0000 2020,,,,https://twitter.com/ikaveri/status/1233470017385136128,1233470017385136128,51552352
2020-02-28 19:11:00+00:00,ikaveri,tejujoshi31,1,0,1,Sensible. I'd however like one last party.,,Fri Feb 28 19:11:00 +0000 2020,,,,https://twitter.com/ikaveri/status/1233469668461023233,1233469668461023233,51552352
2020-02-28 19:09:32+00:00,ikaveri,inquestioner,0,0,4,Of course! ,,Fri Feb 28 19:09:32 +0000 2020,,,,https://twitter.com/ikaveri/status/1233469298556862464,1233469298556862464,51552352
2020-02-28 19:00:28+00:00,ikaveri,wind_alpha,1,0,3,Attended a prayer meeting for a young lady.... It was heartbreaking.,,Fri Feb 28 19:00:28 +0000 2020,,,,https://twitter.com/ikaveri/status/1233467016230518785,1233467016230518785,51552352
2020-02-28 18:59:33+00:00,ikaveri,PRanade1,0,0,1,Maybe,,Fri Feb 28 18:59:33 +0000 2020,,,,https://twitter.com/ikaveri/status/1233466788282847236,1233466788282847236,51552352
2020-02-28 18:59:18+00:00,ikaveri,PRanade1,0,0,1, ,,Fri Feb 28 18:59:18 +0000 2020,,,,https://twitter.com/ikaveri/status/1233466724009246720,1233466724009246720,51552352
2020-02-28 18:58:52+00:00,ikaveri,MachaiahKA,0,0,0, ,,Fri Feb 28 18:58:52 +0000 2020,,,,https://twitter.com/ikaveri/status/1233466616001654784,1233466616001654784,51552352
2020-02-28 18:58:35+00:00,ikaveri,FaizSpeaks,1,0,0,....heartbreaking,,Fri Feb 28 18:58:35 +0000 2020,,,,https://twitter.com/ikaveri/status/1233466544778174465,1233466544778174465,51552352
2020-02-28 18:58:09+00:00,ikaveri,,1,6,18,"Neeraj Jadaun, SP from UP patrolling in his area crossed the border into Delhi and braved a mob to save lives https://www.bbc.com/news/world-asia-india-51670093 Salute to @NeerajKumarJad1",@NeerajKumarJad1,Fri Feb 28 18:58:09 +0000 2020,,,https://www.bbc.com/news/world-asia-india-51670093,https://twitter.com/ikaveri/status/1233466434107428875,1233466434107428875,51552352
2020-02-28 18:53:23+00:00,ikaveri,CNN,3,3,13,How dumb!,,Fri Feb 28 18:53:23 +0000 2020,,,https://twitter.com/CNN/status/1233406525491814400,https://twitter.com/ikaveri/status/1233465234062442499,1233465234062442499,51552352
2020-02-28 18:49:52+00:00,ikaveri,,2,0,2,It's breezy and beautiful outside.,,Fri Feb 28 18:49:52 +0000 2020,,,,https://twitter.com/ikaveri/status/1233464350897246213,1233464350897246213,51552352
2020-02-28 18:48:17+00:00,ikaveri,databaaz,10,53,109,My daughter is currently taking her 12th board exams and I cannot imagine this mother and her child's plight.,,Fri Feb 28 18:48:17 +0000 2020,,,https://twitter.com/databaaz/status/1233067518098472960,https://twitter.com/ikaveri/status/1233463951813251072,1233463951813251072,51552352
2020-02-28 18:45:17+00:00,ikaveri,,32,2,45,I thought a lot today about how I'd like my funeral and memorial to be. I should write it all down.,,Fri Feb 28 18:45:17 +0000 2020,,,,https://twitter.com/ikaveri/status/1233463197278994432,1233463197278994432,51552352
2020-02-28 18:25:14+00:00,ikaveri,bmwonthenet,0,0,0,Good. Glad to hear,,Fri Feb 28 18:25:14 +0000 2020,,,,https://twitter.com/ikaveri/status/1233458151950778370,1233458151950778370,51552352
2020-02-28 18:24:52+00:00,ikaveri,SRanderian,1,0,0,It's alright. People are dealing with worse,,Fri Feb 28 18:24:52 +0000 2020,,,,https://twitter.com/ikaveri/status/1233458059273478144,1233458059273478144,51552352
2020-02-28 18:24:18+00:00,ikaveri,hkrishnadhar,0,0,2,Thank you,,Fri Feb 28 18:24:18 +0000 2020,,,,https://twitter.com/ikaveri/status/1233457918365831169,1233457918365831169,51552352
2020-02-28 18:12:06+00:00,ikaveri,,1,6,14,The best prevention against the #coronavirus is still washing your hands. Here's the proper way to do it,,Fri Feb 28 18:12:06 +0000 2020,,#coronavirus,https://www.cnn.com/2020/02/28/health/how-to-wash-hands-coronavirus-trnd/index.html,https://twitter.com/ikaveri/status/1233454845077549056,1233454845077549056,51552352
2020-02-28 17:58:50+00:00,ikaveri,barbarindian,1,0,18,"You won't get it, Barbie. You are on the same side of the fence as him.",,Fri Feb 28 17:58:50 +0000 2020,,,,https://twitter.com/ikaveri/status/1233451506407333888,1233451506407333888,51552352
2020-02-28 17:57:10+00:00,ikaveri,_atma,0,0,1,Good,,Fri Feb 28 17:57:10 +0000 2020,,,,https://twitter.com/ikaveri/status/1233451088214278145,1233451088214278145,51552352
2020-02-28 17:56:35+00:00,ikaveri,usmangani200,0,0,0,Thanks,,Fri Feb 28 17:56:35 +0000 2020,,,,https://twitter.com/ikaveri/status/1233450941992460288,1233450941992460288,51552352
2020-02-28 17:47:55+00:00,ikaveri,blessedinluv,0,0,2, ,,Fri Feb 28 17:47:55 +0000 2020,,,,https://twitter.com/ikaveri/status/1233448758592995333,1233448758592995333,51552352
2020-02-28 17:47:43+00:00,ikaveri,blessedinluv,0,0,0,Too many. I'm not bothered,,Fri Feb 28 17:47:43 +0000 2020,,,,https://twitter.com/ikaveri/status/1233448709632876544,1233448709632876544,51552352
2020-02-28 17:45:55+00:00,ikaveri,chetan_cbe,0,0,0, ,,Fri Feb 28 17:45:55 +0000 2020,,,,https://twitter.com/ikaveri/status/1233448257289740288,1233448257289740288,51552352
2020-02-28 17:44:04+00:00,ikaveri,mazharkhanm,0,0,0, ,,Fri Feb 28 17:44:04 +0000 2020,,,,https://twitter.com/ikaveri/status/1233447789448683522,1233447789448683522,51552352
2020-02-28 17:43:51+00:00,ikaveri,raatemugul,0,0,1,Thank you,,Fri Feb 28 17:43:51 +0000 2020,,,,https://twitter.com/ikaveri/status/1233447736390799360,1233447736390799360,51552352
2020-02-28 17:43:24+00:00,ikaveri,just_1_singh,0,0,0,Yeah. I remember,,Fri Feb 28 17:43:24 +0000 2020,,,,https://twitter.com/ikaveri/status/1233447624511877120,1233447624511877120,51552352
2020-02-28 17:42:48+00:00,ikaveri,,2,22,35,"A dog in Hong Kong tests positive for the coronavirus, WHO confirms",,Fri Feb 28 17:42:48 +0000 2020,,,https://www.cnbc.com/2020/02/28/a-dog-in-hong-kong-tests-positive-for-the-coronavirus-who-confirms.html,https://twitter.com/ikaveri/status/1233447473458241536,1233447473458241536,51552352
2020-02-28 17:41:22+00:00,ikaveri,KashifShahzada,0,0,1,Lassi is the specialty of @NibrasAdambawa,@NibrasAdambawa,Fri Feb 28 17:41:22 +0000 2020,,,,https://twitter.com/ikaveri/status/1233447113066872832,1233447113066872832,51552352
2020-02-28 17:39:44+00:00,ikaveri,Farhan222,0,0,1,Jai Hind ,,Fri Feb 28 17:39:44 +0000 2020,,,,https://twitter.com/ikaveri/status/1233446701374902275,1233446701374902275,51552352
2020-02-28 17:19:14+00:00,ikaveri,_ShivaniSD,0,0,1,Yep. Constantly,,Fri Feb 28 17:19:14 +0000 2020,,,,https://twitter.com/ikaveri/status/1233441540481019904,1233441540481019904,51552352
2020-02-28 17:18:53+00:00,ikaveri,KashifShahzada,1,0,0,Thoda sa,,Fri Feb 28 17:18:53 +0000 2020,,,,https://twitter.com/ikaveri/status/1233441455399567360,1233441455399567360,51552352
2020-02-28 15:11:06+00:00,ikaveri,Leopard212,0,0,0, ,,Fri Feb 28 15:11:06 +0000 2020,,,,https://twitter.com/ikaveri/status/1233409295837872131,1233409295837872131,51552352
2020-02-28 13:45:21+00:00,ikaveri,,51,41,272,Reported Jaggi. Have you?,,Fri Feb 28 13:45:21 +0000 2020,,,,https://twitter.com/ikaveri/status/1233387716458364928,1233387716458364928,51552352
2020-02-28 11:49:23+00:00,ikaveri,WickedWitch74,1,0,0,Uff ,,Fri Feb 28 11:49:23 +0000 2020,,,,https://twitter.com/ikaveri/status/1233358533338554370,1233358533338554370,51552352
2020-02-28 11:47:52+00:00,ikaveri,KChakravarty,1,0,5,Each and every time. Only consideration - humanity,,Fri Feb 28 11:47:52 +0000 2020,,,,https://twitter.com/ikaveri/status/1233358150075633665,1233358150075633665,51552352
2020-02-28 11:39:48+00:00,ikaveri,ANI,6,25,102,How can we ever thank them enough for being rock solid in every situation? #respect,,Fri Feb 28 11:39:48 +0000 2020,,#respect,https://twitter.com/ANI/status/1233331912845844481,https://twitter.com/ikaveri/status/1233356118933540866,1233356118933540866,51552352
2020-02-28 11:30:34+00:00,ikaveri,ChandrusWeb,0,0,0,"Yeah, he clarified. ",,Fri Feb 28 11:30:34 +0000 2020,,,,https://twitter.com/ikaveri/status/1233353798812176384,1233353798812176384,51552352
2020-02-28 11:29:42+00:00,ikaveri,imoneypenny,0,0,0, ,,Fri Feb 28 11:29:42 +0000 2020,,,,https://twitter.com/ikaveri/status/1233353579345301510,1233353579345301510,51552352
2020-02-28 11:27:48+00:00,ikaveri,ashokkmrsingh,0,0,0, ,,Fri Feb 28 11:27:48 +0000 2020,,,,https://twitter.com/ikaveri/status/1233353102012473345,1233353102012473345,51552352
2020-02-28 09:51:50+00:00,ikaveri,Salman64770111,0,0,0, ,,Fri Feb 28 09:51:50 +0000 2020,,,,https://twitter.com/ikaveri/status/1233328951763685376,1233328951763685376,51552352
2020-02-28 09:19:31+00:00,ikaveri,JanusBlinked,0,4,20,Roger that.,,Fri Feb 28 09:19:31 +0000 2020,,,https://twitter.com/JanusBlinked/status/1232941001188069376,https://twitter.com/ikaveri/status/1233320819314569216,1233320819314569216,51552352
2020-02-28 08:31:58+00:00,ikaveri,NameFieldmt,0,0,0,Yep!,,Fri Feb 28 08:31:58 +0000 2020,,,,https://twitter.com/ikaveri/status/1233308849429331968,1233308849429331968,51552352
2020-02-28 08:31:33+00:00,ikaveri,karunajohn,2,0,7,"Yup. Reporting, blocking. Rinse. Repeat.",,Fri Feb 28 08:31:33 +0000 2020,,,,https://twitter.com/ikaveri/status/1233308747235131392,1233308747235131392,51552352
2020-02-28 08:31:06+00:00,ikaveri,SaniaAhmad1111,0,0,4, ,,Fri Feb 28 08:31:06 +0000 2020,,,,https://twitter.com/ikaveri/status/1233308634278285312,1233308634278285312,51552352
2020-02-28 08:27:26+00:00,ikaveri,,23,16,196,"Hey all! Thanks for the tweets in solidarity. Don't worry, I'm not the least bit disturbed but their abusive tweets to me prove that they certainly are.",,Fri Feb 28 08:27:26 +0000 2020,,,,https://twitter.com/ikaveri/status/1233307709937573890,1233307709937573890,51552352
2020-02-28 08:25:36+00:00,ikaveri,stopandreverse,0,0,2,I suppose so,,Fri Feb 28 08:25:36 +0000 2020,,,,https://twitter.com/ikaveri/status/1233307250535481344,1233307250535481344,51552352
2020-02-28 08:03:33+00:00,ikaveri,Salman64770111,8,4,50,Why should I feel disgraced? They are the ones being disgraceful.,,Fri Feb 28 08:03:33 +0000 2020,,,https://twitter.com/Salman64770111/status/1233285708204277760,https://twitter.com/ikaveri/status/1233301701383163905,1233301701383163905,51552352
2020-02-28 08:01:33+00:00,ikaveri,deepsealioness,2,0,10,Unfortunately so common but I'm not going to let them chase me away from here so easily,,Fri Feb 28 08:01:33 +0000 2020,,,,https://twitter.com/ikaveri/status/1233301195956998145,1233301195956998145,51552352
2020-02-28 07:07:32+00:00,ikaveri,VinodAbdullah,0,8,5,This chap. Just one specimen out of thousands. I won't be sorry if he loses his job.,,Fri Feb 28 07:07:32 +0000 2020,,,https://twitter.com/VinodAbdullah/status/1232849605978550273?s=19,https://twitter.com/ikaveri/status/1233287600707792896,1233287600707792896,51552352
2020-02-28 07:00:30+00:00,ikaveri,ashlinpmathew,5,4,15,Just saw a Karnataka Uber driver. Now this. They are itching for blood sports.,,Fri Feb 28 07:00:30 +0000 2020,,,https://twitter.com/ashlinpmathew/status/1232687203425214467,https://twitter.com/ikaveri/status/1233285831370014720,1233285831370014720,51552352
2020-02-28 06:58:39+00:00,ikaveri,,20,3,61,Just a small sample.,,Fri Feb 28 06:58:39 +0000 2020,,,,https://twitter.com/ikaveri/status/1233285368809525249,1233285368809525249,51552352
2020-02-28 06:57:04+00:00,ikaveri,rizwanace,0,0,4,Blocked by tons,,Fri Feb 28 06:57:04 +0000 2020,,,,https://twitter.com/ikaveri/status/1233284968899465216,1233284968899465216,51552352
2020-02-28 06:54:06+00:00,ikaveri,,177,115,670,It's a good thing that I've become very thick skinned.,,Fri Feb 28 06:54:06 +0000 2020,,,,https://twitter.com/ikaveri/status/1233284221126336513,1233284221126336513,51552352
2020-02-28 06:49:12+00:00,ikaveri,JDSingh1969,1,0,1,Yup. I was about to say that,,Fri Feb 28 06:49:12 +0000 2020,,,,https://twitter.com/ikaveri/status/1233282990458863616,1233282990458863616,51552352
2020-02-28 06:45:46+00:00,ikaveri,polysmind,0,0,0, ,,Fri Feb 28 06:45:46 +0000 2020,,,,https://twitter.com/ikaveri/status/1233282125832437760,1233282125832437760,51552352
2020-02-28 06:12:05+00:00,ikaveri,gsahani,0,0,0, ,,Fri Feb 28 06:12:05 +0000 2020,,,,https://twitter.com/ikaveri/status/1233273646803640321,1233273646803640321,51552352
2020-02-28 06:11:49+00:00,ikaveri,kaalicharan,0,0,1,Yaay!,,Fri Feb 28 06:11:49 +0000 2020,,,,https://twitter.com/ikaveri/status/1233273579233406976,1233273579233406976,51552352
2020-02-28 05:48:51+00:00,ikaveri,,6,1,27,Of course a certain section is uncomfortable with videos of violence being posted. There are appeals to not post them. They rather brush it all under the carpet.,,Fri Feb 28 05:48:51 +0000 2020,,,,https://twitter.com/ikaveri/status/1233267801340530688,1233267801340530688,51552352
2020-02-28 05:22:22+00:00,ikaveri,srizzler,0,0,1, ,,Fri Feb 28 05:22:22 +0000 2020,,,,https://twitter.com/ikaveri/status/1233261138135015424,1233261138135015424,51552352
2020-02-28 05:22:09+00:00,ikaveri,Whats_appp_uni,0,0,0, ,,Fri Feb 28 05:22:09 +0000 2020,,,,https://twitter.com/ikaveri/status/1233261081641930752,1233261081641930752,51552352
2020-02-28 05:21:38+00:00,ikaveri,inquestioner,0,0,0,Hmm. Never paid attention earlier.,,Fri Feb 28 05:21:38 +0000 2020,,,,https://twitter.com/ikaveri/status/1233260952423763968,1233260952423763968,51552352
2020-02-28 02:01:55+00:00,ikaveri,bipbopbuu,0,0,1,Thanks!,,Fri Feb 28 02:01:55 +0000 2020,,,,https://twitter.com/ikaveri/status/1233210692582264833,1233210692582264833,51552352
2020-02-28 02:01:00+00:00,ikaveri,AfzalKhanAnees1,0,0,1,Thanks,,Fri Feb 28 02:01:00 +0000 2020,,,,https://twitter.com/ikaveri/status/1233210461740392448,1233210461740392448,51552352
2020-02-28 01:47:10+00:00,ikaveri,,2,13,19,The Roots of the Delhi Riots: A Fiery Speech and an Ultimatum,,Fri Feb 28 01:47:10 +0000 2020,,,https://nyti.ms/37YsQbb,https://twitter.com/ikaveri/status/1233206978958131203,1233206978958131203,51552352
2020-02-28 01:42:54+00:00,ikaveri,,2,0,0,"Meanwhile back home in Coorg.... Tiger kills 30 heads of cattle, trap set https://www.newindianexpress.com/states/karnataka/2020/feb/27/tiger-kills-30-heads-of-cattle-trap-set-2109147.html via @NewIndianXpress",@NewIndianXpress,Fri Feb 28 01:42:54 +0000 2020,,,https://www.newindianexpress.com/states/karnataka/2020/feb/27/tiger-kills-30-heads-of-cattle-trap-set-2109147.html,https://twitter.com/ikaveri/status/1233205907195977728,1233205907195977728,51552352
2020-02-28 01:33:24+00:00,ikaveri,,0,0,6,Where women rule: the last matriarchy in Europe – in pictures,,Fri Feb 28 01:33:24 +0000 2020,,,https://www.theguardian.com/artanddesign/gallery/2020/feb/26/where-women-rule-the-last-matriarchy-in-europe-in-pictures-anne-helene-gjelstad?CMP=share_btn_tw,https://twitter.com/ikaveri/status/1233203516321091585,1233203516321091585,51552352
2020-02-27 19:50:51+00:00,ikaveri,Advaidism,1,0,6,Today I was hounded.....still am being abused for saying exactly this,,Thu Feb 27 19:50:51 +0000 2020,,,,https://twitter.com/ikaveri/status/1233117310526853120,1233117310526853120,51552352
2020-02-27 19:41:36+00:00,ikaveri,SukirtiDwivedi,1,6,21,Uneducated lumpens are jealous that some kids might get a better education than they ever did,,Thu Feb 27 19:41:36 +0000 2020,,,https://twitter.com/SukirtiDwivedi/status/1232941940104212480,https://twitter.com/ikaveri/status/1233114982402985986,1233114982402985986,51552352
2020-02-27 19:39:17+00:00,ikaveri,paritoshZero,5,0,25,Add Shahrukh too. He was arrested. Then he suddenly wasn't. Fishy!,,Thu Feb 27 19:39:17 +0000 2020,,,,https://twitter.com/ikaveri/status/1233114397444362242,1233114397444362242,51552352
2020-02-27 19:17:19+00:00,ikaveri,NutAshes,1,0,1,Hard.,,Thu Feb 27 19:17:19 +0000 2020,,,,https://twitter.com/ikaveri/status/1233108869162778624,1233108869162778624,51552352
2020-02-27 19:04:13+00:00,ikaveri,Your_Levodopa,1,1,1,"No, interlocutors should have been sent long back before it became so huge.",,Thu Feb 27 19:04:13 +0000 2020,,,,https://twitter.com/ikaveri/status/1233105574235009024,1233105574235009024,51552352
2020-02-27 18:58:48+00:00,ikaveri,GautamTrivedi_,0,0,0,"Gosh, thank you so much ",,Thu Feb 27 18:58:48 +0000 2020,,,,https://twitter.com/ikaveri/status/1233104211841126401,1233104211841126401,51552352
2020-02-27 18:58:01+00:00,ikaveri,prasanto,0,0,1,Stormtrooper.,,Thu Feb 27 18:58:01 +0000 2020,,,,https://twitter.com/ikaveri/status/1233104014364921856,1233104014364921856,51552352
2020-02-27 18:56:06+00:00,ikaveri,rupagulab,3,0,10,Don't lie. You'll not be able to pick up your fridge.,,Thu Feb 27 18:56:06 +0000 2020,,,,https://twitter.com/ikaveri/status/1233103529717325824,1233103529717325824,51552352
2020-02-27 18:55:19+00:00,ikaveri,ranjona,1,3,7,So that he can play holi holi.,,Thu Feb 27 18:55:19 +0000 2020,,,https://twitter.com/ranjona/status/1233090728114475009,https://twitter.com/ikaveri/status/1233103334304694272,1233103334304694272,51552352
2020-02-27 18:53:15+00:00,ikaveri,nazmaaman,0,0,3,I'm feeling creeped out actually,,Thu Feb 27 18:53:15 +0000 2020,,,,https://twitter.com/ikaveri/status/1233102813061795840,1233102813061795840,51552352
2020-02-27 18:48:30+00:00,ikaveri,,5,0,8,Or maybe not. ,,Thu Feb 27 18:48:30 +0000 2020,,,,https://twitter.com/ikaveri/status/1233101616896606208,1233101616896606208,51552352
2020-02-27 18:46:16+00:00,ikaveri,,12,0,32,Should I feel flattered or something? ,,Thu Feb 27 18:46:16 +0000 2020,,,,https://twitter.com/ikaveri/status/1233101054880862209,1233101054880862209,51552352
2020-02-27 18:21:20+00:00,ikaveri,vijivenkatesh,0,0,1,Inshaallah! Hugs to both of you ,,Thu Feb 27 18:21:20 +0000 2020,,,,https://twitter.com/ikaveri/status/1233094781112217602,1233094781112217602,51552352
2020-02-27 16:39:29+00:00,ikaveri,,3,0,12,"New kajal and gloss. Please admire. #vanity @Delhi, India https://www.instagram.com/p/B9E8ygAlFnp/?igshid=76xizbhwzw0o",,Thu Feb 27 16:39:29 +0000 2020,,#vanity,https://www.instagram.com/p/B9E8ygAlFnp/?igshid=76xizbhwzw0o,https://twitter.com/ikaveri/status/1233069150031007747,1233069150031007747,51552352
2020-02-27 16:33:51+00:00,ikaveri,i_theindian,0,0,2,I loved every book and I finished them all by the time I was 16,,Thu Feb 27 16:33:51 +0000 2020,,,,https://twitter.com/ikaveri/status/1233067734897844225,1233067734897844225,51552352
2020-02-27 16:25:40+00:00,ikaveri,Velvetyvirgo,3,0,5,William Somerset Maugham,,Thu Feb 27 16:25:40 +0000 2020,,,,https://twitter.com/ikaveri/status/1233065674584424448,1233065674584424448,51552352
2020-02-27 16:21:17+00:00,ikaveri,npueu,1,0,2,Where can I cash my cheque? Please ask off.,,Thu Feb 27 16:21:17 +0000 2020,,,,https://twitter.com/ikaveri/status/1233064572241637377,1233064572241637377,51552352
2020-02-27 16:10:52+00:00,ikaveri,WickedWitch74,3,0,0,Yes.... All the more that my heart goes out to him,,Thu Feb 27 16:10:52 +0000 2020,,,,https://twitter.com/ikaveri/status/1233061947886592000,1233061947886592000,51552352
2020-02-27 16:08:50+00:00,ikaveri,ShaheenBaghs,5,4,18,@AsimAli6 @salonayyy @Aaabshar @amitmehra @deepsealioness @crowngaurav @ashwin_baindur @BookLuster @GayatriiM @gauravpramanik @Farhan222 @GautamTrivedi_ I am Delhi,@AsimAli6 @salonayyy @Aaabshar @amitmehra @deepsealioness @crowngaurav @ashwin_baindur @BookLuster @GayatriiM @gauravpramanik @Farhan222 @GautamTrivedi_,Thu Feb 27 16:08:50 +0000 2020,,,,https://twitter.com/ikaveri/status/1233061436546412544,1233061436546412544,51552352
2020-02-27 15:43:19+00:00,ikaveri,,1,0,0,"Yes, but a large number of people think they do",,Thu Feb 27 15:43:19 +0000 2020,,,,https://twitter.com/ikaveri/status/1233055014014377984,1233055014014377984,51552352
2020-02-27 15:32:30+00:00,ikaveri,rajeshshenoy63,0,0,2,Horrifying. Hope investigations reveal everything soon,,Thu Feb 27 15:32:30 +0000 2020,,,,https://twitter.com/ikaveri/status/1233052294163288065,1233052294163288065,51552352
2020-02-27 14:24:40+00:00,ikaveri,peeleraja,0,0,1,I think so. I hope so.,,Thu Feb 27 14:24:40 +0000 2020,,,,https://twitter.com/ikaveri/status/1233035223975071744,1233035223975071744,51552352
2020-02-27 14:21:15+00:00,ikaveri,Sammypedia,1,0,0, ,,Thu Feb 27 14:21:15 +0000 2020,,,,https://twitter.com/ikaveri/status/1233034361139875840,1233034361139875840,51552352
2020-02-27 14:14:56+00:00,ikaveri,,5,1,6,"Lalitha is trying to re-enforce Bao's ""sit"" training and screaming ""shit! shit!"" while wagging her finger at the poor, confused puppy's face.",,Thu Feb 27 14:14:56 +0000 2020,,,,https://twitter.com/ikaveri/status/1233032775198027777,1233032775198027777,51552352
2020-02-27 13:56:53+00:00,ikaveri,jonathansreyy,1,0,1,Sooo pretty. Tell her to make spectacle chains too.,,Thu Feb 27 13:56:53 +0000 2020,,,,https://twitter.com/ikaveri/status/1233028229772042247,1233028229772042247,51552352
2020-02-27 13:54:29+00:00,ikaveri,,2,11,20,Daughter joins Navy as pilot’s pyre lit : The Tribune India https://m.tribuneindia.com/news/daughter-joins-navy-as-pilots-pyre-lit-47750 I can't imagine how the youngster must have gone through this. Salute to the father and daughter.,,Thu Feb 27 13:54:29 +0000 2020,,,https://m.tribuneindia.com/news/daughter-joins-navy-as-pilots-pyre-lit-47750,https://twitter.com/ikaveri/status/1233027625129517056,1233027625129517056,51552352
2020-02-27 13:50:47+00:00,ikaveri,nailainayat,1,0,3,"@subbureddyy, send this download to me na. It's hilarious",@subbureddyy,Thu Feb 27 13:50:47 +0000 2020,,,,https://twitter.com/ikaveri/status/1233026696846114816,1233026696846114816,51552352
2020-02-27 12:34:20+00:00,ikaveri,Dhatoora_,1,0,0,Yes,,Thu Feb 27 12:34:20 +0000 2020,,,,https://twitter.com/ikaveri/status/1233007457875546112,1233007457875546112,51552352
2020-02-27 12:32:13+00:00,ikaveri,neetakolhatkar,0,0,1,Intresting,,Thu Feb 27 12:32:13 +0000 2020,,,,https://twitter.com/ikaveri/status/1233006925727461379,1233006925727461379,51552352
