date,username,to,replies,retweets,favorites,text,mentions,formatted_date,geo,hashtags,urls,permalink,ID,author_id
2020-02-23 22:44:57+00:00,iNabber69,TRK6LUC,7,0,35,,,Sun Feb 23 22:44:57 +0000 2020,,,,https://twitter.com/iNabber69/status/1231711570394263569,1231711570394263569,1168680523960606720
2020-02-23 22:37:25+00:00,iNabber69,undopml,6,0,29,what?,,Sun Feb 23 22:37:25 +0000 2020,,,,https://twitter.com/iNabber69/status/1231709674233266177,1231709674233266177,1168680523960606720
2020-02-23 22:35:54+00:00,iNabber69,,11,84,1857,kenji after he ran away,,Sun Feb 23 22:35:54 +0000 2020,,,,https://twitter.com/iNabber69/status/1231709296456556549,1231709296456556549,1168680523960606720
2020-02-23 22:25:37+00:00,iNabber69,,14,9,484,,,Sun Feb 23 22:25:37 +0000 2020,,,https://www.distractify.com/p/armani-team-10-jail,https://twitter.com/iNabber69/status/1231706706998185984,1231706706998185984,1168680523960606720
2020-02-23 22:24:45+00:00,iNabber69,,24,197,3781,"Today is a day we will all remember for a very long time The day Gigi Hadid bodied Jake Paul so hard that he was sent back to 2012 when his good friend Arman Izadi was arrested for battery, kidnapping, pimping and robbery. -wait what",,Sun Feb 23 22:24:45 +0000 2020,,,,https://twitter.com/iNabber69/status/1231706489506627584,1231706489506627584,1168680523960606720
2020-02-23 21:40:19+00:00,iNabber69,ImAllexx,10,1,152,,,Sun Feb 23 21:40:19 +0000 2020,,,,https://twitter.com/iNabber69/status/1231695307232006144,1231695307232006144,1168680523960606720
2020-02-23 21:38:58+00:00,iNabber69,ImAllexx,8,0,205,,,Sun Feb 23 21:38:58 +0000 2020,,,,https://twitter.com/iNabber69/status/1231694967711682567,1231694967711682567,1168680523960606720
2020-02-23 21:27:45+00:00,iNabber69,,50,87,943,,,Sun Feb 23 21:27:45 +0000 2020,,,,https://twitter.com/iNabber69/status/1231692142919241729,1231692142919241729,1168680523960606720
2020-02-23 21:27:11+00:00,iNabber69,,13,79,630,,,Sun Feb 23 21:27:11 +0000 2020,,,,https://twitter.com/iNabber69/status/1231692001957072897,1231692001957072897,1168680523960606720
2020-02-23 21:07:05+00:00,iNabber69,Browntable_Ent,0,0,15,"bro been saying this for ages, venom 2 is gonna be great",,Sun Feb 23 21:07:05 +0000 2020,,,,https://twitter.com/iNabber69/status/1231686941474742272,1231686941474742272,1168680523960606720
2020-02-23 21:06:41+00:00,iNabber69,Stevie11White,2,0,17,"It has loads of ambiance background tracks but you can also put ASMR on with it, i never do that as its not my thing, but i just listen to a forest campfire track",,Sun Feb 23 21:06:41 +0000 2020,,,,https://twitter.com/iNabber69/status/1231686840329134080,1231686840329134080,1168680523960606720
2020-02-23 21:04:32+00:00,iNabber69,Stevie11White,1,0,36,"i use the headspace app, helps a lot",,Sun Feb 23 21:04:32 +0000 2020,,,,https://twitter.com/iNabber69/status/1231686299997933574,1231686299997933574,1168680523960606720
2020-02-23 20:54:03+00:00,iNabber69,callummarkie,1,0,43,Going to take my throne back in canary wharf soon,,Sun Feb 23 20:54:03 +0000 2020,,,,https://twitter.com/iNabber69/status/1231683661692645377,1231683661692645377,1168680523960606720
2020-02-23 20:51:56+00:00,iNabber69,callummarkie,1,0,73,dont expose me fella,,Sun Feb 23 20:51:56 +0000 2020,,,,https://twitter.com/iNabber69/status/1231683129829732357,1231683129829732357,1168680523960606720
2020-02-23 20:42:51+00:00,iNabber69,abbyrartistry,0,0,37,delete this please,,Sun Feb 23 20:42:51 +0000 2020,,,,https://twitter.com/iNabber69/status/1231680842600263682,1231680842600263682,1168680523960606720
2020-02-23 20:26:44+00:00,iNabber69,undopml,4,0,26,no shut up,,Sun Feb 23 20:26:44 +0000 2020,,,,https://twitter.com/iNabber69/status/1231676786716684289,1231676786716684289,1168680523960606720
2020-02-23 20:20:42+00:00,iNabber69,hftuyrach,7,0,22,haha shut the fuck up :),,Sun Feb 23 20:20:42 +0000 2020,,,,https://twitter.com/iNabber69/status/1231675269779509248,1231675269779509248,1168680523960606720
2020-02-23 20:18:04+00:00,iNabber69,Ninja,12,28,1436,"I have no interest in fighting you @imallexx . I don’t hate you, I don’t want you to fail, but I also dont appreciate you using my twitter being hacked as a publicity stunt. It was a breach in privacy which nobody deserve to deal with, your making it worse for me and helping him.",@ImAllexx,Sun Feb 23 20:18:04 +0000 2020,,,https://twitter.com/Ninja/status/1231659550920597505,https://twitter.com/iNabber69/status/1231674606903320579,1231674606903320579,1168680523960606720
2020-02-23 20:14:20+00:00,iNabber69,Lia_cartwright,1,1,27,LMAOOOOOOOOOOOOOOOOO,,Sun Feb 23 20:14:20 +0000 2020,,,,https://twitter.com/iNabber69/status/1231673669056942081,1231673669056942081,1168680523960606720
2020-02-23 20:12:26+00:00,iNabber69,,33,84,1301,the pickle rick era of the internet was probably the worst point in the history of humanity,,Sun Feb 23 20:12:26 +0000 2020,,,,https://twitter.com/iNabber69/status/1231673189798940672,1231673189798940672,1168680523960606720
2020-02-23 16:51:34+00:00,iNabber69,Omar1995Uno,1,0,14,"Aight, go back to sucking off bigger UK youtubers and making videos on youtubers 10x more successful than you to earn a bit of their clout, it’s a shame you didnt work for any of what you have and got it off of your successful friends (Almost like your dog)",,Sun Feb 23 16:51:34 +0000 2020,,,,https://twitter.com/iNabber69/status/1231622638398771201,1231622638398771201,1168680523960606720
2020-02-23 16:50:31+00:00,iNabber69,Omar1995Uno,1,3,150,,,Sun Feb 23 16:50:31 +0000 2020,,,https://twitter.com/omarhahahaha/status/1103693390829498370,https://twitter.com/iNabber69/status/1231622377878040579,1231622377878040579,1168680523960606720
2020-02-23 16:48:50+00:00,iNabber69,Omar1995Uno,10,8,802,"kenji knowing his dad went looking for him, but Omar's dad never went looking for him",,Sun Feb 23 16:48:50 +0000 2020,,,,https://twitter.com/iNabber69/status/1231621953095688194,1231621953095688194,1168680523960606720
2020-02-23 16:48:13+00:00,iNabber69,WillyMacShow,1,0,49,hahahaha,,Sun Feb 23 16:48:13 +0000 2020,,,,https://twitter.com/iNabber69/status/1231621796161560576,1231621796161560576,1168680523960606720
2020-02-23 16:45:50+00:00,iNabber69,Omar1995Uno,41,108,2586,"Omar my six month old dog is more successful than you and your entire family, pipe down",,Sun Feb 23 16:45:50 +0000 2020,,,https://twitter.com/Omar1995Uno/status/1231619899841183746,https://twitter.com/iNabber69/status/1231621197789573126,1231621197789573126,1168680523960606720
2020-02-23 16:26:00+00:00,iNabber69,ImAllexx,2,3,564,ffs,,Sun Feb 23 16:26:00 +0000 2020,,,,https://twitter.com/iNabber69/status/1231616206320422916,1231616206320422916,1168680523960606720
2020-02-23 16:12:59+00:00,iNabber69,jakepaul,6,23,2806,,,Sun Feb 23 16:12:59 +0000 2020,,,,https://twitter.com/iNabber69/status/1231612929843367942,1231612929843367942,1168680523960606720
2020-02-23 16:01:24+00:00,iNabber69,,27,19,447,,,Sun Feb 23 16:01:24 +0000 2020,,,,https://twitter.com/iNabber69/status/1231610016307785734,1231610016307785734,1168680523960606720
2020-02-23 15:22:00+00:00,iNabber69,TRK6LUC,2,0,15,ignoring now. bye.,,Sun Feb 23 15:22:00 +0000 2020,,,,https://twitter.com/iNabber69/status/1231600100985712641,1231600100985712641,1168680523960606720
2020-02-23 15:21:10+00:00,iNabber69,TRK6LUC,1,0,14,hahahahahahaha thousands of miles away but still got twitter on strings,,Sun Feb 23 15:21:10 +0000 2020,,,,https://twitter.com/iNabber69/status/1231599890762997762,1231599890762997762,1168680523960606720
2020-02-23 15:20:17+00:00,iNabber69,itsjoshuamiles,0,0,20,"naw i didnt but ive submitted a request to have it removed, if i had a contact it could be instant tho",,Sun Feb 23 15:20:17 +0000 2020,,,,https://twitter.com/iNabber69/status/1231599665944068099,1231599665944068099,1168680523960606720
2020-02-23 15:19:58+00:00,iNabber69,,2,3,285,help me @instagram i am an internet man,@instagram,Sun Feb 23 15:19:58 +0000 2020,,,,https://twitter.com/iNabber69/status/1231599588097843200,1231599588097843200,1168680523960606720
2020-02-23 15:16:41+00:00,iNabber69,heartslux,2,0,14,cheers,,Sun Feb 23 15:16:41 +0000 2020,,,,https://twitter.com/iNabber69/status/1231598759978717184,1231598759978717184,1168680523960606720
2020-02-23 15:15:23+00:00,iNabber69,TRK6LUC,2,0,16,that literally has no correlation to the fact i use more than one website,,Sun Feb 23 15:15:23 +0000 2020,,,,https://twitter.com/iNabber69/status/1231598434286788613,1231598434286788613,1168680523960606720
2020-02-23 15:13:54+00:00,iNabber69,TRK6LUC,1,0,19,forgot that humans can only use one social media platform,,Sun Feb 23 15:13:54 +0000 2020,,,,https://twitter.com/iNabber69/status/1231598061820030981,1231598061820030981,1168680523960606720
2020-02-23 15:12:01+00:00,iNabber69,TRK6LUC,2,0,19,almost like i don't just use twitter you freakshow,,Sun Feb 23 15:12:01 +0000 2020,,,,https://twitter.com/iNabber69/status/1231597585594568704,1231597585594568704,1168680523960606720
2020-02-23 15:09:58+00:00,iNabber69,TRK6LUC,2,0,33,i've gotten back into like 8/9 accounts u freak,,Sun Feb 23 15:09:58 +0000 2020,,,,https://twitter.com/iNabber69/status/1231597072291332098,1231597072291332098,1168680523960606720
2020-02-23 15:09:39+00:00,iNabber69,vesselhoe,0,0,21,"i dont, i have all my passwords in a very safe place, its not a password issue lol",,Sun Feb 23 15:09:39 +0000 2020,,,,https://twitter.com/iNabber69/status/1231596993220370433,1231596993220370433,1168680523960606720
2020-02-23 15:08:38+00:00,iNabber69,undopml,1,0,23,I have different passwords on everything but its not a password issue,,Sun Feb 23 15:08:38 +0000 2020,,,,https://twitter.com/iNabber69/status/1231596734087909379,1231596734087909379,1168680523960606720
2020-02-23 15:07:49+00:00,iNabber69,,18,4,578,hello youtuber friends if any of u have a contact at instagram pls dm so i can get my account back hehe,,Sun Feb 23 15:07:49 +0000 2020,,,,https://twitter.com/iNabber69/status/1231596531683381249,1231596531683381249,1168680523960606720
2020-02-23 15:04:49+00:00,iNabber69,streamballads1,0,0,10,i miss him,,Sun Feb 23 15:04:49 +0000 2020,,,,https://twitter.com/iNabber69/status/1231595774733103106,1231595774733103106,1168680523960606720
2020-02-23 14:21:57+00:00,iNabber69,iNabber69,3,0,60,got two laptops out looking like a pro,,Sun Feb 23 14:21:57 +0000 2020,,,,https://twitter.com/iNabber69/status/1231584989109727232,1231584989109727232,1168680523960606720
2020-02-23 14:21:50+00:00,iNabber69,Jake_Baz,1,0,103,i've actually hacked into my own accounts hahaahahah how have i managed this,,Sun Feb 23 14:21:50 +0000 2020,,,,https://twitter.com/iNabber69/status/1231584956423589894,1231584956423589894,1168680523960606720
2020-02-23 13:46:49+00:00,iNabber69,hftuyrach,3,0,45,PLEASE,,Sun Feb 23 13:46:49 +0000 2020,,,,https://twitter.com/iNabber69/status/1231576144471896072,1231576144471896072,1168680523960606720
2020-02-23 12:14:30+00:00,iNabber69,,28,5,396,also follow @JamesMarriottYT and subscribe to him on YouTube :),@JamesMarriottYT,Sun Feb 23 12:14:30 +0000 2020,,,,https://twitter.com/iNabber69/status/1231552914587627521,1231552914587627521,1168680523960606720
2020-02-23 12:13:13+00:00,iNabber69,,29,8,612,"iNabber stinky poo poo :) no more tweets from me today, fuck off",,Sun Feb 23 12:13:13 +0000 2020,,,,https://twitter.com/iNabber69/status/1231552589797437441,1231552589797437441,1168680523960606720
2020-02-23 12:11:29+00:00,iNabber69,ImAllexx,17,1,435,SIUUUUUUUUUUUUUUUUU INABBER WUBBA LUBBA DUB DUB SIUUUUUUUUUU,,Sun Feb 23 12:11:29 +0000 2020,,,,https://twitter.com/iNabber69/status/1231552155066212352,1231552155066212352,1168680523960606720
2020-02-23 12:04:34+00:00,iNabber69,,58,89,2318,"So what, I like a finger or two up the bum. That is freedom. That is fright. That is life.",,Sun Feb 23 12:04:34 +0000 2020,,,,https://twitter.com/iNabber69/status/1231550414765674497,1231550414765674497,1168680523960606720
2020-02-23 09:15:54+00:00,iNabber69,scopepml,0,0,34,Shut up,,Sun Feb 23 09:15:54 +0000 2020,,,,https://twitter.com/iNabber69/status/1231507969323470848,1231507969323470848,1168680523960606720
2020-02-23 09:14:36+00:00,iNabber69,,36,38,678,Good morning gaymers,,Sun Feb 23 09:14:36 +0000 2020,,,,https://twitter.com/iNabber69/status/1231507638787223552,1231507638787223552,1168680523960606720
2020-02-23 06:25:39+00:00,iNabber69,NemophilaLou,1,0,10,Yeah,,Sun Feb 23 06:25:39 +0000 2020,,,,https://twitter.com/iNabber69/status/1231465124990464000,1231465124990464000,1168680523960606720
2020-02-23 06:24:44+00:00,iNabber69,,20,3,420,Good morning,,Sun Feb 23 06:24:44 +0000 2020,,,,https://twitter.com/iNabber69/status/1231464893464924161,1231464893464924161,1168680523960606720
2020-02-23 00:49:55+00:00,iNabber69,,2,0,208,,,Sun Feb 23 00:49:55 +0000 2020,,,,https://twitter.com/iNabber69/status/1231380632032378880,1231380632032378880,1168680523960606720
2020-02-23 00:33:54+00:00,iNabber69,TRK6LUC,1,0,25,Even thor when he hears thanos’ name,,Sun Feb 23 00:33:54 +0000 2020,,,,https://twitter.com/iNabber69/status/1231376602463907840,1231376602463907840,1168680523960606720
2020-02-23 00:29:28+00:00,iNabber69,iNabber69,2,0,24,Tbf the whole first act was just sad,,Sun Feb 23 00:29:28 +0000 2020,,,,https://twitter.com/iNabber69/status/1231375488163229696,1231375488163229696,1168680523960606720
2020-02-23 00:29:02+00:00,iNabber69,TRK6LUC,2,0,56,Ngl tho that cap scene in the therapy session made me cry,,Sun Feb 23 00:29:02 +0000 2020,,,,https://twitter.com/iNabber69/status/1231375375894183937,1231375375894183937,1168680523960606720
2020-02-23 00:19:35+00:00,iNabber69,,44,239,2939,"Disney: we really care about the... *checks notes* g-gay .. people? Haha yes we care about them :) So here is a brand new GAY character that isn’t a human and nobody knows about, we love the.. geyz :) Also Disney: *removes same-sex kiss scene in Star Wars to appease China*",,Sun Feb 23 00:19:35 +0000 2020,,,,https://twitter.com/iNabber69/status/1231373001008046080,1231373001008046080,1168680523960606720
2020-02-23 00:15:29+00:00,iNabber69,DrCringePHD,1,1,49,"Hahaha true bro in a world of magic, Wands, phoenix’s, dragons, ImAllexx the house elf... dumbledore being gay was a bit of a wildcard",,Sun Feb 23 00:15:29 +0000 2020,,,,https://twitter.com/iNabber69/status/1231371968852774912,1231371968852774912,1168680523960606720
2020-02-23 00:12:11+00:00,iNabber69,DrCringePHD,17,40,567,"Dawg, Finn and Poe being gay was pretty much hinted so much in The Force Awakens. I ain’t forgetting that Poe lip bite anytime soon. You telling me he wasn’t thirsty for the Finn super stormtrooper schlong? Grow up Mason.",,Sun Feb 23 00:12:11 +0000 2020,,,https://twitter.com/DrCringePHD/status/1231370602449121284,https://twitter.com/iNabber69/status/1231371135092248576,1231371135092248576,1168680523960606720
2020-02-23 00:10:25+00:00,iNabber69,TRK6LUC,1,1,19,LOOOOL YEAH FFSSS IM SO MAD,,Sun Feb 23 00:10:25 +0000 2020,,,,https://twitter.com/iNabber69/status/1231370693050281987,1231370693050281987,1168680523960606720
2020-02-23 00:09:55+00:00,iNabber69,SAlKIKUSUO,3,0,134,I just want one singular live action gay person ,,Sun Feb 23 00:09:55 +0000 2020,,,,https://twitter.com/iNabber69/status/1231370566361395200,1231370566361395200,1168680523960606720
2020-02-23 00:07:49+00:00,iNabber69,,18,31,846,"Poe being gay would have fitted the story really well and also would have been amazing to see a gay main Star Wars character. Disney don’t care tho, they’ll make new characters no one cares about to pretend they’re for diversity and inclusivity",,Sun Feb 23 00:07:49 +0000 2020,,,,https://twitter.com/iNabber69/status/1231370039938494467,1231370039938494467,1168680523960606720
2020-02-23 00:06:37+00:00,iNabber69,getFANDOM,49,210,2650,"Disney had the opportunity to make any of their well known characters gay. Characters that people all round the world look up to and see as heroes. Actors like Oscar Isaac was asking for his character to be gay, but no Disney pretend they care by making.. this?",,Sun Feb 23 00:06:37 +0000 2020,,,https://twitter.com/getFANDOM/status/1230905686004912129,https://twitter.com/iNabber69/status/1231369734261813248,1231369734261813248,1168680523960606720
2020-02-22 23:17:43+00:00,iNabber69,iNabber69,3,2,648,Send Kenji back quick before rap twitter get your address,,Sat Feb 22 23:17:43 +0000 2020,,,,https://twitter.com/iNabber69/status/1231357432154247168,1231357432154247168,1168680523960606720
2020-02-22 23:17:16+00:00,iNabber69,willne,2,4,1419,Oh bro,,Sat Feb 22 23:17:16 +0000 2020,,,,https://twitter.com/iNabber69/status/1231357316315983873,1231357316315983873,1168680523960606720
2020-02-22 23:12:13+00:00,iNabber69,kuromith0t_,1,0,3,I really enjoyed it but I do not enjoy the constant manufactured arguments about it,,Sat Feb 22 23:12:13 +0000 2020,,,,https://twitter.com/iNabber69/status/1231356043969605633,1231356043969605633,1168680523960606720
2020-02-22 23:11:42+00:00,iNabber69,snowzilla4,0,0,3,"Naw, big dub",,Sat Feb 22 23:11:42 +0000 2020,,,,https://twitter.com/iNabber69/status/1231355915246456832,1231355915246456832,1168680523960606720
2020-02-22 23:11:03+00:00,iNabber69,chardswithluv,1,0,9,"I get attached to actors but film twitter is so cancer at some points I just have to mute half of it lol - got some really good people in it, but I just can’t stand this narrative that birds of prey is a revolutionary CBM film",,Sat Feb 22 23:11:03 +0000 2020,,,,https://twitter.com/iNabber69/status/1231355753371521024,1231355753371521024,1168680523960606720
2020-02-22 23:09:54+00:00,iNabber69,ollyh2003,0,0,5,It’s pretty good yeah,,Sat Feb 22 23:09:54 +0000 2020,,,,https://twitter.com/iNabber69/status/1231355464375558147,1231355464375558147,1168680523960606720
2020-02-22 23:01:53+00:00,iNabber69,KSIOlajidebt,10,6,1468,Oh my god it’s Ali G isn’t it,,Sat Feb 22 23:01:53 +0000 2020,,,,https://twitter.com/iNabber69/status/1231353443815772167,1231353443815772167,1168680523960606720
2020-02-22 23:00:19+00:00,iNabber69,Darthulous69,2,0,19,"Hello @vidcon please do not let this person in, they are a possible threat.",@VidCon,Sat Feb 22 23:00:19 +0000 2020,,,,https://twitter.com/iNabber69/status/1231353050767536133,1231353050767536133,1168680523960606720
2020-02-22 22:50:35+00:00,iNabber69,TRK6LUC,4,0,19,,,Sat Feb 22 22:50:35 +0000 2020,,,,https://twitter.com/iNabber69/status/1231350600144769029,1231350600144769029,1168680523960606720
2020-02-22 22:45:43+00:00,iNabber69,undopml,4,0,28,I will soon have shibe and akita,,Sat Feb 22 22:45:43 +0000 2020,,,,https://twitter.com/iNabber69/status/1231349375844179973,1231349375844179973,1168680523960606720
2020-02-22 22:42:31+00:00,iNabber69,skittlesoot,10,0,28,It’s not dead I don’t even follow 99% of you creatures and still always see you,,Sat Feb 22 22:42:31 +0000 2020,,,,https://twitter.com/iNabber69/status/1231348570458071040,1231348570458071040,1168680523960606720
2020-02-22 22:41:13+00:00,iNabber69,,104,295,2193,finally,,Sat Feb 22 22:41:13 +0000 2020,,,,https://twitter.com/iNabber69/status/1231348245500170240,1231348245500170240,1168680523960606720
2020-02-22 22:40:48+00:00,iNabber69,TRK6LUC,6,0,45,I swear cc Twitter was dead a month ago but I’ve actually revived it,,Sat Feb 22 22:40:48 +0000 2020,,,,https://twitter.com/iNabber69/status/1231348138511867909,1231348138511867909,1168680523960606720
2020-02-22 22:28:29+00:00,iNabber69,undopml,2,0,15,,,Sat Feb 22 22:28:29 +0000 2020,,,,https://twitter.com/iNabber69/status/1231345038338199558,1231345038338199558,1168680523960606720
2020-02-22 22:18:59+00:00,iNabber69,Jaack,2,0,235,You don’t think he has a chance??,,Sat Feb 22 22:18:59 +0000 2020,,,,https://twitter.com/iNabber69/status/1231342650353209344,1231342650353209344,1168680523960606720
2020-02-22 22:12:34+00:00,iNabber69,vesselhoe,1,0,23,Hahahaha,,Sat Feb 22 22:12:34 +0000 2020,,,,https://twitter.com/iNabber69/status/1231341033767698438,1231341033767698438,1168680523960606720
2020-02-22 22:11:16+00:00,iNabber69,,30,67,782,,,Sat Feb 22 22:11:16 +0000 2020,,,,https://twitter.com/iNabber69/status/1231340709388652546,1231340709388652546,1168680523960606720
2020-02-22 20:40:00+00:00,iNabber69,Ninja,17,25,921,"The phrase “it’s just a game” is such a weak mindset. You are ok with what happened, losing, imperfection of a craft. When you stop getting angry after losing, you’ve lost twice. There’s always something to learn, and always room for improvement, never settle.",,Sat Feb 22 20:40:00 +0000 2020,,,https://twitter.com/Ninja/status/1231292787120918528,https://twitter.com/iNabber69/status/1231317738037088256,1231317738037088256,1168680523960606720
2020-02-22 20:09:25+00:00,iNabber69,xcdank,0,0,15,Nice,,Sat Feb 22 20:09:25 +0000 2020,,,,https://twitter.com/iNabber69/status/1231310044081410048,1231310044081410048,1168680523960606720
2020-02-22 20:06:54+00:00,iNabber69,undopml,5,1,42,,,Sat Feb 22 20:06:54 +0000 2020,,,,https://twitter.com/iNabber69/status/1231309409269276672,1231309409269276672,1168680523960606720
2020-02-22 20:05:37+00:00,iNabber69,NotReallyJacket,1,0,6,Hahahahaha,,Sat Feb 22 20:05:37 +0000 2020,,,,https://twitter.com/iNabber69/status/1231309088564314118,1231309088564314118,1168680523960606720
2020-02-22 20:05:06+00:00,iNabber69,NotReallyJacket,0,0,9,Delete this,,Sat Feb 22 20:05:06 +0000 2020,,,,https://twitter.com/iNabber69/status/1231308957223919616,1231308957223919616,1168680523960606720
2020-02-22 20:03:27+00:00,iNabber69,,4,1,185,I said to Alex “our followers are morons so the first response will be asking what that is” hahahahaha,,Sat Feb 22 20:03:27 +0000 2020,,,,https://twitter.com/iNabber69/status/1231308539450339331,1231308539450339331,1168680523960606720
2020-02-22 20:02:09+00:00,iNabber69,,8,3,288,Mojacar is the commentary version of Mecca,,Sat Feb 22 20:02:09 +0000 2020,,,,https://twitter.com/iNabber69/status/1231308212336459778,1231308212336459778,1168680523960606720
2020-02-22 15:18:11+00:00,iNabber69,dykauser,0,0,13,Yeah true I never knew murder was bad,,Sat Feb 22 15:18:11 +0000 2020,,,,https://twitter.com/iNabber69/status/1231236751483637762,1231236751483637762,1168680523960606720
2020-02-22 15:17:57+00:00,iNabber69,WillyMacShow,1,0,40,I wonder if he finally had sex after making the tweet,,Sat Feb 22 15:17:57 +0000 2020,,,,https://twitter.com/iNabber69/status/1231236693006651394,1231236693006651394,1168680523960606720
2020-02-22 15:14:54+00:00,iNabber69,AndrewPStreet,24,16,757,"A truly stunning, controversial and brave take to make, Andrew.",,Sat Feb 22 15:14:54 +0000 2020,,,https://twitter.com/AndrewPStreet/status/1230027115128487936,https://twitter.com/iNabber69/status/1231235924232724483,1231235924232724483,1168680523960606720
2020-02-22 14:50:15+00:00,iNabber69,Jake_Baz,1,0,40,??????? Not true only happened when you kicked off two seconds before the race begun,,Sat Feb 22 14:50:15 +0000 2020,,,,https://twitter.com/iNabber69/status/1231229722933284864,1231229722933284864,1168680523960606720
2020-02-22 14:48:49+00:00,iNabber69,iNabber69,0,0,56,next to the beach,,Sat Feb 22 14:48:49 +0000 2020,,,,https://twitter.com/iNabber69/status/1231229360516083712,1231229360516083712,1168680523960606720
2020-02-22 14:48:40+00:00,iNabber69,bambinobecky,4,0,75,PLEASE FLY OUT HERE WE HAVE A MANSION AND A POOL,,Sat Feb 22 14:48:40 +0000 2020,,,,https://twitter.com/iNabber69/status/1231229324876972037,1231229324876972037,1168680523960606720
2020-02-22 14:48:14+00:00,iNabber69,swmdevotee,0,0,11,LMAOOOO,,Sat Feb 22 14:48:14 +0000 2020,,,,https://twitter.com/iNabber69/status/1231229216055840778,1231229216055840778,1168680523960606720
2020-02-22 14:47:48+00:00,iNabber69,swmdevotee,1,0,15,Front crawl always.,,Sat Feb 22 14:47:48 +0000 2020,,,,https://twitter.com/iNabber69/status/1231229104365719558,1231229104365719558,1168680523960606720
2020-02-22 14:47:33+00:00,iNabber69,COOPLOOPZ,1,0,21,Sure but it doesn’t take back I was the dub king from day one,,Sat Feb 22 14:47:33 +0000 2020,,,,https://twitter.com/iNabber69/status/1231229043434934272,1231229043434934272,1168680523960606720
2020-02-22 14:46:32+00:00,iNabber69,bambinobecky,2,0,80,Can I come say hi,,Sat Feb 22 14:46:32 +0000 2020,,,,https://twitter.com/iNabber69/status/1231228786944942080,1231228786944942080,1168680523960606720
2020-02-22 14:46:08+00:00,iNabber69,COOPLOOPZ,1,0,28,I used to swim in galas,,Sat Feb 22 14:46:08 +0000 2020,,,,https://twitter.com/iNabber69/status/1231228685027508224,1231228685027508224,1168680523960606720
2020-02-22 14:45:11+00:00,iNabber69,,9,0,287,Won every single race at swimming vs @Jake_Baz - the king reigns supreme Age 13 gala swimming fraser would be proud Another dub.,@Jake_Baz,Sat Feb 22 14:45:11 +0000 2020,,,,https://twitter.com/iNabber69/status/1231228445037912066,1231228445037912066,1168680523960606720
2020-02-22 14:43:14+00:00,iNabber69,roman_nfkrz,1,1,78,I prefer it so much to the older stuff Ngl,,Sat Feb 22 14:43:14 +0000 2020,,,,https://twitter.com/iNabber69/status/1231227954576941056,1231227954576941056,1168680523960606720
