date,username,to,replies,retweets,favorites,text,mentions,formatted_date,geo,hashtags,urls,permalink,ID,author_id
2020-02-28 16:21:12+00:00,INDIEWASHERE,,0,1,10,vergegirl!,,Fri Feb 28 16:21:12 +0000 2020,,,,https://twitter.com/INDIEWASHERE/status/1233426937827164163,1233426937827164163,415851343
2020-02-28 16:19:59+00:00,INDIEWASHERE,,2,1,55,literally own over 10 pairs of dungarees what level of gay is that,,Fri Feb 28 16:19:59 +0000 2020,,,,https://twitter.com/INDIEWASHERE/status/1233426631445880834,1233426631445880834,415851343
2020-02-28 16:18:50+00:00,INDIEWASHERE,,7,291,3536,this is gonna entire wardrobe for spring and imma carry around a bouquet of flowers everywhere i go,,Fri Feb 28 16:18:50 +0000 2020,,,,https://twitter.com/INDIEWASHERE/status/1233426341619544065,1233426341619544065,415851343
2020-02-28 16:09:04+00:00,INDIEWASHERE,jazkillz,12,856,8687,please... please.. see a therapist,,Fri Feb 28 16:09:04 +0000 2020,,,https://twitter.com/jazkillz/status/1232734581159350272,https://twitter.com/INDIEWASHERE/status/1233423885732843525,1233423885732843525,415851343
2020-02-28 15:02:08+00:00,INDIEWASHERE,,2,0,67,,,Fri Feb 28 15:02:08 +0000 2020,,,,https://twitter.com/INDIEWASHERE/status/1233407038891450372,1233407038891450372,415851343
2020-02-28 14:35:59+00:00,INDIEWASHERE,ftcmeg,0,0,2,they're were asking the right questions,,Fri Feb 28 14:35:59 +0000 2020,,,,https://twitter.com/INDIEWASHERE/status/1233400458745655296,1233400458745655296,415851343
2020-02-28 14:35:43+00:00,INDIEWASHERE,,2,4,93,SINCE WE'RE ON SUBJECT MY WHOLE INSTAGRAM IS AN AESTHETIC AND EVERYONE SHOULD FOLLOW ME OR THEY'RE FAKE,,Fri Feb 28 14:35:43 +0000 2020,,,,https://twitter.com/INDIEWASHERE/status/1233400390021976064,1233400390021976064,415851343
2020-02-28 14:29:55+00:00,INDIEWASHERE,,1,1,164,not say invented the butterfly filter in 2018 but i was doing it before the girls unprovoked on the tl,,Fri Feb 28 14:29:55 +0000 2020,,,,https://twitter.com/INDIEWASHERE/status/1233398931691884544,1233398931691884544,415851343
2020-02-28 12:57:55+00:00,INDIEWASHERE,,1,34,375,me trying to write dialogue and forgetting how human beings speak,,Fri Feb 28 12:57:55 +0000 2020,,,,https://twitter.com/INDIEWASHERE/status/1233375779481903104,1233375779481903104,415851343
2020-02-28 12:28:22+00:00,INDIEWASHERE,,1,0,4,@kramurph this one is for you my guy,@kramurph,Fri Feb 28 12:28:22 +0000 2020,,,,https://twitter.com/INDIEWASHERE/status/1233368341135450112,1233368341135450112,415851343
2020-02-28 12:25:36+00:00,INDIEWASHERE,,11,182,1504,"me at 13: Taylor swift is so boring and lame, im not like other girls i don't listen to that girly stuff hehe me now:",,Fri Feb 28 12:25:36 +0000 2020,,,,https://twitter.com/INDIEWASHERE/status/1233367647561166849,1233367647561166849,415851343
2020-02-28 12:04:54+00:00,INDIEWASHERE,INDIEWASHERE,1,7,187,im just saying as a new internet law if youre going call someone ugly you should at least have yourself as the profile picture and then have the audacity,,Fri Feb 28 12:04:54 +0000 2020,,,https://twitter.com/INDIEWASHERE/status/1233360809650245633,https://twitter.com/INDIEWASHERE/status/1233362439187681286,1233362439187681286,415851343
2020-02-28 12:00:26+00:00,INDIEWASHERE,,0,0,118,lmao how sad and jobless do have to be to be doing commenting stuff like on someone you don't know Instagram???? i-,,Fri Feb 28 12:00:26 +0000 2020,,,,https://twitter.com/INDIEWASHERE/status/1233361311691608069,1233361311691608069,415851343
2020-02-28 11:58:26+00:00,INDIEWASHERE,,18,22,681,note: 1. Private acc 2. Don't have themselves as their profile picture 3. But are comfortable doing this w the whole chest,,Fri Feb 28 11:58:26 +0000 2020,,,,https://twitter.com/INDIEWASHERE/status/1233360809650245633,1233360809650245633,415851343
2020-02-28 11:35:59+00:00,INDIEWASHERE,cait_duffy,3,953,6310,i swear before the decade is over gen z is actually going to eat the rich forreal like they were eating tide pods in 2018 like they're the only generation crazy and chaotic enough to start the revolution lmao,,Fri Feb 28 11:35:59 +0000 2020,,,https://twitter.com/cait_duffy/status/1233240187741855744,https://twitter.com/INDIEWASHERE/status/1233355160451211271,1233355160451211271,415851343
2020-02-28 11:24:39+00:00,INDIEWASHERE,whodatfag,0,0,7,literally just need to take one trip in the central line during rush hour and i'll snap out of it,,Fri Feb 28 11:24:39 +0000 2020,,,,https://twitter.com/INDIEWASHERE/status/1233352306495762432,1233352306495762432,415851343
2020-02-28 11:15:31+00:00,INDIEWASHERE,earthvisuals,3,7,391,literally live in london and call it shit everyday but this is making wanting to visit it i-,,Fri Feb 28 11:15:31 +0000 2020,,,https://twitter.com/earthvisuals/status/1233118400861306880,https://twitter.com/INDIEWASHERE/status/1233350010659622914,1233350010659622914,415851343
2020-02-28 10:59:33+00:00,INDIEWASHERE,KhattarKhalifa,1,0,36,speak for yourself sir,,Fri Feb 28 10:59:33 +0000 2020,,,,https://twitter.com/INDIEWASHERE/status/1233345991245516800,1233345991245516800,415851343
2020-02-28 10:57:04+00:00,INDIEWASHERE,,3,2,128,"it's not even 12pm yet and i have already gone on an anti-capitalist rants to followers unprovoked... spirit of karl marx calling me, audibly",,Fri Feb 28 10:57:04 +0000 2020,,,,https://twitter.com/INDIEWASHERE/status/1233345367183437829,1233345367183437829,415851343
2020-02-28 10:55:33+00:00,INDIEWASHERE,,2,16,95,YOUR NOT A FAILURE BC YOU HAVEN'T GOTTEN A BILLION DOLLARS AND YOU COULDN'T START YOUR OWN COMPANY... YOU WERE JUST BORN POOR AND THAT'S IT,,Fri Feb 28 10:55:33 +0000 2020,,,,https://twitter.com/INDIEWASHERE/status/1233344983597559810,1233344983597559810,415851343
2020-02-28 10:54:03+00:00,INDIEWASHERE,,1,9,112,an amazon worker that is earning £10 an hour and working 60 hour a week to support their family in no way is capable for accumulating the wealth jeff bezos had just because he had a wealthy family to start with and business contacts that's just facts,,Fri Feb 28 10:54:03 +0000 2020,,,,https://twitter.com/INDIEWASHERE/status/1233344606995189761,1233344606995189761,415851343
2020-02-28 10:51:25+00:00,INDIEWASHERE,voguetony,0,0,3,it's literally so embarrassing that a country that is always taking about being no literally will no adopt any socialist views bc they don't to be weak and they would rather let their ppl DIE than help them,,Fri Feb 28 10:51:25 +0000 2020,,,,https://twitter.com/INDIEWASHERE/status/1233343945528291331,1233343945528291331,415851343
2020-02-28 10:50:07+00:00,INDIEWASHERE,,1,21,195,"also ppl to end up rich almost always start of rich he literally had his parents give him a 'small loan' of £250,000 to start his business, the idea of self autonomy in a capitalist society is a myth told to workers to punish them for being rich only the rich stay rich",,Fri Feb 28 10:50:07 +0000 2020,,,,https://twitter.com/INDIEWASHERE/status/1233343617785356289,1233343617785356289,415851343
2020-02-28 10:47:28+00:00,INDIEWASHERE,voguetony,1,0,18,the fact their workers can barely afford food etc but they over hear hoarding wealth that could solve world hunger... ELECTRIC CHAIR,,Fri Feb 28 10:47:28 +0000 2020,,,,https://twitter.com/INDIEWASHERE/status/1233342948831612930,1233342948831612930,415851343
2020-02-28 10:46:36+00:00,INDIEWASHERE,,12,2189,8241,"it's 2020 and ppl think billionaires become billionaires by working hard and not by exploiting labour, stealing and evading taxes... grow up",,Fri Feb 28 10:46:36 +0000 2020,,,,https://twitter.com/INDIEWASHERE/status/1233342733135290368,1233342733135290368,415851343
2020-02-28 10:45:10+00:00,INDIEWASHERE,Naimaism,8,256,1702,for everyone who was like Jeff bezos donated 10 billion to climate change (its olhos own organisation and a tax write off but anyway) he probably didn't even notice it missing from his bank acc and he also probably made it back that month he's not a good person,,Fri Feb 28 10:45:10 +0000 2020,,,https://twitter.com/Naimaism/status/1233230946532560897,https://twitter.com/INDIEWASHERE/status/1233342371615649794,1233342371615649794,415851343
2020-02-28 10:16:07+00:00,INDIEWASHERE,communistcIown,0,37,673,'oui timontee chalamet' ahejdjdn electric chair!!!!!,,Fri Feb 28 10:16:07 +0000 2020,,,https://twitter.com/communistcIown/status/1233137661000503296,https://twitter.com/INDIEWASHERE/status/1233335062424256515,1233335062424256515,415851343
2020-02-28 08:55:34+00:00,INDIEWASHERE,getFANDOM,1,203,1627,peeped poopoo it's bc he fall love mulan when was a man and disney hates the gays they don't deserve our bisexual king li shang anyway,,Fri Feb 28 08:55:34 +0000 2020,,,https://twitter.com/getFANDOM/status/1233136669089361920,https://twitter.com/INDIEWASHERE/status/1233314788555489281,1233314788555489281,415851343
2020-02-28 01:34:29+00:00,INDIEWASHERE,,0,479,3686,put this in the louvre,,Fri Feb 28 01:34:29 +0000 2020,,,,https://twitter.com/INDIEWASHERE/status/1233203789647228928,1233203789647228928,415851343
2020-02-28 00:40:56+00:00,INDIEWASHERE,,0,7,70,these are the type of guys who will go out their way to affirm their masculinity and distance themselves from anything they deem 'gay' but will still go out their to prove how much they HATE women to other men.... make it make SENSE,,Fri Feb 28 00:40:56 +0000 2020,,,,https://twitter.com/INDIEWASHERE/status/1233190311633047555,1233190311633047555,415851343
2020-02-27 23:28:20+00:00,INDIEWASHERE,,2,0,154,i just found this old tv filter and im bakut to join 'my life a movie' twitter,,Thu Feb 27 23:28:20 +0000 2020,,,,https://twitter.com/INDIEWASHERE/status/1233172041311891456,1233172041311891456,415851343
2020-02-27 23:16:03+00:00,INDIEWASHERE,lescarxx,1,0,13,i have the one brain cell and it saw strings and said cello i-,,Thu Feb 27 23:16:03 +0000 2020,,,,https://twitter.com/INDIEWASHERE/status/1233168951997353984,1233168951997353984,415851343
2020-02-27 23:13:01+00:00,INDIEWASHERE,,6,87,600,oh to be in Italy with the love of my life with the sun caressing everything in its path and cool cello woman serenading everyone,,Thu Feb 27 23:13:01 +0000 2020,,,,https://twitter.com/INDIEWASHERE/status/1233168184720740352,1233168184720740352,415851343
2020-02-27 23:12:55+00:00,INDIEWASHERE,Hhlalisa,0,76,1245,I LOVE WHEN PPL ACTUALLY APPRECIATE AND CREDIT YOUNG CREATORS THAT'S MY AESTHETIC,,Thu Feb 27 23:12:55 +0000 2020,,,https://twitter.com/Hhlalisa/status/1233062623341686785,https://twitter.com/INDIEWASHERE/status/1233168162776113153,1233168162776113153,415851343
2020-02-27 22:19:55+00:00,INDIEWASHERE,miaamoralez,1,0,1,Love them all! using them thank u queen,,Thu Feb 27 22:19:55 +0000 2020,,,,https://twitter.com/INDIEWASHERE/status/1233154821705826305,1233154821705826305,415851343
2020-02-27 22:12:44+00:00,INDIEWASHERE,tatoguchi,0,0,1,i like it,,Thu Feb 27 22:12:44 +0000 2020,,,,https://twitter.com/INDIEWASHERE/status/1233153015038824448,1233153015038824448,415851343
2020-02-27 22:11:34+00:00,INDIEWASHERE,,18,0,28,hello reply to this possible names (girl) for the main character name of the script im TRYING to work on i keep trying but there's nothing in my brain just worms,,Thu Feb 27 22:11:34 +0000 2020,,,,https://twitter.com/INDIEWASHERE/status/1233152724025401352,1233152724025401352,415851343
2020-02-27 21:43:26+00:00,INDIEWASHERE,,4,175,717,"yes i want to be a writer. yes i hate to write, we exist",,Thu Feb 27 21:43:26 +0000 2020,,,,https://twitter.com/INDIEWASHERE/status/1233145640651304970,1233145640651304970,415851343
2020-02-27 21:25:54+00:00,INDIEWASHERE,CandymanMovie,0,88,719,OMG THEY DID NOT TURN SAY MY NAME BY DESTINY'S CHILD INTO A HORROR MOVIE THEME SONG THIS IS MY EXACT AESTHETIC I'M ACTUALLY SCREAMING ZNDKKD,,Thu Feb 27 21:25:54 +0000 2020,,,https://twitter.com/CandymanMovie/status/1233059280695238657,https://twitter.com/INDIEWASHERE/status/1233141231523332096,1233141231523332096,415851343
2020-02-27 21:13:31+00:00,INDIEWASHERE,stegimenezz,6,28,594,"black ppl have been taught for CENTURIES to assimilate to white culture to get jobs and not be ridiculed bc of their hair, schools and jobs still ban natural black hair in 2020 that has NEVER happened to white ppl & BESIDE tht straight hair is not w just white ppl hair type becky",,Thu Feb 27 21:13:31 +0000 2020,,,,https://twitter.com/INDIEWASHERE/status/1233138111875555331,1233138111875555331,415851343
2020-02-27 20:02:37+00:00,INDIEWASHERE,scarypoonani,0,0,1,this is the only fancam that is valid,,Thu Feb 27 20:02:37 +0000 2020,,,,https://twitter.com/INDIEWASHERE/status/1233120269977477120,1233120269977477120,415851343
2020-02-27 19:49:49+00:00,INDIEWASHERE,,4,572,3120,this is my favourite scene in romeo and juliet,,Thu Feb 27 19:49:49 +0000 2020,,,,https://twitter.com/INDIEWASHERE/status/1233117049787965440,1233117049787965440,415851343
2020-02-27 19:42:35+00:00,INDIEWASHERE,,2,49,902,these are LOOKS white ppl you have 24 hours to take respond,,Thu Feb 27 19:42:35 +0000 2020,,,,https://twitter.com/INDIEWASHERE/status/1233115230231814145,1233115230231814145,415851343
2020-02-27 19:32:26+00:00,INDIEWASHERE,ULTRAGLOSS,0,0,1,madam...,,Thu Feb 27 19:32:26 +0000 2020,,,,https://twitter.com/INDIEWASHERE/status/1233112676789870593,1233112676789870593,415851343
2020-02-27 19:32:12+00:00,INDIEWASHERE,muinatabdul,1,0,1,hi friend,,Thu Feb 27 19:32:12 +0000 2020,,,,https://twitter.com/INDIEWASHERE/status/1233112616895205378,1233112616895205378,415851343
2020-02-27 19:32:04+00:00,INDIEWASHERE,villannelle,1,0,0,i got u omw to spain,,Thu Feb 27 19:32:04 +0000 2020,,,,https://twitter.com/INDIEWASHERE/status/1233112583156174848,1233112583156174848,415851343
2020-02-27 19:31:24+00:00,INDIEWASHERE,LaurynArii,0,1,160,exactly there's no irony in the this tweet just facts,,Thu Feb 27 19:31:24 +0000 2020,,,,https://twitter.com/INDIEWASHERE/status/1233112414217998336,1233112414217998336,415851343
2020-02-27 19:30:25+00:00,INDIEWASHERE,,61,2554,14390,white ppl stop wearing braids and dreads and honour your ancestors by wearing this hairstyle instead,,Thu Feb 27 19:30:25 +0000 2020,,,,https://twitter.com/INDIEWASHERE/status/1233112165755826177,1233112165755826177,415851343
2020-02-27 19:23:03+00:00,INDIEWASHERE,greedymillie,3,247,1869,this video has awoken something in me.... something gay....,,Thu Feb 27 19:23:03 +0000 2020,,,https://twitter.com/greedymillie/status/1233052572778409985,https://twitter.com/INDIEWASHERE/status/1233110314788540416,1233110314788540416,415851343
2020-02-27 17:55:35+00:00,INDIEWASHERE,,4,4,140,anyone in London im now accepting requests for friendships i can't drive but i will literally borrow all my books and clothes and always let have the last wing bc im vegetarian dms are open serious enquires,,Thu Feb 27 17:55:35 +0000 2020,,,,https://twitter.com/INDIEWASHERE/status/1233088301143351298,1233088301143351298,415851343
2020-02-27 17:50:00+00:00,INDIEWASHERE,,0,77,575,body positivey: im gonna love the body i'm in rn and appreciate it and not be constantly be depressed about the way i look men: SO YOU'RE ENCOURAGING EVERYONE 2 BE OBESE!!! TO BE FAT!! YOUR SAYING EVERYONE SHOULD EAT MCDONALD'S ALL DAY AND DIE!?? AS A WEBMD DOCTOR I-,,Thu Feb 27 17:50:00 +0000 2020,,,,https://twitter.com/INDIEWASHERE/status/1233086895682473985,1233086895682473985,415851343
2020-02-27 17:44:50+00:00,INDIEWASHERE,INDIEWASHERE,3,226,2124,"hello all white girls im taking a note from ur ancestors and colonising your aesthetic this summer, so you see me this riding a bike w a wicker basket w flowers just mind ur own business ok",,Thu Feb 27 17:44:50 +0000 2020,,,https://twitter.com/INDIEWASHERE/status/1233019084918476800,https://twitter.com/INDIEWASHERE/status/1233085594500304897,1233085594500304897,415851343
2020-02-27 15:34:11+00:00,INDIEWASHERE,margotsemily,0,72,1422,why does margot look like the girl that would hiss when you asked her a question lmao,,Thu Feb 27 15:34:11 +0000 2020,,,https://twitter.com/margotsemily/status/1232519488576327680,https://twitter.com/INDIEWASHERE/status/1233052718044008448,1233052718044008448,415851343
2020-02-27 15:04:40+00:00,INDIEWASHERE,MayaJama,2,51,757,i'd look like this is if i didn't accidentally fall asleep with my make up on last week,,Thu Feb 27 15:04:40 +0000 2020,,,https://twitter.com/MayaJama/status/1232987947630309381,https://twitter.com/INDIEWASHERE/status/1233045290959196162,1233045290959196162,415851343
2020-02-27 14:47:23+00:00,INDIEWASHERE,,1,72,500,when nicki minaj said 'put your cape on you're a super hoe' i felt that,,Thu Feb 27 14:47:23 +0000 2020,,,,https://twitter.com/INDIEWASHERE/status/1233040939037396992,1233040939037396992,415851343
2020-02-27 13:26:22+00:00,INDIEWASHERE,,2,6,105,getting your own hair energy is thinking you cut it all the same length and you're a hair god but somehow then finding super long strands of that just come out of nowhere that you didn't see somehow and cutting but cutting too short and it's un even- OH GOD WHY DID I DO THIS-,,Thu Feb 27 13:26:22 +0000 2020,,,,https://twitter.com/INDIEWASHERE/status/1233020550135656450,1233020550135656450,415851343
2020-02-27 13:20:32+00:00,INDIEWASHERE,,2,195,1686,this is gonna be my summer aesthetic not thoughts just flowers and girl next door energy,,Thu Feb 27 13:20:32 +0000 2020,,,,https://twitter.com/INDIEWASHERE/status/1233019084918476800,1233019084918476800,415851343
2020-02-27 13:19:44+00:00,INDIEWASHERE,,0,16,354,decided im gonna be a insta and youtube thot even if it means sacrificing my last brain cells to the algorithm,,Thu Feb 27 13:19:44 +0000 2020,,,,https://twitter.com/INDIEWASHERE/status/1233018883109478400,1233018883109478400,415851343
2020-02-27 13:06:41+00:00,INDIEWASHERE,,0,0,10,Y'ALL BETTER FOLLOW ME I WANT THAT GUMMY HAIR VITAMIN EVEN THO I GOT NO HAIR BC I SHAVED IT ALL OF WHEN I WAS HAVING LAST BREAKDOWN I DESERVE IT,,Thu Feb 27 13:06:41 +0000 2020,,,,https://twitter.com/INDIEWASHERE/status/1233015599728660480,1233015599728660480,415851343
2020-02-27 13:03:41+00:00,INDIEWASHERE,,1,2,26,FOLLOW ME INSTAGRAM I'M REFOLLOWING MY DESERTED DREAMS OF BEING A INSTA THOT AND SELLINGS Y'ALL SKINNY TEA AND HAIR VITAMINS I SWEAR IMMA START POSTING AGAIN SOON http://www.instagram.com/indieislame,,Thu Feb 27 13:03:41 +0000 2020,,,http://www.instagram.com/indieislame,https://twitter.com/INDIEWASHERE/status/1233014844653285376,1233014844653285376,415851343
2020-02-27 10:44:57+00:00,INDIEWASHERE,,0,5,63,GIANNINA GASLIGHTING THE FUCK OF OUTTA HIM RN OMG,,Thu Feb 27 10:44:57 +0000 2020,,,,https://twitter.com/INDIEWASHERE/status/1232979930956410880,1232979930956410880,415851343
2020-02-27 10:27:44+00:00,INDIEWASHERE,,1,16,150,PLS SOMEONE GIVE GIANNINA AN OSCAR I HAVE BEEN LAUGHING FOR LIKE TWO HOURS STRAIGHT SHE JUST OUT PERFORMED POC QUEEN SCARLETT IN MARRIAGE STORY AHSJDNND,,Thu Feb 27 10:27:44 +0000 2020,,,,https://twitter.com/INDIEWASHERE/status/1232975596365533185,1232975596365533185,415851343
2020-02-27 10:15:39+00:00,INDIEWASHERE,,2,16,244,it's almost fucking march and it's full on snowing in london i know global warming really ain't gonna let us rest for the rest of the year i-,,Thu Feb 27 10:15:39 +0000 2020,,,,https://twitter.com/INDIEWASHERE/status/1232972556254273537,1232972556254273537,415851343
2020-02-27 00:02:25+00:00,INDIEWASHERE,,1,427,2130,normalise pads and tampons being free normalise pads and tampons being free normalise pads and tampons being free normalise pads and tampons being free normalise pads and tampons being free normalise pads and tampons being free normalise pads and tampons being free normalise pa-,,Thu Feb 27 00:02:25 +0000 2020,,,,https://twitter.com/INDIEWASHERE/status/1232818232001748992,1232818232001748992,415851343
2020-02-27 00:00:34+00:00,INDIEWASHERE,,3,25,132,DEPRESSED AND BEING TOO ANXIOUS TO TRY NEW THINGS EVEN IF THEY DON'T WORK OUT HAVE ON MY ASS FOR THE LAST TWO YEARS AND LITERALLY I JUST NEED TO START DOING THINGS AND PRESERVING EVEN IF I FAIL MULTIPLE TIMES BC I'M NOT SPENDING 2020 BEING A BUM AGAIN,,Thu Feb 27 00:00:34 +0000 2020,,,,https://twitter.com/INDIEWASHERE/status/1232817764835917826,1232817764835917826,415851343
2020-02-26 23:58:41+00:00,INDIEWASHERE,,0,0,9,"god said 'oh you said im baby, OK bet' i-",,Wed Feb 26 23:58:41 +0000 2020,,,,https://twitter.com/INDIEWASHERE/status/1232817293022941185,1232817293022941185,415851343
2020-02-26 23:57:49+00:00,INDIEWASHERE,,4,236,1115,I WANT TO BE SUCCESSFUL AND STOP BEING SUCH A LAZY BITCH W NO DIRECTION0 SO BAD ITS ACTUALLY EATING ME UP INSIDE!!! IMMA DO IT TO!! LIKE IMMA DRINK SOME AMBITION JUICE STARTING TOMORROW AND BE ON MY OWN ASS,,Wed Feb 26 23:57:49 +0000 2020,,,,https://twitter.com/INDIEWASHERE/status/1232817072712888324,1232817072712888324,415851343
2020-02-26 23:49:27+00:00,INDIEWASHERE,,2,2,190,LMAOOOOO BUT LOOK HOW CHUDDY CHEEKS ARE LIKE GOD WAS LIKE 'OH YOU WANT PHAT CHEEKS WORD' IDKDKDKDLDL,,Wed Feb 26 23:49:27 +0000 2020,,,,https://twitter.com/INDIEWASHERE/status/1232814966908035073,1232814966908035073,415851343
2020-02-26 23:38:26+00:00,INDIEWASHERE,Reuters,2,789,6310,the rest of the world: *crickets*,,Wed Feb 26 23:38:26 +0000 2020,,,https://twitter.com/Reuters/status/1232338082411745280,https://twitter.com/INDIEWASHERE/status/1232812194708049922,1232812194708049922,415851343
2020-02-26 21:51:37+00:00,INDIEWASHERE,,0,6,90,life really is just an endless cycle....,,Wed Feb 26 21:51:37 +0000 2020,,,,https://twitter.com/INDIEWASHERE/status/1232785314806104068,1232785314806104068,415851343
2020-02-26 21:50:28+00:00,INDIEWASHERE,,1,1290,6999,just realised i really have to a job for the rest of my life,,Wed Feb 26 21:50:28 +0000 2020,,,,https://twitter.com/INDIEWASHERE/status/1232785026414260227,1232785026414260227,415851343
2020-02-26 21:47:11+00:00,INDIEWASHERE,,3,55,396,my ancestors watching me thirst over about different white boys every month,,Wed Feb 26 21:47:11 +0000 2020,,,,https://twitter.com/INDIEWASHERE/status/1232784199612084224,1232784199612084224,415851343
2020-02-26 20:23:12+00:00,INDIEWASHERE,ColtonPappas,0,0,2,why is this me every 48 hours i-,,Wed Feb 26 20:23:12 +0000 2020,,,,https://twitter.com/INDIEWASHERE/status/1232763064199585792,1232763064199585792,415851343
2020-02-26 20:20:54+00:00,INDIEWASHERE,,3,165,1041,I LITERALLY FORGET MY PERSONALITY HOBBIES AND INTERESTS LIKE EVERY TWO HOURS... LIKE WHO AM I?? WHAT DO I LIKE?? WHAT HAVE BEEN DOING ALL THESE OF MY EXISTENCE?? LIKE I LITERALLY DON'T HAVE A FIXED PERSONALITY AND BE CHANGING WHO I AM AND WHO WANT TO BE EVERY DAY I-,,Wed Feb 26 20:20:54 +0000 2020,,,,https://twitter.com/INDIEWASHERE/status/1232762482420256770,1232762482420256770,415851343
2020-02-26 20:19:23+00:00,INDIEWASHERE,,3,505,2552,me after telepathically telling a guy i like him and he should talk to me and then nothing doing anything about it and pretending he doesn't exist,,Wed Feb 26 20:19:23 +0000 2020,,,,https://twitter.com/INDIEWASHERE/status/1232762102475100160,1232762102475100160,415851343
2020-02-26 19:09:03+00:00,INDIEWASHERE,themycira,1,234,1851,WONDER WOMAN GAY AND SO ALL THE AMAZIONIANS GAYS REALLY WON WHAT A TIME TO BE ALIVE,,Wed Feb 26 19:09:03 +0000 2020,,,https://twitter.com/themycira/status/1232454587644350464,https://twitter.com/INDIEWASHERE/status/1232744400805076992,1232744400805076992,415851343
2020-02-26 00:18:28+00:00,INDIEWASHERE,princessneIIy,2,37,816,imagine being a celebrity a always coming on the internet to see some random try and compare you with a person your friends with and having stans go to war w each other all the time about who's better when you're actually friends like,,Wed Feb 26 00:18:28 +0000 2020,,,https://twitter.com/princessneIIy/status/1232349913574526976,https://twitter.com/INDIEWASHERE/status/1232459881753411585,1232459881753411585,415851343
2020-02-25 23:56:16+00:00,INDIEWASHERE,,2,9,236,spotify be like 'here you go you depressed bitch... cry like i know you want to' and i stan,,Tue Feb 25 23:56:16 +0000 2020,,,,https://twitter.com/INDIEWASHERE/status/1232454293673742336,1232454293673742336,415851343
2020-02-25 23:47:18+00:00,INDIEWASHERE,,7,2035,10967,me at work after clocking and interacting with one customer,,Tue Feb 25 23:47:18 +0000 2020,,,,https://twitter.com/INDIEWASHERE/status/1232452037641560064,1232452037641560064,415851343
2020-02-25 22:02:26+00:00,INDIEWASHERE,Drebae_,0,67,1218,THIS IS SO STAGED AAKSKDJKS,,Tue Feb 25 22:02:26 +0000 2020,,,https://twitter.com/Drebae_/status/1232399795924291584,https://twitter.com/INDIEWASHERE/status/1232425649115140097,1232425649115140097,415851343
2020-02-25 21:45:27+00:00,INDIEWASHERE,zsnake8,0,12,587,i thot this said one month i was ready to fight my hair follicles,,Tue Feb 25 21:45:27 +0000 2020,,,https://twitter.com/zsnake8/status/1232339490808586241,https://twitter.com/INDIEWASHERE/status/1232421373064159235,1232421373064159235,415851343
2020-02-25 21:42:37+00:00,INDIEWASHERE,,1,8,252,it's literally 2020 this is so fuckin embarrassing also they have simpsons on there and homer main personality trait is that he's an alcoholic the homophobia truly jumped out lmao,,Tue Feb 25 21:42:37 +0000 2020,,,,https://twitter.com/INDIEWASHERE/status/1232420659113930752,1232420659113930752,415851343
2020-02-25 21:41:19+00:00,INDIEWASHERE,,0,65,574,disney: we will have a our 10th first gay character this year!! also Disney: we have decided to take love Simon of our streaming network bc realised we hate the gays again disgusting xx,,Tue Feb 25 21:41:19 +0000 2020,,,,https://twitter.com/INDIEWASHERE/status/1232420332574793729,1232420332574793729,415851343
2020-02-25 19:28:14+00:00,INDIEWASHERE,,0,12,239,EVERY FUCKING TIME I GO MCDONALD'S TO GET AN ICE COFFEE THEY SAY THE ICE MACHINE BROKEN EVERY TIME I'M ABOUT TO LOSE MY MIND,,Tue Feb 25 19:28:14 +0000 2020,,,,https://twitter.com/INDIEWASHERE/status/1232386842512805898,1232386842512805898,415851343
2020-02-25 19:25:04+00:00,INDIEWASHERE,,4,143,1201,bisexual who is bad at driving but loves their gf moodboard,,Tue Feb 25 19:25:04 +0000 2020,,,,https://twitter.com/INDIEWASHERE/status/1232386043367821318,1232386043367821318,415851343
2020-02-25 17:45:11+00:00,INDIEWASHERE,ficticn,1,0,30,no she released fentyimmortality in 2050 which is a product you could use to upload your conscious and never die she is still alive,,Tue Feb 25 17:45:11 +0000 2020,,,,https://twitter.com/INDIEWASHERE/status/1232360907977691136,1232360907977691136,415851343
2020-02-25 17:42:23+00:00,INDIEWASHERE,,1,79,992,"the year is 2105 Disney has just released its 100th first LGBT character that doesn't speak and plays a dictator, elon musks baby has teamed up with siri and has become ruler of the earth after we ate all the rich.. rihanna still hasn't released any music",,Tue Feb 25 17:42:23 +0000 2020,,,,https://twitter.com/INDIEWASHERE/status/1232360202814533637,1232360202814533637,415851343
2020-02-25 13:51:24+00:00,INDIEWASHERE,loventhunders,2,123,1337,this is the gayest moment in the mcu and the only scene that's relevant,,Tue Feb 25 13:51:24 +0000 2020,,,https://twitter.com/loventhunders/status/1231665315278446592,https://twitter.com/INDIEWASHERE/status/1232302075796709376,1232302075796709376,415851343
2020-02-25 12:55:44+00:00,INDIEWASHERE,,1,2,106,also chandler also had internalised homophobia bc of his dad and also i think he was also bi and him or ross had probs had a lil crush on each in college.... but what do i know,,Tue Feb 25 12:55:44 +0000 2020,,,,https://twitter.com/INDIEWASHERE/status/1232288067433701378,1232288067433701378,415851343
2020-02-25 12:50:13+00:00,INDIEWASHERE,,0,2,108,Monica said he used to play w tea sets and pretend to be a girl when he was younger which isn't a sign of bisexuality but he grow up like 'feminine' things and probs got bullied for it and then he found his wife was a lesbian and that probs made his homophobia grow more,,Tue Feb 25 12:50:13 +0000 2020,,,,https://twitter.com/INDIEWASHERE/status/1232286677974036482,1232286677974036482,415851343
2020-02-25 12:46:48+00:00,INDIEWASHERE,quinzelalderson,0,0,14,when i first came to england when i was six my mum used to make watch friends w subtitles to learn English i had a LOT of time to think about it lmao,,Tue Feb 25 12:46:48 +0000 2020,,,,https://twitter.com/INDIEWASHERE/status/1232285820280877057,1232285820280877057,415851343
2020-02-25 09:51:21+00:00,INDIEWASHERE,agavedelacalle,5,82,1158,"this racist homophobic, islamaphobic, xenophobic, agoraphobic, claustrophobic, coulrophobic, aerophobic, zoophobic-",,Tue Feb 25 09:51:21 +0000 2020,,,https://twitter.com/agavedelacalle/status/1232023652150833152,https://twitter.com/INDIEWASHERE/status/1232241665554964480,1232241665554964480,415851343
2020-02-25 00:03:50+00:00,INDIEWASHERE,curlyyonce,0,0,16,that also be it but amount of random verified accs that literally have nothing to do w me or my interests at all make thinks it bots but im just a massive cynic so i might be wrong lmao,,Tue Feb 25 00:03:50 +0000 2020,,,,https://twitter.com/INDIEWASHERE/status/1232093810999558145,1232093810999558145,415851343
2020-02-24 23:59:47+00:00,INDIEWASHERE,,1,0,91,i literally dmed on of them bc i was getting frustrated and paranoid that the insta illuminati may be watching or something but then i realised what was happening which is sad like how you verified using bots to try and get crumbs of clout?????,,Mon Feb 24 23:59:47 +0000 2020,,,,https://twitter.com/INDIEWASHERE/status/1232092793314648071,1232092793314648071,415851343
2020-02-24 23:58:09+00:00,INDIEWASHERE,,7,75,1118,HAS ANYONE NOTICED BIG INSTAGRAM VERIFIED ACCS WATCHING YOUR STORIES BC I HAVE AND IT TURNS BIG ACCS HIRE BOTS TO WATCH THOUSANDS OF STORIES IN THE HOPE PPL MIGHT FOLLOW THEIR BUM THIRSTY ASSES LIKE SOCIAL MEDIA IS AN ACTUAL SICKNESS I-,,Mon Feb 24 23:58:09 +0000 2020,,,,https://twitter.com/INDIEWASHERE/status/1232092381287194624,1232092381287194624,415851343
2020-02-24 23:55:58+00:00,INDIEWASHERE,,1,2,38,already deleted it alright back to sanity i go,,Mon Feb 24 23:55:58 +0000 2020,,,,https://twitter.com/INDIEWASHERE/status/1232091831392968705,1232091831392968705,415851343
2020-02-24 23:44:19+00:00,INDIEWASHERE,guardian,0,144,1068,i love this song,,Mon Feb 24 23:44:19 +0000 2020,,,https://twitter.com/guardian/status/1231983012247744514,https://twitter.com/INDIEWASHERE/status/1232088900140773376,1232088900140773376,415851343
2020-02-24 23:27:55+00:00,INDIEWASHERE,,0,9,96,no one ask me if i have plans to this summer i am booked and busy being a THOT for the whole of it,,Mon Feb 24 23:27:55 +0000 2020,,,,https://twitter.com/INDIEWASHERE/status/1232084771309748224,1232084771309748224,415851343
2020-02-24 23:27:27+00:00,INDIEWASHERE,,1,41,415,feeling unstable might redownload hinge so i can delete it again 15 minutes later,,Mon Feb 24 23:27:27 +0000 2020,,,,https://twitter.com/INDIEWASHERE/status/1232084654330650624,1232084654330650624,415851343
2020-02-24 23:09:32+00:00,INDIEWASHERE,,3,744,4682,asghkkinv i-,,Mon Feb 24 23:09:32 +0000 2020,,,,https://twitter.com/INDIEWASHERE/status/1232080145164521473,1232080145164521473,415851343
