date,username,to,replies,retweets,favorites,text,mentions,formatted_date,geo,hashtags,urls,permalink,ID,author_id
2020-02-28 23:57:05+00:00,ItMeIRL2,,0,12,78,me_irl https://redd.it/fb2re0,,Fri Feb 28 23:57:05 +0000 2020,,,https://redd.it/fb2re0,https://twitter.com/ItMeIRL2/status/1233541664335106049,1233541664335106049,333465928
2020-02-28 23:42:03+00:00,ItMeIRL2,,0,21,81,Me_irl https://redd.it/fb0xxi,,Fri Feb 28 23:42:03 +0000 2020,,,https://redd.it/fb0xxi,https://twitter.com/ItMeIRL2/status/1233537879000965123,1233537879000965123,333465928
2020-02-28 23:27:00+00:00,ItMeIRL2,,0,6,28,Me irl https://redd.it/fb23we,,Fri Feb 28 23:27:00 +0000 2020,,,https://redd.it/fb23we,https://twitter.com/ItMeIRL2/status/1233534093209538562,1233534093209538562,333465928
2020-02-28 23:11:58+00:00,ItMeIRL2,,2,7,31,me_irl https://redd.it/faylkh,,Fri Feb 28 23:11:58 +0000 2020,,,https://redd.it/faylkh,https://twitter.com/ItMeIRL2/status/1233530310647779338,1233530310647779338,333465928
2020-02-28 22:56:56+00:00,ItMeIRL2,,1,36,213,me_irl https://redd.it/fb1tca,,Fri Feb 28 22:56:56 +0000 2020,,,https://redd.it/fb1tca,https://twitter.com/ItMeIRL2/status/1233526528782278659,1233526528782278659,333465928
2020-02-28 22:41:54+00:00,ItMeIRL2,,0,2,14,me_irl https://redd.it/fb0h8n,,Fri Feb 28 22:41:54 +0000 2020,,,https://redd.it/fb0h8n,https://twitter.com/ItMeIRL2/status/1233522745478086659,1233522745478086659,333465928
2020-02-28 22:26:52+00:00,ItMeIRL2,,0,17,72,Me_irl https://redd.it/fb1l0t,,Fri Feb 28 22:26:52 +0000 2020,,,https://redd.it/fb1l0t,https://twitter.com/ItMeIRL2/status/1233518962333360131,1233518962333360131,333465928
2020-02-28 22:11:50+00:00,ItMeIRL2,,0,22,90,me_irl https://redd.it/fb048f,,Fri Feb 28 22:11:50 +0000 2020,,,https://redd.it/fb048f,https://twitter.com/ItMeIRL2/status/1233515177590624260,1233515177590624260,333465928
2020-02-28 21:56:48+00:00,ItMeIRL2,,0,5,33,me irl https://redd.it/fb02ft,,Fri Feb 28 21:56:48 +0000 2020,,,https://redd.it/fb02ft,https://twitter.com/ItMeIRL2/status/1233511392277409793,1233511392277409793,333465928
2020-02-28 21:41:45+00:00,ItMeIRL2,,0,11,57,me_irl https://redd.it/faznoe,,Fri Feb 28 21:41:45 +0000 2020,,,https://redd.it/faznoe,https://twitter.com/ItMeIRL2/status/1233507607073214465,1233507607073214465,333465928
2020-02-28 21:26:43+00:00,ItMeIRL2,,0,13,42,Me_irl https://redd.it/fazg2a,,Fri Feb 28 21:26:43 +0000 2020,,,https://redd.it/fazg2a,https://twitter.com/ItMeIRL2/status/1233503824893161472,1233503824893161472,333465928
2020-02-28 21:11:41+00:00,ItMeIRL2,,0,7,37,Me_irl https://redd.it/fb0ewt,,Fri Feb 28 21:11:41 +0000 2020,,,https://redd.it/fb0ewt,https://twitter.com/ItMeIRL2/status/1233500041974865920,1233500041974865920,333465928
2020-02-28 20:56:39+00:00,ItMeIRL2,,0,10,39,Me_irl https://redd.it/fb05s5,,Fri Feb 28 20:56:39 +0000 2020,,,https://redd.it/fb05s5,https://twitter.com/ItMeIRL2/status/1233496257613701121,1233496257613701121,333465928
2020-02-28 20:41:37+00:00,ItMeIRL2,,2,5,38,Me_irl https://redd.it/fazgap,,Fri Feb 28 20:41:37 +0000 2020,,,https://redd.it/fazgap,https://twitter.com/ItMeIRL2/status/1233492474745757699,1233492474745757699,333465928
2020-02-28 20:26:36+00:00,ItMeIRL2,,0,6,62,me_irl https://redd.it/favelf,,Fri Feb 28 20:26:36 +0000 2020,,,https://redd.it/favelf,https://twitter.com/ItMeIRL2/status/1233488692280483841,1233488692280483841,333465928
2020-02-28 20:11:34+00:00,ItMeIRL2,,0,3,29,me_irl https://redd.it/favbzh,,Fri Feb 28 20:11:34 +0000 2020,,,https://redd.it/favbzh,https://twitter.com/ItMeIRL2/status/1233484910486315008,1233484910486315008,333465928
2020-02-28 19:56:32+00:00,ItMeIRL2,,0,4,36,me_irl https://redd.it/faz180,,Fri Feb 28 19:56:32 +0000 2020,,,https://redd.it/faz180,https://twitter.com/ItMeIRL2/status/1233481127106662400,1233481127106662400,333465928
2020-02-28 19:41:29+00:00,ItMeIRL2,,0,7,35,me_irl https://redd.it/favrxc,,Fri Feb 28 19:41:29 +0000 2020,,,https://redd.it/favrxc,https://twitter.com/ItMeIRL2/status/1233477341759799297,1233477341759799297,333465928
2020-02-28 19:26:28+00:00,ItMeIRL2,,0,7,45,me_irl https://redd.it/faxbd0,,Fri Feb 28 19:26:28 +0000 2020,,,https://redd.it/faxbd0,https://twitter.com/ItMeIRL2/status/1233473560104054784,1233473560104054784,333465928
2020-02-28 19:11:26+00:00,ItMeIRL2,,1,18,106,me_irl https://redd.it/fayexn,,Fri Feb 28 19:11:26 +0000 2020,,,https://redd.it/fayexn,https://twitter.com/ItMeIRL2/status/1233469777424855040,1233469777424855040,333465928
2020-02-28 18:56:24+00:00,ItMeIRL2,,0,9,75,me_irl https://redd.it/fawaaw,,Fri Feb 28 18:56:24 +0000 2020,,,https://redd.it/fawaaw,https://twitter.com/ItMeIRL2/status/1233465994594652163,1233465994594652163,333465928
2020-02-28 18:41:22+00:00,ItMeIRL2,,0,12,63,Me irl https://redd.it/favjfm,,Fri Feb 28 18:41:22 +0000 2020,,,https://redd.it/favjfm,https://twitter.com/ItMeIRL2/status/1233462211328299008,1233462211328299008,333465928
2020-02-28 18:26:20+00:00,ItMeIRL2,,0,55,170,me_irl https://redd.it/favc8w,,Fri Feb 28 18:26:20 +0000 2020,,,https://redd.it/favc8w,https://twitter.com/ItMeIRL2/status/1233458428930121729,1233458428930121729,333465928
2020-02-28 18:11:18+00:00,ItMeIRL2,,0,8,51,me_irl https://redd.it/faxf95,,Fri Feb 28 18:11:18 +0000 2020,,,https://redd.it/faxf95,https://twitter.com/ItMeIRL2/status/1233454645563076610,1233454645563076610,333465928
2020-02-28 17:56:16+00:00,ItMeIRL2,,1,5,41,Me_irl https://redd.it/favmgc,,Fri Feb 28 17:56:16 +0000 2020,,,https://redd.it/favmgc,https://twitter.com/ItMeIRL2/status/1233450862611173376,1233450862611173376,333465928
2020-02-28 17:41:14+00:00,ItMeIRL2,,1,4,35,me_irl https://redd.it/favbdz,,Fri Feb 28 17:41:14 +0000 2020,,,https://redd.it/favbdz,https://twitter.com/ItMeIRL2/status/1233447079026008066,1233447079026008066,333465928
2020-02-28 17:26:12+00:00,ItMeIRL2,,0,7,38,me_irl https://redd.it/fawm00,,Fri Feb 28 17:26:12 +0000 2020,,,https://redd.it/fawm00,https://twitter.com/ItMeIRL2/status/1233443296476827649,1233443296476827649,333465928
2020-02-28 17:11:10+00:00,ItMeIRL2,,0,14,58,me irl https://redd.it/favqvi,,Fri Feb 28 17:11:10 +0000 2020,,,https://redd.it/favqvi,https://twitter.com/ItMeIRL2/status/1233439512556179461,1233439512556179461,333465928
2020-02-28 16:56:08+00:00,ItMeIRL2,,0,4,35,me_irl https://redd.it/fawp6s,,Fri Feb 28 16:56:08 +0000 2020,,,https://redd.it/fawp6s,https://twitter.com/ItMeIRL2/status/1233435729038061568,1233435729038061568,333465928
2020-02-28 16:41:05+00:00,ItMeIRL2,,0,2,26,Me irl https://redd.it/favgfm,,Fri Feb 28 16:41:05 +0000 2020,,,https://redd.it/favgfm,https://twitter.com/ItMeIRL2/status/1233431942672113666,1233431942672113666,333465928
2020-02-28 16:26:03+00:00,ItMeIRL2,,0,26,91,me irl https://redd.it/favpnk,,Fri Feb 28 16:26:03 +0000 2020,,,https://redd.it/favpnk,https://twitter.com/ItMeIRL2/status/1233428157560229888,1233428157560229888,333465928
2020-02-28 16:11:01+00:00,ItMeIRL2,,1,6,46,me_irl https://redd.it/favkvg,,Fri Feb 28 16:11:01 +0000 2020,,,https://redd.it/favkvg,https://twitter.com/ItMeIRL2/status/1233424374411276288,1233424374411276288,333465928
2020-02-28 15:55:59+00:00,ItMeIRL2,,1,8,83,me_irl https://redd.it/fatvpy,,Fri Feb 28 15:55:59 +0000 2020,,,https://redd.it/fatvpy,https://twitter.com/ItMeIRL2/status/1233420590578577408,1233420590578577408,333465928
2020-02-28 15:40:57+00:00,ItMeIRL2,,0,8,51,me irl https://redd.it/favo6p,,Fri Feb 28 15:40:57 +0000 2020,,,https://redd.it/favo6p,https://twitter.com/ItMeIRL2/status/1233416807001837573,1233416807001837573,333465928
2020-02-28 15:25:55+00:00,ItMeIRL2,,0,8,52,me irl https://redd.it/fauujz,,Fri Feb 28 15:25:55 +0000 2020,,,https://redd.it/fauujz,https://twitter.com/ItMeIRL2/status/1233413024280653824,1233413024280653824,333465928
2020-02-28 15:10:53+00:00,ItMeIRL2,,0,33,105,me_irl https://redd.it/fav26r,,Fri Feb 28 15:10:53 +0000 2020,,,https://redd.it/fav26r,https://twitter.com/ItMeIRL2/status/1233409241446305792,1233409241446305792,333465928
2020-02-28 14:55:51+00:00,ItMeIRL2,,1,5,29,Me_irl https://redd.it/farre2,,Fri Feb 28 14:55:51 +0000 2020,,,https://redd.it/farre2,https://twitter.com/ItMeIRL2/status/1233405460033789953,1233405460033789953,333465928
2020-02-28 14:40:50+00:00,ItMeIRL2,,0,1,18,Me_irl https://redd.it/fat6zm,,Fri Feb 28 14:40:50 +0000 2020,,,https://redd.it/fat6zm,https://twitter.com/ItMeIRL2/status/1233401678298320896,1233401678298320896,333465928
2020-02-28 14:25:47+00:00,ItMeIRL2,,0,5,38,me_irl https://redd.it/faulsu,,Fri Feb 28 14:25:47 +0000 2020,,,https://redd.it/faulsu,https://twitter.com/ItMeIRL2/status/1233397889822580736,1233397889822580736,333465928
2020-02-28 14:10:44+00:00,ItMeIRL2,,0,7,60,me_irl https://redd.it/fatpps,,Fri Feb 28 14:10:44 +0000 2020,,,https://redd.it/fatpps,https://twitter.com/ItMeIRL2/status/1233394105528524800,1233394105528524800,333465928
2020-02-28 13:55:42+00:00,ItMeIRL2,,0,2,21,me irl https://redd.it/fatmnw,,Fri Feb 28 13:55:42 +0000 2020,,,https://redd.it/fatmnw,https://twitter.com/ItMeIRL2/status/1233390322924826624,1233390322924826624,333465928
2020-02-28 13:40:41+00:00,ItMeIRL2,,1,9,67,Me_irl https://redd.it/fasyoe,,Fri Feb 28 13:40:41 +0000 2020,,,https://redd.it/fasyoe,https://twitter.com/ItMeIRL2/status/1233386540803424256,1233386540803424256,333465928
2020-02-28 13:25:39+00:00,ItMeIRL2,,2,14,80,me irl https://redd.it/fatw3p,,Fri Feb 28 13:25:39 +0000 2020,,,https://redd.it/fatw3p,https://twitter.com/ItMeIRL2/status/1233382757826428928,1233382757826428928,333465928
2020-02-28 13:10:36+00:00,ItMeIRL2,,0,1,28,Me_irl https://redd.it/fatk59,,Fri Feb 28 13:10:36 +0000 2020,,,https://redd.it/fatk59,https://twitter.com/ItMeIRL2/status/1233378971443695616,1233378971443695616,333465928
2020-02-28 12:55:34+00:00,ItMeIRL2,,0,1,15,Me_irl https://redd.it/faszng,,Fri Feb 28 12:55:34 +0000 2020,,,https://redd.it/faszng,https://twitter.com/ItMeIRL2/status/1233375188005376000,1233375188005376000,333465928
2020-02-28 12:40:32+00:00,ItMeIRL2,,0,14,40,Me_irl https://redd.it/faszg7,,Fri Feb 28 12:40:32 +0000 2020,,,https://redd.it/faszg7,https://twitter.com/ItMeIRL2/status/1233371405460307968,1233371405460307968,333465928
2020-02-28 12:25:30+00:00,ItMeIRL2,,0,10,42,Me_irl https://redd.it/fasz5s,,Fri Feb 28 12:25:30 +0000 2020,,,https://redd.it/fasz5s,https://twitter.com/ItMeIRL2/status/1233367620247748609,1233367620247748609,333465928
2020-02-28 12:10:28+00:00,ItMeIRL2,,0,8,44,Me_irl https://redd.it/faszrj,,Fri Feb 28 12:10:28 +0000 2020,,,https://redd.it/faszrj,https://twitter.com/ItMeIRL2/status/1233363837694496770,1233363837694496770,333465928
2020-02-28 11:55:26+00:00,ItMeIRL2,,1,5,56,Me_irl https://redd.it/fasz1v,,Fri Feb 28 11:55:26 +0000 2020,,,https://redd.it/fasz1v,https://twitter.com/ItMeIRL2/status/1233360055107510273,1233360055107510273,333465928
2020-02-28 11:40:24+00:00,ItMeIRL2,,0,3,32,Me_irl https://redd.it/faszjg,,Fri Feb 28 11:40:24 +0000 2020,,,https://redd.it/faszjg,https://twitter.com/ItMeIRL2/status/1233356271295791104,1233356271295791104,333465928
2020-02-28 11:25:22+00:00,ItMeIRL2,,1,9,47,Me irl https://redd.it/faseel,,Fri Feb 28 11:25:22 +0000 2020,,,https://redd.it/faseel,https://twitter.com/ItMeIRL2/status/1233352488251797504,1233352488251797504,333465928
2020-02-28 11:10:20+00:00,ItMeIRL2,,0,11,28,me_irl https://redd.it/fas4e3,,Fri Feb 28 11:10:20 +0000 2020,,,https://redd.it/fas4e3,https://twitter.com/ItMeIRL2/status/1233348705874518016,1233348705874518016,333465928
2020-02-28 10:55:18+00:00,ItMeIRL2,,0,1,22,me irl https://redd.it/fas3rt,,Fri Feb 28 10:55:18 +0000 2020,,,https://redd.it/fas3rt,https://twitter.com/ItMeIRL2/status/1233344922226450432,1233344922226450432,333465928
2020-02-28 10:40:15+00:00,ItMeIRL2,,1,63,301,Me_irl https://redd.it/farnvs,,Fri Feb 28 10:40:15 +0000 2020,,,https://redd.it/farnvs,https://twitter.com/ItMeIRL2/status/1233341135516504064,1233341135516504064,333465928
2020-02-28 10:25:13+00:00,ItMeIRL2,,0,16,58,me_irl https://redd.it/farq4z,,Fri Feb 28 10:25:13 +0000 2020,,,https://redd.it/farq4z,https://twitter.com/ItMeIRL2/status/1233337353076432896,1233337353076432896,333465928
2020-02-28 10:10:11+00:00,ItMeIRL2,,0,7,49,me_irl https://redd.it/farmt3,,Fri Feb 28 10:10:11 +0000 2020,,,https://redd.it/farmt3,https://twitter.com/ItMeIRL2/status/1233333568455180288,1233333568455180288,333465928
2020-02-28 09:55:09+00:00,ItMeIRL2,,0,13,67,Me_irl https://redd.it/farwtp,,Fri Feb 28 09:55:09 +0000 2020,,,https://redd.it/farwtp,https://twitter.com/ItMeIRL2/status/1233329786501681152,1233329786501681152,333465928
2020-02-28 09:40:07+00:00,ItMeIRL2,,0,9,22,Me_irl https://redd.it/faqh95,,Fri Feb 28 09:40:07 +0000 2020,,,https://redd.it/faqh95,https://twitter.com/ItMeIRL2/status/1233326002996228096,1233326002996228096,333465928
2020-02-28 09:25:06+00:00,ItMeIRL2,,0,5,30,me irl https://redd.it/faomnw,,Fri Feb 28 09:25:06 +0000 2020,,,https://redd.it/faomnw,https://twitter.com/ItMeIRL2/status/1233322221306818561,1233322221306818561,333465928
2020-02-28 09:10:04+00:00,ItMeIRL2,,0,2,32,Me_irl https://redd.it/faq76j,,Fri Feb 28 09:10:04 +0000 2020,,,https://redd.it/faq76j,https://twitter.com/ItMeIRL2/status/1233318438598213632,1233318438598213632,333465928
2020-02-28 08:54:59+00:00,ItMeIRL2,,0,5,37,me_irl https://redd.it/faq7y0,,Fri Feb 28 08:54:59 +0000 2020,,,https://redd.it/faq7y0,https://twitter.com/ItMeIRL2/status/1233314645043302402,1233314645043302402,333465928
2020-02-28 08:39:57+00:00,ItMeIRL2,,0,6,34,me_irl https://redd.it/faq2s6,,Fri Feb 28 08:39:57 +0000 2020,,,https://redd.it/faq2s6,https://twitter.com/ItMeIRL2/status/1233310861147693057,1233310861147693057,333465928
2020-02-28 08:24:55+00:00,ItMeIRL2,,1,5,40,me_irl https://redd.it/faq4km,,Fri Feb 28 08:24:55 +0000 2020,,,https://redd.it/faq4km,https://twitter.com/ItMeIRL2/status/1233307078539739137,1233307078539739137,333465928
2020-02-28 08:09:52+00:00,ItMeIRL2,,0,6,24,me_irl https://redd.it/fap05c,,Fri Feb 28 08:09:52 +0000 2020,,,https://redd.it/fap05c,https://twitter.com/ItMeIRL2/status/1233303288562540544,1233303288562540544,333465928
2020-02-28 07:54:50+00:00,ItMeIRL2,,0,4,28,me irl https://redd.it/fapnc7,,Fri Feb 28 07:54:50 +0000 2020,,,https://redd.it/fapnc7,https://twitter.com/ItMeIRL2/status/1233299507154165763,1233299507154165763,333465928
2020-02-28 07:39:48+00:00,ItMeIRL2,,0,12,36,me_irl https://redd.it/faqjoj,,Fri Feb 28 07:39:48 +0000 2020,,,https://redd.it/faqjoj,https://twitter.com/ItMeIRL2/status/1233295724579840009,1233295724579840009,333465928
2020-02-28 07:24:47+00:00,ItMeIRL2,,0,13,40,me_irl https://redd.it/fapxid,,Fri Feb 28 07:24:47 +0000 2020,,,https://redd.it/fapxid,https://twitter.com/ItMeIRL2/status/1233291942596874241,1233291942596874241,333465928
2020-02-28 07:09:44+00:00,ItMeIRL2,,0,8,50,me_irl https://redd.it/fapxn7,,Fri Feb 28 07:09:44 +0000 2020,,,https://redd.it/fapxn7,https://twitter.com/ItMeIRL2/status/1233288156914552834,1233288156914552834,333465928
2020-02-28 06:54:41+00:00,ItMeIRL2,,0,2,24,Me_irl https://redd.it/faq70e,,Fri Feb 28 06:54:41 +0000 2020,,,https://redd.it/faq70e,https://twitter.com/ItMeIRL2/status/1233284368032026624,1233284368032026624,333465928
2020-02-28 06:39:38+00:00,ItMeIRL2,,0,4,44,me irl https://redd.it/fappio,,Fri Feb 28 06:39:38 +0000 2020,,,https://redd.it/fappio,https://twitter.com/ItMeIRL2/status/1233280583066931202,1233280583066931202,333465928
2020-02-28 06:24:36+00:00,ItMeIRL2,,0,2,16,me_irl https://redd.it/faproo,,Fri Feb 28 06:24:36 +0000 2020,,,https://redd.it/faproo,https://twitter.com/ItMeIRL2/status/1233276798655483905,1233276798655483905,333465928
2020-02-28 06:09:34+00:00,ItMeIRL2,,0,2,10,me_irl https://redd.it/fap8z9,,Fri Feb 28 06:09:34 +0000 2020,,,https://redd.it/fap8z9,https://twitter.com/ItMeIRL2/status/1233273016114610176,1233273016114610176,333465928
2020-02-28 05:54:33+00:00,ItMeIRL2,,0,5,39,me_irl https://redd.it/faoy1v,,Fri Feb 28 05:54:33 +0000 2020,,,https://redd.it/faoy1v,https://twitter.com/ItMeIRL2/status/1233269234945470464,1233269234945470464,333465928
2020-02-28 05:39:31+00:00,ItMeIRL2,,0,7,29,me_irl https://redd.it/fangga,,Fri Feb 28 05:39:31 +0000 2020,,,https://redd.it/fangga,https://twitter.com/ItMeIRL2/status/1233265452387852289,1233265452387852289,333465928
2020-02-28 05:24:29+00:00,ItMeIRL2,,0,2,19,me_irl https://redd.it/faoy91,,Fri Feb 28 05:24:29 +0000 2020,,,https://redd.it/faoy91,https://twitter.com/ItMeIRL2/status/1233261669775749120,1233261669775749120,333465928
2020-02-28 05:09:27+00:00,ItMeIRL2,,0,6,33,me_irl https://redd.it/falty6,,Fri Feb 28 05:09:27 +0000 2020,,,https://redd.it/falty6,https://twitter.com/ItMeIRL2/status/1233257887255973888,1233257887255973888,333465928
2020-02-28 04:54:25+00:00,ItMeIRL2,,0,0,4,Me_irl https://redd.it/faoxk4,,Fri Feb 28 04:54:25 +0000 2020,,,https://redd.it/faoxk4,https://twitter.com/ItMeIRL2/status/1233254104287281155,1233254104287281155,333465928
2020-02-28 04:39:23+00:00,ItMeIRL2,,0,5,22,Me_irl https://redd.it/fanruv,,Fri Feb 28 04:39:23 +0000 2020,,,https://redd.it/fanruv,https://twitter.com/ItMeIRL2/status/1233250320702148609,1233250320702148609,333465928
2020-02-28 04:24:20+00:00,ItMeIRL2,,0,2,20,me_irl https://redd.it/fao0so,,Fri Feb 28 04:24:20 +0000 2020,,,https://redd.it/fao0so,https://twitter.com/ItMeIRL2/status/1233246533522542592,1233246533522542592,333465928
2020-02-28 03:54:17+00:00,ItMeIRL2,,0,0,10,me_irl https://redd.it/fanl1o,,Fri Feb 28 03:54:17 +0000 2020,,,https://redd.it/fanl1o,https://twitter.com/ItMeIRL2/status/1233238969376268289,1233238969376268289,333465928
2020-02-28 03:39:15+00:00,ItMeIRL2,,0,7,34,me_irl https://redd.it/fam427,,Fri Feb 28 03:39:15 +0000 2020,,,https://redd.it/fam427,https://twitter.com/ItMeIRL2/status/1233235186436968449,1233235186436968449,333465928
2020-02-28 03:24:13+00:00,ItMeIRL2,,0,1,16,me_irl https://redd.it/fan1fv,,Fri Feb 28 03:24:13 +0000 2020,,,https://redd.it/fan1fv,https://twitter.com/ItMeIRL2/status/1233231403640401920,1233231403640401920,333465928
2020-02-28 03:09:11+00:00,ItMeIRL2,,0,5,31,me_irl https://redd.it/famskv,,Fri Feb 28 03:09:11 +0000 2020,,,https://redd.it/famskv,https://twitter.com/ItMeIRL2/status/1233227619098820608,1233227619098820608,333465928
2020-02-28 02:54:09+00:00,ItMeIRL2,,1,13,67,me_irl https://redd.it/fam0ro,,Fri Feb 28 02:54:09 +0000 2020,,,https://redd.it/fam0ro,https://twitter.com/ItMeIRL2/status/1233223836532924416,1233223836532924416,333465928
2020-02-28 02:39:07+00:00,ItMeIRL2,,0,4,27,Me irl https://redd.it/fajcr8,,Fri Feb 28 02:39:07 +0000 2020,,,https://redd.it/fajcr8,https://twitter.com/ItMeIRL2/status/1233220052679348225,1233220052679348225,333465928
2020-02-28 02:24:05+00:00,ItMeIRL2,,0,11,37,Me_irl https://redd.it/famnzw,,Fri Feb 28 02:24:05 +0000 2020,,,https://redd.it/famnzw,https://twitter.com/ItMeIRL2/status/1233216270591569920,1233216270591569920,333465928
2020-02-28 02:09:03+00:00,ItMeIRL2,,0,6,24,me_irl https://redd.it/falzgm,,Fri Feb 28 02:09:03 +0000 2020,,,https://redd.it/falzgm,https://twitter.com/ItMeIRL2/status/1233212486943477762,1233212486943477762,333465928
2020-02-28 01:54:01+00:00,ItMeIRL2,,0,5,22,me_irl https://redd.it/fahkgf,,Fri Feb 28 01:54:01 +0000 2020,,,https://redd.it/fahkgf,https://twitter.com/ItMeIRL2/status/1233208703035285505,1233208703035285505,333465928
2020-02-28 01:38:58+00:00,ItMeIRL2,,1,23,111,me_irl https://redd.it/falfre,,Fri Feb 28 01:38:58 +0000 2020,,,https://redd.it/falfre,https://twitter.com/ItMeIRL2/status/1233204916312776704,1233204916312776704,333465928
2020-02-28 01:23:56+00:00,ItMeIRL2,,0,12,52,Me_irl https://redd.it/fal1sa,,Fri Feb 28 01:23:56 +0000 2020,,,https://redd.it/fal1sa,https://twitter.com/ItMeIRL2/status/1233201133780422657,1233201133780422657,333465928
2020-02-28 01:08:54+00:00,ItMeIRL2,,1,6,44,me_irl https://redd.it/fahmqi,,Fri Feb 28 01:08:54 +0000 2020,,,https://redd.it/fahmqi,https://twitter.com/ItMeIRL2/status/1233197351432597505,1233197351432597505,333465928
2020-02-28 00:53:51+00:00,ItMeIRL2,,0,30,132,me irl https://redd.it/fak5tf,,Fri Feb 28 00:53:51 +0000 2020,,,https://redd.it/fak5tf,https://twitter.com/ItMeIRL2/status/1233193563594338305,1233193563594338305,333465928
2020-02-28 00:38:49+00:00,ItMeIRL2,,0,6,31,Me irl https://redd.it/fakonb,,Fri Feb 28 00:38:49 +0000 2020,,,https://redd.it/fakonb,https://twitter.com/ItMeIRL2/status/1233189779690393602,1233189779690393602,333465928
2020-02-28 00:23:47+00:00,ItMeIRL2,,0,8,34,Me_irl https://redd.it/fak0pr,,Fri Feb 28 00:23:47 +0000 2020,,,https://redd.it/fak0pr,https://twitter.com/ItMeIRL2/status/1233185996679864321,1233185996679864321,333465928
2020-02-28 00:08:45+00:00,ItMeIRL2,,0,1,22,Me irl https://redd.it/fafncu,,Fri Feb 28 00:08:45 +0000 2020,,,https://redd.it/fafncu,https://twitter.com/ItMeIRL2/status/1233182214269042689,1233182214269042689,333465928
2020-02-27 23:53:43+00:00,ItMeIRL2,,0,4,64,Me_irl https://redd.it/faglao,,Thu Feb 27 23:53:43 +0000 2020,,,https://redd.it/faglao,https://twitter.com/ItMeIRL2/status/1233178430260338688,1233178430260338688,333465928
2020-02-27 23:38:41+00:00,ItMeIRL2,,0,11,50,me_irl https://redd.it/faf458,,Thu Feb 27 23:38:41 +0000 2020,,,https://redd.it/faf458,https://twitter.com/ItMeIRL2/status/1233174645177749504,1233174645177749504,333465928
2020-02-27 23:23:38+00:00,ItMeIRL2,,0,8,37,me_irl https://redd.it/fajcl0,,Thu Feb 27 23:23:38 +0000 2020,,,https://redd.it/fajcl0,https://twitter.com/ItMeIRL2/status/1233170860225236994,1233170860225236994,333465928
2020-02-27 23:08:36+00:00,ItMeIRL2,,0,3,24,me irl https://redd.it/faethq,,Thu Feb 27 23:08:36 +0000 2020,,,https://redd.it/faethq,https://twitter.com/ItMeIRL2/status/1233167075130081283,1233167075130081283,333465928
2020-02-27 22:53:33+00:00,ItMeIRL2,,2,26,142,me_irl https://redd.it/fairdf,,Thu Feb 27 22:53:33 +0000 2020,,,https://redd.it/fairdf,https://twitter.com/ItMeIRL2/status/1233163288554475525,1233163288554475525,333465928
