date,username,to,replies,retweets,favorites,text,mentions,formatted_date,geo,hashtags,urls,permalink,ID,author_id
2020-02-28 23:53:50+00:00,KayJovahkiin,IsaKordey,0,0,0,"i play video games, gimme a week and i could figure this out too",,Fri Feb 28 23:53:50 +0000 2020,,,,https://twitter.com/KayJovahkiin/status/1233540845766209536,1233540845766209536,1231268864173862913
2020-02-28 23:51:53+00:00,KayJovahkiin,trappyphantom,1,0,0,granted the mad at the world state will always be there but i realize i got quite a bit of ways to go so its all good,,Fri Feb 28 23:51:53 +0000 2020,,,,https://twitter.com/KayJovahkiin/status/1233540355120758784,1233540355120758784,1231268864173862913
2020-02-28 23:43:04+00:00,KayJovahkiin,thickimusprime,1,0,1,"i’m the family alchemist, or devil worshipper as they wanna call me ",,Fri Feb 28 23:43:04 +0000 2020,,,,https://twitter.com/KayJovahkiin/status/1233538136006725632,1233538136006725632,1231268864173862913
2020-02-28 23:34:59+00:00,KayJovahkiin,bellsofatlantis,0,0,2,my sex tape is called “to a good time”,,Fri Feb 28 23:34:59 +0000 2020,,,https://twitter.com/bellsofatlantis/status/1233534701400313856,https://twitter.com/KayJovahkiin/status/1233536104432730112,1233536104432730112,1231268864173862913
2020-02-28 23:32:09+00:00,KayJovahkiin,itsjujubae,0,0,1,10/10,,Fri Feb 28 23:32:09 +0000 2020,,,,https://twitter.com/KayJovahkiin/status/1233535389970780160,1233535389970780160,1231268864173862913
2020-02-28 23:20:45+00:00,KayJovahkiin,fatbellybri,0,0,0,"like in a major way, then if you wanna go all faux woke with it, me today is giving young me those hugs",,Fri Feb 28 23:20:45 +0000 2020,,,,https://twitter.com/KayJovahkiin/status/1233532520421044226,1233532520421044226,1231268864173862913
2020-02-28 23:13:52+00:00,KayJovahkiin,,0,0,0,"like imagine someone you claim to love feeling so helpless and alone that they feel like the only way to escape it is to take their own life, and even in their death, you STILL find a way to shift the focus to yourself. some of you mfs make me sick, you should’ve croaked instead.",,Fri Feb 28 23:13:52 +0000 2020,,,,https://twitter.com/KayJovahkiin/status/1233530789473771526,1233530789473771526,1231268864173862913
2020-02-28 23:11:27+00:00,KayJovahkiin,clearwatersss,0,0,1,omg aw my lil guy,,Fri Feb 28 23:11:27 +0000 2020,,,,https://twitter.com/KayJovahkiin/status/1233530182159536128,1233530182159536128,1231268864173862913
2020-02-28 23:07:25+00:00,KayJovahkiin,jameeeelia,0,1,2, ,,Fri Feb 28 23:07:25 +0000 2020,,,,https://twitter.com/KayJovahkiin/status/1233529163107258369,1233529163107258369,1231268864173862913
2020-02-28 23:03:57+00:00,KayJovahkiin,,1,0,2,"ay fr fr it kinda makes me mad seeing people talk about how they “wish they would’ve been there,” when someone they know commits s*icide, because you weren’t there, noone was, and that’s probably why they’re not here anyone. let that mf rest in peace. idc how YOU feel.",,Fri Feb 28 23:03:57 +0000 2020,,,,https://twitter.com/KayJovahkiin/status/1233528291924963328,1233528291924963328,1231268864173862913
2020-02-28 22:58:26+00:00,KayJovahkiin,,0,2,9,you ever look back on the antics and BS your younger self was on and realized the mf just needed a hug?,,Fri Feb 28 22:58:26 +0000 2020,,,,https://twitter.com/KayJovahkiin/status/1233526904109420544,1233526904109420544,1231268864173862913
2020-02-28 22:56:30+00:00,KayJovahkiin,clearwatersss,1,0,1,my cat does this too ,,Fri Feb 28 22:56:30 +0000 2020,,,,https://twitter.com/KayJovahkiin/status/1233526417431773184,1233526417431773184,1231268864173862913
2020-02-28 22:53:33+00:00,KayJovahkiin,bellsofatlantis,0,0,1,how long will you be there! i’m excited,,Fri Feb 28 22:53:33 +0000 2020,,,,https://twitter.com/KayJovahkiin/status/1233525674826227713,1233525674826227713,1231268864173862913
2020-02-28 22:53:15+00:00,KayJovahkiin,ElliotEscudos,0,0,2, only kinda right,,Fri Feb 28 22:53:15 +0000 2020,,,,https://twitter.com/KayJovahkiin/status/1233525598368169985,1233525598368169985,1231268864173862913
2020-02-28 22:35:36+00:00,KayJovahkiin,,2,2,11,"hearing “you’re only 22, relax.” in regards to my trials & tribulations used to really piss me tf off, but the closer to 23 i get, the more i realize y’all were kinda right lmao.",,Fri Feb 28 22:35:36 +0000 2020,,,,https://twitter.com/KayJovahkiin/status/1233521159691476993,1233521159691476993,1231268864173862913
2020-02-28 22:16:34+00:00,KayJovahkiin,soniagupta504,0,0,0,a lot of it still haunts me to this day thats why i’m so aggressively vocal now,,Fri Feb 28 22:16:34 +0000 2020,,,,https://twitter.com/KayJovahkiin/status/1233516368902922242,1233516368902922242,1231268864173862913
2020-02-28 22:15:35+00:00,KayJovahkiin,,0,21,35,y’all learned entry level psychology terms and ain’t shut up since,,Fri Feb 28 22:15:35 +0000 2020,,,,https://twitter.com/KayJovahkiin/status/1233516119488704513,1233516119488704513,1231268864173862913
2020-02-28 22:08:52+00:00,KayJovahkiin,bellsofatlantis,1,0,1,you live in LA i’m moving there in April,,Fri Feb 28 22:08:52 +0000 2020,,,,https://twitter.com/KayJovahkiin/status/1233514431889330176,1233514431889330176,1231268864173862913
2020-02-28 22:05:06+00:00,KayJovahkiin,Que_Hill,1,1,0,"everyone is, just in different ways, no matter how twitter tries to spin it",,Fri Feb 28 22:05:06 +0000 2020,,,,https://twitter.com/KayJovahkiin/status/1233513480956805120,1233513480956805120,1231268864173862913
2020-02-28 21:37:31+00:00,KayJovahkiin,,0,0,0,*5 baby mamas,,Fri Feb 28 21:37:31 +0000 2020,,,,https://twitter.com/KayJovahkiin/status/1233506541585735683,1233506541585735683,1231268864173862913
2020-02-28 21:37:20+00:00,KayJovahkiin,trappyphantom,1,0,1,your mind is why we’re friends,,Fri Feb 28 21:37:20 +0000 2020,,,,https://twitter.com/KayJovahkiin/status/1233506492927619074,1233506492927619074,1231268864173862913
2020-02-28 20:58:07+00:00,KayJovahkiin,shaniceflorez,1,0,1,the spotlight fuels them ,,Fri Feb 28 20:58:07 +0000 2020,,,,https://twitter.com/KayJovahkiin/status/1233496625298804737,1233496625298804737,1231268864173862913
2020-02-28 20:22:44+00:00,KayJovahkiin,ayemandasmith,0,0,1,"reasonable, i like it",,Fri Feb 28 20:22:44 +0000 2020,,,,https://twitter.com/KayJovahkiin/status/1233487719453675520,1233487719453675520,1231268864173862913
2020-02-28 20:03:51+00:00,KayJovahkiin,ecertalnelaj,0,0,0,thank you for this fr fr,,Fri Feb 28 20:03:51 +0000 2020,,,,https://twitter.com/KayJovahkiin/status/1233482970155057153,1233482970155057153,1231268864173862913
2020-02-28 20:03:25+00:00,KayJovahkiin,ecertalnelaj,0,0,2,!!!!!!!! you won’t feel like noone cares if you surround yourself with people that actually do.,,Fri Feb 28 20:03:25 +0000 2020,,,https://twitter.com/ecertalnelaj/status/1233297616651345922,https://twitter.com/KayJovahkiin/status/1233482861497528325,1233482861497528325,1231268864173862913
2020-02-28 20:01:06+00:00,KayJovahkiin,YungBayleaf,0,0,0,she is me,,Fri Feb 28 20:01:06 +0000 2020,,,,https://twitter.com/KayJovahkiin/status/1233482275335090177,1233482275335090177,1231268864173862913
2020-02-28 20:00:35+00:00,KayJovahkiin,LucasBrownEyes,0,0,3,"jason momoa is probably the only solid example i can think of, which needs to change",,Fri Feb 28 20:00:35 +0000 2020,,,,https://twitter.com/KayJovahkiin/status/1233482148956360705,1233482148956360705,1231268864173862913
2020-02-28 19:58:26+00:00,KayJovahkiin,ayemandasmith,1,1,1,what do i be doing to make yall like me ,,Fri Feb 28 19:58:26 +0000 2020,,,,https://twitter.com/KayJovahkiin/status/1233481604779081728,1233481604779081728,1231268864173862913
2020-02-28 19:55:54+00:00,KayJovahkiin,,1,0,2,i’ve had like 3 friends compare me to Harley Quinn this week you mfs cannot touch me,,Fri Feb 28 19:55:54 +0000 2020,,,,https://twitter.com/KayJovahkiin/status/1233480970059354116,1233480970059354116,1231268864173862913
2020-02-28 19:54:50+00:00,KayJovahkiin,,0,2,8,"sometimes you just gotta let people speak positive over you, sometimes it takes other people to see the vision before you can even grasp the concept of escaping/mastering your shadows. i know its hard, but listen to them.",,Fri Feb 28 19:54:50 +0000 2020,,,,https://twitter.com/KayJovahkiin/status/1233480701032484864,1233480701032484864,1231268864173862913
2020-02-28 17:34:33+00:00,KayJovahkiin,,0,0,0,oh i’m about to be on my capricorn,,Fri Feb 28 17:34:33 +0000 2020,,,,https://twitter.com/KayJovahkiin/status/1233445396958990336,1233445396958990336,1231268864173862913
2020-02-28 17:13:27+00:00,KayJovahkiin,zestyeliza,0,0,0,"i’m just oversimplifying existence cuz people are annoying, don’t mind me",,Fri Feb 28 17:13:27 +0000 2020,,,,https://twitter.com/KayJovahkiin/status/1233440084738752513,1233440084738752513,1231268864173862913
2020-02-28 17:11:54+00:00,KayJovahkiin,,0,0,3,"i feel like once people feel like they’ve successfully secured the bag, they’re free to move about the cabin if you will.",,Fri Feb 28 17:11:54 +0000 2020,,,,https://twitter.com/KayJovahkiin/status/1233439697713520640,1233439697713520640,1231268864173862913
2020-02-28 17:10:56+00:00,KayJovahkiin,_lilhollywood,1,1,3,"why do y’all feel like this is? i’m genuinely curious, i’ve seen like 3 posts about it and its not even noon.",,Fri Feb 28 17:10:56 +0000 2020,,,https://twitter.com/_lilhollywood/status/1233027411463278592,https://twitter.com/KayJovahkiin/status/1233439452254466048,1233439452254466048,1231268864173862913
2020-02-28 17:08:06+00:00,KayJovahkiin,,1,0,1,you and everyone you know is just a Sim.,,Fri Feb 28 17:08:06 +0000 2020,,,,https://twitter.com/KayJovahkiin/status/1233438739755438080,1233438739755438080,1231268864173862913
2020-02-28 17:04:16+00:00,KayJovahkiin,Deshaejaniece,0,0,0,glad i ain’t the only one,,Fri Feb 28 17:04:16 +0000 2020,,,,https://twitter.com/KayJovahkiin/status/1233437775069761537,1233437775069761537,1231268864173862913
2020-02-28 16:54:21+00:00,KayJovahkiin,divineangeI,1,0,1,yo that was painfully sad,,Fri Feb 28 16:54:21 +0000 2020,,,,https://twitter.com/KayJovahkiin/status/1233435279362416640,1233435279362416640,1231268864173862913
2020-02-28 16:35:39+00:00,KayJovahkiin,,0,0,5,so whats with so many spiritual people thinking theyre not from this planet? cuz you mfs look pretty homosapien to me.,,Fri Feb 28 16:35:39 +0000 2020,,,,https://twitter.com/KayJovahkiin/status/1233430572589957120,1233430572589957120,1231268864173862913
2020-02-28 16:22:11+00:00,KayJovahkiin,,0,0,5,"goodmorning to all the black kids who got bullied into wishing they were white, we love you.",,Fri Feb 28 16:22:11 +0000 2020,,,,https://twitter.com/KayJovahkiin/status/1233427186087936000,1233427186087936000,1231268864173862913
2020-02-28 16:15:52+00:00,KayJovahkiin,,0,0,2,"i’ll never forget the time someone DM’d me saying that they really like my tweets but they can’t interact cuz they knew their following would hate me, this app is weird. all apps are weird.",,Fri Feb 28 16:15:52 +0000 2020,,,,https://twitter.com/KayJovahkiin/status/1233425594014040064,1233425594014040064,1231268864173862913
2020-02-28 16:10:39+00:00,KayJovahkiin,,0,0,1,"goodmorning mfs, always remember that undercover haters are just free promo.",,Fri Feb 28 16:10:39 +0000 2020,,,,https://twitter.com/KayJovahkiin/status/1233424283377926144,1233424283377926144,1231268864173862913
2020-02-28 16:03:43+00:00,KayJovahkiin,barbyravenclaw,0,0,1,thats the internet for ya,,Fri Feb 28 16:03:43 +0000 2020,,,,https://twitter.com/KayJovahkiin/status/1233422538903973889,1233422538903973889,1231268864173862913
2020-02-28 07:36:31+00:00,KayJovahkiin,,0,0,3,sorry but Soul Eater stays on during sex,,Fri Feb 28 07:36:31 +0000 2020,,,,https://twitter.com/KayJovahkiin/status/1233294896909303808,1233294896909303808,1231268864173862913
2020-02-28 07:15:12+00:00,KayJovahkiin,PermedMalcolmX,0,0,0,ayo i’m real life cackling,,Fri Feb 28 07:15:12 +0000 2020,,,https://twitter.com/PermedMalcolmX/status/1233205513363566593,https://twitter.com/KayJovahkiin/status/1233289533019410432,1233289533019410432,1231268864173862913
2020-02-28 06:51:38+00:00,KayJovahkiin,megaatruong,0,0,0,i’m a taurus,,Fri Feb 28 06:51:38 +0000 2020,,,,https://twitter.com/KayJovahkiin/status/1233283602797887488,1233283602797887488,1231268864173862913
2020-02-28 05:42:30+00:00,KayJovahkiin,taisoleil,1,0,1,nicecock,,Fri Feb 28 05:42:30 +0000 2020,,,,https://twitter.com/KayJovahkiin/status/1233266204988428289,1233266204988428289,1231268864173862913
2020-02-28 05:42:05+00:00,KayJovahkiin,,2,0,5,i have a save on sims where i’m a guitarist with a painter wife and a son who likes to build stuff & another one where i’m a drug dealer with 3 baby mamas. balance.,,Fri Feb 28 05:42:05 +0000 2020,,,,https://twitter.com/KayJovahkiin/status/1233266096800579584,1233266096800579584,1231268864173862913
2020-02-28 05:18:52+00:00,KayJovahkiin,mindfu111nymph,1,0,1,so i made the void my muse ,,Fri Feb 28 05:18:52 +0000 2020,,,,https://twitter.com/KayJovahkiin/status/1233260253858254848,1233260253858254848,1231268864173862913
2020-02-28 05:16:33+00:00,KayJovahkiin,mindfu111nymph,1,0,1,i just have yet to meet a queen ,,Fri Feb 28 05:16:33 +0000 2020,,,,https://twitter.com/KayJovahkiin/status/1233259673916035072,1233259673916035072,1231268864173862913
2020-02-28 05:13:28+00:00,KayJovahkiin,KayJovahkiin,1,0,1,hours***,,Fri Feb 28 05:13:28 +0000 2020,,,,https://twitter.com/KayJovahkiin/status/1233258895407140864,1233258895407140864,1231268864173862913
2020-02-28 05:13:18+00:00,KayJovahkiin,MsAriesMoon,1,0,1,the house i put in on that ,,Fri Feb 28 05:13:18 +0000 2020,,,,https://twitter.com/KayJovahkiin/status/1233258855129182208,1233258855129182208,1231268864173862913
2020-02-28 05:11:07+00:00,KayJovahkiin,mindfu111nymph,1,0,3,same but i’m gonna keep denying myself for the sake of art,,Fri Feb 28 05:11:07 +0000 2020,,,https://twitter.com/mindfu111nymph/status/1167950214411345920,https://twitter.com/KayJovahkiin/status/1233258304924569600,1233258304924569600,1231268864173862913
2020-02-28 05:10:28+00:00,KayJovahkiin,,0,0,0,"so KFC is selling chicken strips and donuts as a combo now, y’all don’t give one fvck about your bodies huh? please eat a fruit, i beg of thee.",,Fri Feb 28 05:10:28 +0000 2020,,,,https://twitter.com/KayJovahkiin/status/1233258139857801217,1233258139857801217,1231268864173862913
2020-02-28 04:51:59+00:00,KayJovahkiin,circleqqq,0,0,2,"ikr, its sad",,Fri Feb 28 04:51:59 +0000 2020,,,,https://twitter.com/KayJovahkiin/status/1233253489578405890,1233253489578405890,1231268864173862913
2020-02-28 04:18:11+00:00,KayJovahkiin,Disdudejosh,0,0,0,woooow and i really had wight women telling me “if i ever brought you home my family would hang you” this why i stick with melanin now,,Fri Feb 28 04:18:11 +0000 2020,,,,https://twitter.com/KayJovahkiin/status/1233244982875545601,1233244982875545601,1231268864173862913
2020-02-28 04:16:58+00:00,KayJovahkiin,Disdudejosh,1,1,1,this makes all the times i heard “if i ever brought you home my family would hang you” that much more horrifying tbh lmao,,Fri Feb 28 04:16:58 +0000 2020,,,https://twitter.com/Disdudejosh/status/1232840623822188545,https://twitter.com/KayJovahkiin/status/1233244679468023808,1233244679468023808,1231268864173862913
2020-02-28 03:54:54+00:00,KayJovahkiin,CxtieCamille,1,0,1,lmaooo me,,Fri Feb 28 03:54:54 +0000 2020,,,,https://twitter.com/KayJovahkiin/status/1233239125441957888,1233239125441957888,1231268864173862913
2020-02-28 03:54:34+00:00,KayJovahkiin,bellsofatlantis,1,0,2,i was born under 5 retrogrades this sh!t is nothing to me,,Fri Feb 28 03:54:34 +0000 2020,,,,https://twitter.com/KayJovahkiin/status/1233239039848808449,1233239039848808449,1231268864173862913
2020-02-28 03:48:51+00:00,KayJovahkiin,NotauriussS,1,0,1, ,,Fri Feb 28 03:48:51 +0000 2020,,,,https://twitter.com/KayJovahkiin/status/1233237601110384641,1233237601110384641,1231268864173862913
2020-02-28 03:43:55+00:00,KayJovahkiin,NotauriussS,1,0,1,eat them,,Fri Feb 28 03:43:55 +0000 2020,,,,https://twitter.com/KayJovahkiin/status/1233236362150563841,1233236362150563841,1231268864173862913
2020-02-28 03:41:00+00:00,KayJovahkiin,trappyphantom,0,0,1,its a necessity,,Fri Feb 28 03:41:00 +0000 2020,,,,https://twitter.com/KayJovahkiin/status/1233235625039421441,1233235625039421441,1231268864173862913
2020-02-28 03:40:41+00:00,KayJovahkiin,trappyphantom,1,0,1,ay and my roommates just went to the store to buy more dutches i’m on af,,Fri Feb 28 03:40:41 +0000 2020,,,,https://twitter.com/KayJovahkiin/status/1233235546823987200,1233235546823987200,1231268864173862913
2020-02-28 03:39:37+00:00,KayJovahkiin,trappyphantom,1,0,0,all that strenuous work on the pole and not a water bottle in sight it’s unethical,,Fri Feb 28 03:39:37 +0000 2020,,,,https://twitter.com/KayJovahkiin/status/1233235278543765504,1233235278543765504,1231268864173862913
2020-02-28 03:35:12+00:00,KayJovahkiin,clearwatersss,0,0,0,no ,,Fri Feb 28 03:35:12 +0000 2020,,,,https://twitter.com/KayJovahkiin/status/1233234165912309761,1233234165912309761,1231268864173862913
2020-02-28 03:34:37+00:00,KayJovahkiin,melanatedmomma,0,0,1,playing bass is mine,,Fri Feb 28 03:34:37 +0000 2020,,,,https://twitter.com/KayJovahkiin/status/1233234020810379266,1233234020810379266,1231268864173862913
2020-02-28 03:00:06+00:00,KayJovahkiin,432hz__,0,0,1,they’re fun,,Fri Feb 28 03:00:06 +0000 2020,,,,https://twitter.com/KayJovahkiin/status/1233225335136604160,1233225335136604160,1231268864173862913
2020-02-28 02:57:33+00:00,KayJovahkiin,Saisailu97,0,0,1,they’re born with it,,Fri Feb 28 02:57:33 +0000 2020,,,,https://twitter.com/KayJovahkiin/status/1233224693181583361,1233224693181583361,1231268864173862913
2020-02-28 02:47:02+00:00,KayJovahkiin,,0,0,4,,,Fri Feb 28 02:47:02 +0000 2020,,,,https://twitter.com/KayJovahkiin/status/1233222047590862848,1233222047590862848,1231268864173862913
2020-02-28 02:38:24+00:00,KayJovahkiin,,0,0,0,i’m so close to just breaking the 4th wall irl y’all don’t understand,,Fri Feb 28 02:38:24 +0000 2020,,,,https://twitter.com/KayJovahkiin/status/1233219872466694144,1233219872466694144,1231268864173862913
2020-02-28 02:35:01+00:00,KayJovahkiin,,1,0,0,interesting that i’ve documented the exact moment that i realized this. pretty cool song by some guy.,,Fri Feb 28 02:35:01 +0000 2020,,,https://music.apple.com/us/album/no-games/1499125793?i=1499125796,https://twitter.com/KayJovahkiin/status/1233219022579089408,1233219022579089408,1231268864173862913
2020-02-28 02:30:18+00:00,KayJovahkiin,grandairtrine,1,0,3,"i was there too reach out to people who will listen, if you’re breathing rn you’re here for a reason",,Fri Feb 28 02:30:18 +0000 2020,,,,https://twitter.com/KayJovahkiin/status/1233217835142270976,1233217835142270976,1231268864173862913
2020-02-28 02:27:12+00:00,KayJovahkiin,,2,0,3,"even my boss told me i’ve matured so much since she met me today, but what y’all keep misinterpreting as growth is me just going more crazy, i do not care and noone is real, we live in a video game, i’m just pressing buttons now. literally.",,Fri Feb 28 02:27:12 +0000 2020,,,,https://twitter.com/KayJovahkiin/status/1233217053277835264,1233217053277835264,1231268864173862913
2020-02-28 02:25:11+00:00,KayJovahkiin,kels1643,0,0,0,find a passion lmao,,Fri Feb 28 02:25:11 +0000 2020,,,,https://twitter.com/KayJovahkiin/status/1233216548510191616,1233216548510191616,1231268864173862913
2020-02-28 02:23:56+00:00,KayJovahkiin,NotauriussS,1,0,1,the best robot i know,,Fri Feb 28 02:23:56 +0000 2020,,,,https://twitter.com/KayJovahkiin/status/1233216232851038210,1233216232851038210,1231268864173862913
2020-02-28 02:22:31+00:00,KayJovahkiin,,0,1,5,i’m selling a painting for 10k this year,,Fri Feb 28 02:22:31 +0000 2020,,,,https://twitter.com/KayJovahkiin/status/1233215875496304640,1233215875496304640,1231268864173862913
2020-02-28 02:21:29+00:00,KayJovahkiin,grandairtrine,1,0,1,"thats about how long my transition took from feeling like this to realizing that the world is a sandbox and we can all exist how we want. life can be cruel and cold and hard, but this is still a whole realm open for us to command",,Fri Feb 28 02:21:29 +0000 2020,,,,https://twitter.com/KayJovahkiin/status/1233215617324371968,1233215617324371968,1231268864173862913
2020-02-28 02:16:04+00:00,KayJovahkiin,grandairtrine,1,0,0,give it 4 months,,Fri Feb 28 02:16:04 +0000 2020,,,,https://twitter.com/KayJovahkiin/status/1233214252132925441,1233214252132925441,1231268864173862913
2020-02-28 02:15:25+00:00,KayJovahkiin,,2,1,12,"you spiritual mfs always complaining about energy vampires, go get some garlic and relax. call buffy or something.",,Fri Feb 28 02:15:25 +0000 2020,,,,https://twitter.com/KayJovahkiin/status/1233214088508952576,1233214088508952576,1231268864173862913
2020-02-28 02:12:23+00:00,KayJovahkiin,,0,0,0,*essentially,,Fri Feb 28 02:12:23 +0000 2020,,,,https://twitter.com/KayJovahkiin/status/1233213325791522816,1233213325791522816,1231268864173862913
2020-02-28 02:11:34+00:00,KayJovahkiin,ReneeAdjoa,0,0,0,we’ve never met but i miss you,,Fri Feb 28 02:11:34 +0000 2020,,,,https://twitter.com/KayJovahkiin/status/1233213121780600832,1233213121780600832,1231268864173862913
2020-02-28 02:10:19+00:00,KayJovahkiin,,1,0,0,"the only thing that does mildly frighten me is reincarnation, love earth, truly i do, but if i gotta come back here i’ma be a little annoyed.",,Fri Feb 28 02:10:19 +0000 2020,,,,https://twitter.com/KayJovahkiin/status/1233212806352138240,1233212806352138240,1231268864173862913
2020-02-28 02:03:38+00:00,KayJovahkiin,,1,1,2,"the main reason why i don’t fear death is because i already have plans for the afterlife. all you mfs wanna pass on and “rest,” with flesh no longer limiting me i essential have infinite possibilities in whatever realm i am placed. why tf would i wanna sleep knowing that?",,Fri Feb 28 02:03:38 +0000 2020,,,,https://twitter.com/KayJovahkiin/status/1233211122519379968,1233211122519379968,1231268864173862913
2020-02-28 01:58:06+00:00,KayJovahkiin,divinenocturnal,1,0,1,i enjoy this tweet,,Fri Feb 28 01:58:06 +0000 2020,,,,https://twitter.com/KayJovahkiin/status/1233209729238745089,1233209729238745089,1231268864173862913
2020-02-28 01:56:23+00:00,KayJovahkiin,triplicccity,0,0,1,"it really does feel almost eerie, i can’t blame you at all",,Fri Feb 28 01:56:23 +0000 2020,,,,https://twitter.com/KayJovahkiin/status/1233209297426776064,1233209297426776064,1231268864173862913
2020-02-28 01:54:56+00:00,KayJovahkiin,,0,0,6,"did you guys know that twitter has this really cool feature where you can completely ignore tweets you don’t like? just scroll past them! they added it in the newest update, try it sometime.",,Fri Feb 28 01:54:56 +0000 2020,,,,https://twitter.com/KayJovahkiin/status/1233208932631367680,1233208932631367680,1231268864173862913
2020-02-28 01:50:24+00:00,KayJovahkiin,triplicccity,1,0,0,ok yes but in all fairness i watched the new one last night and its actually pretty good ,,Fri Feb 28 01:50:24 +0000 2020,,,,https://twitter.com/KayJovahkiin/status/1233207792950902786,1233207792950902786,1231268864173862913
2020-02-28 01:44:36+00:00,KayJovahkiin,SheHulkfit,0,0,1,"you’ll get there, it took me years upon years but it comes",,Fri Feb 28 01:44:36 +0000 2020,,,,https://twitter.com/KayJovahkiin/status/1233206335300198400,1233206335300198400,1231268864173862913
2020-02-28 01:43:57+00:00,KayJovahkiin,,1,0,3,focused on positivity today and i came home to 2 blunts and 2 bottles of wine y’all not manifesting like me,,Fri Feb 28 01:43:57 +0000 2020,,,,https://twitter.com/KayJovahkiin/status/1233206170224979969,1233206170224979969,1231268864173862913
2020-02-28 01:39:57+00:00,KayJovahkiin,SheHulkfit,1,1,1,"see that was me too! but then i had an incredible revelation, my happiness should always be priority. whole mindset shifted after that.",,Fri Feb 28 01:39:57 +0000 2020,,,,https://twitter.com/KayJovahkiin/status/1233205162845454336,1233205162845454336,1231268864173862913
2020-02-28 01:38:47+00:00,KayJovahkiin,mindfu111nymph,0,0,1,my favorite jeans are my levi’s you should go for it,,Fri Feb 28 01:38:47 +0000 2020,,,,https://twitter.com/KayJovahkiin/status/1233204871077064705,1233204871077064705,1231268864173862913
2020-02-28 01:36:37+00:00,KayJovahkiin,SheHulkfit,1,1,0,"oh i used to be like this too, crying myself to sleep over birds, at a certain point you gotta just stop caring",,Fri Feb 28 01:36:37 +0000 2020,,,,https://twitter.com/KayJovahkiin/status/1233204326362824704,1233204326362824704,1231268864173862913
2020-02-28 01:28:54+00:00,KayJovahkiin,,0,0,2,"thinking of all the relationships i probably could’ve saved if i just chased the person like they wanted, but this ain’t cops & robbers mf, begone.",,Fri Feb 28 01:28:54 +0000 2020,,,,https://twitter.com/KayJovahkiin/status/1233202381845749760,1233202381845749760,1231268864173862913
2020-02-28 01:24:46+00:00,KayJovahkiin,venusiansol,0,0,1,well half so you’re not wrong,,Fri Feb 28 01:24:46 +0000 2020,,,,https://twitter.com/KayJovahkiin/status/1233201341167595520,1233201341167595520,1231268864173862913
2020-02-28 01:23:09+00:00,KayJovahkiin,mindfu111nymph,1,0,1,take them to a tailor but if not i love a pair of Levi’s,,Fri Feb 28 01:23:09 +0000 2020,,,,https://twitter.com/KayJovahkiin/status/1233200936329211904,1233200936329211904,1231268864173862913
2020-02-28 01:22:29+00:00,KayJovahkiin,planet_eros,0,0,0,just be on this mf talking nonsense and for what,,Fri Feb 28 01:22:29 +0000 2020,,,,https://twitter.com/KayJovahkiin/status/1233200766350835713,1233200766350835713,1231268864173862913
2020-02-28 01:21:25+00:00,KayJovahkiin,joonssugathot,1,0,0,oh happy birthday!,,Fri Feb 28 01:21:25 +0000 2020,,,,https://twitter.com/KayJovahkiin/status/1233200498825543680,1233200498825543680,1231268864173862913
2020-02-28 01:18:45+00:00,KayJovahkiin,venusiansol,1,0,1,this was my favorite show ,,Fri Feb 28 01:18:45 +0000 2020,,,,https://twitter.com/KayJovahkiin/status/1233199828575772673,1233199828575772673,1231268864173862913
2020-02-28 01:17:18+00:00,KayJovahkiin,,1,7,13,"i hate when someone tweets about 1 (ONE) sign and mfs come in the mentions with their entire chart, “tell that to my cancer sun, gemini moon, taurus rising, leo mercury, libra venus ass ” chief i promise you we don’t give not one fvck about any of that.",,Fri Feb 28 01:17:18 +0000 2020,,,,https://twitter.com/KayJovahkiin/status/1233199462870204416,1233199462870204416,1231268864173862913
2020-02-28 01:13:14+00:00,KayJovahkiin,trappyphantom,1,1,0,maybe like this much,,Fri Feb 28 01:13:14 +0000 2020,,,,https://twitter.com/KayJovahkiin/status/1233198440848347136,1233198440848347136,1231268864173862913
2020-02-28 01:12:38+00:00,KayJovahkiin,,0,0,0,"i might fvck around and make my next album entirely harley quinn themed, but in a clever enough way to avoid any & all copyright infringement.",,Fri Feb 28 01:12:38 +0000 2020,,,,https://twitter.com/KayJovahkiin/status/1233198287068352512,1233198287068352512,1231268864173862913
