date,username,to,replies,retweets,favorites,text,mentions,formatted_date,geo,hashtags,urls,permalink,ID,author_id
2020-02-28 16:39:27+00:00,legallyines,grandpa,0,0,1,i went on his profile and blocked him first power move,,Fri Feb 28 16:39:27 +0000 2020,,,,https://twitter.com/legallyines/status/1233431528568500224,1233431528568500224,968688245486899200
2020-02-28 16:31:29+00:00,legallyines,,4,36,239,bro im about to sleep for 15 hours and ignore any text coming my way it’s hibernation time baby,,Fri Feb 28 16:31:29 +0000 2020,,,,https://twitter.com/legallyines/status/1233429524987154438,1233429524987154438,968688245486899200
2020-02-28 16:28:56+00:00,legallyines,headtapper,1,0,0,yes :),,Fri Feb 28 16:28:56 +0000 2020,,,,https://twitter.com/legallyines/status/1233428885452267527,1233428885452267527,968688245486899200
2020-02-28 16:22:07+00:00,legallyines,,1,21,401,IM DONE WITH MY FUCKING MIDTERMS,,Fri Feb 28 16:22:07 +0000 2020,,,,https://twitter.com/legallyines/status/1233427169809969155,1233427169809969155,968688245486899200
2020-02-28 12:14:44+00:00,legallyines,akirangei,0,0,2,"she said wesh in an english accent. nobody text me today going black icon, “.” display name",,Fri Feb 28 12:14:44 +0000 2020,,,,https://twitter.com/legallyines/status/1233364910123442176,1233364910123442176,968688245486899200
2020-02-28 12:12:55+00:00,legallyines,akirangei,1,0,3,oh my god im uncomfortable deletedeletedelete its ours,,Fri Feb 28 12:12:55 +0000 2020,,,,https://twitter.com/legallyines/status/1233364452881391618,1233364452881391618,968688245486899200
2020-02-28 12:05:09+00:00,legallyines,,5,0,82,hello i haven’t slept yet from studying so idk if a good morning is truly appropriate here so i will simply say: morning to you all,,Fri Feb 28 12:05:09 +0000 2020,,,,https://twitter.com/legallyines/status/1233362501028499456,1233362501028499456,968688245486899200
2020-02-28 11:39:29+00:00,legallyines,selangelic,0,0,9, i just get very upset with things i read and it sickens me so i block and i go through blocking sprees,,Fri Feb 28 11:39:29 +0000 2020,,,,https://twitter.com/legallyines/status/1233356040101601280,1233356040101601280,968688245486899200
2020-02-28 05:55:07+00:00,legallyines,mimamsic,0,1,5,dude thats exactly where im getting at its not even funny how the term is slowly losing its meaning just because sad folks want a new adjective like no man words have meaning,,Fri Feb 28 05:55:07 +0000 2020,,,,https://twitter.com/legallyines/status/1233269376914264064,1233269376914264064,968688245486899200
2020-02-28 05:49:56+00:00,legallyines,,1,1,33,people can entirely make their suffering a joke if that makes them feel better but not at the expense of women or their livelihood/income? lmao we gotta draw a line between things we can joke about and some unacceptable fuckshit,,Fri Feb 28 05:49:56 +0000 2020,,,,https://twitter.com/legallyines/status/1233268072192126976,1233268072192126976,968688245486899200
2020-02-28 05:47:52+00:00,legallyines,deathribbon_,2,0,4,damn thats something i completely forgot about. the term femcel exists lmao u right and i don’t think that suffering should be shamed either we’re just slowly like erasing the line between empathizing with suffering and creepiness?,,Fri Feb 28 05:47:52 +0000 2020,,,,https://twitter.com/legallyines/status/1233267553381822464,1233267553381822464,968688245486899200
2020-02-28 05:31:11+00:00,legallyines,mimamsic,1,1,30,incels aren’t just involuntary celibates they’re actually ins*ne assholes who don’t see women as human fucking beings and are willing to hurt them,,Fri Feb 28 05:31:11 +0000 2020,,,,https://twitter.com/legallyines/status/1233263355189694464,1233263355189694464,968688245486899200
2020-02-28 05:29:29+00:00,legallyines,,1,0,43,i think we’ve been enjoying exaggeration so much as a factor in our common sense of humor that the shock factor -it being e.g. someone no one ever wants- never ceases to bang but like.......it really normalizes such a layer of desperation,,Fri Feb 28 05:29:29 +0000 2020,,,,https://twitter.com/legallyines/status/1233262927488200704,1233262927488200704,968688245486899200
2020-02-28 05:21:28+00:00,legallyines,,5,32,256,anyway just thinking about how dangerous it’s been to joke about constant rejection from women/ironically empathizing with incel culture or making them a punchline because guess what. it normalizes tf out of these weirdos,,Fri Feb 28 05:21:28 +0000 2020,,,,https://twitter.com/legallyines/status/1233260910933880834,1233260910933880834,968688245486899200
2020-02-28 05:17:37+00:00,legallyines,,0,1,50,we can’t deny that we gave a pass for mfs to act weird and laugh it off like overly sexualizing someone u don’t know would make anyone uncomfortable and yall shouldnt just “lmao BRO ur out of pocket” it,,Fri Feb 28 05:17:37 +0000 2020,,,,https://twitter.com/legallyines/status/1233259943068884993,1233259943068884993,968688245486899200
2020-02-28 05:14:46+00:00,legallyines,,1,102,770,"people are really sweet and nice until they open their mouth about homosexuality, sex work, minorities and women? overall just women doing anything? the way they discovered the word simp and think it excuses harassment and creepiness is so weird",,Fri Feb 28 05:14:46 +0000 2020,,,,https://twitter.com/legallyines/status/1233259222206468097,1233259222206468097,968688245486899200
2020-02-28 04:44:33+00:00,legallyines,badboychadhoy,1,0,2,YOOOO 25K!!!!! GO CHAD,,Fri Feb 28 04:44:33 +0000 2020,,,,https://twitter.com/legallyines/status/1233251618310836225,1233251618310836225,968688245486899200
2020-02-28 04:28:08+00:00,legallyines,gabbyharris_,0,0,5,ding ding ding,,Fri Feb 28 04:28:08 +0000 2020,,,,https://twitter.com/legallyines/status/1233247486619287552,1233247486619287552,968688245486899200
2020-02-28 04:23:19+00:00,legallyines,yearn1ngs,1,0,0,do u like it,,Fri Feb 28 04:23:19 +0000 2020,,,,https://twitter.com/legallyines/status/1233246274377441281,1233246274377441281,968688245486899200
2020-02-28 04:19:11+00:00,legallyines,,7,0,178,guess how many of them are incels,,Fri Feb 28 04:19:11 +0000 2020,,,,https://twitter.com/legallyines/status/1233245236517834752,1233245236517834752,968688245486899200
2020-02-28 04:01:26+00:00,legallyines,commiecybrbully,0,0,1,Everybody hates instagram All my homies hate instagram ,,Fri Feb 28 04:01:26 +0000 2020,,,,https://twitter.com/legallyines/status/1233240771110821889,1233240771110821889,968688245486899200
2020-02-28 04:00:44+00:00,legallyines,badboychadhoy,1,0,9,nine followers? nine followers everyone reading for my boy chad? nine f̸̧̨̻̮̺̲͔͈̊̒̍͜ͅo̸̲̱̟̺̜͉̙̫͛̀͠l̸̙̭̜̪̣̏ĺ̷̨̘͎̲̠͎͓͖̙̭ò̵͔͔̦̙͕͓w̵̯͙̞͛̐̈́e̴͓̗̳̼̖̾̽̅̾̓̾͐̍̀̔ŗ̸̨͕͉̻͎͎̲͚̈̌̍̽̑͘ṣ̴̡̨͉͎̲͌̈́͑̈́̀̔̓̚̚̚? n҉i҉n҉e҉ ҉f҉o҉l҉l҉o҉w҉e҉r҉s҉ ҉p҉l҉e҉a҉s҉e҉?,,Fri Feb 28 04:00:44 +0000 2020,,,,https://twitter.com/legallyines/status/1233240593356271616,1233240593356271616,968688245486899200
2020-02-28 03:58:25+00:00,legallyines,kendraaaleighh,1,1,62,i have to share my love for bagels somewhere,,Fri Feb 28 03:58:25 +0000 2020,,,https://twitter.com/kendraaaleighh/status/1232901858328338433,https://twitter.com/legallyines/status/1233240009437786112,1233240009437786112,968688245486899200
2020-02-28 03:55:14+00:00,legallyines,mvarona_,0,0,0,my mom is asleep but she says ty,,Fri Feb 28 03:55:14 +0000 2020,,,,https://twitter.com/legallyines/status/1233239209529544704,1233239209529544704,968688245486899200
2020-02-28 03:51:43+00:00,legallyines,guardboi153,0,0,1,IT WAS SOME GOOD MF NEWS,,Fri Feb 28 03:51:43 +0000 2020,,,,https://twitter.com/legallyines/status/1233238322698387456,1233238322698387456,968688245486899200
2020-02-28 03:51:31+00:00,legallyines,capricorn_candy,0,0,1,the thickest baddies,,Fri Feb 28 03:51:31 +0000 2020,,,,https://twitter.com/legallyines/status/1233238274522648576,1233238274522648576,968688245486899200
2020-02-28 03:49:06+00:00,legallyines,cheeze0257,0,0,1,BRIAN im giving u one last pass bro LMAOOOO,,Fri Feb 28 03:49:06 +0000 2020,,,,https://twitter.com/legallyines/status/1233237665098665985,1233237665098665985,968688245486899200
2020-02-28 03:47:58+00:00,legallyines,earthdomdirtbag,0,0,1,ur not short ur mentally 6’1” tho,,Fri Feb 28 03:47:58 +0000 2020,,,,https://twitter.com/legallyines/status/1233237381450534912,1233237381450534912,968688245486899200
2020-02-28 03:43:48+00:00,legallyines,dykedarIing,1,0,0,u think i dont have a chair too!!!,,Fri Feb 28 03:43:48 +0000 2020,,,,https://twitter.com/legallyines/status/1233236330051751936,1233236330051751936,968688245486899200
2020-02-28 03:43:26+00:00,legallyines,cheeze0257,1,0,0,they’re still the baddest ,,Fri Feb 28 03:43:26 +0000 2020,,,,https://twitter.com/legallyines/status/1233236239102488576,1233236239102488576,968688245486899200
2020-02-28 03:42:27+00:00,legallyines,penuses,1,2,31,y’all see this? bagel thief ,,Fri Feb 28 03:42:27 +0000 2020,,,https://twitter.com/penuses/status/1233235670140964865,https://twitter.com/legallyines/status/1233235991286231040,1233235991286231040,968688245486899200
2020-02-28 03:30:24+00:00,legallyines,cheeze0257,1,0,0,don’t mislabel my bagels my sons ,,Fri Feb 28 03:30:24 +0000 2020,,,,https://twitter.com/legallyines/status/1233232960175951872,1233232960175951872,968688245486899200
2020-02-28 03:29:58+00:00,legallyines,austral_taur,0,0,3,YOU KNOW IT!!!! its the only one i truly value,,Fri Feb 28 03:29:58 +0000 2020,,,,https://twitter.com/legallyines/status/1233232849752535040,1233232849752535040,968688245486899200
2020-02-28 03:29:17+00:00,legallyines,dykedarIing,1,0,2,PEACE!!!!!!,,Fri Feb 28 03:29:17 +0000 2020,,,,https://twitter.com/legallyines/status/1233232678205431811,1233232678205431811,968688245486899200
2020-02-28 03:25:18+00:00,legallyines,,10,0,128,NAH WAIT WAIT WAIT I FOUND SOME FUCKING BAGELS,,Fri Feb 28 03:25:18 +0000 2020,,,,https://twitter.com/legallyines/status/1233231673975857152,1233231673975857152,968688245486899200
2020-02-28 03:23:12+00:00,legallyines,,4,3,88,i cannot. believe im out of bagels,,Fri Feb 28 03:23:12 +0000 2020,,,,https://twitter.com/legallyines/status/1233231146395348996,1233231146395348996,968688245486899200
2020-02-28 03:06:38+00:00,legallyines,,0,41,165,anybody who doesn’t love bad bunny is a red flag to me nope! not acceptable!,,Fri Feb 28 03:06:38 +0000 2020,,,,https://twitter.com/legallyines/status/1233226980126076928,1233226980126076928,968688245486899200
2020-02-28 02:41:46+00:00,legallyines,kjdeja,0,0,1,BRO IM FUCKING TRYING THERES SO MUCH INFO,,Fri Feb 28 02:41:46 +0000 2020,,,,https://twitter.com/legallyines/status/1233220719665983489,1233220719665983489,968688245486899200
2020-02-28 02:41:01+00:00,legallyines,ggeonica,0,4,45,THE SHAKY VOICE LMFAO THIS IS SO GOOD,,Fri Feb 28 02:41:01 +0000 2020,,,https://twitter.com/ggeonica/status/1232632353073139712,https://twitter.com/legallyines/status/1233220532767744000,1233220532767744000,968688245486899200
2020-02-28 01:23:20+00:00,legallyines,yungskuntebony,0,2,291,LMFAAAOOOOOOOOOO,,Fri Feb 28 01:23:20 +0000 2020,,,,https://twitter.com/legallyines/status/1233200983745974273,1233200983745974273,968688245486899200
2020-02-28 01:20:01+00:00,legallyines,1nakedorange,0,0,1,ur absolutely right what good is it for a test if its not going into the one structure whos in charge of your learning process and memory,,Fri Feb 28 01:20:01 +0000 2020,,,,https://twitter.com/legallyines/status/1233200145392635906,1233200145392635906,968688245486899200
2020-02-28 01:18:10+00:00,legallyines,benniferjoyers,1,0,1,LMAO!!!! shes looking out for me,,Fri Feb 28 01:18:10 +0000 2020,,,,https://twitter.com/legallyines/status/1233199680856690689,1233199680856690689,968688245486899200
2020-02-28 01:08:25+00:00,legallyines,,1,6,85,seeing anime icons and realizing they’re run by pretty gay girls makes me :) this is feminism,,Fri Feb 28 01:08:25 +0000 2020,,,,https://twitter.com/legallyines/status/1233197229353074688,1233197229353074688,968688245486899200
2020-02-28 00:58:56+00:00,legallyines,legallyines,1,0,2,WAIT YES YOU DO,,Fri Feb 28 00:58:56 +0000 2020,,,,https://twitter.com/legallyines/status/1233194840860581888,1233194840860581888,968688245486899200
2020-02-28 00:58:19+00:00,legallyines,thestrology_,1,0,1,do you have chiron in the 6th house??,,Fri Feb 28 00:58:19 +0000 2020,,,,https://twitter.com/legallyines/status/1233194684891222016,1233194684891222016,968688245486899200
2020-02-28 00:28:43+00:00,legallyines,badboychadhoy,0,0,4,the more u know! two dudes are responsible for any speech problems u have,,Fri Feb 28 00:28:43 +0000 2020,,,,https://twitter.com/legallyines/status/1233187238181310465,1233187238181310465,968688245486899200
2020-02-28 00:25:35+00:00,legallyines,chilujo,0,1,1,mf i love u LMFAOOOOO,,Fri Feb 28 00:25:35 +0000 2020,,,,https://twitter.com/legallyines/status/1233186449077522432,1233186449077522432,968688245486899200
2020-02-28 00:25:14+00:00,legallyines,badboychadhoy,1,1,15,"[clears voice] Wernicke's area is a region of the brain that is located in the temporal lobe and is vital for language development. it’s responsible for the comprehension of written and spoken language, while Broca's area is related to the production of speech",,Fri Feb 28 00:25:14 +0000 2020,,,,https://twitter.com/legallyines/status/1233186362595172353,1233186362595172353,968688245486899200
2020-02-28 00:19:35+00:00,legallyines,,9,16,234,doing that thing where i put my textbook over my head and shake it so the words go through my skull down to my wernicke's area wish me luck,,Fri Feb 28 00:19:35 +0000 2020,,,,https://twitter.com/legallyines/status/1233184936628191232,1233184936628191232,968688245486899200
2020-02-28 00:09:50+00:00,legallyines,grandpa,0,0,21,im gonna say it. i don’t think your icon matches your header lol,,Fri Feb 28 00:09:50 +0000 2020,,,,https://twitter.com/legallyines/status/1233182485418315777,1233182485418315777,968688245486899200
2020-02-27 23:54:09+00:00,legallyines,,0,6,118,twitter is for social psychology what a bacterial culture is for a microbiologist,,Thu Feb 27 23:54:09 +0000 2020,,,,https://twitter.com/legallyines/status/1233178537496121345,1233178537496121345,968688245486899200
2020-02-27 23:49:39+00:00,legallyines,legallyines,0,7,73,"just opened twitter to watch a video of a woman calling out the abuse she faced in her relationship and the first reply was a man telling her “she should’ve known better” lmao. we’re all a direct product of culture, and this gross response refers to individualist culture",,Thu Feb 27 23:49:39 +0000 2020,,,https://twitter.com/legallyines/status/1233142620748230659,https://twitter.com/legallyines/status/1233177404971069440,1233177404971069440,968688245486899200
2020-02-27 23:44:35+00:00,legallyines,smutwiizard,0,0,2,a very good example,,Thu Feb 27 23:44:35 +0000 2020,,,,https://twitter.com/legallyines/status/1233176131219656705,1233176131219656705,968688245486899200
2020-02-27 23:44:23+00:00,legallyines,bassplaysdave,1,0,4,"my book is “introduction to social psychology” 4th edition by luc bédard, josée déziel and luc lamarche",,Thu Feb 27 23:44:23 +0000 2020,,,,https://twitter.com/legallyines/status/1233176082049839111,1233176082049839111,968688245486899200
2020-02-27 23:43:43+00:00,legallyines,Avalldar,0,0,1,!!!!!!,,Thu Feb 27 23:43:43 +0000 2020,,,,https://twitter.com/legallyines/status/1233175913426276354,1233175913426276354,968688245486899200
2020-02-27 23:42:32+00:00,legallyines,Avalldar,0,0,1,exactly :) you can make that inference it’s true,,Thu Feb 27 23:42:32 +0000 2020,,,,https://twitter.com/legallyines/status/1233175612682121217,1233175612682121217,968688245486899200
2020-02-27 22:03:09+00:00,legallyines,Avalldar,1,0,1,yup!! that’s literally it,,Thu Feb 27 22:03:09 +0000 2020,,,,https://twitter.com/legallyines/status/1233150602470883329,1233150602470883329,968688245486899200
2020-02-27 22:02:35+00:00,legallyines,Avalldar,0,0,3,"yes, when your cognitive functions are fully developed; and its the deterioration of such functions. it’s also a matter of flexibility and rigidity of the mind which is entirely personal",,Thu Feb 27 22:02:35 +0000 2020,,,,https://twitter.com/legallyines/status/1233150460359577606,1233150460359577606,968688245486899200
2020-02-27 21:46:48+00:00,legallyines,,0,1,63,"me: logging off, going to study! also me: nah you’re ALL studying with me",,Thu Feb 27 21:46:48 +0000 2020,,,,https://twitter.com/legallyines/status/1233146487544188934,1233146487544188934,968688245486899200
2020-02-27 21:44:48+00:00,legallyines,,1,0,31,"note: besides culture, this is also a matter of age. young and old people have a bigger bias when it comes to judging an individual’s observed behavior while adults have a better people-situation ratio and it‘s due to their brain development",,Thu Feb 27 21:44:48 +0000 2020,,,,https://twitter.com/legallyines/status/1233145988161900547,1233145988161900547,968688245486899200
2020-02-27 21:41:18+00:00,legallyines,,1,1,50,"so in social psychology, this issue is a matter of culture and fundamental attribution error; collectivist cultures tend to have a more inclusive outlook whereas individualist cultures focus (imo unfairly) on one’s “freedom” rather than the context they were in",,Thu Feb 27 21:41:18 +0000 2020,,,,https://twitter.com/legallyines/status/1233145103390248960,1233145103390248960,968688245486899200
2020-02-27 21:35:48+00:00,legallyines,,3,0,66,"and it often shows when anyone apologizes for their behavior, americans/canadians tend to focus on how the person could’ve not done x or y and give less importance to the context/environment when they’re VERY big factors",,Thu Feb 27 21:35:48 +0000 2020,,,,https://twitter.com/legallyines/status/1233143720029171734,1233143720029171734,968688245486899200
2020-02-27 21:31:26+00:00,legallyines,,2,10,190,"learning rn that individualist cultures (that praise freedom of choice and individualism) struggle with accepting that one’s actions may depend on something other than the individual himself, so when circumstances come to play they don’t give them their rightful weight",,Thu Feb 27 21:31:26 +0000 2020,,,,https://twitter.com/legallyines/status/1233142620748230659,1233142620748230659,968688245486899200
2020-02-27 20:36:11+00:00,legallyines,tilltoniight,0,0,14, ,,Thu Feb 27 20:36:11 +0000 2020,,,,https://twitter.com/legallyines/status/1233128719927128064,1233128719927128064,968688245486899200
2020-02-27 19:48:51+00:00,legallyines,,5,7,124,i see a song lasting 11 mins and i get so excited i can’t explain just how much i love long songs they’re always so exquisite,,Thu Feb 27 19:48:51 +0000 2020,,,,https://twitter.com/legallyines/status/1233116805629169665,1233116805629169665,968688245486899200
2020-02-27 19:36:03+00:00,legallyines,,3,6,163,i hate the way coffee mistreats me man did i poop? if I pooped. I don’t poop bc i did. No i didn’t ,,Thu Feb 27 19:36:03 +0000 2020,,,,https://twitter.com/legallyines/status/1233113584122679298,1233113584122679298,968688245486899200
2020-02-27 18:18:36+00:00,legallyines,,5,0,54,i have to study for social psych wish me luck i need it ,,Thu Feb 27 18:18:36 +0000 2020,,,,https://twitter.com/legallyines/status/1233094095381450753,1233094095381450753,968688245486899200
2020-02-27 17:29:14+00:00,legallyines,twittterfaith,2,0,16,can girls get cheek kisses too,,Thu Feb 27 17:29:14 +0000 2020,,,,https://twitter.com/legallyines/status/1233081671085416448,1233081671085416448,968688245486899200
2020-02-27 17:28:08+00:00,legallyines,subtlesun,2,0,0,but bro what if i dont want our gloves to be wet :(,,Thu Feb 27 17:28:08 +0000 2020,,,,https://twitter.com/legallyines/status/1233081392340361217,1233081392340361217,968688245486899200
2020-02-27 17:27:46+00:00,legallyines,FeiKhal,2,0,8,i do the fingerboarding ,,Thu Feb 27 17:27:46 +0000 2020,,,,https://twitter.com/legallyines/status/1233081299725930496,1233081299725930496,968688245486899200
2020-02-27 17:21:33+00:00,legallyines,chexx__m,0,0,1,LETS GOOO,,Thu Feb 27 17:21:33 +0000 2020,,,,https://twitter.com/legallyines/status/1233079739004456961,1233079739004456961,968688245486899200
2020-02-27 17:17:30+00:00,legallyines,nov1ces,0,0,1,please create a go fund me,,Thu Feb 27 17:17:30 +0000 2020,,,,https://twitter.com/legallyines/status/1233078717309689856,1233078717309689856,968688245486899200
2020-02-27 16:59:31+00:00,legallyines,frafrii,0,0,30,why pit two hard working kings against each other,,Thu Feb 27 16:59:31 +0000 2020,,,https://twitter.com/frafrii/status/1233073972339728386,https://twitter.com/legallyines/status/1233074192217755649,1233074192217755649,968688245486899200
2020-02-27 16:57:39+00:00,legallyines,seahoodie,0,0,1,HEY THANKS,,Thu Feb 27 16:57:39 +0000 2020,,,,https://twitter.com/legallyines/status/1233073721759424517,1233073721759424517,968688245486899200
2020-02-27 16:56:08+00:00,legallyines,,5,3,114,the majority voted “stay at home” so i did the expected thing: go out and arm myself with a big snow ball https://twitter.com/legallyines/status/1233061316681719813,,Thu Feb 27 16:56:08 +0000 2020,,,https://twitter.com/legallyines/status/1233061316681719813,https://twitter.com/legallyines/status/1233073341147291649,1233073341147291649,968688245486899200
2020-02-27 16:46:02+00:00,legallyines,,2,4,178,"that being said, fingerboarding takes extra skills; your fingers become extra flexible and good at anything they do. girthy, muscular and expert fingers. you’d be lucky ",,Thu Feb 27 16:46:02 +0000 2020,,,,https://twitter.com/legallyines/status/1233070799046742018,1233070799046742018,968688245486899200
2020-02-27 16:40:35+00:00,legallyines,,0,0,4,LMFAOOOO my spokesman,,Thu Feb 27 16:40:35 +0000 2020,,,,https://twitter.com/legallyines/status/1233069428348198920,1233069428348198920,968688245486899200
2020-02-27 16:39:13+00:00,legallyines,preevergreen,1,2,71,Hiiiii,,Thu Feb 27 16:39:13 +0000 2020,,,,https://twitter.com/legallyines/status/1233069083631005697,1233069083631005697,968688245486899200
2020-02-27 16:36:47+00:00,legallyines,,21,235,3373,imagine ur talking to this guy and he keeps talking about all the tricks he can do on his skateboard only to find out hes a fingerboarder,,Thu Feb 27 16:36:47 +0000 2020,,,,https://twitter.com/legallyines/status/1233068470566313984,1233068470566313984,968688245486899200
2020-02-27 16:35:33+00:00,legallyines,,3,2,55,I JUST DID A TRE FLIP WITH MY TECH DECK,,Thu Feb 27 16:35:33 +0000 2020,,,,https://twitter.com/legallyines/status/1233068162704343044,1233068162704343044,968688245486899200
2020-02-27 16:15:07+00:00,legallyines,chilujo,2,0,5,its literally white LANSKSK,,Thu Feb 27 16:15:07 +0000 2020,,,,https://twitter.com/legallyines/status/1233063017560125440,1233063017560125440,968688245486899200
2020-02-27 16:08:21+00:00,legallyines,,0,0,7,do i go to the library to study or stay at home,,Thu Feb 27 16:08:21 +0000 2020,,,,https://twitter.com/legallyines/status/1233061316681719813,1233061316681719813,968688245486899200
2020-02-27 16:05:26+00:00,legallyines,,3,1,121,how am i supposed to go out huh,,Thu Feb 27 16:05:26 +0000 2020,,,,https://twitter.com/legallyines/status/1233060580790943745,1233060580790943745,968688245486899200
2020-02-27 15:31:46+00:00,legallyines,aquamoonqueen,0,0,2,u right,,Thu Feb 27 15:31:46 +0000 2020,,,,https://twitter.com/legallyines/status/1233052111010750464,1233052111010750464,968688245486899200
2020-02-27 15:28:15+00:00,legallyines,Jb_XIIVI,3,47,548,then beat your face bro adapt tf. do a little wing with your eyeliner and order some colourpop lipsticks,,Thu Feb 27 15:28:15 +0000 2020,,,https://twitter.com/Jb_XIIVI/status/1232714396092313600,https://twitter.com/legallyines/status/1233051225299587073,1233051225299587073,968688245486899200
2020-02-27 15:20:51+00:00,legallyines,gooliamasi,1,0,1,YEEEEEERRRRRRRRRRRR,,Thu Feb 27 15:20:51 +0000 2020,,,,https://twitter.com/legallyines/status/1233049360415498249,1233049360415498249,968688245486899200
2020-02-27 15:18:17+00:00,legallyines,,0,2,31,"i crush lies. as i feel lies fly beside me i turn around and feel my pulse strengthening, my veins turn green and my body starts growing in size....blood rushes through my veins and paints my hazel coloured eyes with a monstrous shade of red. i become hulk so this tweet is true",,Thu Feb 27 15:18:17 +0000 2020,,,,https://twitter.com/legallyines/status/1233048717449715712,1233048717449715712,968688245486899200
2020-02-27 15:11:09+00:00,legallyines,solelunastro,2,1,76,not sure what i believe but i have hair way past my ass on top of being a 3x water sign and i catch lies pierce through the thin morning air like arrows with my bare hands,,Thu Feb 27 15:11:09 +0000 2020,,,https://twitter.com/solelunastro/status/1232881907156897792,https://twitter.com/legallyines/status/1233046922346352641,1233046922346352641,968688245486899200
2020-02-27 14:57:24+00:00,legallyines,chaoticmoonrise,1,0,6,"these are amazing sources, i’ve been looking for the serial killers study tysm!!",,Thu Feb 27 14:57:24 +0000 2020,,,,https://twitter.com/legallyines/status/1233043459486945287,1233043459486945287,968688245486899200
2020-02-27 14:51:28+00:00,legallyines,killvalentino,1,0,0,,,Thu Feb 27 14:51:28 +0000 2020,,,https://m.youtube.com/watch?feature=youtu.be&v=CEQaYdvs478#,https://twitter.com/legallyines/status/1233041967967281153,1233041967967281153,968688245486899200
2020-02-27 14:25:28+00:00,legallyines,MegSanda,0,0,1,this is so cute.......,,Thu Feb 27 14:25:28 +0000 2020,,,,https://twitter.com/legallyines/status/1233035424521736193,1233035424521736193,968688245486899200
2020-02-27 14:23:56+00:00,legallyines,,1,0,25,in other news remember how i said i don’t watch much youtube? well im a changed woman now i discovered cool ass channels,,Thu Feb 27 14:23:56 +0000 2020,,,,https://twitter.com/legallyines/status/1233035038385672193,1233035038385672193,968688245486899200
2020-02-27 14:23:07+00:00,legallyines,FeiKhal,1,0,2,goddamn this is a whole breakfast go derek go derek,,Thu Feb 27 14:23:07 +0000 2020,,,,https://twitter.com/legallyines/status/1233034831359070209,1233034831359070209,968688245486899200
2020-02-27 14:22:29+00:00,legallyines,avatarblake,1,0,1,TO WHERE,,Thu Feb 27 14:22:29 +0000 2020,,,,https://twitter.com/legallyines/status/1233034674261364736,1233034674261364736,968688245486899200
2020-02-27 14:22:21+00:00,legallyines,nuhbaddawatchmi,0,0,1,thats a W you will love it i just know it,,Thu Feb 27 14:22:21 +0000 2020,,,,https://twitter.com/legallyines/status/1233034641155686403,1233034641155686403,968688245486899200
2020-02-27 14:04:08+00:00,legallyines,,16,0,99,GOOD MORNING HOW ARE WE DOING EVERYONE? GOOD,,Thu Feb 27 14:04:08 +0000 2020,,,,https://twitter.com/legallyines/status/1233030056278097920,1233030056278097920,968688245486899200
2020-02-27 01:58:54+00:00,legallyines,twuublood,0,0,2,nightmare? i wish u a grrr dream,,Thu Feb 27 01:58:54 +0000 2020,,,,https://twitter.com/legallyines/status/1232847542917980165,1232847542917980165,968688245486899200
2020-02-27 01:56:02+00:00,legallyines,dykedarIing,0,0,1,(yes),,Thu Feb 27 01:56:02 +0000 2020,,,,https://twitter.com/legallyines/status/1232846822399451137,1232846822399451137,968688245486899200
2020-02-27 01:52:53+00:00,legallyines,subtlesun,1,0,11,may ur dreams be flavoured,,Thu Feb 27 01:52:53 +0000 2020,,,,https://twitter.com/legallyines/status/1232846028950458370,1232846028950458370,968688245486899200
2020-02-27 01:49:15+00:00,legallyines,,1,0,68,almost 9 pm amazing time to nap and accidentally get 12 hours of sleep goodnight twitter,,Thu Feb 27 01:49:15 +0000 2020,,,,https://twitter.com/legallyines/status/1232845114118221824,1232845114118221824,968688245486899200
