date,username,to,replies,retweets,favorites,text,mentions,formatted_date,geo,hashtags,urls,permalink,ID,author_id
2020-02-28 23:27:32+00:00,lenubienne,Ombresque,0,0,1,"Oooooh, please report back!",,Fri Feb 28 23:27:32 +0000 2020,,,,https://twitter.com/lenubienne/status/1233534226886266880,1233534226886266880,900303948
2020-02-28 23:21:43+00:00,lenubienne,Ombresque,2,0,1,"LISTEN. It melts in your hands, too.",,Fri Feb 28 23:21:43 +0000 2020,,,,https://twitter.com/lenubienne/status/1233532764491784192,1233532764491784192,900303948
2020-02-28 23:21:16+00:00,lenubienne,winnaburto,0,0,1,Ugh.,,Fri Feb 28 23:21:16 +0000 2020,,,,https://twitter.com/lenubienne/status/1233532652721975299,1233532652721975299,900303948
2020-02-28 22:44:20+00:00,lenubienne,driven2drink,0,0,1,Fivever!,,Fri Feb 28 22:44:20 +0000 2020,,,,https://twitter.com/lenubienne/status/1233523357380902913,1233523357380902913,900303948
2020-02-28 22:43:34+00:00,lenubienne,WTOP,0,3,7,True patriotism.,,Fri Feb 28 22:43:34 +0000 2020,,,https://twitter.com/WTOP/status/1233510688150183937,https://twitter.com/lenubienne/status/1233523162953981954,1233523162953981954,900303948
2020-02-28 22:41:33+00:00,lenubienne,taball1,0,0,0,I know.,,Fri Feb 28 22:41:33 +0000 2020,,,,https://twitter.com/lenubienne/status/1233522655967444994,1233522655967444994,900303948
2020-02-28 22:40:52+00:00,lenubienne,hellresidentNY,0,0,1,Not a single lie detected.,,Fri Feb 28 22:40:52 +0000 2020,,,,https://twitter.com/lenubienne/status/1233522482726002698,1233522482726002698,900303948
2020-02-28 22:40:33+00:00,lenubienne,,2,1,11,My milkshake brings all the girls to the yard:,,Fri Feb 28 22:40:33 +0000 2020,,,,https://twitter.com/lenubienne/status/1233522403810119680,1233522403810119680,900303948
2020-02-28 22:37:33+00:00,lenubienne,,4,4,24,"When men tell me I smell good, I think they’re creepin’. When women tell me the same, I believe them.",,Fri Feb 28 22:37:33 +0000 2020,,,,https://twitter.com/lenubienne/status/1233521647681929217,1233521647681929217,900303948
2020-02-28 22:30:53+00:00,lenubienne,KristeinKetchum,0,0,1,She described them like family. ,,Fri Feb 28 22:30:53 +0000 2020,,,,https://twitter.com/lenubienne/status/1233519973362028544,1233519973362028544,900303948
2020-02-28 22:28:32+00:00,lenubienne,footballfillibu,1,0,0,NEAUXP.,,Fri Feb 28 22:28:32 +0000 2020,,,,https://twitter.com/lenubienne/status/1233519378441916416,1233519378441916416,900303948
2020-02-28 22:28:15+00:00,lenubienne,KristeinKetchum,1,0,1,Seriously good vibes.,,Fri Feb 28 22:28:15 +0000 2020,,,,https://twitter.com/lenubienne/status/1233519308862623745,1233519308862623745,900303948
2020-02-28 22:27:59+00:00,lenubienne,lenubienne,0,0,0,https://twitter.com/lenubienne/status/1233500070294806530?s=21,,Fri Feb 28 22:27:59 +0000 2020,,,"https://twitter.com/lenubienne/status/1233500070294806530?s=21,https://twitter.com/lenubienne/status/1233500070294806530",https://twitter.com/lenubienne/status/1233519243108454401,1233519243108454401,900303948
2020-02-28 22:27:47+00:00,lenubienne,DonnaDisko,2,0,0,It was actually awful. ,,Fri Feb 28 22:27:47 +0000 2020,,,,https://twitter.com/lenubienne/status/1233519191732445197,1233519191732445197,900303948
2020-02-28 22:14:46+00:00,lenubienne,radseed,0,0,0,,,Fri Feb 28 22:14:46 +0000 2020,,,,https://twitter.com/lenubienne/status/1233515914399768577,1233515914399768577,900303948
2020-02-28 22:11:04+00:00,lenubienne,RomiiRae,0,0,0,I help people find them. Where would you like to go?,,Fri Feb 28 22:11:04 +0000 2020,,,,https://twitter.com/lenubienne/status/1233514985378209793,1233514985378209793,900303948
2020-02-28 21:56:51+00:00,lenubienne,lenubienne,1,1,1,"I was going to pull up, anyway, but this made it even sweeter.",,Fri Feb 28 21:56:51 +0000 2020,,,,https://twitter.com/lenubienne/status/1233511405556506624,1233511405556506624,900303948
2020-02-28 21:55:59+00:00,lenubienne,RomiiRae,1,0,1,Oooooh!,,Fri Feb 28 21:55:59 +0000 2020,,,,https://twitter.com/lenubienne/status/1233511189159858182,1233511189159858182,900303948
2020-02-28 21:54:29+00:00,lenubienne,GeekNStereo,1,0,0,Valhalla.,,Fri Feb 28 21:54:29 +0000 2020,,,,https://twitter.com/lenubienne/status/1233510808988135434,1233510808988135434,900303948
2020-02-28 21:52:03+00:00,lenubienne,,1,3,13,"There’s something about big, beefy, beautiful men who don’t skip leg day that just makes me swoon.......",,Fri Feb 28 21:52:03 +0000 2020,,,,https://twitter.com/lenubienne/status/1233510199023079427,1233510199023079427,900303948
2020-02-28 21:50:58+00:00,lenubienne,marsbrazy,0,0,10,I am aroused.,,Fri Feb 28 21:50:58 +0000 2020,,,,https://twitter.com/lenubienne/status/1233509925889941506,1233509925889941506,900303948
2020-02-28 21:48:50+00:00,lenubienne,kashmirVIII,0,0,0,I hate it here.,,Fri Feb 28 21:48:50 +0000 2020,,,,https://twitter.com/lenubienne/status/1233509388175970305,1233509388175970305,900303948
2020-02-28 21:47:43+00:00,lenubienne,DanTresOmi,1,0,0,This is heartwarming.,,Fri Feb 28 21:47:43 +0000 2020,,,,https://twitter.com/lenubienne/status/1233509109586108417,1233509109586108417,900303948
2020-02-28 21:44:31+00:00,lenubienne,PdxPestle,0,0,3,And a weather machine.,,Fri Feb 28 21:44:31 +0000 2020,,,,https://twitter.com/lenubienne/status/1233508301037621251,1233508301037621251,900303948
2020-02-28 21:29:23+00:00,lenubienne,DaveDo,0,0,0,Ready when you are!,,Fri Feb 28 21:29:23 +0000 2020,,,,https://twitter.com/lenubienne/status/1233504492596998147,1233504492596998147,900303948
2020-02-28 21:27:18+00:00,lenubienne,gradydoctor,2,12,18,This thread is everything.,,Fri Feb 28 21:27:18 +0000 2020,,,https://twitter.com/gradydoctor/status/1232860254926442496,https://twitter.com/lenubienne/status/1233503971005882377,1233503971005882377,900303948
2020-02-28 21:25:23+00:00,lenubienne,DonCoyote,1,0,0,Why is this so funny?!,,Fri Feb 28 21:25:23 +0000 2020,,,,https://twitter.com/lenubienne/status/1233503486177878019,1233503486177878019,900303948
2020-02-28 21:24:37+00:00,lenubienne,L0VEhER,1,0,0,Gotta STAY ready.,,Fri Feb 28 21:24:37 +0000 2020,,,,https://twitter.com/lenubienne/status/1233503293944614912,1233503293944614912,900303948
2020-02-28 21:21:36+00:00,lenubienne,AndreaDMorgan,0,0,0,"Thank you, bb!",,Fri Feb 28 21:21:36 +0000 2020,,,,https://twitter.com/lenubienne/status/1233502537191391232,1233502537191391232,900303948
2020-02-28 21:18:51+00:00,lenubienne,,5,0,9,Heading out to look for clothes and vacuum storage bags for a rainy and chilly Euro trip. Pray for me and for my wallet.,,Fri Feb 28 21:18:51 +0000 2020,,,,https://twitter.com/lenubienne/status/1233501845336752128,1233501845336752128,900303948
2020-02-28 21:11:48+00:00,lenubienne,jonnywakefield,0,0,1,Maybe next time. https://twitter.com/jonnywakefield/status/1233479528162394112?s=21,,Fri Feb 28 21:11:48 +0000 2020,,,"https://twitter.com/jonnywakefield/status/1233479528162394112?s=21,https://twitter.com/jonnywakefield/status/1233479528162394112",https://twitter.com/lenubienne/status/1233500070294806530,1233500070294806530,900303948
2020-02-28 21:10:51+00:00,lenubienne,,2,3,14,I REALLY hope this was a non-binary gender reveal party.,,Fri Feb 28 21:10:51 +0000 2020,,,https://twitter.com/i/events/1233479725231693824,https://twitter.com/lenubienne/status/1233499828761567232,1233499828761567232,900303948
2020-02-28 20:50:18+00:00,lenubienne,blunted215,0,0,1,"I’m sure you’ll be fine, then.",,Fri Feb 28 20:50:18 +0000 2020,,,,https://twitter.com/lenubienne/status/1233494660695437313,1233494660695437313,900303948
2020-02-28 20:49:39+00:00,lenubienne,ShaneSupreeme,0,0,0,Gracias.,,Fri Feb 28 20:49:39 +0000 2020,,,,https://twitter.com/lenubienne/status/1233494496136105985,1233494496136105985,900303948
2020-02-28 20:46:17+00:00,lenubienne,JayFingers,0,0,2,Also. As well.,,Fri Feb 28 20:46:17 +0000 2020,,,,https://twitter.com/lenubienne/status/1233493648970571776,1233493648970571776,900303948
2020-02-28 20:45:02+00:00,lenubienne,blunted215,1,0,1,Avoid Piccadilly Circus.,,Fri Feb 28 20:45:02 +0000 2020,,,,https://twitter.com/lenubienne/status/1233493332241809408,1233493332241809408,900303948
2020-02-28 20:42:28+00:00,lenubienne,gtm773,0,0,1,"And now that it’s making a comeback, I feel like I’m going back to the future...",,Fri Feb 28 20:42:28 +0000 2020,,,,https://twitter.com/lenubienne/status/1233492687413743619,1233492687413743619,900303948
2020-02-28 20:31:04+00:00,lenubienne,,0,0,0,"Nostalgia + nerditry keeps me from tossing these treasures. Also, I would hate for them to end up in a landfill or worse, the ocean.",,Fri Feb 28 20:31:04 +0000 2020,,,,https://twitter.com/lenubienne/status/1233489819474579458,1233489819474579458,900303948
2020-02-28 20:29:48+00:00,lenubienne,,2,0,5,"I was looking for my international voltage converter and when I accidentally knocked over a box, twenty+ years of tech gadgets spilled out.",,Fri Feb 28 20:29:48 +0000 2020,,,,https://twitter.com/lenubienne/status/1233489499809886209,1233489499809886209,900303948
2020-02-28 20:25:13+00:00,lenubienne,lederroux,0,3,14,"If you pay people a livable wage, they will be happier and more fulfilled, and your company will thrive. There. I saved you a click.",,Fri Feb 28 20:25:13 +0000 2020,,,https://twitter.com/lederroux/status/1233291394690756608,https://twitter.com/lenubienne/status/1233488347080929281,1233488347080929281,900303948
2020-02-28 20:22:47+00:00,lenubienne,urbangaygriot,0,0,0,Get. Your. Life.,,Fri Feb 28 20:22:47 +0000 2020,,,,https://twitter.com/lenubienne/status/1233487732690882561,1233487732690882561,900303948
2020-02-28 19:02:10+00:00,lenubienne,lolaannamendez,0,0,0,Boom. https://twitter.com/lenubienne/status/1203007816753131525?s=21,,Fri Feb 28 19:02:10 +0000 2020,,,"https://twitter.com/lenubienne/status/1203007816753131525?s=21,https://twitter.com/lenubienne/status/1203007816753131525",https://twitter.com/lenubienne/status/1233467446721380355,1233467446721380355,900303948
2020-02-28 19:01:57+00:00,lenubienne,Cizzurp215,0,0,1,Soon!! SxSW is going to be fun.,,Fri Feb 28 19:01:57 +0000 2020,,,,https://twitter.com/lenubienne/status/1233467392044470273,1233467392044470273,900303948
2020-02-28 19:00:19+00:00,lenubienne,freckleejuicee,0,0,1,Waiter got jokes!!!,,Fri Feb 28 19:00:19 +0000 2020,,,,https://twitter.com/lenubienne/status/1233466978435764226,1233466978435764226,900303948
2020-02-28 18:57:52+00:00,lenubienne,Cizzurp215,1,0,1,"Correct. I was telling my friend this exact same thing last night. She’s moving there, soon.",,Fri Feb 28 18:57:52 +0000 2020,,,,https://twitter.com/lenubienne/status/1233466365123624960,1233466365123624960,900303948
2020-02-28 18:57:20+00:00,lenubienne,LeslieMac,1,0,1,You are SO good at this.,,Fri Feb 28 18:57:20 +0000 2020,,,,https://twitter.com/lenubienne/status/1233466229626634240,1233466229626634240,900303948
2020-02-28 18:55:53+00:00,lenubienne,RichRoritaQuan,0,0,0,Yaaaasssssssss!!!!,,Fri Feb 28 18:55:53 +0000 2020,,,,https://twitter.com/lenubienne/status/1233465863975686146,1233465863975686146,900303948
2020-02-28 18:31:43+00:00,lenubienne,Auntee_Pearl,1,0,3,I use my passport for all air travel. It was the original #RealID.,,Fri Feb 28 18:31:43 +0000 2020,,#RealID,,https://twitter.com/lenubienne/status/1233459780943011841,1233459780943011841,900303948
2020-02-28 18:30:53+00:00,lenubienne,,0,0,2,And then some.,,Fri Feb 28 18:30:53 +0000 2020,,,https://twitter.com/i/events/1233139406531440641,https://twitter.com/lenubienne/status/1233459572267941889,1233459572267941889,900303948
2020-02-28 17:54:26+00:00,lenubienne,,0,0,1,"I am ESPECIALLY proud of the short film I created, directed, edited, and produced on IG stories today. http://instagram.com/lenubienne",,Fri Feb 28 17:54:26 +0000 2020,,,http://instagram.com/lenubienne,https://twitter.com/lenubienne/status/1233450398503051264,1233450398503051264,900303948
2020-02-28 17:52:06+00:00,lenubienne,EmilyFlake,0,0,2,The floppiest to ever do it!,,Fri Feb 28 17:52:06 +0000 2020,,,,https://twitter.com/lenubienne/status/1233449812550438914,1233449812550438914,900303948
2020-02-28 16:40:58+00:00,lenubienne,RichRoritaQuan,0,0,0,LET’S GO ,,Fri Feb 28 16:40:58 +0000 2020,,,,https://twitter.com/lenubienne/status/1233431913391689729,1233431913391689729,900303948
2020-02-28 16:27:29+00:00,lenubienne,capetownbrown,1,0,2,"HAPPY SOLAR RETURN, UNICORN PRINCESS !",,Fri Feb 28 16:27:29 +0000 2020,,,,https://twitter.com/lenubienne/status/1233428519176241155,1233428519176241155,900303948
2020-02-28 16:25:33+00:00,lenubienne,JeauxAlejandro,1,0,0,"The ONLY thing going up during this debacle is space travel/tech, because that’s how the wealthy will escape.",,Fri Feb 28 16:25:33 +0000 2020,,,,https://twitter.com/lenubienne/status/1233428031961751555,1233428031961751555,900303948
2020-02-28 16:19:45+00:00,lenubienne,Salt1920,0,0,2,BRAVA. CaShawn IS #BlackHistory. Period.,,Fri Feb 28 16:19:45 +0000 2020,,#BlackHistory,,https://twitter.com/lenubienne/status/1233426572742406144,1233426572742406144,900303948
2020-02-28 16:17:50+00:00,lenubienne,tariqLuthun,0,0,2,Following!,,Fri Feb 28 16:17:50 +0000 2020,,,,https://twitter.com/lenubienne/status/1233426088388374528,1233426088388374528,900303948
2020-02-28 16:17:22+00:00,lenubienne,ebonymarieb,0,0,0,I would love to know more about this.,,Fri Feb 28 16:17:22 +0000 2020,,,,https://twitter.com/lenubienne/status/1233425972785012736,1233425972785012736,900303948
2020-02-28 16:16:48+00:00,lenubienne,eclecticbrotha,0,0,0,,,Fri Feb 28 16:16:48 +0000 2020,,,,https://twitter.com/lenubienne/status/1233425828568064000,1233425828568064000,900303948
2020-02-28 16:15:10+00:00,lenubienne,GeekNStereo,0,0,3,I agree.,,Fri Feb 28 16:15:10 +0000 2020,,,,https://twitter.com/lenubienne/status/1233425418151251968,1233425418151251968,900303948
2020-02-28 16:13:26+00:00,lenubienne,,0,0,0,Humans are the worst creatures on earth.,,Fri Feb 28 16:13:26 +0000 2020,,,https://www.wsbtv.com/news/trending/dog-found-with-ears-glued-legs-strapped-together/E4CWDE5DKFGIZFH6XQPFQF5GMA/,https://twitter.com/lenubienne/status/1233424984573448192,1233424984573448192,900303948
2020-02-28 16:10:47+00:00,lenubienne,AdrienneWrites,0,0,2,You’ve got mail. ,,Fri Feb 28 16:10:47 +0000 2020,,,,https://twitter.com/lenubienne/status/1233424316567560192,1233424316567560192,900303948
2020-02-28 16:02:55+00:00,lenubienne,boobie_styles,1,0,6,This could be the answer to so many problems.,,Fri Feb 28 16:02:55 +0000 2020,,,https://twitter.com/boobie_styles/status/1233420874163871749,https://twitter.com/lenubienne/status/1233422334637289472,1233422334637289472,900303948
2020-02-28 16:01:21+00:00,lenubienne,Glamorfonic,1,0,0,He misses you.,,Fri Feb 28 16:01:21 +0000 2020,,,,https://twitter.com/lenubienne/status/1233421943224840192,1233421943224840192,900303948
2020-02-28 15:48:46+00:00,lenubienne,,0,0,0,_theosmith and sonyalpha inspire me to acquire better equipment so I can make more portraits. ⁣> #sonyalpha #bealpha #alphawoman #alphafemale ⁣ #sonya7riii #sonyimages #portraiture #photooftheday #model… https://www.instagram.com/p/B9Hbx3Hpj0l/?igshid=boj5ip4t9v48,,Fri Feb 28 15:48:46 +0000 2020,,#sonyalpha #bealpha #alphawoman #alphafemale #sonya7riii #sonyimages #portraiture #photooftheday #model,https://www.instagram.com/p/B9Hbx3Hpj0l/?igshid=boj5ip4t9v48,https://twitter.com/lenubienne/status/1233418774436622337,1233418774436622337,900303948
2020-02-28 15:21:02+00:00,lenubienne,HeatherReadsRom,0,0,0,A great idea. ,,Fri Feb 28 15:21:02 +0000 2020,,,,https://twitter.com/lenubienne/status/1233411796507164680,1233411796507164680,900303948
2020-02-28 15:19:46+00:00,lenubienne,Cricketnation,1,0,0,"#HearMeOut. I want to create content, educate, travel, and document all of it to inspire others to do the same.",,Fri Feb 28 15:19:46 +0000 2020,,#HearMeOut,,https://twitter.com/lenubienne/status/1233411476649598976,1233411476649598976,900303948
2020-02-28 15:16:10+00:00,lenubienne,aemccarthy,1,0,2,@indigogloves makes the dopest playlists.,@indigogloves,Fri Feb 28 15:16:10 +0000 2020,,,,https://twitter.com/lenubienne/status/1233410571741138949,1233410571741138949,900303948
2020-02-28 15:15:33+00:00,lenubienne,,1,2,10,"If you don’t post a picture with a camera obscuring your face, are you really a photographer?",,Fri Feb 28 15:15:33 +0000 2020,,,,https://twitter.com/lenubienne/status/1233410418103681025,1233410418103681025,900303948
2020-02-28 15:13:36+00:00,lenubienne,GrapefruitCorey,1,0,0,It is honestly all we can do to keep from completely losing it.,,Fri Feb 28 15:13:36 +0000 2020,,,,https://twitter.com/lenubienne/status/1233409927374352385,1233409927374352385,900303948
2020-02-28 15:09:41+00:00,lenubienne,AkilahObviously,0,0,1,This cannot be overstated.,,Fri Feb 28 15:09:41 +0000 2020,,,https://twitter.com/AkilahObviously/status/1233180802696937473,https://twitter.com/lenubienne/status/1233408939875864576,1233408939875864576,900303948
2020-02-28 15:08:09+00:00,lenubienne,KosherSoul,0,0,2,It’s not hard to listen.,,Fri Feb 28 15:08:09 +0000 2020,,,,https://twitter.com/lenubienne/status/1233408551864979457,1233408551864979457,900303948
2020-02-28 15:07:54+00:00,lenubienne,JustAlandria,0,0,1,DEAL,,Fri Feb 28 15:07:54 +0000 2020,,,,https://twitter.com/lenubienne/status/1233408490170916865,1233408490170916865,900303948
2020-02-28 14:28:02+00:00,lenubienne,KosherSoul,1,0,1, ,,Fri Feb 28 14:28:02 +0000 2020,,,,https://twitter.com/lenubienne/status/1233398457475457024,1233398457475457024,900303948
2020-02-28 14:12:31+00:00,lenubienne,Be_ll_adonna,0,0,0,"I may try that, next!",,Fri Feb 28 14:12:31 +0000 2020,,,,https://twitter.com/lenubienne/status/1233394551664128002,1233394551664128002,900303948
2020-02-28 14:11:44+00:00,lenubienne,JustAlandria,1,0,2,"#SirBleuciousLeftFoot, himself.",,Fri Feb 28 14:11:44 +0000 2020,,#SirBleuciousLeftFoot,,https://twitter.com/lenubienne/status/1233394355987193857,1233394355987193857,900303948
2020-02-28 14:11:12+00:00,lenubienne,SnarkySparkly,0,0,1,You see it.,,Fri Feb 28 14:11:12 +0000 2020,,,,https://twitter.com/lenubienne/status/1233394223300382721,1233394223300382721,900303948
2020-02-28 13:56:37+00:00,lenubienne,,7,0,33,Salmon oil has the baby’s coat gleaming.,,Fri Feb 28 13:56:37 +0000 2020,,,,https://twitter.com/lenubienne/status/1233390549958303751,1233390549958303751,900303948
2020-02-28 13:48:05+00:00,lenubienne,PeoplesOracle,2,0,1,Delicious.,,Fri Feb 28 13:48:05 +0000 2020,,,,https://twitter.com/lenubienne/status/1233388404605407232,1233388404605407232,900303948
2020-02-28 13:46:08+00:00,lenubienne,pandemoniumgrey,1,0,1,We are doomed.,,Fri Feb 28 13:46:08 +0000 2020,,,,https://twitter.com/lenubienne/status/1233387915591475201,1233387915591475201,900303948
2020-02-28 13:40:36+00:00,lenubienne,lindy2350,2,1,3,I’m mad at myself for laughing in response to these horrifying replies.,,Fri Feb 28 13:40:36 +0000 2020,,,https://twitter.com/lindy2350/status/1233185055863967747,https://twitter.com/lenubienne/status/1233386521681633280,1233386521681633280,900303948
2020-02-28 13:36:00+00:00,lenubienne,yxnnck,1,3,4,The chickens get it.,,Fri Feb 28 13:36:00 +0000 2020,,,https://twitter.com/yxnnck/status/1231852532185649152,https://twitter.com/lenubienne/status/1233385364640980995,1233385364640980995,900303948
2020-02-28 13:31:09+00:00,lenubienne,dopegirlfresh,0,0,0,They just can’t help themselves.,,Fri Feb 28 13:31:09 +0000 2020,,,,https://twitter.com/lenubienne/status/1233384144354381824,1233384144354381824,900303948
2020-02-28 13:25:18+00:00,lenubienne,JLBarrow,0,0,1,I’m gonna need that long to mentally prepare for it.,,Fri Feb 28 13:25:18 +0000 2020,,,,https://twitter.com/lenubienne/status/1233382672497610754,1233382672497610754,900303948
2020-02-28 13:24:26+00:00,lenubienne,sanitythief,0,0,1, ,,Fri Feb 28 13:24:26 +0000 2020,,,,https://twitter.com/lenubienne/status/1233382450803466240,1233382450803466240,900303948
2020-02-28 13:03:46+00:00,lenubienne,ontosphileo,0,0,1,Not like the other four words. They don’t even have the same letter combinations.,,Fri Feb 28 13:03:46 +0000 2020,,,,https://twitter.com/lenubienne/status/1233377253138010112,1233377253138010112,900303948
2020-02-28 05:24:28+00:00,lenubienne,,0,0,1,"Finally, the #HalfBirthday is getting the respect it deserves. – at RA Sushi Bar Restaurant",,Fri Feb 28 05:24:28 +0000 2020,,#HalfBirthday,,https://twitter.com/lenubienne/status/1233261665677987842,1233261665677987842,900303948
2020-02-28 05:16:38+00:00,lenubienne,AOImani_,1,0,0,Mine have grown so much faster this way.,,Fri Feb 28 05:16:38 +0000 2020,,,,https://twitter.com/lenubienne/status/1233259695328153602,1233259695328153602,900303948
2020-02-28 05:15:35+00:00,lenubienne,tgshepherdvan,0,0,3,Snitchtagging is godawful.,,Fri Feb 28 05:15:35 +0000 2020,,,,https://twitter.com/lenubienne/status/1233259429497364482,1233259429497364482,900303948
2020-02-28 05:14:54+00:00,lenubienne,Nanjala1,0,0,2,That and a shortage of tests.,,Fri Feb 28 05:14:54 +0000 2020,,,,https://twitter.com/lenubienne/status/1233259256167780354,1233259256167780354,900303948
2020-02-28 05:13:13+00:00,lenubienne,AOImani_,1,0,1,I have been loccing my hair under protective styles for months.,,Fri Feb 28 05:13:13 +0000 2020,,,,https://twitter.com/lenubienne/status/1233258833411219456,1233258833411219456,900303948
2020-02-28 05:11:06+00:00,lenubienne,leahmcelrath,0,2,3,"I have tweeted about every single single one of these recommendations for YEARS, in different contexts. Maybe next time, more people will pay attention.",,Fri Feb 28 05:11:06 +0000 2020,,,https://twitter.com/leahmcelrath/status/1233071780576858112,https://twitter.com/lenubienne/status/1233258303066648578,1233258303066648578,900303948
2020-02-28 05:09:03+00:00,lenubienne,Blackamazon,0,0,1,Can confirm.,,Fri Feb 28 05:09:03 +0000 2020,,,,https://twitter.com/lenubienne/status/1233257786714267648,1233257786714267648,900303948
2020-02-28 04:47:41+00:00,lenubienne,ArykanotErika,0,0,1,I heard this tweet.,,Fri Feb 28 04:47:41 +0000 2020,,,,https://twitter.com/lenubienne/status/1233252408421208064,1233252408421208064,900303948
2020-02-28 04:40:14+00:00,lenubienne,rahm3sh,1,1,4,Yes.,,Fri Feb 28 04:40:14 +0000 2020,,,https://twitter.com/rahm3sh/status/1233215968484171777,https://twitter.com/lenubienne/status/1233250531566661634,1233250531566661634,900303948
2020-02-28 04:39:02+00:00,lenubienne,Bellaquiraa,0,0,0,They should.,,Fri Feb 28 04:39:02 +0000 2020,,,,https://twitter.com/lenubienne/status/1233250229798858753,1233250229798858753,900303948
2020-02-28 04:38:30+00:00,lenubienne,RomiiRae,0,0,0,You two should definitely talk about festival performances. ,,Fri Feb 28 04:38:30 +0000 2020,,,,https://twitter.com/lenubienne/status/1233250095862353920,1233250095862353920,900303948
2020-02-28 04:06:48+00:00,lenubienne,_iambrittnee,0,0,0,"Despite her followers being ""real accounts,"" they are purchased. There is no way an account that posts every day, with that many followers, should have such low engagement. https://vaizle.com/free-social-media-tools/twitter-analysis?t=0.6550141013737876",,Fri Feb 28 04:06:48 +0000 2020,,,https://vaizle.com/free-social-media-tools/twitter-analysis?t=0.6550141013737876,https://twitter.com/lenubienne/status/1233242118627504128,1233242118627504128,900303948
2020-02-28 03:45:19+00:00,lenubienne,LittleMissFlint,1,106,74,"Clean water is a human right. If you have EVER thought of donating to a fundraising campaign, let it be this one:",,Fri Feb 28 03:45:19 +0000 2020,,,https://twitter.com/LittleMissFlint/status/1233144137748295691?s=20,https://twitter.com/lenubienne/status/1233236711284596736,1233236711284596736,900303948
2020-02-28 03:44:11+00:00,lenubienne,,1,2,3,"How about the $575k raised to build a salt gun to kill flies? I wish I was making this up. Not only did his ""invention"" not work, he became a millionaire.",,Fri Feb 28 03:44:11 +0000 2020,,,https://www.ntd.com/man-becomes-millionaire-by-making-a-gun-that-kills-flies_333743.html,https://twitter.com/lenubienne/status/1233236428223582208,1233236428223582208,900303948
2020-02-28 03:34:38+00:00,lenubienne,,1,1,3,Or the $20million dollars raised for the border wall?,,Fri Feb 28 03:34:38 +0000 2020,,,https://www.cnn.com/2019/01/12/us/border-wall-gofundme-refund/index.html,https://twitter.com/lenubienne/status/1233234023427821568,1233234023427821568,900303948
