date,username,to,replies,retweets,favorites,text,mentions,formatted_date,geo,hashtags,urls,permalink,ID,author_id
2020-02-28 23:57:44+00:00,leppuccino,venablesbitch,0,0,1,"ahhh frenemies, my favorite",,Fri Feb 28 23:57:44 +0000 2020,,,,https://twitter.com/leppuccino/status/1233541826033913857,1233541826033913857,512971467
2020-02-28 23:28:56+00:00,leppuccino,,0,0,5,when I see them all together like this— I’m not feeling it,,Fri Feb 28 23:28:56 +0000 2020,,,,https://twitter.com/leppuccino/status/1233534582005411841,1233534582005411841,512971467
2020-02-28 23:25:19+00:00,leppuccino,venablesbitch,1,0,2,"the way they were roasting each other, remains unmatched",,Fri Feb 28 23:25:19 +0000 2020,,,,https://twitter.com/leppuccino/status/1233533671098998791,1233533671098998791,512971467
2020-02-28 23:20:55+00:00,leppuccino,,0,0,3,"stolen, but look at this— wtf",,Fri Feb 28 23:20:55 +0000 2020,,,,https://twitter.com/leppuccino/status/1233532560573112321,1233532560573112321,512971467
2020-02-28 23:12:24+00:00,leppuccino,,0,0,4,fiona borgia vandenheuvel goode,,Fri Feb 28 23:12:24 +0000 2020,,,,https://twitter.com/leppuccino/status/1233530417405452288,1233530417405452288,512971467
2020-02-28 22:35:54+00:00,leppuccino,veroniscully,1,0,1,damn.,,Fri Feb 28 22:35:54 +0000 2020,,,,https://twitter.com/leppuccino/status/1233521232680804353,1233521232680804353,512971467
2020-02-28 22:23:40+00:00,leppuccino,,0,0,0,"imagine doing PR for angelica r*ss, tough job",,Fri Feb 28 22:23:40 +0000 2020,,,,https://twitter.com/leppuccino/status/1233518155076636678,1233518155076636678,512971467
2020-02-28 22:04:09+00:00,leppuccino,keithsrocknroll,0,0,1,"used to watch it with my ex every night before bed, fun times",,Fri Feb 28 22:04:09 +0000 2020,,,https://twitter.com/keithsrocknroll/status/1232867109975318529,https://twitter.com/leppuccino/status/1233513242338766850,1233513242338766850,512971467
2020-02-28 22:00:04+00:00,leppuccino,leppuccino,0,0,0,update: he’s alright and on his way to beat ryan’s ass,,Fri Feb 28 22:00:04 +0000 2020,,,https://twitter.com/leppuccino/status/1233461928145620992,https://twitter.com/leppuccino/status/1233512216676196353,1233512216676196353,512971467
2020-02-28 21:27:18+00:00,leppuccino,,0,0,0,I have so many threads in my drafts that I’ll never finish— oh well,,Fri Feb 28 21:27:18 +0000 2020,,,,https://twitter.com/leppuccino/status/1233503971358183425,1233503971358183425,512971467
2020-02-28 20:48:12+00:00,leppuccino,venablesbitch,1,0,1,I’m ready for the serve,,Fri Feb 28 20:48:12 +0000 2020,,,,https://twitter.com/leppuccino/status/1233494129230909447,1233494129230909447,512971467
2020-02-28 20:39:02+00:00,leppuccino,venablesbitch,1,0,1,"SHDHJSKSK GIRL, but you have to be the voice of the nation. Rhiannon vocals rise up.",,Fri Feb 28 20:39:02 +0000 2020,,,,https://twitter.com/leppuccino/status/1233491821478711296,1233491821478711296,512971467
2020-02-28 20:33:17+00:00,leppuccino,venablesbitch,1,0,1,"that’s it, that’s the tweet",,Fri Feb 28 20:33:17 +0000 2020,,,,https://twitter.com/leppuccino/status/1233490375630782467,1233490375630782467,512971467
2020-02-28 20:29:08+00:00,leppuccino,venablesbitch,1,0,1,awww goldcrucifix would be proud :’),,Fri Feb 28 20:29:08 +0000 2020,,,,https://twitter.com/leppuccino/status/1233489331542773763,1233489331542773763,512971467
2020-02-28 19:22:36+00:00,leppuccino,venablesbitch,1,0,1,,,Fri Feb 28 19:22:36 +0000 2020,,,,https://twitter.com/leppuccino/status/1233472586400575488,1233472586400575488,512971467
2020-02-28 19:15:39+00:00,leppuccino,venablesbitch,1,0,1,,,Fri Feb 28 19:15:39 +0000 2020,,,,https://twitter.com/leppuccino/status/1233470839057788928,1233470839057788928,512971467
2020-02-28 19:15:15+00:00,leppuccino,pau_baez13,0,0,0,"you’re probably right, his admiration for female power remains unmatched",,Fri Feb 28 19:15:15 +0000 2020,,,,https://twitter.com/leppuccino/status/1233470737865986050,1233470737865986050,512971467
2020-02-28 19:10:56+00:00,leppuccino,,5,5,29,—I know y’all ain’t ready to have this conversation,,Fri Feb 28 19:10:56 +0000 2020,,,,https://twitter.com/leppuccino/status/1233469653596413955,1233469653596413955,512971467
2020-02-28 19:05:54+00:00,leppuccino,venablesbitch,1,0,1,no conroy for you baddie,,Fri Feb 28 19:05:54 +0000 2020,,,,https://twitter.com/leppuccino/status/1233468386702774274,1233468386702774274,512971467
2020-02-28 19:03:56+00:00,leppuccino,venablesbitch,1,0,1,"crucifix’s impact was enormous, it’s cracking me up. RYAN WHATS GOOD.",,Fri Feb 28 19:03:56 +0000 2020,,,,https://twitter.com/leppuccino/status/1233467891959418881,1233467891959418881,512971467
2020-02-28 19:02:03+00:00,leppuccino,venablesbitch,1,0,1,"probably, but damn whyyyyy",,Fri Feb 28 19:02:03 +0000 2020,,,,https://twitter.com/leppuccino/status/1233467416367259651,1233467416367259651,512971467
2020-02-28 18:43:26+00:00,leppuccino,,0,0,1,"adulting is hard, ngl",,Fri Feb 28 18:43:26 +0000 2020,,,,https://twitter.com/leppuccino/status/1233462731950493697,1233462731950493697,512971467
2020-02-28 18:40:14+00:00,leppuccino,,1,0,0,"where the fuck is @goldcrucifix, I’m scared",@GoldCrucifix,Fri Feb 28 18:40:14 +0000 2020,,,,https://twitter.com/leppuccino/status/1233461928145620992,1233461928145620992,512971467
2020-02-28 18:35:55+00:00,leppuccino,2ndHandBookery,0,0,0,iron butterfly’s in-a-gadda-da-vida,,Fri Feb 28 18:35:55 +0000 2020,,,https://twitter.com/2ndHandBookery/status/1233427389281185793,https://twitter.com/leppuccino/status/1233460838742319106,1233460838742319106,512971467
2020-02-28 18:34:17+00:00,leppuccino,,2,1,17,not me buying tickets to australia and then realising my passport has expired,,Fri Feb 28 18:34:17 +0000 2020,,,,https://twitter.com/leppuccino/status/1233460427478183936,1233460427478183936,512971467
2020-02-28 16:06:09+00:00,leppuccino,,0,0,13,"béla’s music, georgia’s spirit and jessica’s beauty. what a concept.",,Fri Feb 28 16:06:09 +0000 2020,,,,https://twitter.com/leppuccino/status/1233423150530125824,1233423150530125824,512971467
2020-02-28 16:01:19+00:00,leppuccino,,0,0,3,fuck,,Fri Feb 28 16:01:19 +0000 2020,,,,https://twitter.com/leppuccino/status/1233421935616368641,1233421935616368641,512971467
2020-02-27 07:44:52+00:00,leppuccino,pennyspuppy,1,0,1,I think that you need to have twitter media studio or something like that,,Thu Feb 27 07:44:52 +0000 2020,,,,https://twitter.com/leppuccino/status/1232934607928033281,1232934607928033281,512971467
2020-02-26 23:17:00+00:00,leppuccino,venablesbitch,0,0,1,relatable,,Wed Feb 26 23:17:00 +0000 2020,,,,https://twitter.com/leppuccino/status/1232806799935508480,1232806799935508480,512971467
2020-02-26 23:13:36+00:00,leppuccino,venablesbitch,1,0,1,right— the whole video is a major mood,,Wed Feb 26 23:13:36 +0000 2020,,,,https://twitter.com/leppuccino/status/1232805947195740160,1232805947195740160,512971467
2020-02-26 22:57:03+00:00,leppuccino,venablesbitch,1,0,1,my hopes were high,,Wed Feb 26 22:57:03 +0000 2020,,,,https://twitter.com/leppuccino/status/1232801778917367813,1232801778917367813,512971467
2020-02-26 22:44:54+00:00,leppuccino,,1,0,2,no frances we riot #ahs10,,Wed Feb 26 22:44:54 +0000 2020,,#ahs10,,https://twitter.com/leppuccino/status/1232798724541341696,1232798724541341696,512971467
2020-02-26 22:35:34+00:00,leppuccino,vivstan2,1,0,1,you’re too good to me,,Wed Feb 26 22:35:34 +0000 2020,,,,https://twitter.com/leppuccino/status/1232796375684993025,1232796375684993025,512971467
2020-02-26 22:33:49+00:00,leppuccino,,1,8,45,jessica lange doing one interview per year https://twitter.com/LordOfDaMeme/status/1230724999532597250/video/1,,Wed Feb 26 22:33:49 +0000 2020,,,https://twitter.com/LordOfDaMeme/status/1230724999532597250/video/1,https://twitter.com/leppuccino/status/1232795933382971395,1232795933382971395,512971467
2020-02-26 21:58:48+00:00,leppuccino,,0,0,1,this wasn’t easy https://twitter.com/veroniscully/status/1232702219037835267,,Wed Feb 26 21:58:48 +0000 2020,,,https://twitter.com/veroniscully/status/1232702219037835267,https://twitter.com/leppuccino/status/1232787120361701378,1232787120361701378,512971467
2020-02-26 21:42:01+00:00,leppuccino,,0,0,0,I was 90% sure she won’t be there and she was and she pouts her lips the same way jessica does and they were slapping each other’s asses the whole play and I was crying laughing and I can’t breathe and—,,Wed Feb 26 21:42:01 +0000 2020,,,,https://twitter.com/leppuccino/status/1232782896500486146,1232782896500486146,512971467
2020-02-26 21:41:40+00:00,leppuccino,vivstan2,1,0,1,BABE! THANK YOUUU ,,Wed Feb 26 21:41:40 +0000 2020,,,,https://twitter.com/leppuccino/status/1232782810261475330,1232782810261475330,512971467
2020-02-26 21:28:25+00:00,leppuccino,,1,0,1,"cut the cameras, deadass",,Wed Feb 26 21:28:25 +0000 2020,,,,https://twitter.com/leppuccino/status/1232779473503825920,1232779473503825920,512971467
2020-02-26 21:23:00+00:00,leppuccino,siggyfish,0,0,1,two czech legends— not internationally famous tho ,,Wed Feb 26 21:23:00 +0000 2020,,,,https://twitter.com/leppuccino/status/1232778113253302278,1232778113253302278,512971467
2020-02-26 21:08:10+00:00,leppuccino,,3,0,8,I saw TWO of my favorite actresses tonight. I’m a mess.,,Wed Feb 26 21:08:10 +0000 2020,,,,https://twitter.com/leppuccino/status/1232774380423450627,1232774380423450627,512971467
2020-02-26 21:05:54+00:00,leppuccino,diamondslange,1,0,0, ,,Wed Feb 26 21:05:54 +0000 2020,,,,https://twitter.com/leppuccino/status/1232773807854772224,1232773807854772224,512971467
2020-02-26 21:04:19+00:00,leppuccino,RonnyErickson,0,0,0,my love knows no bounds ,,Wed Feb 26 21:04:19 +0000 2020,,,,https://twitter.com/leppuccino/status/1232773408884248576,1232773408884248576,512971467
2020-02-26 16:03:13+00:00,leppuccino,,0,0,11, https://twitter.com/theahsnews/status/1232697129786839041,,Wed Feb 26 16:03:13 +0000 2020,,,https://twitter.com/theahsnews/status/1232697129786839041,https://twitter.com/leppuccino/status/1232697634869141505,1232697634869141505,512971467
2020-02-26 16:02:05+00:00,leppuccino,,0,0,3,Culkin is in ahs10?! I didn’t see THAT coming.,,Wed Feb 26 16:02:05 +0000 2020,,,,https://twitter.com/leppuccino/status/1232697352529600513,1232697352529600513,512971467
2020-02-26 15:59:22+00:00,leppuccino,fucklange,0,0,0,I’m so soft ,,Wed Feb 26 15:59:22 +0000 2020,,,,https://twitter.com/leppuccino/status/1232696668363141120,1232696668363141120,512971467
2020-02-26 08:01:14+00:00,leppuccino,PF_Net,0,0,1,"Leon, have you noticed how Paula became more confident when it comes to singing live? Like during idol/x factor days she was so shy and now? Ma’am is slaying my entire existence. Love to see that!!!!!",,Wed Feb 26 08:01:14 +0000 2020,,,,https://twitter.com/leppuccino/status/1232576341595258881,1232576341595258881,512971467
2020-02-25 22:39:07+00:00,leppuccino,,0,0,0,ma’am what are those,,Tue Feb 25 22:39:07 +0000 2020,,,,https://twitter.com/leppuccino/status/1232434878064427009,1232434878064427009,512971467
2020-02-25 22:16:27+00:00,leppuccino,slayyyter,0,0,1,mary eunice,,Tue Feb 25 22:16:27 +0000 2020,,,,https://twitter.com/leppuccino/status/1232429174431846402,1232429174431846402,512971467
2020-02-25 22:03:19+00:00,leppuccino,iheartstreep,0,0,1, ,,Tue Feb 25 22:03:19 +0000 2020,,,,https://twitter.com/leppuccino/status/1232425871333580800,1232425871333580800,512971467
2020-02-25 20:12:07+00:00,leppuccino,,1,35,128,jessica lange fancam,,Tue Feb 25 20:12:07 +0000 2020,,,,https://twitter.com/leppuccino/status/1232397884173279239,1232397884173279239,512971467
2020-02-25 18:26:39+00:00,leppuccino,,0,0,0,kubrick screaming at lange like fucking maniac the whole time— no thank you,,Tue Feb 25 18:26:39 +0000 2020,,,,https://twitter.com/leppuccino/status/1232371343921995777,1232371343921995777,512971467
2020-02-25 18:24:36+00:00,leppuccino,cineophile,1,0,0,"imagine if they actually casted jessica, like nicholson and king had in mind",,Tue Feb 25 18:24:36 +0000 2020,,,https://twitter.com/cineophile/status/1232369851546656768,https://twitter.com/leppuccino/status/1232370828181942272,1232370828181942272,512971467
2020-02-25 17:43:32+00:00,leppuccino,vivstan2,0,0,1, ,,Tue Feb 25 17:43:32 +0000 2020,,,,https://twitter.com/leppuccino/status/1232360492729094146,1232360492729094146,512971467
2020-02-25 17:43:17+00:00,leppuccino,venablesbitch,0,0,1,I don’t know. My colleague gave me tickets away from other celebs— apparently I’m trouble so...,,Tue Feb 25 17:43:17 +0000 2020,,,,https://twitter.com/leppuccino/status/1232360430535880704,1232360430535880704,512971467
2020-02-25 17:08:03+00:00,leppuccino,fxckfonda,0,0,1,I love this song,,Tue Feb 25 17:08:03 +0000 2020,,,,https://twitter.com/leppuccino/status/1232351565857591298,1232351565857591298,512971467
2020-02-25 17:02:10+00:00,leppuccino,venablesbitch,0,0,1,oh I got everything covered,,Tue Feb 25 17:02:10 +0000 2020,,,,https://twitter.com/leppuccino/status/1232350081426345984,1232350081426345984,512971467
2020-02-25 16:58:38+00:00,leppuccino,,2,1,15,I got 2 tickets to a sold out play with my favorite czech actress. I can’t breathe.,,Tue Feb 25 16:58:38 +0000 2020,,,,https://twitter.com/leppuccino/status/1232349193416642560,1232349193416642560,512971467
2020-02-25 00:28:05+00:00,leppuccino,venablesbitch,1,0,1,"he found me, we’re getting married",,Tue Feb 25 00:28:05 +0000 2020,,,,https://twitter.com/leppuccino/status/1232099912910811136,1232099912910811136,512971467
2020-02-25 00:26:51+00:00,leppuccino,ladylaen,0,0,0,sgshsjsksk girl same,,Tue Feb 25 00:26:51 +0000 2020,,,,https://twitter.com/leppuccino/status/1232099603639656450,1232099603639656450,512971467
2020-02-25 00:04:11+00:00,leppuccino,,0,0,3,"made another jessica fancam, i need help",,Tue Feb 25 00:04:11 +0000 2020,,,,https://twitter.com/leppuccino/status/1232093898664763396,1232093898664763396,512971467
2020-02-24 22:15:05+00:00,leppuccino,siggyfish,0,0,1,queen,,Mon Feb 24 22:15:05 +0000 2020,,,,https://twitter.com/leppuccino/status/1232066444952842251,1232066444952842251,512971467
2020-02-24 21:48:06+00:00,leppuccino,,0,0,1,just made a list of people I want to pop m*lly with,,Mon Feb 24 21:48:06 +0000 2020,,,,https://twitter.com/leppuccino/status/1232059653141549056,1232059653141549056,512971467
2020-02-24 21:18:39+00:00,leppuccino,sarahpaulsbean,1,0,1,@StellaGanelli your impact,,Mon Feb 24 21:18:39 +0000 2020,,,,https://twitter.com/leppuccino/status/1232052241428865027,1232052241428865027,512971467
2020-02-24 20:51:50+00:00,leppuccino,fxckfonda,0,0,1,coz this is the only correct answer,,Mon Feb 24 20:51:50 +0000 2020,,,,https://twitter.com/leppuccino/status/1232045490994372610,1232045490994372610,512971467
2020-02-24 20:43:31+00:00,leppuccino,,1,4,10,i said what i said,,Mon Feb 24 20:43:31 +0000 2020,,,,https://twitter.com/leppuccino/status/1232043401186545664,1232043401186545664,512971467
2020-02-24 20:23:31+00:00,leppuccino,pau_baez13,1,0,2,sugar daddy material,,Mon Feb 24 20:23:31 +0000 2020,,,,https://twitter.com/leppuccino/status/1232038367510044672,1232038367510044672,512971467
2020-02-24 19:55:53+00:00,leppuccino,venablesbitch,0,0,0,"cause she’s so fucking extra, that’s why",,Mon Feb 24 19:55:53 +0000 2020,,,,https://twitter.com/leppuccino/status/1232031411802181634,1232031411802181634,512971467
2020-02-24 19:49:04+00:00,leppuccino,_supremebitchhh,1,0,0,oh— I’m in,,Mon Feb 24 19:49:04 +0000 2020,,,,https://twitter.com/leppuccino/status/1232029697053253636,1232029697053253636,512971467
2020-02-24 19:46:55+00:00,leppuccino,_supremebitchhh,1,0,0,I’d like to see this movie ,,Mon Feb 24 19:46:55 +0000 2020,,,,https://twitter.com/leppuccino/status/1232029154704592896,1232029154704592896,512971467
2020-02-24 19:44:15+00:00,leppuccino,_supremebitchhh,1,0,0,damn— what a strategy,,Mon Feb 24 19:44:15 +0000 2020,,,,https://twitter.com/leppuccino/status/1232028486321221632,1232028486321221632,512971467
2020-02-24 19:27:21+00:00,leppuccino,,1,5,22,daily reminder: stay hydrated kids!,,Mon Feb 24 19:27:21 +0000 2020,,,,https://twitter.com/leppuccino/status/1232024233225728001,1232024233225728001,512971467
2020-02-24 19:24:46+00:00,leppuccino,venablesbitch,0,1,1,love you too I know you’re way better than you’re telling me so...,,Mon Feb 24 19:24:46 +0000 2020,,,,https://twitter.com/leppuccino/status/1232023580218658821,1232023580218658821,512971467
2020-02-24 18:33:43+00:00,leppuccino,ladylaen,0,0,1,yes ,,Mon Feb 24 18:33:43 +0000 2020,,,,https://twitter.com/leppuccino/status/1232010734760005632,1232010734760005632,512971467
2020-02-24 18:02:30+00:00,leppuccino,,2,3,15,hello to jessica lange’s brother only,,Mon Feb 24 18:02:30 +0000 2020,,,,https://twitter.com/leppuccino/status/1232002878543421440,1232002878543421440,512971467
2020-02-24 18:00:14+00:00,leppuccino,venablesbitch,1,0,1,I can already smell the grammy,,Mon Feb 24 18:00:14 +0000 2020,,,,https://twitter.com/leppuccino/status/1232002308604645376,1232002308604645376,512971467
2020-02-23 21:29:57+00:00,leppuccino,vivstan2,1,0,1,I— ,,Sun Feb 23 21:29:57 +0000 2020,,,,https://twitter.com/leppuccino/status/1231692697481760771,1231692697481760771,512971467
2020-02-23 21:10:17+00:00,leppuccino,keithsrocknroll,0,0,2,love to see that,,Sun Feb 23 21:10:17 +0000 2020,,,,https://twitter.com/leppuccino/status/1231687750098804736,1231687750098804736,512971467
2020-02-23 20:48:19+00:00,leppuccino,,0,18,52,"frances, 1982",,Sun Feb 23 20:48:19 +0000 2020,,,,https://twitter.com/leppuccino/status/1231682221234425856,1231682221234425856,512971467
2020-02-23 15:57:40+00:00,leppuccino,,0,1,8,5 people slept in my room this weekend— issa mess,,Sun Feb 23 15:57:40 +0000 2020,,,,https://twitter.com/leppuccino/status/1231609073730310144,1231609073730310144,512971467
2020-02-23 02:05:57+00:00,leppuccino,femmefatalent,1,0,1,I hope we’ll get it in the nearest future ,,Sun Feb 23 02:05:57 +0000 2020,,,,https://twitter.com/leppuccino/status/1231399767491719168,1231399767491719168,512971467
2020-02-22 21:26:39+00:00,leppuccino,langestreep,0,0,1,thank you sweetie ,,Sat Feb 22 21:26:39 +0000 2020,,,,https://twitter.com/leppuccino/status/1231329479341072387,1231329479341072387,512971467
2020-02-22 21:09:19+00:00,leppuccino,,0,0,5,"if the marlene dietrich project won’t include jessica’s cover of this song, i’m suing",,Sat Feb 22 21:09:19 +0000 2020,,,,https://twitter.com/leppuccino/status/1231325115134115840,1231325115134115840,512971467
2020-02-22 20:01:02+00:00,leppuccino,pau_baez13,0,0,1,lmaooooooo,,Sat Feb 22 20:01:02 +0000 2020,,,,https://twitter.com/leppuccino/status/1231307935151726592,1231307935151726592,512971467
2020-02-22 19:57:00+00:00,leppuccino,flirtyaniston,0,0,0, ,,Sat Feb 22 19:57:00 +0000 2020,,,,https://twitter.com/leppuccino/status/1231306918913859585,1231306918913859585,512971467
2020-02-22 19:44:21+00:00,leppuccino,venablesbitch,0,0,2,legend says that she’s looking for fucks to give until now,,Sat Feb 22 19:44:21 +0000 2020,,,,https://twitter.com/leppuccino/status/1231303736091435008,1231303736091435008,512971467
2020-02-22 19:06:34+00:00,leppuccino,,0,0,6,but also— why is ryan talking about this? drama queen,,Sat Feb 22 19:06:34 +0000 2020,,,,https://twitter.com/leppuccino/status/1231294228019453952,1231294228019453952,512971467
2020-02-22 19:03:54+00:00,leppuccino,theahsnews,3,5,26,the power she has— bow down,,Sat Feb 22 19:03:54 +0000 2020,,,https://twitter.com/theahsnews/status/1230940249683103744,https://twitter.com/leppuccino/status/1231293555701882885,1231293555701882885,512971467
2020-02-22 18:24:08+00:00,leppuccino,venablesbitch,0,0,1,thank you babe,,Sat Feb 22 18:24:08 +0000 2020,,,,https://twitter.com/leppuccino/status/1231283548268777475,1231283548268777475,512971467
2020-02-22 17:34:38+00:00,leppuccino,leppuccino,0,0,1,nights* ,,Sat Feb 22 17:34:38 +0000 2020,,,,https://twitter.com/leppuccino/status/1231271091802398726,1231271091802398726,512971467
2020-02-22 17:32:00+00:00,leppuccino,siggyfish,1,0,1,aw thank you babe well I had 2 night of partying so I was low key dead but now I’m ready to watch you roasting people again ,,Sat Feb 22 17:32:00 +0000 2020,,,,https://twitter.com/leppuccino/status/1231270428452249600,1231270428452249600,512971467
2020-02-22 17:10:41+00:00,leppuccino,vivstan2,0,0,1,will do! aw thank you cutie ,,Sat Feb 22 17:10:41 +0000 2020,,,,https://twitter.com/leppuccino/status/1231265063836831744,1231265063836831744,512971467
2020-02-22 17:07:53+00:00,leppuccino,fucklange,0,0,0,,,Sat Feb 22 17:07:53 +0000 2020,,,,https://twitter.com/leppuccino/status/1231264356614254592,1231264356614254592,512971467
2020-02-22 16:53:38+00:00,leppuccino,fucklange,1,0,0,amen,,Sat Feb 22 16:53:38 +0000 2020,,,,https://twitter.com/leppuccino/status/1231260771310542848,1231260771310542848,512971467
2020-02-22 16:33:16+00:00,leppuccino,,4,5,32,yesterday was my name day so you know what that means: lenka lenka bo benka banana fanna fo fenka fee fy mo menka lenka,,Sat Feb 22 16:33:16 +0000 2020,,,,https://twitter.com/leppuccino/status/1231255646739292162,1231255646739292162,512971467
2020-02-22 16:31:14+00:00,leppuccino,vivstan2,0,0,1,yaaaaaaay ,,Sat Feb 22 16:31:14 +0000 2020,,,,https://twitter.com/leppuccino/status/1231255136917446656,1231255136917446656,512971467
2020-02-21 14:49:46+00:00,leppuccino,venablesbitch,0,0,1,I— ,,Fri Feb 21 14:49:46 +0000 2020,,,,https://twitter.com/leppuccino/status/1230867211524493313,1230867211524493313,512971467
2020-02-21 14:48:50+00:00,leppuccino,MadamLilith_,0,0,1,babe ,,Fri Feb 21 14:48:50 +0000 2020,,,,https://twitter.com/leppuccino/status/1230866978992263171,1230866978992263171,512971467
2020-02-21 14:47:57+00:00,leppuccino,veroniscully,1,0,1,fucking goddess,,Fri Feb 21 14:47:57 +0000 2020,,,,https://twitter.com/leppuccino/status/1230866755813285888,1230866755813285888,512971467
2020-02-21 13:55:39+00:00,leppuccino,veroniscully,1,0,2,come here ,,Fri Feb 21 13:55:39 +0000 2020,,,,https://twitter.com/leppuccino/status/1230853593076465665,1230853593076465665,512971467
2020-02-21 13:40:56+00:00,leppuccino,vivstan2,1,0,1,omg!! congrats!!! do you have pics? loool,,Fri Feb 21 13:40:56 +0000 2020,,,,https://twitter.com/leppuccino/status/1230849888109375490,1230849888109375490,512971467
