date,username,to,replies,retweets,favorites,text,mentions,formatted_date,geo,hashtags,urls,permalink,ID,author_id
2020-02-28 23:47:22+00:00,levalovesyou,,0,0,2,roman polanski won an award??? in the year of out lord 2020???,,Fri Feb 28 23:47:22 +0000 2020,,,,https://twitter.com/levalovesyou/status/1233539219567628289,1233539219567628289,1148957401976102914
2020-02-28 23:05:38+00:00,levalovesyou,darkj0seph_,0,0,0, ,,Fri Feb 28 23:05:38 +0000 2020,,,,https://twitter.com/levalovesyou/status/1233528718091587584,1233528718091587584,1148957401976102914
2020-02-28 23:02:54+00:00,levalovesyou,_agirlisnoone,0,0,11,PERIOD!!! cinematic masterpiece!!!!,,Fri Feb 28 23:02:54 +0000 2020,,,,https://twitter.com/levalovesyou/status/1233528027176427521,1233528027176427521,1148957401976102914
2020-02-28 17:22:24+00:00,levalovesyou,A1MONDMI1K,0,0,0,why does she hate us ,,Fri Feb 28 17:22:24 +0000 2020,,,,https://twitter.com/levalovesyou/status/1233442336824274945,1233442336824274945,1148957401976102914
2020-02-28 17:21:58+00:00,levalovesyou,A1MONDMI1K,0,0,0,on God?????,,Fri Feb 28 17:21:58 +0000 2020,,,,https://twitter.com/levalovesyou/status/1233442231828303872,1233442231828303872,1148957401976102914
2020-02-28 02:33:02+00:00,levalovesyou,mrvndn,0,0,1,ELIZABETH WARREN IS SO FUCKING FUNNY,,Fri Feb 28 02:33:02 +0000 2020,,,,https://twitter.com/levalovesyou/status/1233218522274312193,1233218522274312193,1148957401976102914
2020-02-28 01:12:20+00:00,levalovesyou,,0,0,0,me too ,,Fri Feb 28 01:12:20 +0000 2020,,,,https://twitter.com/levalovesyou/status/1233198215199166466,1233198215199166466,1148957401976102914
2020-02-27 16:21:12+00:00,levalovesyou,,0,2,11,can men PLEASE stop thinking that we wear makeup for them ,,Thu Feb 27 16:21:12 +0000 2020,,,,https://twitter.com/levalovesyou/status/1233064549214978049,1233064549214978049,1148957401976102914
2020-02-27 02:35:00+00:00,levalovesyou,netflix,0,0,4,MR SHUE SHOULDVE GONE TO JAIL,,Thu Feb 27 02:35:00 +0000 2020,,,,https://twitter.com/levalovesyou/status/1232856631114915840,1232856631114915840,1148957401976102914
2020-02-27 02:34:46+00:00,levalovesyou,netflix,0,0,0,rachel is the best character on the damn show,,Thu Feb 27 02:34:46 +0000 2020,,,,https://twitter.com/levalovesyou/status/1232856572843511808,1232856572843511808,1148957401976102914
2020-02-26 19:28:11+00:00,levalovesyou,Hozier,0,1,13,BERNIE 2020 ,,Wed Feb 26 19:28:11 +0000 2020,,,,https://twitter.com/levalovesyou/status/1232749217795493889,1232749217795493889,1148957401976102914
2020-02-26 17:01:25+00:00,levalovesyou,nata_lying,0,0,0,i LOVE you ,,Wed Feb 26 17:01:25 +0000 2020,,,,https://twitter.com/levalovesyou/status/1232712283270324226,1232712283270324226,1148957401976102914
2020-02-26 15:14:23+00:00,levalovesyou,letterboxd,0,0,0,WINNER,,Wed Feb 26 15:14:23 +0000 2020,,,,https://twitter.com/levalovesyou/status/1232685346858708998,1232685346858708998,1148957401976102914
2020-02-26 01:47:06+00:00,levalovesyou,fllenangeIs,0,0,0, ,,Wed Feb 26 01:47:06 +0000 2020,,,,https://twitter.com/levalovesyou/status/1232482185787170816,1232482185787170816,1148957401976102914
2020-02-25 18:44:39+00:00,levalovesyou,,1,0,1,ap lang ,,Tue Feb 25 18:44:39 +0000 2020,,,,https://twitter.com/levalovesyou/status/1232375874068107265,1232375874068107265,1148957401976102914
2020-02-25 12:34:43+00:00,levalovesyou,AfricanDynasty3,2,0,2,so you don’t wash your rice?,,Tue Feb 25 12:34:43 +0000 2020,,,,https://twitter.com/levalovesyou/status/1232282777216786432,1232282777216786432,1148957401976102914
2020-02-25 02:24:16+00:00,levalovesyou,cxrodge,0,0,0,joke is on you from icarly ,,Tue Feb 25 02:24:16 +0000 2020,,,,https://twitter.com/levalovesyou/status/1232129154633609216,1232129154633609216,1148957401976102914
2020-02-25 00:11:05+00:00,levalovesyou,,0,0,0,i’m so tired i hate it here,,Tue Feb 25 00:11:05 +0000 2020,,,,https://twitter.com/levalovesyou/status/1232095634905337857,1232095634905337857,1148957401976102914
2020-02-25 00:08:42+00:00,levalovesyou,filmecritic,0,0,0,fuck the brits xx <3,,Tue Feb 25 00:08:42 +0000 2020,,,,https://twitter.com/levalovesyou/status/1232095034352324614,1232095034352324614,1148957401976102914
2020-02-25 00:07:11+00:00,levalovesyou,LuzzzGomez,0,0,0,1) for being a “slut” because i wore a shirt that showed my bra strap 2) my eyebrows 3) and being “weird” because apparently i did voodoo ,,Tue Feb 25 00:07:11 +0000 2020,,,,https://twitter.com/levalovesyou/status/1232094654318944256,1232094654318944256,1148957401976102914
2020-02-24 23:18:02+00:00,levalovesyou,filmecritic,0,0,0,me too ,,Mon Feb 24 23:18:02 +0000 2020,,,,https://twitter.com/levalovesyou/status/1232082286579003393,1232082286579003393,1148957401976102914
2020-02-24 22:37:12+00:00,levalovesyou,ComplexMusic,0,0,0,this was such a beautiful tribute #MambaOut,,Mon Feb 24 22:37:12 +0000 2020,,#MambaOut,https://twitter.com/ComplexMusic/status/1232014488330788864,https://twitter.com/levalovesyou/status/1232072009703723014,1232072009703723014,1148957401976102914
2020-02-24 22:19:13+00:00,levalovesyou,,1,0,8,i told my ap econ teacher that pete buttigieg is the straightest gay person and ever and he laughed. i’ve never felt more accomplished,,Mon Feb 24 22:19:13 +0000 2020,,,,https://twitter.com/levalovesyou/status/1232067485303746560,1232067485303746560,1148957401976102914
2020-02-24 22:05:04+00:00,levalovesyou,A1MONDMI1K,0,0,1,go platinum but be sure 2 keep up with it,,Mon Feb 24 22:05:04 +0000 2020,,,,https://twitter.com/levalovesyou/status/1232063924507467782,1232063924507467782,1148957401976102914
2020-02-24 02:35:19+00:00,levalovesyou,filmecritic,0,0,3,i went to germany with a muslim .... all she ate was vegetables the entire time,,Mon Feb 24 02:35:19 +0000 2020,,,,https://twitter.com/levalovesyou/status/1231769546903769091,1231769546903769091,1148957401976102914
2020-02-23 23:33:05+00:00,levalovesyou,tltonbroadway,0,0,0,a year and 10 months ,,Sun Feb 23 23:33:05 +0000 2020,,,,https://twitter.com/levalovesyou/status/1231723683120664576,1231723683120664576,1148957401976102914
2020-02-23 18:13:46+00:00,levalovesyou,A1MONDMI1K,0,0,0,AHH ME TOO,,Sun Feb 23 18:13:46 +0000 2020,,,,https://twitter.com/levalovesyou/status/1231643326765568004,1231643326765568004,1148957401976102914
2020-02-23 04:21:47+00:00,levalovesyou,Variety,0,0,0,of course he did.,,Sun Feb 23 04:21:47 +0000 2020,,,,https://twitter.com/levalovesyou/status/1231433949630607361,1231433949630607361,1148957401976102914
2020-02-23 04:19:41+00:00,levalovesyou,BilldeBlasio,0,0,0,maybe mayor de blasio deserves rights.....,,Sun Feb 23 04:19:41 +0000 2020,,,,https://twitter.com/levalovesyou/status/1231433421139959808,1231433421139959808,1148957401976102914
2020-02-23 03:59:16+00:00,levalovesyou,amandaoee_,0,0,1,STOCKHOLM SYNDROME!!! that song is my religion,,Sun Feb 23 03:59:16 +0000 2020,,,,https://twitter.com/levalovesyou/status/1231428285369847808,1231428285369847808,1148957401976102914
2020-02-22 23:45:06+00:00,levalovesyou,APESHITWILLOLD,0,0,0,"i wasnt born yet, i would be born in 2 months and 15 days",,Sat Feb 22 23:45:06 +0000 2020,,,,https://twitter.com/levalovesyou/status/1231364320010919936,1231364320010919936,1148957401976102914
2020-02-22 04:07:28+00:00,levalovesyou,nigeriansosa,1,1,166,girl just download skype ,,Sat Feb 22 04:07:28 +0000 2020,,,,https://twitter.com/levalovesyou/status/1231067959491203073,1231067959491203073,1148957401976102914
2020-02-21 22:37:27+00:00,levalovesyou,,1,0,0,do y’all consider an “only child” who has TECHNICALLY had other siblings but they died in the womb an only child?,,Fri Feb 21 22:37:27 +0000 2020,,,,https://twitter.com/levalovesyou/status/1230984909461872640,1230984909461872640,1148957401976102914
2020-02-21 12:44:48+00:00,levalovesyou,ClaudiaKoerner,0,0,3,hoes mad,,Fri Feb 21 12:44:48 +0000 2020,,,,https://twitter.com/levalovesyou/status/1230835765149667329,1230835765149667329,1148957401976102914
2020-02-21 02:12:41+00:00,levalovesyou,mothicbeauty,0,0,1,an actual SERVE,,Fri Feb 21 02:12:41 +0000 2020,,,,https://twitter.com/levalovesyou/status/1230676685500096513,1230676685500096513,1148957401976102914
2020-02-20 16:51:25+00:00,levalovesyou,dylstonee,1,0,1,literally a classic !,,Thu Feb 20 16:51:25 +0000 2020,,,,https://twitter.com/levalovesyou/status/1230535438974230530,1230535438974230530,1148957401976102914
2020-02-20 13:09:22+00:00,levalovesyou,_xoitzbellaxo_,0,0,1,bro glee ,,Thu Feb 20 13:09:22 +0000 2020,,,,https://twitter.com/levalovesyou/status/1230479559709073408,1230479559709073408,1148957401976102914
2020-02-20 03:04:41+00:00,levalovesyou,amandaoee_,1,1,35,THE UPSIDE DOWN SHOW,,Thu Feb 20 03:04:41 +0000 2020,,,,https://twitter.com/levalovesyou/status/1230327385880498176,1230327385880498176,1148957401976102914
2020-02-20 02:00:41+00:00,levalovesyou,DreamHorseMovie,0,0,0,TONI HIVE RISEEEE,,Thu Feb 20 02:00:41 +0000 2020,,,,https://twitter.com/levalovesyou/status/1230311278801014784,1230311278801014784,1148957401976102914
2020-02-20 01:59:56+00:00,levalovesyou,,1,1,3,it’s funny how just 2 years ago i was scared to watch a quiet place but now midsommar is one of my favorite films ,,Thu Feb 20 01:59:56 +0000 2020,,,,https://twitter.com/levalovesyou/status/1230311091181412352,1230311091181412352,1148957401976102914
2020-02-19 19:37:24+00:00,levalovesyou,loudandfearless,0,0,0,an american girl: chrissa stands strong the bully girl terrified me,,Wed Feb 19 19:37:24 +0000 2020,,,,https://twitter.com/levalovesyou/status/1230214820085075971,1230214820085075971,1148957401976102914
2020-02-19 19:36:21+00:00,levalovesyou,co1epreston,0,0,0,rocketman or hairspray,,Wed Feb 19 19:36:21 +0000 2020,,,,https://twitter.com/levalovesyou/status/1230214557647462402,1230214557647462402,1148957401976102914
2020-02-19 03:37:41+00:00,levalovesyou,,0,0,3,kaitlin bennett is a leo... everything makes sense now,,Wed Feb 19 03:37:41 +0000 2020,,,,https://twitter.com/levalovesyou/status/1229973301763637254,1229973301763637254,1148957401976102914
2020-02-19 02:44:33+00:00,levalovesyou,tooruasf,0,0,1,9:15-4:03,,Wed Feb 19 02:44:33 +0000 2020,,,,https://twitter.com/levalovesyou/status/1229959930498756608,1229959930498756608,1148957401976102914
2020-02-18 21:31:47+00:00,levalovesyou,nata_lying,1,0,4,u used to be one i don’t forget.,,Tue Feb 18 21:31:47 +0000 2020,,,,https://twitter.com/levalovesyou/status/1229881220575760387,1229881220575760387,1148957401976102914
2020-02-18 17:58:19+00:00,levalovesyou,,0,0,6,"me: i hate men they literally suck also me: *makes myself look nice for a BOY that i’ve spoken to like, twice, and i have NO classes*",,Tue Feb 18 17:58:19 +0000 2020,,,,https://twitter.com/levalovesyou/status/1229827498923438082,1229827498923438082,1148957401976102914
2020-02-18 17:18:08+00:00,levalovesyou,,0,0,1,talking about us income taxes in ap econ today.... i hâté it here,,Tue Feb 18 17:18:08 +0000 2020,,,,https://twitter.com/levalovesyou/status/1229817385584091136,1229817385584091136,1148957401976102914
2020-02-17 23:39:02+00:00,levalovesyou,filmecritic,0,0,0,uwu,,Mon Feb 17 23:39:02 +0000 2020,,,,https://twitter.com/levalovesyou/status/1229550853440393217,1229550853440393217,1148957401976102914
2020-02-17 22:25:58+00:00,levalovesyou,twinkpeaks_,0,0,1,LMAOOOOO,,Mon Feb 17 22:25:58 +0000 2020,,,,https://twitter.com/levalovesyou/status/1229532468673470464,1229532468673470464,1148957401976102914
2020-02-17 22:21:36+00:00,levalovesyou,pursuitofcorey,0,0,0,"6, 8+",,Mon Feb 17 22:21:36 +0000 2020,,,,https://twitter.com/levalovesyou/status/1229531369988116480,1229531369988116480,1148957401976102914
2020-02-17 00:12:12+00:00,levalovesyou,jakesastrology,0,0,0,"virgin sun, waterbearer moon, and scales rising !!",,Mon Feb 17 00:12:12 +0000 2020,,,,https://twitter.com/levalovesyou/status/1229196812029976577,1229196812029976577,1148957401976102914
2020-02-16 21:53:38+00:00,levalovesyou,juhuuri,1,0,0,no ,,Sun Feb 16 21:53:38 +0000 2020,,,,https://twitter.com/levalovesyou/status/1229161940825427969,1229161940825427969,1148957401976102914
2020-02-16 18:48:36+00:00,levalovesyou,FIexLuthor,0,1,4,not funny didn’t laugh.,,Sun Feb 16 18:48:36 +0000 2020,,,,https://twitter.com/levalovesyou/status/1229115377801744384,1229115377801744384,1148957401976102914
2020-02-16 03:10:39+00:00,levalovesyou,martiansenpai_,0,0,0,libra/aries/cancer... the aries has me scared,,Sun Feb 16 03:10:39 +0000 2020,,,,https://twitter.com/levalovesyou/status/1228879333323919360,1228879333323919360,1148957401976102914
2020-02-15 21:07:15+00:00,levalovesyou,,0,0,1,1) i LOVE these people too! and you should be celebrating their jewishness! 2) you mentioned israel so i felt like it’s my place as a jewish woman to comment free palestine.,,Sat Feb 15 21:07:15 +0000 2020,,,,https://twitter.com/levalovesyou/status/1228787882539847682,1228787882539847682,1148957401976102914
2020-02-15 21:00:15+00:00,levalovesyou,levalovesyou,1,0,1,also i only mentioned palestine because the tweet said “natalie portman an ISRAELI JEW”,,Sat Feb 15 21:00:15 +0000 2020,,,,https://twitter.com/levalovesyou/status/1228786122131755008,1228786122131755008,1148957401976102914
2020-02-15 20:59:22+00:00,levalovesyou,genialgardener,1,0,1,i’m literally jewish.,,Sat Feb 15 20:59:22 +0000 2020,,,,https://twitter.com/levalovesyou/status/1228785898877313026,1228785898877313026,1148957401976102914
2020-02-15 17:03:36+00:00,levalovesyou,amandaoee_,1,0,2,prince of egypt and road to el dorado are God tier,,Sat Feb 15 17:03:36 +0000 2020,,,,https://twitter.com/levalovesyou/status/1228726567314034689,1228726567314034689,1148957401976102914
2020-02-15 01:05:10+00:00,levalovesyou,PopCrave,0,0,0,i’m. devastated.,,Sat Feb 15 01:05:10 +0000 2020,,,,https://twitter.com/levalovesyou/status/1228485368233758722,1228485368233758722,1148957401976102914
2020-02-15 01:02:42+00:00,levalovesyou,almostfuckingdo,0,0,0,c6e,,Sat Feb 15 01:02:42 +0000 2020,,,,https://twitter.com/levalovesyou/status/1228484745182490625,1228484745182490625,1148957401976102914
2020-02-15 00:29:27+00:00,levalovesyou,,1,0,2,just found out one of my irls doesn’t watch movies but only watched the cinema sins ,,Sat Feb 15 00:29:27 +0000 2020,,,,https://twitter.com/levalovesyou/status/1228476379693506560,1228476379693506560,1148957401976102914
2020-02-14 04:31:43+00:00,levalovesyou,lolchatterjee,0,0,0,did i ask ,,Fri Feb 14 04:31:43 +0000 2020,,,,https://twitter.com/levalovesyou/status/1228174960272691201,1228174960272691201,1148957401976102914
2020-02-14 00:56:59+00:00,levalovesyou,,0,0,3,we won today dev nation,,Fri Feb 14 00:56:59 +0000 2020,,,,https://twitter.com/levalovesyou/status/1228120920113414144,1228120920113414144,1148957401976102914
2020-02-13 19:49:22+00:00,levalovesyou,amandaoee_,0,0,0,we have lockers but no one uses them ,,Thu Feb 13 19:49:22 +0000 2020,,,,https://twitter.com/levalovesyou/status/1228043505202868224,1228043505202868224,1148957401976102914
2020-02-13 17:14:49+00:00,levalovesyou,,0,0,0,DEV NATION RISEEEEE https://twitter.com/A24/status/1227954325827149827,,Thu Feb 13 17:14:49 +0000 2020,,,https://twitter.com/A24/status/1227954325827149827,https://twitter.com/levalovesyou/status/1228004611472207872,1228004611472207872,1148957401976102914
2020-02-13 15:59:28+00:00,levalovesyou,_xoitzbellaxo_,2,0,0,i don’t know how but that’s offensive,,Thu Feb 13 15:59:28 +0000 2020,,,,https://twitter.com/levalovesyou/status/1227985651473289219,1227985651473289219,1148957401976102914
2020-02-13 13:29:46+00:00,levalovesyou,KnoMoor,0,0,1,no lol i figured out last year when i was 15 ,,Thu Feb 13 13:29:46 +0000 2020,,,,https://twitter.com/levalovesyou/status/1227947977009958912,1227947977009958912,1148957401976102914
2020-02-13 01:37:57+00:00,levalovesyou,isaacnzzzzzz,0,0,1,"omg ross stop!!! ur not stupid!!! ur a strong, beautiful, and smart BLACK WOMAN",,Thu Feb 13 01:37:57 +0000 2020,,,,https://twitter.com/levalovesyou/status/1227768840714502146,1227768840714502146,1148957401976102914
2020-02-12 01:09:15+00:00,levalovesyou,,2,0,6,yay!!! but also free palestine,,Wed Feb 12 01:09:15 +0000 2020,,,,https://twitter.com/levalovesyou/status/1227399231603953664,1227399231603953664,1148957401976102914
2020-02-11 19:33:10+00:00,levalovesyou,dykesinfilms,0,3,356,she is so BEAUTIFUL WTF,,Tue Feb 11 19:33:10 +0000 2020,,,,https://twitter.com/levalovesyou/status/1227314651605688320,1227314651605688320,1148957401976102914
2020-02-11 00:28:14+00:00,levalovesyou,,0,0,1,i just want an a in micro PLEASE,,Tue Feb 11 00:28:14 +0000 2020,,,,https://twitter.com/levalovesyou/status/1227026521644290049,1227026521644290049,1148957401976102914
2020-02-11 00:27:55+00:00,levalovesyou,,1,0,1,mr clifford making me pay for his micro unit 5 summary is my villain origin story,,Tue Feb 11 00:27:55 +0000 2020,,,,https://twitter.com/levalovesyou/status/1227026443533783042,1227026443533783042,1148957401976102914
2020-02-11 00:15:45+00:00,levalovesyou,hragonfly,0,0,0,,,Tue Feb 11 00:15:45 +0000 2020,,,,https://twitter.com/levalovesyou/status/1227023381100449792,1227023381100449792,1148957401976102914
2020-02-10 23:47:32+00:00,levalovesyou,,0,0,1,new layout for the winners #NewProfilePic,,Mon Feb 10 23:47:32 +0000 2020,,#NewProfilePic,,https://twitter.com/levalovesyou/status/1227016277895663616,1227016277895663616,1148957401976102914
2020-02-10 04:43:11+00:00,levalovesyou,,0,0,2,victory is SWEET https://twitter.com/danversdameron/status/1226725077502152704/video/1,,Mon Feb 10 04:43:11 +0000 2020,,,https://twitter.com/danversdameron/status/1226725077502152704/video/1,https://twitter.com/levalovesyou/status/1226728292482506752,1226728292482506752,1148957401976102914
2020-02-10 04:35:34+00:00,levalovesyou,TheAcademy,0,0,0,I TAKE BACK EVERYTHING I SAID ABOUT YALL,,Mon Feb 10 04:35:34 +0000 2020,,,,https://twitter.com/levalovesyou/status/1226726376205619200,1226726376205619200,1148957401976102914
2020-02-10 04:34:58+00:00,levalovesyou,,1,0,0,BONG NATION HOW WE FEELIN,,Mon Feb 10 04:34:58 +0000 2020,,,,https://twitter.com/levalovesyou/status/1226726227391733761,1226726227391733761,1148957401976102914
2020-02-10 04:34:38+00:00,levalovesyou,,1,0,0,YUP YUP YUP THEYRE WINNERS,,Mon Feb 10 04:34:38 +0000 2020,,,,https://twitter.com/levalovesyou/status/1226726141978980352,1226726141978980352,1148957401976102914
2020-02-10 04:33:41+00:00,levalovesyou,,1,0,0,WINNERS,,Mon Feb 10 04:33:41 +0000 2020,,,,https://twitter.com/levalovesyou/status/1226725903478202369,1226725903478202369,1148957401976102914
2020-02-10 04:32:22+00:00,levalovesyou,,1,0,0,PARASITE BEST PICTURE YASSSS,,Mon Feb 10 04:32:22 +0000 2020,,,,https://twitter.com/levalovesyou/status/1226725572203732993,1226725572203732993,1148957401976102914
2020-02-10 04:20:33+00:00,levalovesyou,,1,0,0,anyways this is bong joon ho’s rection for when he wins best picture ,,Mon Feb 10 04:20:33 +0000 2020,,,,https://twitter.com/levalovesyou/status/1226722600166023168,1226722600166023168,1148957401976102914
2020-02-10 04:19:23+00:00,levalovesyou,,1,0,0,renee.... best actress.... huh,,Mon Feb 10 04:19:23 +0000 2020,,,,https://twitter.com/levalovesyou/status/1226722304077500416,1226722304077500416,1148957401976102914
2020-02-10 04:13:18+00:00,levalovesyou,,1,0,0,i’m very happy for joaquin don’t get my wrong but .... the filmbros ... they’ve won ......,,Mon Feb 10 04:13:18 +0000 2020,,,,https://twitter.com/levalovesyou/status/1226720774213468160,1226720774213468160,1148957401976102914
2020-02-10 04:08:35+00:00,levalovesyou,,1,0,0,not joker....,,Mon Feb 10 04:08:35 +0000 2020,,,,https://twitter.com/levalovesyou/status/1226719588420812802,1226719588420812802,1148957401976102914
2020-02-10 04:08:25+00:00,levalovesyou,,1,0,0,parasite sweeps but at what cost.....,,Mon Feb 10 04:08:25 +0000 2020,,,,https://twitter.com/levalovesyou/status/1226719545903239169,1226719545903239169,1148957401976102914
2020-02-10 03:58:04+00:00,levalovesyou,,1,0,0,he is SO FUNNY ugh comedic king,,Mon Feb 10 03:58:04 +0000 2020,,,,https://twitter.com/levalovesyou/status/1226716941794136064,1226716941794136064,1148957401976102914
2020-02-10 03:57:26+00:00,levalovesyou,,1,0,0,BEST DIRECTOR BONG JOON HO YASSSS https://twitter.com/rogueun/status/1216461829846773760/video/1,,Mon Feb 10 03:57:26 +0000 2020,,,https://twitter.com/rogueun/status/1216461829846773760/video/1,https://twitter.com/levalovesyou/status/1226716782645403649,1226716782645403649,1148957401976102914
2020-02-10 03:46:26+00:00,levalovesyou,,1,0,0,YASSSSS IM GONNA LOVE ME AGAIN WON THE OSCAR,,Mon Feb 10 03:46:26 +0000 2020,,,,https://twitter.com/levalovesyou/status/1226714012429275136,1226714012429275136,1148957401976102914
2020-02-10 03:43:31+00:00,levalovesyou,,1,0,0,LITTLE WOMEN WAS SNUBBED I CANNOT BELIEVE,,Mon Feb 10 03:43:31 +0000 2020,,,,https://twitter.com/levalovesyou/status/1226713278509912064,1226713278509912064,1148957401976102914
2020-02-10 03:34:21+00:00,levalovesyou,,1,0,0,i’m barely keeping it together in front of my mother,,Mon Feb 10 03:34:21 +0000 2020,,,,https://twitter.com/levalovesyou/status/1226710972787822592,1226710972787822592,1148957401976102914
2020-02-10 03:33:51+00:00,levalovesyou,,1,0,1,tiny dancer played TWICE in one night on this goddamn channel do y’all WANT me to cry??????,,Mon Feb 10 03:33:51 +0000 2020,,,,https://twitter.com/levalovesyou/status/1226710845754925059,1226710845754925059,1148957401976102914
2020-02-10 03:31:28+00:00,levalovesyou,,1,0,1,unpopular opinion but rocketman should’ve been nominated for more awards ,,Mon Feb 10 03:31:28 +0000 2020,,,,https://twitter.com/levalovesyou/status/1226710244178432000,1226710244178432000,1148957401976102914
2020-02-10 03:28:40+00:00,levalovesyou,,1,0,1,IM GONNA LOVE ME AGAIN YAAAASSSSS SONG OF THE YEAR,,Mon Feb 10 03:28:40 +0000 2020,,,,https://twitter.com/levalovesyou/status/1226709543192756224,1226709543192756224,1148957401976102914
2020-02-10 03:25:58+00:00,levalovesyou,,1,0,0,UH HUH YUP PARASITE WINS,,Mon Feb 10 03:25:58 +0000 2020,,,,https://twitter.com/levalovesyou/status/1226708861119352832,1226708861119352832,1148957401976102914
2020-02-10 03:13:35+00:00,levalovesyou,,1,0,0,JAMES CORDEN AND REBEL WILSON CATS PLEASE,,Mon Feb 10 03:13:35 +0000 2020,,,,https://twitter.com/levalovesyou/status/1226705747465121792,1226705747465121792,1148957401976102914
2020-02-10 02:32:16+00:00,levalovesyou,qhantomthread,0,0,0,made me cry ngl,,Mon Feb 10 02:32:16 +0000 2020,,,,https://twitter.com/levalovesyou/status/1226695346597826561,1226695346597826561,1148957401976102914
2020-02-10 02:30:58+00:00,levalovesyou,,1,0,0,also how come the tiny dancer scene from almost famous made me cry .,,Mon Feb 10 02:30:58 +0000 2020,,,,https://twitter.com/levalovesyou/status/1226695019890987008,1226695019890987008,1148957401976102914
2020-02-10 02:30:11+00:00,levalovesyou,,1,0,0,EMINEM???????,,Mon Feb 10 02:30:11 +0000 2020,,,,https://twitter.com/levalovesyou/status/1226694824801251329,1226694824801251329,1148957401976102914
2020-02-10 02:29:51+00:00,levalovesyou,,1,0,0,i love music wow,,Mon Feb 10 02:29:51 +0000 2020,,,,https://twitter.com/levalovesyou/status/1226694739434573825,1226694739434573825,1148957401976102914
2020-02-10 02:27:17+00:00,levalovesyou,,1,0,0,a winner,,Mon Feb 10 02:27:17 +0000 2020,,,,https://twitter.com/levalovesyou/status/1226694092341547010,1226694092341547010,1148957401976102914
