date,username,to,replies,retweets,favorites,text,mentions,formatted_date,geo,hashtags,urls,permalink,ID,author_id
2020-02-27 17:47:11+00:00,LilNasX,,610,4897,58134,bro idk what the hell is going on... @CalvinKlein. Deal With It. #MYCALVINS,@CalvinKlein,Thu Feb 27 17:47:11 +0000 2020,,#MYCALVINS,,https://twitter.com/LilNasX/status/1233086186043801601,1233086186043801601,754006735468261376
2020-02-27 15:59:41+00:00,LilNasX,FerhatB2004,10,15,1616,,,Thu Feb 27 15:59:41 +0000 2020,,,,https://twitter.com/LilNasX/status/1233059135026974720,1233059135026974720,754006735468261376
2020-02-27 15:52:28+00:00,LilNasX,,1310,8672,139186,my album finna slap so fuckin hard,,Thu Feb 27 15:52:28 +0000 2020,,,,https://twitter.com/LilNasX/status/1233057317014450176,1233057317014450176,754006735468261376
2020-02-27 06:41:32+00:00,LilNasX,,452,3974,110278,sonic replied to me on twitter,,Thu Feb 27 06:41:32 +0000 2020,,,,https://twitter.com/LilNasX/status/1232918671091064832,1232918671091064832,754006735468261376
2020-02-26 20:32:12+00:00,LilNasX,,897,36820,367091,ma... i missed the... school bus again ,,Wed Feb 26 20:32:12 +0000 2020,,,,https://twitter.com/LilNasX/status/1232765329727614976,1232765329727614976,754006735468261376
2020-02-26 17:32:09+00:00,LilNasX,DojaCat,78,351,8336,didn’t even know it the punchist that u roll it ,,Wed Feb 26 17:32:09 +0000 2020,,,,https://twitter.com/LilNasX/status/1232720015700324352,1232720015700324352,754006735468261376
2020-02-26 16:20:30+00:00,LilNasX,lilnasxmajor,16,9,380,i’m new ,,Wed Feb 26 16:20:30 +0000 2020,,,,https://twitter.com/LilNasX/status/1232701986652295170,1232701986652295170,754006735468261376
2020-02-26 15:53:32+00:00,LilNasX,,3914,1475,48809,"which video yall like the most?? otr, panini, or rodeo?",,Wed Feb 26 15:53:32 +0000 2020,,,,https://twitter.com/LilNasX/status/1232695198393622528,1232695198393622528,754006735468261376
2020-02-26 15:29:56+00:00,LilNasX,nopeifyaltalt,20,90,1983,,,Wed Feb 26 15:29:56 +0000 2020,,,,https://twitter.com/LilNasX/status/1232689260278345735,1232689260278345735,754006735468261376
2020-02-26 14:25:08+00:00,LilNasX,,3519,49667,365614,good morning to ugly people only! sexy mfs sit yo stankin ass down. ,,Wed Feb 26 14:25:08 +0000 2020,,,,https://twitter.com/LilNasX/status/1232672951507402752,1232672951507402752,754006735468261376
2020-02-26 13:42:02+00:00,LilNasX,xprgamez,4,2,65,?,,Wed Feb 26 13:42:02 +0000 2020,,,,https://twitter.com/LilNasX/status/1232662105343479808,1232662105343479808,754006735468261376
2020-02-25 21:23:09+00:00,LilNasX,,979,26282,259634,famous person: *posts picture at a relatives funeral* first comment: 𝘿𝙊𝙉𝙏 𝘾𝙇𝙄𝘾𝙆 𝙊𝙉 𝙈𝙔 𝙋𝘼𝙂𝙀 𝙄𝙁 𝙔𝙊𝙐 𝘿𝙊𝙉𝙏 𝙒𝘼𝙉𝙏 𝙏𝙊 𝙎𝙀𝙀 𝓜𝓨 𝓦𝓔𝓣 𝓟𝓤𝓢𝓢𝓨 ,,Tue Feb 25 21:23:09 +0000 2020,,,,https://twitter.com/LilNasX/status/1232415761261457409,1232415761261457409,754006735468261376
2020-02-25 20:45:07+00:00,LilNasX,Rico_nastyy,25,326,6608,thank u for ur service,,Tue Feb 25 20:45:07 +0000 2020,,,,https://twitter.com/LilNasX/status/1232406189238972417,1232406189238972417,754006735468261376
2020-02-25 18:58:01+00:00,LilNasX,,982,33452,159296,,,Tue Feb 25 18:58:01 +0000 2020,,,,https://twitter.com/LilNasX/status/1232379236557541376,1232379236557541376,754006735468261376
2020-02-25 17:35:02+00:00,LilNasX,,1154,27956,229391,twitter do ur thang ,,Tue Feb 25 17:35:02 +0000 2020,,,,https://twitter.com/LilNasX/status/1232358355819061248,1232358355819061248,754006735468261376
2020-02-25 17:27:26+00:00,LilNasX,,26,6,102,@lilnasxmajor dm,@lilnasxmajor,Tue Feb 25 17:27:26 +0000 2020,,,,https://twitter.com/LilNasX/status/1232356440238514176,1232356440238514176,754006735468261376
2020-02-25 12:38:09+00:00,LilNasX,lilnasxmajor,19,4,127, ,,Tue Feb 25 12:38:09 +0000 2020,,,,https://twitter.com/LilNasX/status/1232283643172638720,1232283643172638720,754006735468261376
2020-02-25 02:12:16+00:00,LilNasX,gravelines_theo,4,3,166,dm,,Tue Feb 25 02:12:16 +0000 2020,,,,https://twitter.com/LilNasX/status/1232126132557877249,1232126132557877249,754006735468261376
2020-02-25 01:55:47+00:00,LilNasX,Froste,20,43,2804,get off twitch... and come back to bed?,,Tue Feb 25 01:55:47 +0000 2020,,,,https://twitter.com/LilNasX/status/1232121984881836033,1232121984881836033,754006735468261376
2020-02-25 01:51:23+00:00,LilNasX,CrypticNoOne,56,174,9012,i felt that bro ,,Tue Feb 25 01:51:23 +0000 2020,,,,https://twitter.com/LilNasX/status/1232120878671921152,1232120878671921152,754006735468261376
2020-02-25 00:35:41+00:00,LilNasX,,3041,8851,131012,NEW SONG FEBRUARY 30TH!!,,Tue Feb 25 00:35:41 +0000 2020,,,,https://twitter.com/LilNasX/status/1232101828080234497,1232101828080234497,754006735468261376
2020-02-24 21:42:12+00:00,LilNasX,daddylilnas,444,10744,215639,this was my first wine cooler i was pretending to be drunk,,Mon Feb 24 21:42:12 +0000 2020,,,https://twitter.com/daddylilnas/status/1232051890956963840,https://twitter.com/LilNasX/status/1232058167191724032,1232058167191724032,754006735468261376
2020-02-24 19:23:20+00:00,LilNasX,,1001,51703,387942,"me sitting at home when j cole said “some niggas make millions, other niggas make memes”",,Mon Feb 24 19:23:20 +0000 2020,,,,https://twitter.com/LilNasX/status/1232023221190328321,1232023221190328321,754006735468261376
2020-02-24 18:59:04+00:00,LilNasX,PowerRangers,11,46,6859,yes please ! ,,Mon Feb 24 18:59:04 +0000 2020,,,,https://twitter.com/LilNasX/status/1232017113054732291,1232017113054732291,754006735468261376
2020-02-24 18:55:15+00:00,LilNasX,zmxsy,10,100,8971,u will be removed,,Mon Feb 24 18:55:15 +0000 2020,,,,https://twitter.com/LilNasX/status/1232016155310575616,1232016155310575616,754006735468261376
2020-02-24 18:05:48+00:00,LilNasX,carkgirl,13,96,10486,ok will ask dad he has new car,,Mon Feb 24 18:05:48 +0000 2020,,,,https://twitter.com/LilNasX/status/1232003710693171200,1232003710693171200,754006735468261376
2020-02-24 18:05:06+00:00,LilNasX,crystarius,13,68,8860,ok will tell mom,,Mon Feb 24 18:05:06 +0000 2020,,,,https://twitter.com/LilNasX/status/1232003534574407680,1232003534574407680,754006735468261376
2020-02-24 18:02:53+00:00,LilNasX,,2763,20699,246946,having my birthday party at chuck e. cheese in a few weeks if any of u want to come. will have plenty of juice n snacks. will be a boy girl party. nobody’s allowed to wear heelys only me.,,Mon Feb 24 18:02:53 +0000 2020,,,,https://twitter.com/LilNasX/status/1232002975339446272,1232002975339446272,754006735468261376
2020-02-24 14:49:54+00:00,LilNasX,ItsHippyPotter,3,2,135,dm,,Mon Feb 24 14:49:54 +0000 2020,,,,https://twitter.com/LilNasX/status/1231954408407126016,1231954408407126016,754006735468261376
2020-02-24 14:48:10+00:00,LilNasX,dinkzjpeg,2,0,124,dm,,Mon Feb 24 14:48:10 +0000 2020,,,,https://twitter.com/LilNasX/status/1231953971314429956,1231953971314429956,754006735468261376
2020-02-24 14:46:52+00:00,LilNasX,Shellanin,7,4,344,dm,,Mon Feb 24 14:46:52 +0000 2020,,,,https://twitter.com/LilNasX/status/1231953644691476481,1231953644691476481,754006735468261376
2020-02-24 05:55:28+00:00,LilNasX,LilNasXSon,19,17,344,i love this so much i could fart,,Mon Feb 24 05:55:28 +0000 2020,,,,https://twitter.com/LilNasX/status/1231819916036018177,1231819916036018177,754006735468261376
2020-02-24 01:27:26+00:00,LilNasX,Yungg_Itachi,6,1,284,dm,,Mon Feb 24 01:27:26 +0000 2020,,,,https://twitter.com/LilNasX/status/1231752464178671616,1231752464178671616,754006735468261376
2020-02-24 01:17:07+00:00,LilNasX,JhbTeam,83,85,3516,yep it’s me lil nas x from old town road. crazy that i’m even here rn huh twitter user & the mob editor JhbTeam,,Mon Feb 24 01:17:07 +0000 2020,,,,https://twitter.com/LilNasX/status/1231749865534709760,1231749865534709760,754006735468261376
2020-02-24 01:12:37+00:00,LilNasX,JhbTeam,46,16,1868,,,Mon Feb 24 01:12:37 +0000 2020,,,,https://twitter.com/LilNasX/status/1231748734926516225,1231748734926516225,754006735468261376
2020-02-24 00:47:18+00:00,LilNasX,Joric_art,3,2,360,dm,,Mon Feb 24 00:47:18 +0000 2020,,,,https://twitter.com/LilNasX/status/1231742361023078401,1231742361023078401,754006735468261376
2020-02-23 23:48:57+00:00,LilNasX,bigbofficial,5,0,196,dm,,Sun Feb 23 23:48:57 +0000 2020,,,,https://twitter.com/LilNasX/status/1231727679885299714,1231727679885299714,754006735468261376
2020-02-23 23:34:42+00:00,LilNasX,atomicherryy,14,8,1223,dm,,Sun Feb 23 23:34:42 +0000 2020,,,,https://twitter.com/LilNasX/status/1231724093054935040,1231724093054935040,754006735468261376
2020-02-23 23:24:21+00:00,LilNasX,,7855,617,16361,"sending $200 to 10 random artists in the replies!! drop your favorite piece of yours below this tweet! music, drawings, ect.",,Sun Feb 23 23:24:21 +0000 2020,,,,https://twitter.com/LilNasX/status/1231721486617993216,1231721486617993216,754006735468261376
2020-02-23 22:04:50+00:00,LilNasX,Kyle_Dressel,3,2,107,dm,,Sun Feb 23 22:04:50 +0000 2020,,,,https://twitter.com/LilNasX/status/1231701477824974848,1231701477824974848,754006735468261376
2020-02-23 22:04:44+00:00,LilNasX,sepplplus,1,1,110,dm,,Sun Feb 23 22:04:44 +0000 2020,,,,https://twitter.com/LilNasX/status/1231701450033487872,1231701450033487872,754006735468261376
2020-02-23 22:04:32+00:00,LilNasX,KgZlos,1,0,125,dm,,Sun Feb 23 22:04:32 +0000 2020,,,,https://twitter.com/LilNasX/status/1231701401908105216,1231701401908105216,754006735468261376
2020-02-23 22:04:25+00:00,LilNasX,Authenticc__Dre,8,1,288,dm,,Sun Feb 23 22:04:25 +0000 2020,,,,https://twitter.com/LilNasX/status/1231701370215915520,1231701370215915520,754006735468261376
2020-02-23 22:02:25+00:00,LilNasX,,3505,227,13509,"sending $50 to the 5th, 10th, 15th, 20th person to name this show",,Sun Feb 23 22:02:25 +0000 2020,,,,https://twitter.com/LilNasX/status/1231700869499895808,1231700869499895808,754006735468261376
2020-02-23 20:31:15+00:00,LilNasX,Quackity,74,426,27579,it’s vegan candle don’t worry ,,Sun Feb 23 20:31:15 +0000 2020,,,,https://twitter.com/LilNasX/status/1231677924035776514,1231677924035776514,754006735468261376
2020-02-23 20:29:57+00:00,LilNasX,NalgeneBoy,8,4,132,can u link me to this i need context,,Sun Feb 23 20:29:57 +0000 2020,,,,https://twitter.com/LilNasX/status/1231677599044243456,1231677599044243456,754006735468261376
2020-02-23 20:24:32+00:00,LilNasX,,2827,13831,230089,much needed ,,Sun Feb 23 20:24:32 +0000 2020,,,,https://twitter.com/LilNasX/status/1231676235429875713,1231676235429875713,754006735468261376
2020-02-23 16:48:58+00:00,LilNasX,bradleyxo_,6,2,194,dm,,Sun Feb 23 16:48:58 +0000 2020,,,,https://twitter.com/LilNasX/status/1231621984859164673,1231621984859164673,754006735468261376
2020-02-23 16:48:48+00:00,LilNasX,WhosBreezyUK,15,1,373,dm,,Sun Feb 23 16:48:48 +0000 2020,,,,https://twitter.com/LilNasX/status/1231621944715468800,1231621944715468800,754006735468261376
2020-02-23 16:48:41+00:00,LilNasX,Vraxooo,8,1,243,dm,,Sun Feb 23 16:48:41 +0000 2020,,,,https://twitter.com/LilNasX/status/1231621916324253696,1231621916324253696,754006735468261376
2020-02-23 16:48:36+00:00,LilNasX,bigbirdknowsrap,6,1,165,dm,,Sun Feb 23 16:48:36 +0000 2020,,,,https://twitter.com/LilNasX/status/1231621893679206401,1231621893679206401,754006735468261376
2020-02-23 16:48:31+00:00,LilNasX,c7osurestan,7,1,258,dm,,Sun Feb 23 16:48:31 +0000 2020,,,,https://twitter.com/LilNasX/status/1231621870535036928,1231621870535036928,754006735468261376
2020-02-23 16:47:06+00:00,LilNasX,,1690,174,11707,sending $30 to the first 5 people who reply with the first word in this song,,Sun Feb 23 16:47:06 +0000 2020,,,,https://twitter.com/LilNasX/status/1231621515629793283,1231621515629793283,754006735468261376
2020-02-23 16:36:59+00:00,LilNasX,versacebladez,4,0,381,dm,,Sun Feb 23 16:36:59 +0000 2020,,,,https://twitter.com/LilNasX/status/1231618968412180481,1231618968412180481,754006735468261376
2020-02-23 16:28:14+00:00,LilNasX,dreamiepanini,44,2,209,who should i give it to?,,Sun Feb 23 16:28:14 +0000 2020,,,,https://twitter.com/LilNasX/status/1231616766750740480,1231616766750740480,754006735468261376
2020-02-23 16:27:54+00:00,LilNasX,caitlinla7,53,8,819,who should i give it to on ur behalf,,Sun Feb 23 16:27:54 +0000 2020,,,,https://twitter.com/LilNasX/status/1231616683221143553,1231616683221143553,754006735468261376
2020-02-23 16:26:05+00:00,LilNasX,steezewav,19,40,2913,yeah dm me,,Sun Feb 23 16:26:05 +0000 2020,,,,https://twitter.com/LilNasX/status/1231616226864115713,1231616226864115713,754006735468261376
2020-02-23 16:24:46+00:00,LilNasX,caitlinla7,14,7,1625,what’s ur cashapp?,,Sun Feb 23 16:24:46 +0000 2020,,,,https://twitter.com/LilNasX/status/1231615896654950402,1231615896654950402,754006735468261376
2020-02-23 16:24:33+00:00,LilNasX,dreamiepanini,9,1,591,what’s ur cashapp?,,Sun Feb 23 16:24:33 +0000 2020,,,,https://twitter.com/LilNasX/status/1231615842816811011,1231615842816811011,754006735468261376
2020-02-23 16:24:06+00:00,LilNasX,neymiana,7,1,513,what’s ur cashapp,,Sun Feb 23 16:24:06 +0000 2020,,,,https://twitter.com/LilNasX/status/1231615727955783680,1231615727955783680,754006735468261376
2020-02-23 16:23:41+00:00,LilNasX,steezewav,23,6,2512,what’s ur cashapp,,Sun Feb 23 16:23:41 +0000 2020,,,,https://twitter.com/LilNasX/status/1231615622225723393,1231615622225723393,754006735468261376
2020-02-23 16:23:13+00:00,LilNasX,,4586,1855,66110,sending $20 on cashapp. to the first 7 people to reply with the phrase he said in this video,,Sun Feb 23 16:23:13 +0000 2020,,,,https://twitter.com/LilNasX/status/1231615506014228486,1231615506014228486,754006735468261376
2020-02-23 15:32:17+00:00,LilNasX,dripnasxx,20,1,125,panini,,Sun Feb 23 15:32:17 +0000 2020,,,,https://twitter.com/LilNasX/status/1231602686065332227,1231602686065332227,754006735468261376
2020-02-23 04:00:10+00:00,LilNasX,ayyyitsroger,16,26,521,maybe,,Sun Feb 23 04:00:10 +0000 2020,,,,https://twitter.com/LilNasX/status/1231428509958049792,1231428509958049792,754006735468261376
2020-02-23 03:56:53+00:00,LilNasX,ayyyitsroger,9,3,343,??,,Sun Feb 23 03:56:53 +0000 2020,,,,https://twitter.com/LilNasX/status/1231427684774928385,1231427684774928385,754006735468261376
2020-02-23 03:29:46+00:00,LilNasX,,890,6656,157714,it had to be done,,Sun Feb 23 03:29:46 +0000 2020,,,,https://twitter.com/LilNasX/status/1231420861913141248,1231420861913141248,754006735468261376
2020-02-23 01:12:35+00:00,LilNasX,,1697,40707,531314,just crashed a wedding at disney world,,Sun Feb 23 01:12:35 +0000 2020,,,,https://twitter.com/LilNasX/status/1231386335186997253,1231386335186997253,754006735468261376
2020-02-23 00:03:17+00:00,LilNasX,naacpimageaward,14,4,174,THANK UUU ,,Sun Feb 23 00:03:17 +0000 2020,,,,https://twitter.com/LilNasX/status/1231368898580271104,1231368898580271104,754006735468261376
2020-02-22 23:00:48+00:00,LilNasX,,801,7444,104780,,,Sat Feb 22 23:00:48 +0000 2020,,,,https://twitter.com/LilNasX/status/1231353172712656898,1231353172712656898,754006735468261376
2020-02-22 19:03:36+00:00,LilNasX,Ninja,354,1541,54992,hey ninja it’s me lil nas from that song,,Sat Feb 22 19:03:36 +0000 2020,,,,https://twitter.com/LilNasX/status/1231293480921653248,1231293480921653248,754006735468261376
2020-02-22 18:18:12+00:00,LilNasX,,1146,80104,421760,i want what they have,,Sat Feb 22 18:18:12 +0000 2020,,,,https://twitter.com/LilNasX/status/1231282056019283968,1231282056019283968,754006735468261376
2020-02-22 17:01:19+00:00,LilNasX,ramiwallis,5,1,72,love it !,,Sat Feb 22 17:01:19 +0000 2020,,,,https://twitter.com/LilNasX/status/1231262705417322498,1231262705417322498,754006735468261376
2020-02-22 09:02:42+00:00,LilNasX,prcwrld,25,3,464,link?,,Sat Feb 22 09:02:42 +0000 2020,,,,https://twitter.com/LilNasX/status/1231142259640479744,1231142259640479744,754006735468261376
2020-02-22 03:04:56+00:00,LilNasX,ExtendoBans,35,66,2729,nah u good bro,,Sat Feb 22 03:04:56 +0000 2020,,,,https://twitter.com/LilNasX/status/1231052223599333376,1231052223599333376,754006735468261376
2020-02-21 16:48:51+00:00,LilNasX,madeintyo,5,3,318,thank u bro !,,Fri Feb 21 16:48:51 +0000 2020,,,,https://twitter.com/LilNasX/status/1230897180954611713,1230897180954611713,754006735468261376
2020-02-21 16:11:39+00:00,LilNasX,stokeleydior,342,4953,79731,so crazy to think about. thank you to everybody that made this happen so quickly can’t wait for y’all to hear the new shit!! ,,Fri Feb 21 16:11:39 +0000 2020,,,https://twitter.com/stokeleydior/status/1230705825615736833,https://twitter.com/LilNasX/status/1230887820987793408,1230887820987793408,754006735468261376
2020-02-21 15:48:07+00:00,LilNasX,,208,9029,121880,https://twitter.com/F__ckSwag/status/1230880707318337539,,Fri Feb 21 15:48:07 +0000 2020,,,https://twitter.com/F__ckSwag/status/1230880707318337539,https://twitter.com/LilNasX/status/1230881895405109249,1230881895405109249,754006735468261376
2020-02-21 08:13:10+00:00,LilNasX,,1756,8271,129240,AYE ,,Fri Feb 21 08:13:10 +0000 2020,,,,https://twitter.com/LilNasX/status/1230767403790782464,1230767403790782464,754006735468261376
2020-02-20 17:32:48+00:00,LilNasX,NICKIMINAJ,623,2151,16649,woke up the price of coke up /||\_ _/¯ ¯\_,,Thu Feb 20 17:32:48 +0000 2020,,,,https://twitter.com/LilNasX/status/1230545853321904128,1230545853321904128,754006735468261376
2020-02-20 17:02:11+00:00,LilNasX,gayer__,11,12,1537,truly incredible,,Thu Feb 20 17:02:11 +0000 2020,,,,https://twitter.com/LilNasX/status/1230538148507111424,1230538148507111424,754006735468261376
2020-02-20 16:49:54+00:00,LilNasX,lilnasxmajor,31,14,172,y’all gonna love this album so much ,,Thu Feb 20 16:49:54 +0000 2020,,,,https://twitter.com/LilNasX/status/1230535056629760000,1230535056629760000,754006735468261376
2020-02-20 16:49:02+00:00,LilNasX,LilNasXSon,11,5,142,really love this ,,Thu Feb 20 16:49:02 +0000 2020,,,,https://twitter.com/LilNasX/status/1230534836948852736,1230534836948852736,754006735468261376
2020-02-18 23:11:04+00:00,LilNasX,Ninja,690,37746,267539,me playing papas pizzeria on coolmath,,Tue Feb 18 23:11:04 +0000 2020,,,https://twitter.com/Ninja/status/1229888740698599424,https://twitter.com/LilNasX/status/1229906204253511680,1229906204253511680,754006735468261376
2020-02-18 22:03:50+00:00,LilNasX,,1615,72377,585901,beyoncé sent me a box,,Tue Feb 18 22:03:50 +0000 2020,,,,https://twitter.com/LilNasX/status/1229889283558764545,1229889283558764545,754006735468261376
2020-02-18 18:12:18+00:00,LilNasX,c7osurestan,310,6022,80255,awwwn i love my fans ,,Tue Feb 18 18:12:18 +0000 2020,,,https://twitter.com/c7osurestan/status/1229661099894726659,https://twitter.com/LilNasX/status/1229831019890479105,1229831019890479105,754006735468261376
2020-02-18 03:35:02+00:00,LilNasX,,825,4413,87742,,,Tue Feb 18 03:35:02 +0000 2020,,,,https://twitter.com/LilNasX/status/1229610246533894144,1229610246533894144,754006735468261376
2020-02-17 09:10:33+00:00,LilNasX,djoats02,173,319,14807,dm,,Mon Feb 17 09:10:33 +0000 2020,,,,https://twitter.com/LilNasX/status/1229332292809547776,1229332292809547776,754006735468261376
2020-02-17 09:07:02+00:00,LilNasX,troncxt,20,50,8500,pajama set link?,,Mon Feb 17 09:07:02 +0000 2020,,,,https://twitter.com/LilNasX/status/1229331407748526080,1229331407748526080,754006735468261376
2020-02-17 09:05:08+00:00,LilNasX,,4050,19798,313004,"who want me? i make music, i be funny on twitter sometimes, and i have a lightning mcqueen twin bed.",,Mon Feb 17 09:05:08 +0000 2020,,,,https://twitter.com/LilNasX/status/1229330932361916417,1229330932361916417,754006735468261376
2020-02-17 08:46:30+00:00,LilNasX,,1231,27432,191886,want what they have,,Mon Feb 17 08:46:30 +0000 2020,,,,https://twitter.com/LilNasX/status/1229326240424677377,1229326240424677377,754006735468261376
2020-02-17 06:29:40+00:00,LilNasX,WhoIsAvion,696,15444,228433,what changed,,Mon Feb 17 06:29:40 +0000 2020,,,https://twitter.com/WhoIsAvion/status/1229291514775339008,https://twitter.com/LilNasX/status/1229291807340519425,1229291807340519425,754006735468261376
2020-02-17 05:48:54+00:00,LilNasX,,1533,13508,148595,i SAID rawr xd,,Mon Feb 17 05:48:54 +0000 2020,,,,https://twitter.com/LilNasX/status/1229281545610858496,1229281545610858496,754006735468261376
2020-02-17 04:46:30+00:00,LilNasX,heyxrodeo,17,8,233,u 2 sure?,,Mon Feb 17 04:46:30 +0000 2020,,,,https://twitter.com/LilNasX/status/1229265843873148928,1229265843873148928,754006735468261376
2020-02-16 23:49:38+00:00,LilNasX,,295,8964,73443,yoo,,Sun Feb 16 23:49:38 +0000 2020,,,,https://twitter.com/LilNasX/status/1229191135957905409,1229191135957905409,754006735468261376
2020-02-16 22:24:42+00:00,LilNasX,TTfue,75,532,36380,,,Sun Feb 16 22:24:42 +0000 2020,,,,https://twitter.com/LilNasX/status/1229169761981886465,1229169761981886465,754006735468261376
2020-02-16 17:00:05+00:00,LilNasX,LilAssNex,9,4,137,i love u weber ,,Sun Feb 16 17:00:05 +0000 2020,,,,https://twitter.com/LilNasX/status/1229088068977614848,1229088068977614848,754006735468261376
2020-02-16 16:37:24+00:00,LilNasX,lilnasxfp,16,11,241,love u more,,Sun Feb 16 16:37:24 +0000 2020,,,,https://twitter.com/LilNasX/status/1229082360752177152,1229082360752177152,754006735468261376
2020-02-16 02:42:02+00:00,LilNasX,,2703,9071,188975,it won’t come off u guys,,Sun Feb 16 02:42:02 +0000 2020,,,,https://twitter.com/LilNasX/status/1228872135059206144,1228872135059206144,754006735468261376
2020-02-15 22:05:01+00:00,LilNasX,lilyachty,27,71,3020,"yes lil yachty, me lil nas x frequently finds out im blocked from random twitter accounts",,Sat Feb 15 22:05:01 +0000 2020,,,,https://twitter.com/LilNasX/status/1228802420383178752,1228802420383178752,754006735468261376
2020-02-15 22:01:19+00:00,LilNasX,realhartman,7,46,3959,legend,,Sat Feb 15 22:01:19 +0000 2020,,,,https://twitter.com/LilNasX/status/1228801487502864384,1228801487502864384,754006735468261376
