date,username,to,replies,retweets,favorites,text,mentions,formatted_date,geo,hashtags,urls,permalink,ID,author_id
2020-02-28 22:22:08+00:00,LiquidFaerie,Independent,0,15,20,#FreeNazanin,,Fri Feb 28 22:22:08 +0000 2020,,#FreeNazanin,https://twitter.com/Independent/status/1233433355766636545,https://twitter.com/LiquidFaerie/status/1233517769636929536,1233517769636929536,33712343
2020-02-28 22:05:14+00:00,LiquidFaerie,,3,83,215,"It’s friday night . Shabbat candles still flickering in the window . We ate an amazing dinner & rather outrageous desert . We are together . Richard & Nazanin are not . Nazanin is alone in jail , the threat of Covid-19 compounds their fears . Please remember them #FreeNazanin",,Fri Feb 28 22:05:14 +0000 2020,,#FreeNazanin,,https://twitter.com/LiquidFaerie/status/1233513516319084546,1233513516319084546,33712343
2020-02-28 20:20:04+00:00,LiquidFaerie,Maxmycat,2,0,2,Best vibes to your beautiful Max & to you too x x,,Fri Feb 28 20:20:04 +0000 2020,,,,https://twitter.com/LiquidFaerie/status/1233487051468791810,1233487051468791810,33712343
2020-02-28 06:57:26+00:00,LiquidFaerie,PeterStefanovi2,0,0,2,"That was like swimming through toffee, backwards - well done @Emmabarnett -",@Emmabarnett,Fri Feb 28 06:57:26 +0000 2020,,,,https://twitter.com/LiquidFaerie/status/1233285059173588992,1233285059173588992,33712343
2020-02-28 06:34:37+00:00,LiquidFaerie,BettGunther,1,1,7,"They were made by the very clever #SnorkersImaginarium Johnson , Jacob and Frogface available too !",,Fri Feb 28 06:34:37 +0000 2020,,#SnorkersImaginarium,,https://twitter.com/LiquidFaerie/status/1233279317934735363,1233279317934735363,33712343
2020-02-28 06:16:47+00:00,LiquidFaerie,,8,8,39,Because sometimes you have to resort to Voodoo ! #dominiccummings #brexit #uk #london #crochet #pincushions https://www.snorkersimaginarium.com/shop/dominic-cummings-pincushion,,Fri Feb 28 06:16:47 +0000 2020,,#dominiccummings #brexit #uk #london #crochet #pincushions,https://www.snorkersimaginarium.com/shop/dominic-cummings-pincushion,https://twitter.com/LiquidFaerie/status/1233274830734200832,1233274830734200832,33712343
2020-02-27 19:56:38+00:00,LiquidFaerie,nickynoo007,1,0,3,Thanks x,,Thu Feb 27 19:56:38 +0000 2020,,,,https://twitter.com/LiquidFaerie/status/1233118765073739778,1233118765073739778,33712343
2020-02-26 21:42:48+00:00,LiquidFaerie,DavidKa23726896,0,0,2,We’re all losers here - you just don’t realise it yet . Once you do finally see it your anger will surely erupt like a rancid boil ...,,Wed Feb 26 21:42:48 +0000 2020,,,,https://twitter.com/LiquidFaerie/status/1232783096514273280,1232783096514273280,33712343
2020-02-26 21:13:20+00:00,LiquidFaerie,madgie1941,0,1,10,What Gansta Granny said x ,,Wed Feb 26 21:13:20 +0000 2020,,,https://twitter.com/madgie1941/status/1232774424039972866,https://twitter.com/LiquidFaerie/status/1232775677570617346,1232775677570617346,33712343
2020-02-26 20:51:15+00:00,LiquidFaerie,NathanCornfiel,0,0,0,Sending you all wishes & hope xxxx,,Wed Feb 26 20:51:15 +0000 2020,,,,https://twitter.com/LiquidFaerie/status/1232770120004591623,1232770120004591623,33712343
2020-02-26 20:43:53+00:00,LiquidFaerie,Otto_English,1,1,19,Should I stay or should I go Our theme tune after brexit ref ... we didn’t stay .,,Wed Feb 26 20:43:53 +0000 2020,,,,https://twitter.com/LiquidFaerie/status/1232768268852703237,1232768268852703237,33712343
2020-02-26 20:02:43+00:00,LiquidFaerie,cyberadam26,0,0,0,Happy Birthday xxxx hip hip hooray ... another turn round the sun ,,Wed Feb 26 20:02:43 +0000 2020,,,,https://twitter.com/LiquidFaerie/status/1232757906321399808,1232757906321399808,33712343
2020-02-26 19:58:53+00:00,LiquidFaerie,KatTrimble,0,0,2,"... oooh , that may be the best idea I’ve heard today .... after @mak_nono baking inspiration ;) x",@mak_nono,Wed Feb 26 19:58:53 +0000 2020,,,,https://twitter.com/LiquidFaerie/status/1232756941711167488,1232756941711167488,33712343
2020-02-26 19:50:56+00:00,LiquidFaerie,LiquidFaerie,1,0,1,Oh ooops - we’re terribly elitist round here .... it’s only gone and turned into a vegan quiche ! Thanks for the inspiration x,,Wed Feb 26 19:50:56 +0000 2020,,,,https://twitter.com/LiquidFaerie/status/1232754942701641730,1232754942701641730,33712343
2020-02-26 19:49:53+00:00,LiquidFaerie,mak_nono,1,0,1,And may I present ... another Tarts tart ....,,Wed Feb 26 19:49:53 +0000 2020,,,,https://twitter.com/LiquidFaerie/status/1232754678733168641,1232754678733168641,33712343
2020-02-26 19:26:43+00:00,LiquidFaerie,mak_nono,1,0,1,"Ooh yum , this tart is now inspired to make a tart of her own ... runs to kitchen x",,Wed Feb 26 19:26:43 +0000 2020,,,,https://twitter.com/LiquidFaerie/status/1232748846385594368,1232748846385594368,33712343
2020-02-26 18:56:10+00:00,LiquidFaerie,,3,1,23,Got home & they called - luckily one of the ladies has an aunt this way & will drop my fabric off on Friday - that cake has got me ; because I agreed to take a sewing class & teach some youngsters flag skills. Now frantically learning sewing terms in Portuguese ;),,Wed Feb 26 18:56:10 +0000 2020,,,,https://twitter.com/LiquidFaerie/status/1232741160571080705,1232741160571080705,33712343
2020-02-26 18:56:10+00:00,LiquidFaerie,,5,5,45,"What a fun day ... went to Lisbon to buy fabric for a flag project - ended up having tea , cake & conversation with a great bunch of artisan ladies... I think there was something in the cake - because left my fabric in the shop - live 2 hours away !",,Wed Feb 26 18:56:10 +0000 2020,,,,https://twitter.com/LiquidFaerie/status/1232741158415216640,1232741158415216640,33712343
2020-02-26 17:17:44+00:00,LiquidFaerie,TheNewEuropean,2,29,59,And the cretin back peddles ... deleting tweets .... the distancing begins ...#BakerTakesAPowder,,Wed Feb 26 17:17:44 +0000 2020,,#BakerTakesAPowder,https://twitter.com/TheNewEuropean/status/1232582448845815808,https://twitter.com/LiquidFaerie/status/1232716390794223616,1232716390794223616,33712343
2020-02-26 11:15:06+00:00,LiquidFaerie,,5,1,20,"The news is terrifying , so much worry and fear permeate our lives ... so here’s a morning smile from mevto you .. ",,Wed Feb 26 11:15:06 +0000 2020,,,,https://twitter.com/LiquidFaerie/status/1232625128489541632,1232625128489541632,33712343
2020-02-26 09:40:27+00:00,LiquidFaerie,NicolaCareem,0,0,1,Meanwhile in Delhi ... shocking .,,Wed Feb 26 09:40:27 +0000 2020,,,https://twitter.com/NicolaCareem/status/1232332244439535617,https://twitter.com/LiquidFaerie/status/1232601308332425216,1232601308332425216,33712343
2020-02-25 23:30:13+00:00,LiquidFaerie,turtle_naomi,1,0,5,.... they can’t reap what they sow (without a foreign workforce ) ;),,Tue Feb 25 23:30:13 +0000 2020,,,,https://twitter.com/LiquidFaerie/status/1232447741382365184,1232447741382365184,33712343
2020-02-25 20:11:20+00:00,LiquidFaerie,SteveBakerHW,0,2,1,You must be so proud of yourself - you and your cronies have made our country a pitiful mess - Shame on you .,,Tue Feb 25 20:11:20 +0000 2020,,,,https://twitter.com/LiquidFaerie/status/1232397687296843777,1232397687296843777,33712343
2020-02-24 23:27:44+00:00,LiquidFaerie,StevePeers,0,1,3, ,,Mon Feb 24 23:27:44 +0000 2020,,,https://twitter.com/StevePeers/status/1231650313913995268,https://twitter.com/LiquidFaerie/status/1232084726258774016,1232084726258774016,33712343
2020-02-23 17:09:07+00:00,LiquidFaerie,Gomper65,0,0,3, ,,Sun Feb 23 17:09:07 +0000 2020,,,,https://twitter.com/LiquidFaerie/status/1231627056586350593,1231627056586350593,33712343
2020-02-23 16:50:40+00:00,LiquidFaerie,haversham_miss,0,23,98,Now for some good news #EclipseTheSun #boycottthesun,,Sun Feb 23 16:50:40 +0000 2020,,#EclipseTheSun #boycottthesun,https://twitter.com/haversham_miss/status/1231617752315682817,https://twitter.com/LiquidFaerie/status/1231622415534436353,1231622415534436353,33712343
2020-02-22 19:21:51+00:00,LiquidFaerie,AuroraBlogspot,0,0,3,Hope you feel better soon .,,Sat Feb 22 19:21:51 +0000 2020,,,,https://twitter.com/LiquidFaerie/status/1231298073999093762,1231298073999093762,33712343
2020-02-22 14:53:54+00:00,LiquidFaerie,NazaninBoniadi,0,8,7,#FreeNazanin,,Sat Feb 22 14:53:54 +0000 2020,,#FreeNazanin,https://twitter.com/NazaninBoniadi/status/1231024030997598208,https://twitter.com/LiquidFaerie/status/1231230641947258887,1231230641947258887,33712343
2020-02-21 21:40:06+00:00,LiquidFaerie,,1,42,142,"It’s friday night - Shabbat candles flickering gently - we had a simple dinner & everyone has opted for an early night. We are all together, Richard & Nazanin are not . Nazanin is alone in jail separated from both Richard and their daughter . Please remember her #FreeNazanin",,Fri Feb 21 21:40:06 +0000 2020,,#FreeNazanin,,https://twitter.com/LiquidFaerie/status/1230970476505202694,1230970476505202694,33712343
2020-02-21 17:15:58+00:00,LiquidFaerie,,0,0,11,"Clearing under the hazelnut trees , found the remanants of an old river bed ... x",,Fri Feb 21 17:15:58 +0000 2020,,,,https://twitter.com/LiquidFaerie/status/1230904004542111745,1230904004542111745,33712343
2020-02-21 17:13:53+00:00,LiquidFaerie,,1,1,10,This is going to be my veggie patch - just fenced it and cut the foliage ... weekend will start the raised beds ....,,Fri Feb 21 17:13:53 +0000 2020,,,,https://twitter.com/LiquidFaerie/status/1230903482431004676,1230903482431004676,33712343
2020-02-20 21:32:47+00:00,LiquidFaerie,JohnWest_JAWS,0,0,6,Blocked and reported - despicable.,,Thu Feb 20 21:32:47 +0000 2020,,,,https://twitter.com/LiquidFaerie/status/1230606246417489937,1230606246417489937,33712343
2020-02-20 19:34:02+00:00,LiquidFaerie,,0,0,0,Good news !,,Thu Feb 20 19:34:02 +0000 2020,,,https://www.thelondoneconomic.com/news/blow-to-tory-government-as-firefighters-win-back-their-pensions-in-court-victory/18/12/,https://twitter.com/LiquidFaerie/status/1230576363637264384,1230576363637264384,33712343
2020-02-20 19:27:40+00:00,LiquidFaerie,OperaSocialist,0,0,1,Sure x,,Thu Feb 20 19:27:40 +0000 2020,,,,https://twitter.com/LiquidFaerie/status/1230574761761267712,1230574761761267712,33712343
2020-02-20 19:27:15+00:00,LiquidFaerie,Fydsy,0,0,0,:( it’s why we left .,,Thu Feb 20 19:27:15 +0000 2020,,,,https://twitter.com/LiquidFaerie/status/1230574654584238080,1230574654584238080,33712343
2020-02-20 19:26:25+00:00,LiquidFaerie,h1llbillies,0,0,2,Many of us have left to set up our production spaces in Europe - FOM is imperative for our survival ; most of my gigs are on the mainland x,,Thu Feb 20 19:26:25 +0000 2020,,,,https://twitter.com/LiquidFaerie/status/1230574444827103232,1230574444827103232,33712343
2020-02-20 19:24:49+00:00,LiquidFaerie,Annie_Osb,0,0,3,Thanks you x feeling very blessed x,,Thu Feb 20 19:24:49 +0000 2020,,,,https://twitter.com/LiquidFaerie/status/1230574044493340674,1230574044493340674,33712343
2020-02-20 19:24:00+00:00,LiquidFaerie,vfxanab,1,0,0,It’s gorgeous - I’ll ask tomorrow x,,Thu Feb 20 19:24:00 +0000 2020,,,,https://twitter.com/LiquidFaerie/status/1230573839039500288,1230573839039500288,33712343
2020-02-20 16:13:36+00:00,LiquidFaerie,,2,1,11,Today’s project - a green love seat x feeling accomplished x,,Thu Feb 20 16:13:36 +0000 2020,,,,https://twitter.com/LiquidFaerie/status/1230525922870276100,1230525922870276100,33712343
2020-02-20 10:27:16+00:00,LiquidFaerie,progfairy,2,1,13,I can’t answer that - all I can tell you is that removing freedom of movement and our acsess to Europe will hobble the industry .,,Thu Feb 20 10:27:16 +0000 2020,,,,https://twitter.com/LiquidFaerie/status/1230438764591357952,1230438764591357952,33712343
2020-02-20 10:25:55+00:00,LiquidFaerie,planetkooler,1,0,0,"And carnets ! Not only touring artists , but Sound , video , lighting , decor and all production crews - this cripples the industry.",,Thu Feb 20 10:25:55 +0000 2020,,,,https://twitter.com/LiquidFaerie/status/1230438426425647104,1230438426425647104,33712343
2020-02-20 06:53:58+00:00,LiquidFaerie,miracalix,0,0,0,It’s marvellous here - loving our new life x x thanks ,,Thu Feb 20 06:53:58 +0000 2020,,,,https://twitter.com/LiquidFaerie/status/1230385084089368577,1230385084089368577,33712343
2020-02-19 23:50:58+00:00,LiquidFaerie,IanDunt,0,2,5,This Thread ,,Wed Feb 19 23:50:58 +0000 2020,,,https://twitter.com/IanDunt/status/1230065005284003840,https://twitter.com/LiquidFaerie/status/1230278633115308033,1230278633115308033,33712343
2020-02-19 22:49:41+00:00,LiquidFaerie,getnorthern,0,0,1,So sorry - hope the weekend goes really fast & you feel better soonest x,,Wed Feb 19 22:49:41 +0000 2020,,,,https://twitter.com/LiquidFaerie/status/1230263211766767619,1230263211766767619,33712343
2020-02-19 22:43:37+00:00,LiquidFaerie,,3,38,57,This was our big fear - and why we left the UK ... been banging out about it for years - here’s a series of info graphics I created about FOM and creative industries X,,Wed Feb 19 22:43:37 +0000 2020,,,,https://twitter.com/LiquidFaerie/status/1230261685107204098,1230261685107204098,33712343
2020-02-19 22:36:59+00:00,LiquidFaerie,doodleslave,0,0,7,Me too :(,,Wed Feb 19 22:36:59 +0000 2020,,,,https://twitter.com/LiquidFaerie/status/1230260016625733632,1230260016625733632,33712343
2020-02-19 22:35:34+00:00,LiquidFaerie,Ian_Politic,0,9,23,"Including road crew , lighting crews , decor , production ... our festival , fashion , music and creative scene is being hobbled :(",,Wed Feb 19 22:35:34 +0000 2020,,,,https://twitter.com/LiquidFaerie/status/1230259658809585665,1230259658809585665,33712343
2020-02-19 22:25:10+00:00,LiquidFaerie,,33,155,224,This is going to hamper creatives terribly :(,,Wed Feb 19 22:25:10 +0000 2020,,,https://www.politico.eu/article/eu-touring-artists-will-need-visas-to-perform-in-the-uk-from-2021/,https://twitter.com/LiquidFaerie/status/1230257043610664960,1230257043610664960,33712343
2020-02-19 19:22:01+00:00,LiquidFaerie,popovanataliap,0,0,4,"Healing will come fast , your new home will help you find an extra bit of love to stuff in there xxxx",,Wed Feb 19 19:22:01 +0000 2020,,,,https://twitter.com/LiquidFaerie/status/1230210951795924992,1230210951795924992,33712343
2020-02-19 16:23:49+00:00,LiquidFaerie,trumpy675,0,0,4,Oooh you’re so naughty ;) x,,Wed Feb 19 16:23:49 +0000 2020,,,,https://twitter.com/LiquidFaerie/status/1230166104972185600,1230166104972185600,33712343
2020-02-19 11:35:27+00:00,LiquidFaerie,,1,0,20,Stones & plants ... now building some green garden furniture !!! Pink grapefruits are sunning themselves :) ,,Wed Feb 19 11:35:27 +0000 2020,,,,https://twitter.com/LiquidFaerie/status/1230093534436438017,1230093534436438017,33712343
2020-02-19 08:36:52+00:00,LiquidFaerie,,0,1,4,"Incredible , Dave at Brits 2020",,Wed Feb 19 08:36:52 +0000 2020,,,https://youtu.be/mXLS2IzZSdg,https://twitter.com/LiquidFaerie/status/1230048594411040768,1230048594411040768,33712343
2020-02-18 23:45:42+00:00,LiquidFaerie,jonwturnbull1,0,0,1,Thank you x x,,Tue Feb 18 23:45:42 +0000 2020,,,,https://twitter.com/LiquidFaerie/status/1229914920730398720,1229914920730398720,33712343
2020-02-18 23:25:33+00:00,LiquidFaerie,velvet2660,0,0,5," Thanks , so pleased to be connected with all of you - xx",,Tue Feb 18 23:25:33 +0000 2020,,,,https://twitter.com/LiquidFaerie/status/1229909848986394624,1229909848986394624,33712343
2020-02-18 23:24:04+00:00,LiquidFaerie,18ClarendonSq,1,0,5,I sent Danielle a screen shot of your tweet x I’m sure she’ll reply x,,Tue Feb 18 23:24:04 +0000 2020,,,,https://twitter.com/LiquidFaerie/status/1229909475437555712,1229909475437555712,33712343
2020-02-18 23:18:16+00:00,LiquidFaerie,DrFuzzUK,0,0,1,18 -21 day time .... about 10-12 at night x,,Tue Feb 18 23:18:16 +0000 2020,,,,https://twitter.com/LiquidFaerie/status/1229908017870778368,1229908017870778368,33712343
2020-02-18 22:37:56+00:00,LiquidFaerie,mak_nono,0,0,1,It was around 18’ in the sun today x,,Tue Feb 18 22:37:56 +0000 2020,,,,https://twitter.com/LiquidFaerie/status/1229897866283450369,1229897866283450369,33712343
2020-02-18 22:13:34+00:00,LiquidFaerie,EdwinaLL,1,0,7,@mak_nono @madgie1941 @turtle_naomi @B_E_Andre @spaceangel1964 @carolecadwalla @JudyWeb92176381 @DeborahMeaden @fascinatorfun @GirloftheN @MagicSybille ,@mak_nono @madgie1941 @turtle_naomi @B_E_Andre @spaceangel1964 @carolecadwalla @JudyWeb92176381 @DeborahMeaden @fascinatorfun @GirloftheN @MagicSybille,Tue Feb 18 22:13:34 +0000 2020,,,,https://twitter.com/LiquidFaerie/status/1229891733124734978,1229891733124734978,33712343
2020-02-18 17:14:07+00:00,LiquidFaerie,,8,1,55,And then the planting started ... feeling very accomplished ! Popped back to Isobel’s caf a minute ago to get sarnies for everyone ... saw the old olive farmer stumbling back out the bar - gave us a big thumbs up & blew me a kiss ... ,,Tue Feb 18 17:14:07 +0000 2020,,,,https://twitter.com/LiquidFaerie/status/1229816376031895552,1229816376031895552,33712343
2020-02-18 17:13:34+00:00,LiquidFaerie,,2,0,23,"Anyway , we floated out of there and took them back to their olive grove ... then started hauling rocks .... !",,Tue Feb 18 17:13:34 +0000 2020,,,,https://twitter.com/LiquidFaerie/status/1229816235472441344,1229816235472441344,33712343
2020-02-18 17:13:19+00:00,LiquidFaerie,,4,0,22,Isobel runs our little coffee shop .... across thel way is a ramshackle dolls house crying for a tart up ... the oldies didn’t want coffee ; the ordered wine and insisted we have done too .... it was 10am !!!!,,Tue Feb 18 17:13:19 +0000 2020,,,,https://twitter.com/LiquidFaerie/status/1229816174659198976,1229816174659198976,33712343
2020-02-18 17:13:02+00:00,LiquidFaerie,,1,0,24,"The hopped in my car & we reversed down the track to a huge pile of rock .... here you are , help yourself they said ... but first let’s pop to Isobel’s cafe and have a coffee ....",,Tue Feb 18 17:13:02 +0000 2020,,,,https://twitter.com/LiquidFaerie/status/1229816103062384640,1229816103062384640,33712343
2020-02-18 17:13:01+00:00,LiquidFaerie,,6,7,65,"Tried to find a rock supplier ... drove down a little track behind our home ... an old lady & man tending their olive grove ... we asked , well my Portuguese friend asked , if they knew where we could perhaps purchase some rocks ....",,Tue Feb 18 17:13:01 +0000 2020,,,,https://twitter.com/LiquidFaerie/status/1229816100923334656,1229816100923334656,33712343
2020-02-18 09:12:56+00:00,LiquidFaerie,ledredman,0,1,7,"Not surprised , disgusted :(",,Tue Feb 18 09:12:56 +0000 2020,,,,https://twitter.com/LiquidFaerie/status/1229695282704781312,1229695282704781312,33712343
2020-02-18 06:15:53+00:00,LiquidFaerie,,24,32,50,"Wow , England ... really ?",,Tue Feb 18 06:15:53 +0000 2020,,,https://www.nationthailand.com/news/30382279,https://twitter.com/LiquidFaerie/status/1229650723966722048,1229650723966722048,33712343
2020-02-18 00:52:45+00:00,LiquidFaerie,,0,0,1,England is a bitch .... there’s no mistaking it .,,Tue Feb 18 00:52:45 +0000 2020,,,https://youtu.be/qqmVvQuzGO4,https://twitter.com/LiquidFaerie/status/1229569406440738816,1229569406440738816,33712343
2020-02-17 23:57:44+00:00,LiquidFaerie,BattDavey,0,0,1,"I never met Gary , but this is one of my favourite tunes ever ... what a guitarist x",,Mon Feb 17 23:57:44 +0000 2020,,,https://youtu.be/gyEMnA70Kb0,https://twitter.com/LiquidFaerie/status/1229555562913914880,1229555562913914880,33712343
2020-02-17 23:47:53+00:00,LiquidFaerie,JaneyGodley,0,0,0, ,,Mon Feb 17 23:47:53 +0000 2020,,,,https://twitter.com/LiquidFaerie/status/1229553084457791494,1229553084457791494,33712343
2020-02-17 23:45:51+00:00,LiquidFaerie,BattDavey,2,0,2,Oooh m25 raves ... those were the days - had the moves ‘n grooves in those days x Pilton Pop Festival ,,Mon Feb 17 23:45:51 +0000 2020,,,,https://twitter.com/LiquidFaerie/status/1229552572685541376,1229552572685541376,33712343
2020-02-17 23:36:41+00:00,LiquidFaerie,BattDavey,2,0,1,"Ohh yes , Keith was a heartbreak too - one of my favourite humans - worked with him on 3 productions - a proper diamond x ",,Mon Feb 17 23:36:41 +0000 2020,,,,https://twitter.com/LiquidFaerie/status/1229550264732049409,1229550264732049409,33712343
2020-02-17 23:35:14+00:00,LiquidFaerie,popovanataliap,1,0,6,"Safe journey Natalia x moving took a notch from my heart , but is the best thing we’ve ever done x wishing you everything you wish yourself x x",,Mon Feb 17 23:35:14 +0000 2020,,,,https://twitter.com/LiquidFaerie/status/1229549896946065414,1229549896946065414,33712343
2020-02-17 23:28:53+00:00,LiquidFaerie,BattDavey,1,0,2,"It’s so sad , he had an aneurism :( only 56 years old - my heart broke a little more today ",,Mon Feb 17 23:28:53 +0000 2020,,,,https://twitter.com/LiquidFaerie/status/1229548299016921088,1229548299016921088,33712343
2020-02-17 23:14:06+00:00,LiquidFaerie,,1,0,4,"One of my favourite musician , DJ & producer Andy Weatherall has passed away - RIP fella x x x",,Mon Feb 17 23:14:06 +0000 2020,,,https://youtu.be/aGQ3iZZXaJM,https://twitter.com/LiquidFaerie/status/1229544582326689793,1229544582326689793,33712343
2020-02-17 23:02:41+00:00,LiquidFaerie,janbaker97,1,0,1,Ouch - sorry you’re in pain - sending you healing wishes for your tummy xx,,Mon Feb 17 23:02:41 +0000 2020,,,,https://twitter.com/LiquidFaerie/status/1229541708511293440,1229541708511293440,33712343
2020-02-17 22:57:30+00:00,LiquidFaerie,,0,0,1,,,Mon Feb 17 22:57:30 +0000 2020,,,,https://twitter.com/LiquidFaerie/status/1229540401968746497,1229540401968746497,33712343
2020-02-17 22:46:24+00:00,LiquidFaerie,DrFuzzUK,0,0,0,"Aaah , I’m so glad it's a film reference ... it’s on my list to watch x",,Mon Feb 17 22:46:24 +0000 2020,,,,https://twitter.com/LiquidFaerie/status/1229537611045363715,1229537611045363715,33712343
2020-02-17 22:45:03+00:00,LiquidFaerie,PeteWScott,1,0,1, ,,Mon Feb 17 22:45:03 +0000 2020,,,,https://twitter.com/LiquidFaerie/status/1229537271793299457,1229537271793299457,33712343
2020-02-17 22:37:22+00:00,LiquidFaerie,,3,5,15,X x,,Mon Feb 17 22:37:22 +0000 2020,,,,https://twitter.com/LiquidFaerie/status/1229535337212456962,1229535337212456962,33712343
2020-02-17 22:36:24+00:00,LiquidFaerie,DrFuzzUK,1,0,1,Really ? Kill the rich ? .... sigh ,,Mon Feb 17 22:36:24 +0000 2020,,,,https://twitter.com/LiquidFaerie/status/1229535095083671557,1229535095083671557,33712343
2020-02-17 14:16:58+00:00,LiquidFaerie,wordsaremysword,0,0,1,?!?!?,,Mon Feb 17 14:16:58 +0000 2020,,,,https://twitter.com/LiquidFaerie/status/1229409407840243714,1229409407840243714,33712343
2020-02-17 10:27:51+00:00,LiquidFaerie,,3,24,42,Worlds apart We should be very very angry - we should be livid - what are we doing ?,,Mon Feb 17 10:27:51 +0000 2020,,,,https://twitter.com/LiquidFaerie/status/1229351745513558017,1229351745513558017,33712343
2020-02-17 05:51:43+00:00,LiquidFaerie,,15,181,205,"Camden, London - last night - February outside - this is absolutely wrong . Get angry people ; for goodness sakes - get bloody angry . #ThisIsEngland #StreetsOfLondon",,Mon Feb 17 05:51:43 +0000 2020,,#ThisIsEngland #StreetsOfLondon,,https://twitter.com/LiquidFaerie/status/1229282256168026112,1229282256168026112,33712343
2020-02-16 20:19:03+00:00,LiquidFaerie,BettGunther,0,0,1,I blocked him ! so have all my friends x,,Sun Feb 16 20:19:03 +0000 2020,,,,https://twitter.com/LiquidFaerie/status/1229138137848467456,1229138137848467456,33712343
2020-02-16 20:16:36+00:00,LiquidFaerie,dilysdyer007,0,0,5,We are in Central Portugal - about 30km north of Tomar - we really love it here - we have friends all over Portugal who are equally as happy with their choice as we are - my best advice is come & look - x,,Sun Feb 16 20:16:36 +0000 2020,,,,https://twitter.com/LiquidFaerie/status/1229137522485321728,1229137522485321728,33712343
2020-02-16 18:18:49+00:00,LiquidFaerie,FayeEsq,0,0,3, ,,Sun Feb 16 18:18:49 +0000 2020,,,,https://twitter.com/LiquidFaerie/status/1229107881171202048,1229107881171202048,33712343
2020-02-16 10:45:10+00:00,LiquidFaerie,Libran_Chick,0,0,0, ,,Sun Feb 16 10:45:10 +0000 2020,,,,https://twitter.com/LiquidFaerie/status/1228993717983490049,1228993717983490049,33712343
2020-02-15 21:14:38+00:00,LiquidFaerie,trussliz,0,0,0,"Really woman , you have no shame - you’re just awful . #turncoat",,Sat Feb 15 21:14:38 +0000 2020,,#turncoat,,https://twitter.com/LiquidFaerie/status/1228789738250948610,1228789738250948610,33712343
2020-02-15 21:13:27+00:00,LiquidFaerie,,1,1,27,"9.10 , ready for bed ... my younger self would have guffawed at what a lightweight I’ve become ... almond milk cocoa & bed ... be safe from Dennis dear ones - see you in the morning x",,Sat Feb 15 21:13:27 +0000 2020,,,,https://twitter.com/LiquidFaerie/status/1228789443181629440,1228789443181629440,33712343
2020-02-15 21:05:00+00:00,LiquidFaerie,BJ_Gardener,0,0,1,Sent you a DM Bridget x,,Sat Feb 15 21:05:00 +0000 2020,,,,https://twitter.com/LiquidFaerie/status/1228787316287770625,1228787316287770625,33712343
2020-02-15 20:47:37+00:00,LiquidFaerie,sazmeister88,0,0,30,You’ve had more than your fair share too Sarah - I simply don’t understand it - I’m grateful for all of you x,,Sat Feb 15 20:47:37 +0000 2020,,,,https://twitter.com/LiquidFaerie/status/1228782940903047171,1228782940903047171,33712343
2020-02-15 20:09:58+00:00,LiquidFaerie,Malcolmjwilliam,1,0,1,I’m going to DM you XX,,Sat Feb 15 20:09:58 +0000 2020,,,,https://twitter.com/LiquidFaerie/status/1228773466578575360,1228773466578575360,33712343
2020-02-15 19:50:47+00:00,LiquidFaerie,DrewLawDesign,0,0,1,Looks lovely x Good job !,,Sat Feb 15 19:50:47 +0000 2020,,,,https://twitter.com/LiquidFaerie/status/1228768640142581761,1228768640142581761,33712343
2020-02-15 19:46:41+00:00,LiquidFaerie,HelenTBracken,0,1,1,It’s the silver lining in the darkness - connecting with all these fantastic people & supporting each other through this turmoil . X x #NotMyBrexit,,Sat Feb 15 19:46:41 +0000 2020,,#NotMyBrexit,,https://twitter.com/LiquidFaerie/status/1228767605902716928,1228767605902716928,33712343
2020-02-15 19:44:00+00:00,LiquidFaerie,SkyeCity_,0,2,8,Rest In Peace Caroline x #SunScum #boycotTheSun,,Sat Feb 15 19:44:00 +0000 2020,,#SunScum #boycotTheSun,https://twitter.com/SkyeCity_/status/1228765731103428608,https://twitter.com/LiquidFaerie/status/1228766932301729792,1228766932301729792,33712343
2020-02-15 19:33:10+00:00,LiquidFaerie,DiemozC,0,0,1,Stay warm and safe x it will pass - Monday you’re up to double figures again xx,,Sat Feb 15 19:33:10 +0000 2020,,,,https://twitter.com/LiquidFaerie/status/1228764204359913474,1228764204359913474,33712343
2020-02-15 19:32:15+00:00,LiquidFaerie,ClaraHa24405597,0,0,1,Not missing British anything ! X x,,Sat Feb 15 19:32:15 +0000 2020,,,,https://twitter.com/LiquidFaerie/status/1228763974222700544,1228763974222700544,33712343
2020-02-15 19:31:29+00:00,LiquidFaerie,fascinatorfun,0,0,0,Blimey ! I’m a bit hysterical about that too -,,Sat Feb 15 19:31:29 +0000 2020,,,,https://twitter.com/LiquidFaerie/status/1228763782865997824,1228763782865997824,33712343
2020-02-15 19:27:13+00:00,LiquidFaerie,trumpy675,0,0,1,Dennis is fierce I hear ... stay safe n warm xxx,,Sat Feb 15 19:27:13 +0000 2020,,,,https://twitter.com/LiquidFaerie/status/1228762709644193792,1228762709644193792,33712343
2020-02-15 19:19:56+00:00,LiquidFaerie,trumpy675,1,0,3,"So is the plum ! Marvelous weather , was 24 yesterday ! Cold nights and warm days x",,Sat Feb 15 19:19:56 +0000 2020,,,,https://twitter.com/LiquidFaerie/status/1228760876498419712,1228760876498419712,33712343
2020-02-15 19:15:54+00:00,LiquidFaerie,BoyMigsy,1,0,4,"Indeed ; it balances out - needed to see the doctor last week as I got bitten by a scorpion - nothing serious ; he saw me in 5 mins - gave me meds , my prescription was €4.99 ! X",,Sat Feb 15 19:15:54 +0000 2020,,,,https://twitter.com/LiquidFaerie/status/1228759858960314369,1228759858960314369,33712343
