date,username,to,replies,retweets,favorites,text,mentions,formatted_date,geo,hashtags,urls,permalink,ID,author_id
2020-02-28 04:08:44+00:00,livewithnoregrt,,0,564,1344,me: i’m over it me: *thinks about it 6273941 times*,,Fri Feb 28 04:08:44 +0000 2020,,,,https://twitter.com/livewithnoregrt/status/1233242606433337344,1233242606433337344,1070750036382883840
2020-02-27 21:36:46+00:00,livewithnoregrt,,1,437,1142,Ur energy will always overcome ur appearance,,Thu Feb 27 21:36:46 +0000 2020,,,,https://twitter.com/livewithnoregrt/status/1233143963382689805,1233143963382689805,1070750036382883840
2020-02-27 04:35:27+00:00,livewithnoregrt,,17,2070,6529,Y’all ever fuck with a song so much you restart it before it’s even over?,,Thu Feb 27 04:35:27 +0000 2020,,,,https://twitter.com/livewithnoregrt/status/1232886941345079296,1232886941345079296,1070750036382883840
2020-02-26 22:00:34+00:00,livewithnoregrt,,2,532,1103,people talk like they know you,,Wed Feb 26 22:00:34 +0000 2020,,,,https://twitter.com/livewithnoregrt/status/1232787566585360384,1232787566585360384,1070750036382883840
2020-02-25 02:29:54+00:00,livewithnoregrt,,5,1761,4054,"Be careful who you open up to. Only a few actually care, the rest are just curious.",,Tue Feb 25 02:29:54 +0000 2020,,,,https://twitter.com/livewithnoregrt/status/1232130570408296448,1232130570408296448,1070750036382883840
2020-02-24 00:37:21+00:00,livewithnoregrt,,4,3136,7412,finding somebody that pushes you to be better >,,Mon Feb 24 00:37:21 +0000 2020,,,,https://twitter.com/livewithnoregrt/status/1231739858361692160,1231739858361692160,1070750036382883840
2020-02-21 20:08:25+00:00,livewithnoregrt,,6,3992,7986,Everything I love I keep private now.,,Fri Feb 21 20:08:25 +0000 2020,,,,https://twitter.com/livewithnoregrt/status/1230947401487331328,1230947401487331328,1070750036382883840
2020-02-20 19:54:31+00:00,livewithnoregrt,,2,3899,6343,I listen to music more than I listen to people,,Thu Feb 20 19:54:31 +0000 2020,,,,https://twitter.com/livewithnoregrt/status/1230581516675186689,1230581516675186689,1070750036382883840
2020-02-20 01:51:18+00:00,livewithnoregrt,,3,705,1617,The energy this year is strange.,,Thu Feb 20 01:51:18 +0000 2020,,,,https://twitter.com/livewithnoregrt/status/1230308916413784066,1230308916413784066,1070750036382883840
2020-02-19 18:25:08+00:00,livewithnoregrt,,3,2542,5367,i pay attention to shit you wouldn’t even think i’m paying attention to.,,Wed Feb 19 18:25:08 +0000 2020,,,,https://twitter.com/livewithnoregrt/status/1230196637533900800,1230196637533900800,1070750036382883840
2020-02-19 02:24:05+00:00,livewithnoregrt,,10,3900,9024,"I only want one person, fuck everybody else",,Wed Feb 19 02:24:05 +0000 2020,,,,https://twitter.com/livewithnoregrt/status/1229954779775930369,1229954779775930369,1070750036382883840
2020-02-18 17:14:37+00:00,livewithnoregrt,,3,564,1496,"society: be yourself also society: wait, not like that",,Tue Feb 18 17:14:37 +0000 2020,,,,https://twitter.com/livewithnoregrt/status/1229816499507953664,1229816499507953664,1070750036382883840
2020-02-18 00:05:13+00:00,livewithnoregrt,,0,542,1407,compare yourself only to your previous self,,Tue Feb 18 00:05:13 +0000 2020,,,,https://twitter.com/livewithnoregrt/status/1229557443006468098,1229557443006468098,1070750036382883840
2020-02-17 05:33:40+00:00,livewithnoregrt,,4,1037,3342,it hurts not being able to talk to someone you love,,Mon Feb 17 05:33:40 +0000 2020,,,,https://twitter.com/livewithnoregrt/status/1229277714940604416,1229277714940604416,1070750036382883840
2020-02-13 22:58:03+00:00,livewithnoregrt,,2,3590,7730,If I can’t be weird with you then wtf,,Thu Feb 13 22:58:03 +0000 2020,,,,https://twitter.com/livewithnoregrt/status/1228090989463687171,1228090989463687171,1070750036382883840
2020-02-13 19:08:01+00:00,livewithnoregrt,,4,1812,5297,Screenshots dont scare me i know what the fuck i said,,Thu Feb 13 19:08:01 +0000 2020,,,,https://twitter.com/livewithnoregrt/status/1228033100053176320,1228033100053176320,1070750036382883840
2020-02-13 04:58:15+00:00,livewithnoregrt,,0,1054,1928,my whole vibe is on do not disturb,,Thu Feb 13 04:58:15 +0000 2020,,,,https://twitter.com/livewithnoregrt/status/1227819247960838146,1227819247960838146,1070750036382883840
2020-02-13 02:19:34+00:00,livewithnoregrt,,0,449,1236,not to be corny but if u get to see the person u love everyday i hope ur not taking it for granted,,Thu Feb 13 02:19:34 +0000 2020,,,,https://twitter.com/livewithnoregrt/status/1227779314676006912,1227779314676006912,1070750036382883840
2020-02-12 05:06:23+00:00,livewithnoregrt,,5,3895,8764,wheres my oscar for acting like everything is okay,,Wed Feb 12 05:06:23 +0000 2020,,,,https://twitter.com/livewithnoregrt/status/1227458906303148032,1227458906303148032,1070750036382883840
2020-02-11 17:52:24+00:00,livewithnoregrt,,2,509,1135,people’s bullshit and fakeness are the main reason why i like being alone,,Tue Feb 11 17:52:24 +0000 2020,,,,https://twitter.com/livewithnoregrt/status/1227289294349520903,1227289294349520903,1070750036382883840
2020-02-11 03:06:27+00:00,livewithnoregrt,,1,1309,2837,"i used to wanna protect my name in situations, now i just wanna protect my peace.. i let whoever think whatever",,Tue Feb 11 03:06:27 +0000 2020,,,,https://twitter.com/livewithnoregrt/status/1227066336343359488,1227066336343359488,1070750036382883840
2020-02-10 23:04:20+00:00,livewithnoregrt,,0,1226,2777,I’m too young to be rushing things but im too old to be wasting time,,Mon Feb 10 23:04:20 +0000 2020,,,,https://twitter.com/livewithnoregrt/status/1227005406540636160,1227005406540636160,1070750036382883840
2020-02-10 16:05:07+00:00,livewithnoregrt,,2,560,1828,My children will know self love before I allow them to date.,,Mon Feb 10 16:05:07 +0000 2020,,,,https://twitter.com/livewithnoregrt/status/1226899907321225219,1226899907321225219,1070750036382883840
2020-02-10 05:07:22+00:00,livewithnoregrt,,1,581,1597,*breaks my own heart from thinking too much*,,Mon Feb 10 05:07:22 +0000 2020,,,,https://twitter.com/livewithnoregrt/status/1226734379885645824,1226734379885645824,1070750036382883840
2020-02-09 20:33:02+00:00,livewithnoregrt,,3,1017,3065,can’t wait to have chubby babies with the love of my life,,Sun Feb 09 20:33:02 +0000 2020,,,,https://twitter.com/livewithnoregrt/status/1226604945216069634,1226604945216069634,1070750036382883840
2020-02-09 01:59:27+00:00,livewithnoregrt,,1,618,1686,"If anger drives you to do some disloyal shit, you was never loyal.",,Sun Feb 09 01:59:27 +0000 2020,,,,https://twitter.com/livewithnoregrt/status/1226324699631759360,1226324699631759360,1070750036382883840
2020-02-08 20:55:10+00:00,livewithnoregrt,,4,506,1276,The ability to read people so well is both a blessing and a curse.,,Sat Feb 08 20:55:10 +0000 2020,,,,https://twitter.com/livewithnoregrt/status/1226248124143935488,1226248124143935488,1070750036382883840
2020-02-08 03:55:17+00:00,livewithnoregrt,,0,413,963,slow progress is still progress,,Sat Feb 08 03:55:17 +0000 2020,,,,https://twitter.com/livewithnoregrt/status/1225991465240629248,1225991465240629248,1070750036382883840
2020-02-07 22:15:35+00:00,livewithnoregrt,,0,412,892,i always be so hard on myself for no reason like chill tf out we on the same damn team,,Fri Feb 07 22:15:35 +0000 2020,,,,https://twitter.com/livewithnoregrt/status/1225905973925208064,1225905973925208064,1070750036382883840
2020-02-07 19:04:20+00:00,livewithnoregrt,,4,1388,3647,You can’t force people to appreciate you. You can’t force people to be loyal to you. You can’t force people to treat you right. You can’t force people to be honest with you. You definitely can’t force people to love you.,,Fri Feb 07 19:04:20 +0000 2020,,,,https://twitter.com/livewithnoregrt/status/1225857847113678849,1225857847113678849,1070750036382883840
2020-02-07 02:20:25+00:00,livewithnoregrt,,5,691,1891,naps hit different when you sad,,Fri Feb 07 02:20:25 +0000 2020,,,,https://twitter.com/livewithnoregrt/status/1225605202746789888,1225605202746789888,1070750036382883840
2020-02-06 20:45:44+00:00,livewithnoregrt,,10,935,2936,imagine someone listening to a song and thinking of you,,Thu Feb 06 20:45:44 +0000 2020,,,,https://twitter.com/livewithnoregrt/status/1225520974596059139,1225520974596059139,1070750036382883840
2020-02-06 04:20:19+00:00,livewithnoregrt,,8,4725,9950,I barely talk to anyone anymore so if i talk to you congrats,,Thu Feb 06 04:20:19 +0000 2020,,,,https://twitter.com/livewithnoregrt/status/1225272987714121729,1225272987714121729,1070750036382883840
2020-02-05 23:20:15+00:00,livewithnoregrt,,3,831,1595,"just be honest, it saves everyone's time.",,Wed Feb 05 23:20:15 +0000 2020,,,,https://twitter.com/livewithnoregrt/status/1225197474266128386,1225197474266128386,1070750036382883840
2020-02-04 21:31:03+00:00,livewithnoregrt,,2,906,1773,i need something unexpectedly good to happen right now ..,,Tue Feb 04 21:31:03 +0000 2020,,,,https://twitter.com/livewithnoregrt/status/1224807605769506816,1224807605769506816,1070750036382883840
2020-02-04 01:43:09+00:00,livewithnoregrt,,1,568,1189,My soul ain’t for this generation,,Tue Feb 04 01:43:09 +0000 2020,,,,https://twitter.com/livewithnoregrt/status/1224508659650170880,1224508659650170880,1070750036382883840
2020-02-03 22:52:53+00:00,livewithnoregrt,,3,1319,3654,I like clingy. I like attention. I like affection. I like double texts. I like random calls. I like paragraphs.,,Mon Feb 03 22:52:53 +0000 2020,,,,https://twitter.com/livewithnoregrt/status/1224465811781378048,1224465811781378048,1070750036382883840
2020-02-03 05:01:36+00:00,livewithnoregrt,,0,506,1683,You’re so lucky if you’re in love and it’s reciprocated and it’s healthy and innocent and pure,,Mon Feb 03 05:01:36 +0000 2020,,,,https://twitter.com/livewithnoregrt/status/1224196211806261250,1224196211806261250,1070750036382883840
2020-02-03 04:22:22+00:00,livewithnoregrt,,2,483,1128,I admit sometimes I haven’t been the best version of myself... but I’m trying to do better,,Mon Feb 03 04:22:22 +0000 2020,,,,https://twitter.com/livewithnoregrt/status/1224186340830535680,1224186340830535680,1070750036382883840
2020-02-02 19:02:00+00:00,livewithnoregrt,,6,18,113,rip dad miss you everyday ,,Sun Feb 02 19:02:00 +0000 2020,,,,https://twitter.com/livewithnoregrt/status/1224045321245929472,1224045321245929472,1070750036382883840
2020-02-02 04:14:45+00:00,livewithnoregrt,,4,2524,5332,"They beg for your time, then waste it.",,Sun Feb 02 04:14:45 +0000 2020,,,,https://twitter.com/livewithnoregrt/status/1223822035165622273,1223822035165622273,1070750036382883840
2020-02-01 19:06:28+00:00,livewithnoregrt,,1,467,1263,i think about u every second wtf,,Sat Feb 01 19:06:28 +0000 2020,,,,https://twitter.com/livewithnoregrt/status/1223684057793515520,1223684057793515520,1070750036382883840
2020-01-31 04:33:10+00:00,livewithnoregrt,,2,492,1106,I want good news in February I want good news in February I want good news in February I want good news in February I want good news in February I want good news in February,,Fri Jan 31 04:33:10 +0000 2020,,,,https://twitter.com/livewithnoregrt/status/1223101896623194114,1223101896623194114,1070750036382883840
2020-01-31 04:21:02+00:00,livewithnoregrt,,0,272,891,People who was raised on love see shit differently than people raised on survival,,Fri Jan 31 04:21:02 +0000 2020,,,,https://twitter.com/livewithnoregrt/status/1223098839634259969,1223098839634259969,1070750036382883840
2020-01-30 22:20:06+00:00,livewithnoregrt,,2,867,2532,"If you get that gut feeling that something isn’t right about a person or situation, trust it.",,Thu Jan 30 22:20:06 +0000 2020,,,,https://twitter.com/livewithnoregrt/status/1223008011033116672,1223008011033116672,1070750036382883840
2020-01-30 01:45:42+00:00,livewithnoregrt,,0,366,908,Be loyal but don't be nobody's fool,,Thu Jan 30 01:45:42 +0000 2020,,,,https://twitter.com/livewithnoregrt/status/1222697363069984769,1222697363069984769,1070750036382883840
2020-01-29 17:23:55+00:00,livewithnoregrt,,2,753,1913,Realize how lucky you are if you have my attention,,Wed Jan 29 17:23:55 +0000 2020,,,,https://twitter.com/livewithnoregrt/status/1222571086262554625,1222571086262554625,1070750036382883840
2020-01-29 06:55:13+00:00,livewithnoregrt,,1,532,1737,"“You right” = I’m done arguing with you, have fun being wrong.",,Wed Jan 29 06:55:13 +0000 2020,,,,https://twitter.com/livewithnoregrt/status/1222412865212243969,1222412865212243969,1070750036382883840
2020-01-28 20:58:58+00:00,livewithnoregrt,,11,527,1724,I love those friends that get angrier about situations you’re in than you do,,Tue Jan 28 20:58:58 +0000 2020,,,,https://twitter.com/livewithnoregrt/status/1222262814926090240,1222262814926090240,1070750036382883840
2020-01-28 16:19:25+00:00,livewithnoregrt,,1,314,665,shit don’t even surprise me no more,,Tue Jan 28 16:19:25 +0000 2020,,,,https://twitter.com/livewithnoregrt/status/1222192465844887552,1222192465844887552,1070750036382883840
2020-01-27 18:21:58+00:00,livewithnoregrt,,2,2561,4564,"I don’t have time to hate anyone, I either love you or I don’t care at all.",,Mon Jan 27 18:21:58 +0000 2020,,,,https://twitter.com/livewithnoregrt/status/1221860918834974720,1221860918834974720,1070750036382883840
2020-01-27 07:12:31+00:00,livewithnoregrt,,0,488,1096,"I can’t fake interest. If I don’t fuck with you, I don’t fuck with you.",,Mon Jan 27 07:12:31 +0000 2020,,,,https://twitter.com/livewithnoregrt/status/1221692446247129093,1221692446247129093,1070750036382883840
2020-01-26 23:14:01+00:00,livewithnoregrt,,1,366,1216,"Sudden death really scares me, it just shows how unpredictable life is.",,Sun Jan 26 23:14:01 +0000 2020,,,,https://twitter.com/livewithnoregrt/status/1221572024893571072,1221572024893571072,1070750036382883840
2020-01-26 15:58:04+00:00,livewithnoregrt,,0,447,1031,"I may be quiet, but I have so much on my mind.",,Sun Jan 26 15:58:04 +0000 2020,,,,https://twitter.com/livewithnoregrt/status/1221462314148409344,1221462314148409344,1070750036382883840
2020-01-26 03:26:48+00:00,livewithnoregrt,,3,798,1706,"i notice, i notice everything",,Sun Jan 26 03:26:48 +0000 2020,,,,https://twitter.com/livewithnoregrt/status/1221273254377160704,1221273254377160704,1070750036382883840
2020-01-25 17:09:30+00:00,livewithnoregrt,,2,662,2311,how I’m tryna be this year,,Sat Jan 25 17:09:30 +0000 2020,,,,https://twitter.com/livewithnoregrt/status/1221117903493353472,1221117903493353472,1070750036382883840
2020-01-25 17:06:42+00:00,livewithnoregrt,,0,359,867,It’s crazy how I can care & not give af at the same time,,Sat Jan 25 17:06:42 +0000 2020,,,,https://twitter.com/livewithnoregrt/status/1221117199621947399,1221117199621947399,1070750036382883840
2020-01-25 02:54:38+00:00,livewithnoregrt,,1,360,999,Life’s too short to be waiting on anyone to act right,,Sat Jan 25 02:54:38 +0000 2020,,,,https://twitter.com/livewithnoregrt/status/1220902771089645568,1220902771089645568,1070750036382883840
2020-01-25 01:13:13+00:00,livewithnoregrt,,4,1980,4228,Let’s get rich together and disappear,,Sat Jan 25 01:13:13 +0000 2020,,,,https://twitter.com/livewithnoregrt/status/1220877247286075392,1220877247286075392,1070750036382883840
2020-01-24 18:36:17+00:00,livewithnoregrt,,2,2603,6789,rule#1: never tell people what ur doing until it’s done,,Fri Jan 24 18:36:17 +0000 2020,,,,https://twitter.com/livewithnoregrt/status/1220777356006215681,1220777356006215681,1070750036382883840
2020-01-24 00:52:03+00:00,livewithnoregrt,,2,1110,3962,Double texts are so attractive like OHHH you want me want me,,Fri Jan 24 00:52:03 +0000 2020,,,,https://twitter.com/livewithnoregrt/status/1220509533082136577,1220509533082136577,1070750036382883840
2020-01-23 02:54:28+00:00,livewithnoregrt,,5,739,1812,Being friends with me is knowing I don’t wanna talk everyday lmao,,Thu Jan 23 02:54:28 +0000 2020,,,,https://twitter.com/livewithnoregrt/status/1220177954883481600,1220177954883481600,1070750036382883840
2020-01-23 02:41:04+00:00,livewithnoregrt,,0,395,973,truth hurts but I’ll pick it every time,,Thu Jan 23 02:41:04 +0000 2020,,,,https://twitter.com/livewithnoregrt/status/1220174581052428288,1220174581052428288,1070750036382883840
2020-01-22 20:39:29+00:00,livewithnoregrt,,3,1097,3085,loyalty is attractive. consistency is attractive. keeping it 100 with me is attractive.,,Wed Jan 22 20:39:29 +0000 2020,,,,https://twitter.com/livewithnoregrt/status/1220083583748071439,1220083583748071439,1070750036382883840
2020-01-22 19:09:48+00:00,livewithnoregrt,,1,545,968,be my homie & my baby,,Wed Jan 22 19:09:48 +0000 2020,,,,https://twitter.com/livewithnoregrt/status/1220061014030458880,1220061014030458880,1070750036382883840
2020-01-22 00:44:18+00:00,livewithnoregrt,,1,398,1314,Dating after 20 is like are we doing this or not? I got shit to do,,Wed Jan 22 00:44:18 +0000 2020,,,,https://twitter.com/livewithnoregrt/status/1219782809373593603,1219782809373593603,1070750036382883840
2020-01-21 21:01:28+00:00,livewithnoregrt,,0,406,1108,mood >>>,,Tue Jan 21 21:01:28 +0000 2020,,,,https://twitter.com/livewithnoregrt/status/1219726730627375110,1219726730627375110,1070750036382883840
2020-01-21 05:54:36+00:00,livewithnoregrt,,13,7206,13603,"I love that direct shit, tell me what u want.",,Tue Jan 21 05:54:36 +0000 2020,,,,https://twitter.com/livewithnoregrt/status/1219498511026262017,1219498511026262017,1070750036382883840
2020-01-21 03:41:38+00:00,livewithnoregrt,,1,407,855,I refuse to be at the same position I was last year,,Tue Jan 21 03:41:38 +0000 2020,,,,https://twitter.com/livewithnoregrt/status/1219465047145095168,1219465047145095168,1070750036382883840
2020-01-20 22:10:57+00:00,livewithnoregrt,,1,873,2946,You deserve a relationship that allows you to sleep peacefully at night.,,Mon Jan 20 22:10:57 +0000 2020,,,,https://twitter.com/livewithnoregrt/status/1219381828089450496,1219381828089450496,1070750036382883840
2020-01-20 15:19:06+00:00,livewithnoregrt,,4,1000,2014,I live in my head wayyyyyyy too much,,Mon Jan 20 15:19:06 +0000 2020,,,,https://twitter.com/livewithnoregrt/status/1219278182618161152,1219278182618161152,1070750036382883840
2020-01-19 20:37:15+00:00,livewithnoregrt,,4,1269,2744,if you not obsessed with me then what’s the point,,Sun Jan 19 20:37:15 +0000 2020,,,,https://twitter.com/livewithnoregrt/status/1218995859070881795,1218995859070881795,1070750036382883840
2020-01-19 02:16:04+00:00,livewithnoregrt,,2,741,1896,"goofiness is so attractive to me. If you can keep me laughing , you got me forever",,Sun Jan 19 02:16:04 +0000 2020,,,,https://twitter.com/livewithnoregrt/status/1218718738108833792,1218718738108833792,1070750036382883840
2020-01-18 22:22:40+00:00,livewithnoregrt,,0,730,1607,"Nipsey said “give people space an let them roam, what’s meant for you will always be yours”",,Sat Jan 18 22:22:40 +0000 2020,,,,https://twitter.com/livewithnoregrt/status/1218660001373466625,1218660001373466625,1070750036382883840
2020-01-18 20:50:51+00:00,livewithnoregrt,,6,3757,9200,months*,,Sat Jan 18 20:50:51 +0000 2020,,,,https://twitter.com/livewithnoregrt/status/1218636895128866816,1218636895128866816,1070750036382883840
2020-01-17 22:09:53+00:00,livewithnoregrt,,1,1090,2644,"I’m so attracted to personalities, I don’t care how fine you are I need to be able to have fun with you",,Fri Jan 17 22:09:53 +0000 2020,,,,https://twitter.com/livewithnoregrt/status/1218294396912840715,1218294396912840715,1070750036382883840
2020-01-17 18:41:35+00:00,livewithnoregrt,,1,854,1656,I love being left alone. leave me alone.,,Fri Jan 17 18:41:35 +0000 2020,,,,https://twitter.com/livewithnoregrt/status/1218241977231331331,1218241977231331331,1070750036382883840
2020-01-17 17:23:10+00:00,livewithnoregrt,,2,290,683,may 2020 bring healing. may 2020 bring happiness. may 2020 bring success.,,Fri Jan 17 17:23:10 +0000 2020,,,,https://twitter.com/livewithnoregrt/status/1218222239725821952,1218222239725821952,1070750036382883840
2020-01-16 21:33:29+00:00,livewithnoregrt,,4,889,2077,"We no longer go for looks. We go for maturity, stability, loyalty and peace",,Thu Jan 16 21:33:29 +0000 2020,,,,https://twitter.com/livewithnoregrt/status/1217922847684931584,1217922847684931584,1070750036382883840
2020-01-16 06:27:13+00:00,livewithnoregrt,,2,343,668,Only God knows how much I want to be happy this year and be at peace with my heart,,Thu Jan 16 06:27:13 +0000 2020,,,,https://twitter.com/livewithnoregrt/status/1217694777447153664,1217694777447153664,1070750036382883840
2020-01-16 03:34:29+00:00,livewithnoregrt,,15,5699,13179,I be like “communication is key” then ignore everyone,,Thu Jan 16 03:34:29 +0000 2020,,,,https://twitter.com/livewithnoregrt/status/1217651309630967813,1217651309630967813,1070750036382883840
2020-01-15 22:48:09+00:00,livewithnoregrt,,1,320,759,Could’ve just ... left me alone.,,Wed Jan 15 22:48:09 +0000 2020,,,,https://twitter.com/livewithnoregrt/status/1217579251832102913,1217579251832102913,1070750036382883840
2020-01-15 18:49:38+00:00,livewithnoregrt,,5,223,849,in a relationship i think my biggest flaw is that i constantly need to feel the love or i’ll assume it’s gone,,Wed Jan 15 18:49:38 +0000 2020,,,,https://twitter.com/livewithnoregrt/status/1217519225725734912,1217519225725734912,1070750036382883840
2020-01-15 17:19:59+00:00,livewithnoregrt,,1,408,1020,we too grown to be sending mixed signals,,Wed Jan 15 17:19:59 +0000 2020,,,,https://twitter.com/livewithnoregrt/status/1217496666460295169,1217496666460295169,1070750036382883840
2020-01-15 04:01:47+00:00,livewithnoregrt,,0,539,1338,best feeling ever is realizing you don’t care anymore,,Wed Jan 15 04:01:47 +0000 2020,,,,https://twitter.com/livewithnoregrt/status/1217295789493563392,1217295789493563392,1070750036382883840
2020-01-14 20:20:59+00:00,livewithnoregrt,,2,919,2466,Everybody doesn’t deserve to see your personality. Let them think you dry. Who cares?,,Tue Jan 14 20:20:59 +0000 2020,,,,https://twitter.com/livewithnoregrt/status/1217179824864800769,1217179824864800769,1070750036382883840
2020-01-14 20:14:38+00:00,livewithnoregrt,,1,576,1451,wish i was kissing you instead of thinking about you,,Tue Jan 14 20:14:38 +0000 2020,,,,https://twitter.com/livewithnoregrt/status/1217178226990161925,1217178226990161925,1070750036382883840
2020-01-14 02:26:29+00:00,livewithnoregrt,,1,573,1399,Knowing information but still minding your business >>>,,Tue Jan 14 02:26:29 +0000 2020,,,,https://twitter.com/livewithnoregrt/status/1216909421797892096,1216909421797892096,1070750036382883840
2020-01-13 23:25:12+00:00,livewithnoregrt,,2,416,1102,that attention hit different when it’s from who you want.,,Mon Jan 13 23:25:12 +0000 2020,,,,https://twitter.com/livewithnoregrt/status/1216863800021995521,1216863800021995521,1070750036382883840
2020-01-13 18:32:54+00:00,livewithnoregrt,,1,2684,4573,this me all year,,Mon Jan 13 18:32:54 +0000 2020,,,,https://twitter.com/livewithnoregrt/status/1216790237109792770,1216790237109792770,1070750036382883840
2020-01-13 07:00:46+00:00,livewithnoregrt,,3,3000,6729,"double text me, annoy me, give me your attention. i love that shit.",,Mon Jan 13 07:00:46 +0000 2020,,,,https://twitter.com/livewithnoregrt/status/1216616056581709825,1216616056581709825,1070750036382883840
2020-01-13 00:14:22+00:00,livewithnoregrt,,1,467,1039,"This is a ""with or without you"" kind of year.",,Mon Jan 13 00:14:22 +0000 2020,,,,https://twitter.com/livewithnoregrt/status/1216513783692255234,1216513783692255234,1070750036382883840
2020-01-12 16:37:19+00:00,livewithnoregrt,,2,1748,5085,You’re too good to be someone’s secret or second option,,Sun Jan 12 16:37:19 +0000 2020,,,,https://twitter.com/livewithnoregrt/status/1216398762018471938,1216398762018471938,1070750036382883840
2020-01-12 16:34:20+00:00,livewithnoregrt,,0,493,916,A night car ride with good ass music would be nice rn,,Sun Jan 12 16:34:20 +0000 2020,,,,https://twitter.com/livewithnoregrt/status/1216398013159133186,1216398013159133186,1070750036382883840
2020-01-12 03:16:41+00:00,livewithnoregrt,,1,429,981,I’m practicing non-attachment. Accepting what comes and allowing it to leave when it’s time. What’s for me will be for me effortlessly.,,Sun Jan 12 03:16:41 +0000 2020,,,,https://twitter.com/livewithnoregrt/status/1216197278920269825,1216197278920269825,1070750036382883840
2020-01-11 18:17:29+00:00,livewithnoregrt,,1,459,1170,Having friends that allow you to just FEEL without judgement is so important,,Sat Jan 11 18:17:29 +0000 2020,,,,https://twitter.com/livewithnoregrt/status/1216061582188433414,1216061582188433414,1070750036382883840
2020-01-11 03:56:51+00:00,livewithnoregrt,,0,396,892,I highkey notice everything so don’t try to hide shit from me.,,Sat Jan 11 03:56:51 +0000 2020,,,,https://twitter.com/livewithnoregrt/status/1215844997234331648,1215844997234331648,1070750036382883840
2020-01-11 00:51:35+00:00,livewithnoregrt,,6,1828,3826,Choose people that choose you. The end.,,Sat Jan 11 00:51:35 +0000 2020,,,,https://twitter.com/livewithnoregrt/status/1215798375800590336,1215798375800590336,1070750036382883840
2020-01-10 20:22:23+00:00,livewithnoregrt,,0,236,541,"The level of ""idgaf"" I've reached is insane",,Fri Jan 10 20:22:23 +0000 2020,,,,https://twitter.com/livewithnoregrt/status/1215730626327912449,1215730626327912449,1070750036382883840
2020-01-10 14:52:30+00:00,livewithnoregrt,,1,295,933,Nobody can heal or kill your vibe like your parents,,Fri Jan 10 14:52:30 +0000 2020,,,,https://twitter.com/livewithnoregrt/status/1215647608384954370,1215647608384954370,1070750036382883840
