date,username,to,replies,retweets,favorites,text,mentions,formatted_date,geo,hashtags,urls,permalink,ID,author_id
2020-02-28 17:02:35+00:00,LLCGRANDE,,0,0,3,i want your stupid love.,,Fri Feb 28 17:02:35 +0000 2020,,,,https://twitter.com/LLCGRANDE/status/1233437350287544324,1233437350287544324,4019957421
2020-02-27 17:55:44+00:00,LLCGRANDE,NICKIMINAJ,0,0,0,you.,,Thu Feb 27 17:55:44 +0000 2020,,,,https://twitter.com/LLCGRANDE/status/1233088337596076032,1233088337596076032,4019957421
2020-02-27 04:40:56+00:00,LLCGRANDE,theahsnews,0,0,4,WE WANT JESSICA LANGE.,,Thu Feb 27 04:40:56 +0000 2020,,,https://twitter.com/theahsnews/status/1232696022369021953,https://twitter.com/LLCGRANDE/status/1232888322252509184,1232888322252509184,4019957421
2020-02-27 04:38:58+00:00,LLCGRANDE,ABC,0,0,5,the fact that this is the first time in four years that I hear pence speak lmfao.,,Thu Feb 27 04:38:58 +0000 2020,,,https://twitter.com/ABC/status/1232817112139341824,https://twitter.com/LLCGRANDE/status/1232887826854957056,1232887826854957056,4019957421
2020-02-26 18:48:39+00:00,LLCGRANDE,SharikaSoal84,0,0,4,"if you eat chick-fil-a, you’re homophobic.",,Wed Feb 26 18:48:39 +0000 2020,,,https://twitter.com/SharikaSoal84/status/1232478277526122498,https://twitter.com/LLCGRANDE/status/1232739269833363458,1232739269833363458,4019957421
2020-02-26 18:12:54+00:00,LLCGRANDE,halsey,0,0,0,ITS WHAT SHE DESERVES.,,Wed Feb 26 18:12:54 +0000 2020,,,,https://twitter.com/LLCGRANDE/status/1232730272011051013,1232730272011051013,4019957421
2020-02-26 17:57:50+00:00,LLCGRANDE,pulte,0,0,0,i got ur notifs on bill. help me pay my car note!! broke college student here.,,Wed Feb 26 17:57:50 +0000 2020,,,,https://twitter.com/LLCGRANDE/status/1232726481543090178,1232726481543090178,4019957421
2020-02-26 17:57:13+00:00,LLCGRANDE,pulte,0,0,0,what about small artists like myself? (i write poetry),,Wed Feb 26 17:57:13 +0000 2020,,,,https://twitter.com/LLCGRANDE/status/1232726323480682497,1232726323480682497,4019957421
2020-02-26 17:56:16+00:00,LLCGRANDE,pulte,0,0,0,what about broke broke college students?,,Wed Feb 26 17:56:16 +0000 2020,,,,https://twitter.com/LLCGRANDE/status/1232726085701423105,1232726085701423105,4019957421
2020-02-26 05:33:12+00:00,LLCGRANDE,charlidamelio,0,0,0,u spelled amer* wrong.,,Wed Feb 26 05:33:12 +0000 2020,,,,https://twitter.com/LLCGRANDE/status/1232539085966905345,1232539085966905345,4019957421
2020-02-26 05:33:01+00:00,LLCGRANDE,charlidamelio,0,0,2,me too gimme clout.,,Wed Feb 26 05:33:01 +0000 2020,,,https://twitter.com/charlidamelio/status/1232538046781894656,https://twitter.com/LLCGRANDE/status/1232539041301704705,1232539041301704705,4019957421
2020-02-26 05:31:17+00:00,LLCGRANDE,,0,0,4,"“not again” bitch once is an instance, twice is a hobby. https://twitter.com/woahsweetener/status/1231479766282170368/video/1",,Wed Feb 26 05:31:17 +0000 2020,,,https://twitter.com/woahsweetener/status/1231479766282170368/video/1,https://twitter.com/LLCGRANDE/status/1232538604708167680,1232538604708167680,4019957421
2020-02-26 05:13:51+00:00,LLCGRANDE,,0,0,2,,,Wed Feb 26 05:13:51 +0000 2020,,,,https://twitter.com/LLCGRANDE/status/1232534217688567809,1232534217688567809,4019957421
2020-02-26 04:55:22+00:00,LLCGRANDE,archive2222,3,0,14,harry styles will wear these in 2020.,,Wed Feb 26 04:55:22 +0000 2020,,,https://twitter.com/archive2222/status/1232363592298778626,https://twitter.com/LLCGRANDE/status/1232529567723720704,1232529567723720704,4019957421
2020-02-26 04:52:18+00:00,LLCGRANDE,,0,0,21,"if you remember this, you’re an og. https://twitter.com/grandestrand/status/1230904615417384961/video/1",,Wed Feb 26 04:52:18 +0000 2020,,,https://twitter.com/grandestrand/status/1230904615417384961/video/1,https://twitter.com/LLCGRANDE/status/1232528794776461312,1232528794776461312,4019957421
2020-02-26 04:46:30+00:00,LLCGRANDE,princessneIIy,0,0,4,it still pisses me off that we haven’t gotten a collab since fly from pink friday.,,Wed Feb 26 04:46:30 +0000 2020,,,https://twitter.com/princessneIIy/status/1232349913574526976,https://twitter.com/LLCGRANDE/status/1232527333522845696,1232527333522845696,4019957421
2020-02-26 04:41:07+00:00,LLCGRANDE,,4,0,12,do yall stan ari w njomza?,,Wed Feb 26 04:41:07 +0000 2020,,,,https://twitter.com/LLCGRANDE/status/1232525981405065216,1232525981405065216,4019957421
2020-02-26 04:25:38+00:00,LLCGRANDE,,0,1,8,"i wish this fandom gave a fuck about people, but they don’t. shits all fake.",,Wed Feb 26 04:25:38 +0000 2020,,,,https://twitter.com/LLCGRANDE/status/1232522083416051714,1232522083416051714,4019957421
2020-02-26 04:24:04+00:00,LLCGRANDE,sugadaeng,0,0,0,use my fancam thnx,,Wed Feb 26 04:24:04 +0000 2020,,,,https://twitter.com/LLCGRANDE/status/1232521687368896512,1232521687368896512,4019957421
2020-02-26 04:19:31+00:00,LLCGRANDE,,2,0,6,drop an emoji and i’ll roast you.,,Wed Feb 26 04:19:31 +0000 2020,,,,https://twitter.com/LLCGRANDE/status/1232520544442093568,1232520544442093568,4019957421
2020-02-26 04:17:00+00:00,LLCGRANDE,,0,0,4,cold brew coffee for a cold ass bitch.,,Wed Feb 26 04:17:00 +0000 2020,,,,https://twitter.com/LLCGRANDE/status/1232519911592906752,1232519911592906752,4019957421
2020-02-26 04:14:14+00:00,LLCGRANDE,,0,0,3,i miss @fuckafakesmiIe,@fuckafakesmiIe,Wed Feb 26 04:14:14 +0000 2020,,,,https://twitter.com/LLCGRANDE/status/1232519215757824001,1232519215757824001,4019957421
2020-02-26 04:12:20+00:00,LLCGRANDE,,7,1,33,i follow way too many of y’all. so im unf all inactives rn. :)),,Wed Feb 26 04:12:20 +0000 2020,,,,https://twitter.com/LLCGRANDE/status/1232518736839610369,1232518736839610369,4019957421
2020-02-26 01:27:17+00:00,LLCGRANDE,ArianaGrande,0,0,0,stop.,,Wed Feb 26 01:27:17 +0000 2020,,,,https://twitter.com/LLCGRANDE/status/1232477201590710274,1232477201590710274,4019957421
2020-02-26 01:23:13+00:00,LLCGRANDE,,0,1,7,the only camila performance that matters (after i fixed it ofc).,,Wed Feb 26 01:23:13 +0000 2020,,,,https://twitter.com/LLCGRANDE/status/1232476175869440002,1232476175869440002,4019957421
2020-02-26 00:45:34+00:00,LLCGRANDE,,1,0,4,"i just submitted this 8 page paper 2 days early, i—",,Wed Feb 26 00:45:34 +0000 2020,,,,https://twitter.com/LLCGRANDE/status/1232466701620432897,1232466701620432897,4019957421
2020-02-26 00:40:30+00:00,LLCGRANDE,,0,0,5,"just turned in my 8 page rhetorical analysis essay, what y’all 12 y/o stans know about that? https://twitter.com/betteroffimh/status/1180318689150697472/video/1",,Wed Feb 26 00:40:30 +0000 2020,,,https://twitter.com/betteroffimh/status/1180318689150697472/video/1,https://twitter.com/LLCGRANDE/status/1232465426111594497,1232465426111594497,4019957421
2020-02-26 00:37:29+00:00,LLCGRANDE,,2,0,3,"drop fancams below, any artists. go tf off stans. ",,Wed Feb 26 00:37:29 +0000 2020,,,,https://twitter.com/LLCGRANDE/status/1232464669362675712,1232464669362675712,4019957421
2020-02-25 23:23:01+00:00,LLCGRANDE,,0,4,11,beauty queen.,,Tue Feb 25 23:23:01 +0000 2020,,,,https://twitter.com/LLCGRANDE/status/1232445925739487233,1232445925739487233,4019957421
2020-02-25 23:18:22+00:00,LLCGRANDE,,0,0,16,THIS WAS FOUR YEARS AGO!?!! ARE YOU KIDDING?!,,Tue Feb 25 23:18:22 +0000 2020,,,,https://twitter.com/LLCGRANDE/status/1232444756585615361,1232444756585615361,4019957421
2020-02-25 23:17:16+00:00,LLCGRANDE,lyssaloveslana,1,1,1,LMFAOOO IT WOULD BE LANA IN JELLY SANDALS OMG,,Tue Feb 25 23:17:16 +0000 2020,,,,https://twitter.com/LLCGRANDE/status/1232444480650825728,1232444480650825728,4019957421
2020-02-25 23:14:51+00:00,LLCGRANDE,Malala,0,0,9,the power this photo has.,,Tue Feb 25 23:14:51 +0000 2020,,,https://twitter.com/Malala/status/1232346177342988288,https://twitter.com/LLCGRANDE/status/1232443872577380353,1232443872577380353,4019957421
2020-02-25 23:14:34+00:00,LLCGRANDE,,0,0,1,politely** im illiterate,,Tue Feb 25 23:14:34 +0000 2020,,,,https://twitter.com/LLCGRANDE/status/1232443802222133250,1232443802222133250,4019957421
2020-02-25 23:13:43+00:00,LLCGRANDE,,3,1,6,"you meet one of your faves and you ask them for a selfie, they polite decline , what do you do?",,Tue Feb 25 23:13:43 +0000 2020,,,,https://twitter.com/LLCGRANDE/status/1232443588421681153,1232443588421681153,4019957421
2020-02-25 23:12:01+00:00,LLCGRANDE,,0,0,4,this bird app and these stans starting to piss me off chile...,,Tue Feb 25 23:12:01 +0000 2020,,,,https://twitter.com/LLCGRANDE/status/1232443158455173120,1232443158455173120,4019957421
2020-02-25 23:10:13+00:00,LLCGRANDE,,0,0,3,"if u hmu asking why i unfollowed u, u care too much ab this bird app.",,Tue Feb 25 23:10:13 +0000 2020,,,,https://twitter.com/LLCGRANDE/status/1232442705445187584,1232442705445187584,4019957421
2020-02-25 21:21:32+00:00,LLCGRANDE,,1,0,14,this dat energy.,,Tue Feb 25 21:21:32 +0000 2020,,,,https://twitter.com/LLCGRANDE/status/1232415355143938048,1232415355143938048,4019957421
2020-02-25 18:18:19+00:00,LLCGRANDE,,0,0,2,mood: vitamin bitch vitamin please @qveenherby,@qveenherby,Tue Feb 25 18:18:19 +0000 2020,,,,https://twitter.com/LLCGRANDE/status/1232369247021674496,1232369247021674496,4019957421
2020-02-25 17:03:17+00:00,LLCGRANDE,DojaCat,0,0,1,first stop chicago. bitch taste.,,Tue Feb 25 17:03:17 +0000 2020,,,,https://twitter.com/LLCGRANDE/status/1232350363610734592,1232350363610734592,4019957421
2020-02-25 08:01:09+00:00,LLCGRANDE,JeffreeStar,0,0,0,@qveenherby ‘s makeup line.,@qveenherby,Tue Feb 25 08:01:09 +0000 2020,,,,https://twitter.com/LLCGRANDE/status/1232213932502286336,1232213932502286336,4019957421
2020-02-25 07:18:22+00:00,LLCGRANDE,,0,0,3,i fucking stan @qveenherby so hard.,@qveenherby,Tue Feb 25 07:18:22 +0000 2020,,,,https://twitter.com/LLCGRANDE/status/1232203165484843008,1232203165484843008,4019957421
2020-02-25 05:11:15+00:00,LLCGRANDE,,0,0,5,:’(,,Tue Feb 25 05:11:15 +0000 2020,,,,https://twitter.com/LLCGRANDE/status/1232171175830335490,1232171175830335490,4019957421
2020-02-24 00:08:46+00:00,LLCGRANDE,yuhnotes,0,0,2,yes,,Mon Feb 24 00:08:46 +0000 2020,,,,https://twitter.com/LLCGRANDE/status/1231732664740143105,1231732664740143105,4019957421
2020-02-24 00:03:47+00:00,LLCGRANDE,_SelloM,1,0,8,i stan cardi b.,,Mon Feb 24 00:03:47 +0000 2020,,,https://twitter.com/_SelloM/status/1231131307054374912,https://twitter.com/LLCGRANDE/status/1231731410223947776,1231731410223947776,4019957421
2020-02-23 23:58:27+00:00,LLCGRANDE,brianNpikachu,1,3,12,I still call it a PRNDL to this day.,,Sun Feb 23 23:58:27 +0000 2020,,,https://twitter.com/brianNpikachu/status/1231713011942821888,https://twitter.com/LLCGRANDE/status/1231730068373807105,1231730068373807105,4019957421
2020-02-23 18:28:51+00:00,LLCGRANDE,,0,0,10,bi and livid. #neveraloneLGBTQ,,Sun Feb 23 18:28:51 +0000 2020,,#neveraloneLGBTQ,,https://twitter.com/LLCGRANDE/status/1231647122958712833,1231647122958712833,4019957421
2020-02-23 18:28:01+00:00,LLCGRANDE,LLCGRANDE,0,0,1,remember when my tweet went diamond.,,Sun Feb 23 18:28:01 +0000 2020,,,https://twitter.com/LLCGRANDE/status/1179593522774708224,https://twitter.com/LLCGRANDE/status/1231646912064970752,1231646912064970752,4019957421
2020-02-23 18:20:42+00:00,LLCGRANDE,LilNasX,0,0,0,u should just send me $30 bitch.,,Sun Feb 23 18:20:42 +0000 2020,,,,https://twitter.com/LLCGRANDE/status/1231645071910547457,1231645071910547457,4019957421
2020-02-23 18:20:09+00:00,LLCGRANDE,pissbaby101,0,0,4,photoshop,,Sun Feb 23 18:20:09 +0000 2020,,,,https://twitter.com/LLCGRANDE/status/1231644931271405570,1231644931271405570,4019957421
2020-02-23 07:25:56+00:00,LLCGRANDE,MsRebeccaBlack,0,0,0,mood,,Sun Feb 23 07:25:56 +0000 2020,,,,https://twitter.com/LLCGRANDE/status/1231480292654960642,1231480292654960642,4019957421
2020-02-23 07:25:38+00:00,LLCGRANDE,,1,1,8,i fucking fuck with @DojaCat so fucking heavily. fuck everyone else. fuck.,@DojaCat,Sun Feb 23 07:25:38 +0000 2020,,,,https://twitter.com/LLCGRANDE/status/1231480220194091009,1231480220194091009,4019957421
2020-02-23 06:41:47+00:00,LLCGRANDE,hiitaylorblake,0,0,0,legends.,,Sun Feb 23 06:41:47 +0000 2020,,,,https://twitter.com/LLCGRANDE/status/1231469181318684672,1231469181318684672,4019957421
2020-02-23 06:25:43+00:00,LLCGRANDE,,0,0,0,Check out welcome to macrocosm.! USE CODE “MACRO15” FOR 15% OFF. ENDS 02/26 Available for the next about 22 hours via @Teespring:,@teespring,Sun Feb 23 06:25:43 +0000 2020,,,https://tspr.ng/c/welcome-to-macrocosm,https://twitter.com/LLCGRANDE/status/1231465139632852993,1231465139632852993,4019957421
2020-02-22 19:44:04+00:00,LLCGRANDE,pienar,0,3,9,tap for a surprise.,,Sat Feb 22 19:44:04 +0000 2020,,,https://twitter.com/pienar/status/1230915276553633792,https://twitter.com/LLCGRANDE/status/1231303661873176576,1231303661873176576,4019957421
2020-02-22 19:36:02+00:00,LLCGRANDE,bIoodintears,0,4,24,"the best and most visually pleasing album. not only visually, but also vocally. ariana delivered and fed the children but bc of tu,n success (which is well deserved) it almost outshined sweetener and dimmed its light. ppl never really got to fully appreciate sweetener.",,Sat Feb 22 19:36:02 +0000 2020,,,https://twitter.com/bIoodintears/status/1230949299648942080,https://twitter.com/LLCGRANDE/status/1231301642823327745,1231301642823327745,4019957421
2020-02-22 16:10:42+00:00,LLCGRANDE,,0,3,30,"she’s a nicki minaj stan, we have to stan this barb.",,Sat Feb 22 16:10:42 +0000 2020,,,,https://twitter.com/LLCGRANDE/status/1231249969342013445,1231249969342013445,4019957421
2020-02-22 07:09:31+00:00,LLCGRANDE,,0,16,73,in my head deserved more. https://twitter.com/arisbubbly2/status/1221954041120464898/video/1,,Sat Feb 22 07:09:31 +0000 2020,,,https://twitter.com/arisbubbly2/status/1221954041120464898/video/1,https://twitter.com/LLCGRANDE/status/1231113773483798528,1231113773483798528,4019957421
2020-02-22 07:03:46+00:00,LLCGRANDE,gwsngo,0,0,0,thats josh dunn love.,,Sat Feb 22 07:03:46 +0000 2020,,,,https://twitter.com/LLCGRANDE/status/1231112325802987521,1231112325802987521,4019957421
2020-02-22 07:00:40+00:00,LLCGRANDE,,1,1,12,"fuck the electoral college, can we use twitter to vote for president? with hashtags? i think it’s only fair bc this bird app is the only thing that matters.",,Sat Feb 22 07:00:40 +0000 2020,,,,https://twitter.com/LLCGRANDE/status/1231111549412159488,1231111549412159488,4019957421
2020-02-22 06:33:23+00:00,LLCGRANDE,kimpetras,0,0,0,next level charli good?,,Sat Feb 22 06:33:23 +0000 2020,,,,https://twitter.com/LLCGRANDE/status/1231104680069038080,1231104680069038080,4019957421
2020-02-22 00:45:10+00:00,LLCGRANDE,PopCrave,1,0,3,b o t t o m,,Sat Feb 22 00:45:10 +0000 2020,,,https://twitter.com/PopCrave/status/1230987193965064192,https://twitter.com/LLCGRANDE/status/1231017048358170626,1231017048358170626,4019957421
2020-02-22 00:44:14+00:00,LLCGRANDE,pulte,0,0,0,$2k of collections from school that i need to pay. bill please help! its hanging over my head and killing my credit.,,Sat Feb 22 00:44:14 +0000 2020,,,,https://twitter.com/LLCGRANDE/status/1231016816870293504,1231016816870293504,4019957421
2020-02-21 18:54:20+00:00,LLCGRANDE,,0,0,16,my car ran out of gas today so i had to take the b*s. i never smelled poverty before. ,,Fri Feb 21 18:54:20 +0000 2020,,,,https://twitter.com/LLCGRANDE/status/1230928759710212099,1230928759710212099,4019957421
2020-02-21 18:02:51+00:00,LLCGRANDE,AwberyCharlotte,0,0,11,GIVE US THE ALBUM QUEEN,,Fri Feb 21 18:02:51 +0000 2020,,,,https://twitter.com/LLCGRANDE/status/1230915804717338626,1230915804717338626,4019957421
2020-02-21 18:00:20+00:00,LLCGRANDE,,0,0,2,also shoutout to the only hq streamable version of the intro.,,Fri Feb 21 18:00:20 +0000 2020,,,,https://twitter.com/LLCGRANDE/status/1230915170475573253,1230915170475573253,4019957421
2020-02-21 17:59:15+00:00,LLCGRANDE,,2,0,9,feeling: like the intro to no tears left to cry today.,,Fri Feb 21 17:59:15 +0000 2020,,,,https://twitter.com/LLCGRANDE/status/1230914897007054850,1230914897007054850,4019957421
2020-02-20 21:58:48+00:00,LLCGRANDE,nickluvsari,0,0,4,yes uff,,Thu Feb 20 21:58:48 +0000 2020,,,,https://twitter.com/LLCGRANDE/status/1230612795181408262,1230612795181408262,4019957421
2020-02-20 21:57:09+00:00,LLCGRANDE,ArianaGrande,0,0,1,LOL,,Thu Feb 20 21:57:09 +0000 2020,,,,https://twitter.com/LLCGRANDE/status/1230612377390977026,1230612377390977026,4019957421
2020-02-20 16:37:39+00:00,LLCGRANDE,,0,0,1,Don't Stop Supporting Your Artist Friends,,Thu Feb 20 16:37:39 +0000 2020,,,http://melsvision.design.blog/2020/02/20/dont-stop-supporting-your-artist-friends/,https://twitter.com/LLCGRANDE/status/1230531976345595905,1230531976345595905,4019957421
2020-02-20 04:40:32+00:00,LLCGRANDE,,0,0,8,finished the last poem of my second book. this feeling of creativity is soo freeing. it’s so fulfilling. the book is nowhere near complete but im positive i want it to end w the one i wrote today. xx,,Thu Feb 20 04:40:32 +0000 2020,,,,https://twitter.com/LLCGRANDE/status/1230351507649855488,1230351507649855488,4019957421
2020-02-20 03:22:54+00:00,LLCGRANDE,,0,1,3,"MY FUCKING FRIEND IS SO TALENTED IF Y'ALL DONT READ THIS UR FAKE. Acne: Embrace, Don't Erase.",,Thu Feb 20 03:22:54 +0000 2020,,,http://melsvision.design.blog/2020/02/04/acne-embrace-dont-erase/,https://twitter.com/LLCGRANDE/status/1230331967700426752,1230331967700426752,4019957421
2020-02-20 03:15:32+00:00,LLCGRANDE,,0,0,0,y'all need to peep this post on one of my very good friends' blog. this shit hits home. Hate Has No Place in Public Service,,Thu Feb 20 03:15:32 +0000 2020,,,http://melsvision.design.blog/2020/02/16/hate-has-no-place-in-public-service/,https://twitter.com/LLCGRANDE/status/1230330114975637506,1230330114975637506,4019957421
2020-02-19 23:10:39+00:00,LLCGRANDE,ArianaGrande,0,0,1,LOL,,Wed Feb 19 23:10:39 +0000 2020,,,,https://twitter.com/LLCGRANDE/status/1230268489371463680,1230268489371463680,4019957421
2020-02-19 23:03:23+00:00,LLCGRANDE,ArianaGrande,0,0,1,DIDNT U SAY BYE. GO REST.,,Wed Feb 19 23:03:23 +0000 2020,,,,https://twitter.com/LLCGRANDE/status/1230266660780756997,1230266660780756997,4019957421
2020-02-19 23:03:08+00:00,LLCGRANDE,ArianaGrande,0,0,0,omg illuminati tease.,,Wed Feb 19 23:03:08 +0000 2020,,,,https://twitter.com/LLCGRANDE/status/1230266597836804097,1230266597836804097,4019957421
2020-02-19 23:02:47+00:00,LLCGRANDE,ArianaGrande,0,0,0,an exorcism,,Wed Feb 19 23:02:47 +0000 2020,,,,https://twitter.com/LLCGRANDE/status/1230266509693456384,1230266509693456384,4019957421
2020-02-19 23:00:13+00:00,LLCGRANDE,amberasalyy,0,0,2,(Shot on iPhone),,Wed Feb 19 23:00:13 +0000 2020,,,https://twitter.com/amberasalyy/status/1229842016231538690,https://twitter.com/LLCGRANDE/status/1230265862311071745,1230265862311071745,4019957421
2020-02-19 22:59:54+00:00,LLCGRANDE,,0,3,7,"if you miss tour you have to retweet this video, i don’t make the rules.",,Wed Feb 19 22:59:54 +0000 2020,,,,https://twitter.com/LLCGRANDE/status/1230265780954173440,1230265780954173440,4019957421
2020-02-19 22:55:35+00:00,LLCGRANDE,ArianaGrande,0,0,0,ily say it back.,,Wed Feb 19 22:55:35 +0000 2020,,,,https://twitter.com/LLCGRANDE/status/1230264695237619713,1230264695237619713,4019957421
2020-02-19 22:55:23+00:00,LLCGRANDE,ArianaGrande,0,0,0,ILY MORE LEGEND. https://twitter.com/llcgrande/status/1230232323955752960?s=21,,Wed Feb 19 22:55:23 +0000 2020,,,https://twitter.com/llcgrande/status/1230232323955752960?s=21,https://twitter.com/LLCGRANDE/status/1230264645178580994,1230264645178580994,4019957421
2020-02-19 22:55:04+00:00,LLCGRANDE,2020predicts,0,1,9,"this what mp3 is, isn’t it? @ArianaGrande",@ArianaGrande,Wed Feb 19 22:55:04 +0000 2020,,,https://twitter.com/2020predicts/status/1230252460196925440,https://twitter.com/LLCGRANDE/status/1230264564832489472,1230264564832489472,4019957421
2020-02-19 22:54:38+00:00,LLCGRANDE,ArianaGrande,0,0,0,headline: “Ariana Grande teases new music just months after coming off her world tour”,,Wed Feb 19 22:54:38 +0000 2020,,,,https://twitter.com/LLCGRANDE/status/1230264459308011523,1230264459308011523,4019957421
2020-02-19 22:53:02+00:00,LLCGRANDE,ArianaGrande,0,0,0,dm me rn it’s important.,,Wed Feb 19 22:53:02 +0000 2020,,,,https://twitter.com/LLCGRANDE/status/1230264055329411072,1230264055329411072,4019957421
2020-02-19 22:52:04+00:00,LLCGRANDE,ArianaGrande,0,1,6,are those lyrics?,,Wed Feb 19 22:52:04 +0000 2020,,,,https://twitter.com/LLCGRANDE/status/1230263813406150659,1230263813406150659,4019957421
2020-02-19 22:50:41+00:00,LLCGRANDE,ArianaGrande,0,0,1,do a follow spree to initiate the new era,,Wed Feb 19 22:50:41 +0000 2020,,,,https://twitter.com/LLCGRANDE/status/1230263463324344320,1230263463324344320,4019957421
2020-02-19 22:49:36+00:00,LLCGRANDE,ArianaGrande,0,0,2,have we arrived is track one i can feel it,,Wed Feb 19 22:49:36 +0000 2020,,,,https://twitter.com/LLCGRANDE/status/1230263190845640704,1230263190845640704,4019957421
2020-02-19 22:49:06+00:00,LLCGRANDE,ArianaGrande,0,0,0,i better get pit this era.,,Wed Feb 19 22:49:06 +0000 2020,,,,https://twitter.com/LLCGRANDE/status/1230263065125556226,1230263065125556226,4019957421
2020-02-19 22:48:11+00:00,LLCGRANDE,ArianaGrande,0,0,1,release a mv.,,Wed Feb 19 22:48:11 +0000 2020,,,,https://twitter.com/LLCGRANDE/status/1230262833104945152,1230262833104945152,4019957421
2020-02-19 22:47:59+00:00,LLCGRANDE,ArianaGrande,0,0,1,bet u won’t.,,Wed Feb 19 22:47:59 +0000 2020,,,,https://twitter.com/LLCGRANDE/status/1230262784283332614,1230262784283332614,4019957421
2020-02-19 22:47:04+00:00,LLCGRANDE,ArianaGrande,0,0,0,i claim track mp3,,Wed Feb 19 22:47:04 +0000 2020,,,,https://twitter.com/LLCGRANDE/status/1230262553810554882,1230262553810554882,4019957421
2020-02-19 22:46:17+00:00,LLCGRANDE,ArianaGrande,0,0,0,we have been fed since literally 2013. my glucose is rising relax pls,,Wed Feb 19 22:46:17 +0000 2020,,,,https://twitter.com/LLCGRANDE/status/1230262354845274113,1230262354845274113,4019957421
2020-02-19 22:45:53+00:00,LLCGRANDE,ArianaGrande,0,0,0,CAN U GO TO SLEEP OMG.,,Wed Feb 19 22:45:53 +0000 2020,,,,https://twitter.com/LLCGRANDE/status/1230262256488910849,1230262256488910849,4019957421
2020-02-19 22:44:46+00:00,LLCGRANDE,ArianaGrande,0,0,0,anyway chile—,,Wed Feb 19 22:44:46 +0000 2020,,,,https://twitter.com/LLCGRANDE/status/1230261973201321984,1230261973201321984,4019957421
2020-02-19 22:42:39+00:00,LLCGRANDE,ArianaGrande,0,0,1,the label rn.,,Wed Feb 19 22:42:39 +0000 2020,,,,https://twitter.com/LLCGRANDE/status/1230261443024564224,1230261443024564224,4019957421
2020-02-19 22:42:01+00:00,LLCGRANDE,ArianaGrande,0,0,0,i give 0 fucks and i got 0 chill in me.,,Wed Feb 19 22:42:01 +0000 2020,,,,https://twitter.com/LLCGRANDE/status/1230261283594874880,1230261283594874880,4019957421
2020-02-19 22:40:10+00:00,LLCGRANDE,ArianaGrande,0,0,0,I WANNA CATCH IT LIKE THE LIPGLOSS. I GOT PIT UNDER THE CLIFF,,Wed Feb 19 22:40:10 +0000 2020,,,,https://twitter.com/LLCGRANDE/status/1230260815959396352,1230260815959396352,4019957421
2020-02-19 22:39:49+00:00,LLCGRANDE,ArianaGrande,0,0,15,MISS GRANDE. U LEFT FOR 10 MINS TO RUN THIS BY MANAGEMENT DIDNT U?,,Wed Feb 19 22:39:49 +0000 2020,,,,https://twitter.com/LLCGRANDE/status/1230260729321787395,1230260729321787395,4019957421
2020-02-19 22:38:23+00:00,LLCGRANDE,,0,0,2,book 2 is coming late 2020. https://twitter.com/tropicosmalls/status/1222314057384058881/video/1,,Wed Feb 19 22:38:23 +0000 2020,,,https://twitter.com/tropicosmalls/status/1222314057384058881/video/1,https://twitter.com/LLCGRANDE/status/1230260368292880386,1230260368292880386,4019957421
2020-02-19 22:37:47+00:00,LLCGRANDE,,0,0,2,the crystals of your eyes crystalized and i realized that those crystals were the size of crystals that could paralyze and effortlessly tell me lies. - @amerbpoetry // instagram,,Wed Feb 19 22:37:47 +0000 2020,,,,https://twitter.com/LLCGRANDE/status/1230260218325602305,1230260218325602305,4019957421
2020-02-19 22:32:35+00:00,LLCGRANDE,ArianaGrande,0,0,6,how u gon’ leave and not say bye?,,Wed Feb 19 22:32:35 +0000 2020,,,,https://twitter.com/LLCGRANDE/status/1230258909157433345,1230258909157433345,4019957421
