date,username,to,replies,retweets,favorites,text,mentions,formatted_date,geo,hashtags,urls,permalink,ID,author_id
2020-02-28 20:43:16+00:00,Lolitwah,mhouston1244_,0,0,1,Thank you ,,Fri Feb 28 20:43:16 +0000 2020,,,,https://twitter.com/Lolitwah/status/1233492890707513344,1233492890707513344,958855692936536067
2020-02-28 16:03:49+00:00,Lolitwah,,2,1,40,I ran out of black eyeliner halfway through this ,,Fri Feb 28 16:03:49 +0000 2020,,,,https://twitter.com/Lolitwah/status/1233422562119606273,1233422562119606273,958855692936536067
2020-02-28 13:05:54+00:00,Lolitwah,,0,0,1,"I knew a girl a few years older than me who was one of the best student in school, had perfect grades/attendance and was one of the hardest working students I’ve seen but when she finished she decided to study education bc it’s the “easy” faculty bc she was so drained in HS.",,Fri Feb 28 13:05:54 +0000 2020,,,,https://twitter.com/Lolitwah/status/1233377786582228992,1233377786582228992,958855692936536067
2020-02-28 13:03:38+00:00,Lolitwah,,1,0,1,"So no, don’t give me that crap about how our education system is the best for shoving all that information down our throats at once at 7am in the morning and forcing us to be perfect in everything bc all it does is leave us exhausted & confused by the time we finish.",,Fri Feb 28 13:03:38 +0000 2020,,,,https://twitter.com/Lolitwah/status/1233377217519980545,1233377217519980545,958855692936536067
2020-02-28 13:01:38+00:00,Lolitwah,,1,0,0,To study just as hard if not harder in subjects like art/music/physical ed & history even though they weren’t our field. I had 3 different classes for chemistry alone & i never got to “find myself” which is what hs is supposed to help u do bc i HAD TO be perfect in everything.,,Fri Feb 28 13:01:38 +0000 2020,,,,https://twitter.com/Lolitwah/status/1233376714555887617,1233376714555887617,958855692936536067
2020-02-28 12:59:22+00:00,Lolitwah,,1,0,0,Everyone gave me crap for being “indecisive” and “giving up” but they never gave me the chance to progress and develop in the field that i was best at and loved most. I studied science at Xhevdet Doda because it’s “the best & hardest school” and that was expected of me yet we had,,Fri Feb 28 12:59:22 +0000 2020,,,,https://twitter.com/Lolitwah/status/1233376142331142144,1233376142331142144,958855692936536067
2020-02-28 12:57:52+00:00,Lolitwah,40saranda,1,0,2,I had the highest mark (5 in kosovo) in all 18 subjects we learned at once and yet no one understood why i had such a hard time figuring out what i want to study and do with my life first year of uni and had to change faculties after studying for a year bc i was miserable.,,Fri Feb 28 12:57:52 +0000 2020,,,https://twitter.com/40saranda/status/1233336827504971782,https://twitter.com/Lolitwah/status/1233375766299185153,1233375766299185153,958855692936536067
2020-02-28 12:50:20+00:00,Lolitwah,,0,0,3,No one: Albanians: *dalin me tholluse me ndreq siguresen e rrymes*,,Fri Feb 28 12:50:20 +0000 2020,,,,https://twitter.com/Lolitwah/status/1233373871732142085,1233373871732142085,958855692936536067
2020-02-28 12:02:41+00:00,Lolitwah,,0,0,2,For all of my mutuals who aren’t in Kosovo at this time and aren’t able to enjoy this,,Fri Feb 28 12:02:41 +0000 2020,,,,https://twitter.com/Lolitwah/status/1233361880300826625,1233361880300826625,958855692936536067
2020-02-28 11:54:04+00:00,Lolitwah,Babycakesmoore,1,0,2,"57 (if I didn’t foget to count anyone) and that’s just my first cousins, without counting all of their kids and what not so nah thanks I’d like to live",,Fri Feb 28 11:54:04 +0000 2020,,,https://twitter.com/Babycakesmoore/status/1232094908711866368,https://twitter.com/Lolitwah/status/1233359711300411392,1233359711300411392,958855692936536067
2020-02-28 11:48:51+00:00,Lolitwah,,1,0,2,This is the prettiest snow and I don’t even like snow all that much but damn! Wonderful!,,Fri Feb 28 11:48:51 +0000 2020,,,,https://twitter.com/Lolitwah/status/1233358396511989766,1233358396511989766,958855692936536067
2020-02-27 23:24:22+00:00,Lolitwah,ZharnaeAseliend,0,0,1,Manifesting,,Thu Feb 27 23:24:22 +0000 2020,,,https://twitter.com/ZharnaeAseliend/status/1232693344070926336,https://twitter.com/Lolitwah/status/1233171042228752384,1233171042228752384,958855692936536067
2020-02-27 23:13:10+00:00,Lolitwah,baedotdoe,0,0,0,Me to my man’s ass when he lying there minding his business,,Thu Feb 27 23:13:10 +0000 2020,,,https://twitter.com/baedotdoe/status/1232877373265149958,https://twitter.com/Lolitwah/status/1233168224293982218,1233168224293982218,958855692936536067
2020-02-27 23:11:10+00:00,Lolitwah,Hoopztarot,0,0,0,,,Thu Feb 27 23:11:10 +0000 2020,,,,https://twitter.com/Lolitwah/status/1233167720268562433,1233167720268562433,958855692936536067
2020-02-27 22:26:34+00:00,Lolitwah,FionaVitija,0,1,1,Love to see it,,Thu Feb 27 22:26:34 +0000 2020,,,,https://twitter.com/Lolitwah/status/1233156495950450690,1233156495950450690,958855692936536067
2020-02-27 22:25:09+00:00,Lolitwah,,0,0,1,This guy getting his ass dragged out of old bar tonight is definitely on my top 5 most satisfying moments of my life,,Thu Feb 27 22:25:09 +0000 2020,,,,https://twitter.com/Lolitwah/status/1233156138973175808,1233156138973175808,958855692936536067
2020-02-27 19:38:12+00:00,Lolitwah,FionaVitija,1,0,4,Lesbians lesbianing really be having shqipcelas shook,,Thu Feb 27 19:38:12 +0000 2020,,,,https://twitter.com/Lolitwah/status/1233114126513266689,1233114126513266689,958855692936536067
2020-02-27 17:19:08+00:00,Lolitwah,,1,9,34,"*puts a face mask on* “So healthy, so clean, so zen” *lights a cigarette right away*",,Thu Feb 27 17:19:08 +0000 2020,,,,https://twitter.com/Lolitwah/status/1233079127642644482,1233079127642644482,958855692936536067
2020-02-27 16:01:37+00:00,Lolitwah,spinubzilla,0,0,0,@simplyelira is this you,@simplyelira,Thu Feb 27 16:01:37 +0000 2020,,,https://twitter.com/spinubzilla/status/1232872570195791874,https://twitter.com/Lolitwah/status/1233059619724984322,1233059619724984322,958855692936536067
2020-02-27 12:23:22+00:00,Lolitwah,,0,0,8,For my girls and gays #zibidi,,Thu Feb 27 12:23:22 +0000 2020,,#zibidi,,https://twitter.com/Lolitwah/status/1233004698216607744,1233004698216607744,958855692936536067
2020-02-27 02:36:34+00:00,Lolitwah,,0,0,1,I’m so fucking tired! I don’t fucking deserve this same endless crap that i get dealt,,Thu Feb 27 02:36:34 +0000 2020,,,,https://twitter.com/Lolitwah/status/1232857025597624322,1232857025597624322,958855692936536067
2020-02-26 20:32:11+00:00,Lolitwah,bariumtequilisa,0,0,0,,,Wed Feb 26 20:32:11 +0000 2020,,,,https://twitter.com/Lolitwah/status/1232765324480700422,1232765324480700422,958855692936536067
2020-02-26 20:30:31+00:00,Lolitwah,,0,1,27,Dylberic represent ,,Wed Feb 26 20:30:31 +0000 2020,,,,https://twitter.com/Lolitwah/status/1232764902584070144,1232764902584070144,958855692936536067
2020-02-26 13:50:55+00:00,Lolitwah,,0,0,1,Can’t believe I once took pills to delay my period for almost 3 weeks for this mofo and now I won’t even bother to congratulate him on his new song! Growth,,Wed Feb 26 13:50:55 +0000 2020,,,,https://twitter.com/Lolitwah/status/1232664343101288448,1232664343101288448,958855692936536067
2020-02-26 13:43:10+00:00,Lolitwah,,0,0,0,The right playlist can make my getting ready process 10 times more enjoyable,,Wed Feb 26 13:43:10 +0000 2020,,,,https://twitter.com/Lolitwah/status/1232662389419659264,1232662389419659264,958855692936536067
2020-02-26 13:42:27+00:00,Lolitwah,bariumtequilisa,1,0,2,,,Wed Feb 26 13:42:27 +0000 2020,,,,https://twitter.com/Lolitwah/status/1232662210259902464,1232662210259902464,958855692936536067
2020-02-25 23:19:56+00:00,Lolitwah,suelasermaxhaj,1,0,1,Ta ha ftyren,,Tue Feb 25 23:19:56 +0000 2020,,,,https://twitter.com/Lolitwah/status/1232445150065905664,1232445150065905664,958855692936536067
2020-02-25 20:20:33+00:00,Lolitwah,ennycroft,1,0,1,If this isn’t peak literature ugh!!,,Tue Feb 25 20:20:33 +0000 2020,,,,https://twitter.com/Lolitwah/status/1232400006298120196,1232400006298120196,958855692936536067
2020-02-25 19:59:35+00:00,Lolitwah,,0,0,0,"Why do taxi drivers all chew gum so obnoxiously, i can hear this shit over the radio lujta",,Tue Feb 25 19:59:35 +0000 2020,,,,https://twitter.com/Lolitwah/status/1232394732040589315,1232394732040589315,958855692936536067
2020-02-25 10:23:35+00:00,Lolitwah,leothel0ser,0,0,1,"Share this so everyone knows they have easy & free access to it. It’s a pitty most of us aren’t aware of this & a lot of people feel scared/ashamed to go to the hospital for testing because of how much stigma/judgement comes with it, often from doctors even. Get tested & be safe!",,Tue Feb 25 10:23:35 +0000 2020,,,https://twitter.com/leothel0ser/status/1232209827981660161,https://twitter.com/Lolitwah/status/1232249775405371392,1232249775405371392,958855692936536067
2020-02-25 10:16:35+00:00,Lolitwah,leothel0ser,1,0,3,"So am I honestly! It’s amazing they’re offering that service (especially for free) but too bad we’re not provided with this information at school or at least doctor visits. It should be common knowledge. Thank you for letting us know though, that’s great on your part!",,Tue Feb 25 10:16:35 +0000 2020,,,,https://twitter.com/Lolitwah/status/1232248014049366016,1232248014049366016,958855692936536067
2020-02-25 09:52:08+00:00,Lolitwah,leothel0ser,1,0,0,Prishtinë?,,Tue Feb 25 09:52:08 +0000 2020,,,,https://twitter.com/Lolitwah/status/1232241863018582017,1232241863018582017,958855692936536067
2020-02-24 23:11:29+00:00,Lolitwah,,0,0,3,U nxiva me nonen tem! “Nej me muzik” she’s too precious deka,,Mon Feb 24 23:11:29 +0000 2020,,,,https://twitter.com/Lolitwah/status/1232080637743550464,1232080637743550464,958855692936536067
2020-02-24 23:08:57+00:00,Lolitwah,,0,0,0,My alcohol tolera has gone to shit i had 2 gin & tonics tonight and my face got hot,,Mon Feb 24 23:08:57 +0000 2020,,,,https://twitter.com/Lolitwah/status/1232079999815094272,1232079999815094272,958855692936536067
2020-02-24 12:26:59+00:00,Lolitwah,,0,0,2,"I would give a kidney for someone i love without a second thought but getting their name tattooed, a MENTAL ILLNESS",,Mon Feb 24 12:26:59 +0000 2020,,,,https://twitter.com/Lolitwah/status/1231918444255358976,1231918444255358976,958855692936536067
2020-02-23 23:24:09+00:00,Lolitwah,,1,0,15,I love this filter tf,,Sun Feb 23 23:24:09 +0000 2020,,,,https://twitter.com/Lolitwah/status/1231721438878609408,1231721438878609408,958855692936536067
2020-02-23 21:27:27+00:00,Lolitwah,,0,0,0,"One of my mom’s friends had a baby and i wanted to write “qofte me jete te gjate” but i wrote qift, phone, relax is too early",,Sun Feb 23 21:27:27 +0000 2020,,,,https://twitter.com/Lolitwah/status/1231692068159971328,1231692068159971328,958855692936536067
2020-02-23 05:19:46+00:00,Lolitwah,,0,0,0,I just want the loml back home,,Sun Feb 23 05:19:46 +0000 2020,,,,https://twitter.com/Lolitwah/status/1231448542549544962,1231448542549544962,958855692936536067
2020-02-23 05:17:27+00:00,Lolitwah,,1,0,3,"Why is love so fucking hard, I’m tired of this",,Sun Feb 23 05:17:27 +0000 2020,,,,https://twitter.com/Lolitwah/status/1231447959574925312,1231447959574925312,958855692936536067
2020-02-22 13:19:58+00:00,Lolitwah,xantama666,1,0,0,Bablukata I can’t,,Sat Feb 22 13:19:58 +0000 2020,,,,https://twitter.com/Lolitwah/status/1231206999825801217,1231206999825801217,958855692936536067
2020-02-22 13:14:50+00:00,Lolitwah,xantama666,1,0,0,I inspired this didn’t i?,,Sat Feb 22 13:14:50 +0000 2020,,,,https://twitter.com/Lolitwah/status/1231205709737578497,1231205709737578497,958855692936536067
2020-02-22 01:56:15+00:00,Lolitwah,,0,0,0,Asked Dreni to give me his shirt so I can take my coat shaped dress off (in a bathroom) & then switched it back in the middle of the street while he was holding a jacket in front of me! Why am I the way that I am?,,Sat Feb 22 01:56:15 +0000 2020,,,,https://twitter.com/Lolitwah/status/1231034936909598720,1231034936909598720,958855692936536067
2020-02-21 19:12:49+00:00,Lolitwah,,0,0,5,How does my non albanian mother have to teach my half albanian ass that was raised in Kosovo albanian words to this day ,,Fri Feb 21 19:12:49 +0000 2020,,,,https://twitter.com/Lolitwah/status/1230933412569067527,1230933412569067527,958855692936536067
2020-02-21 19:08:40+00:00,Lolitwah,,0,0,1,Yo where’s the social media weather reporters when u need em! No one let me know it’s this cold outside smh,,Fri Feb 21 19:08:40 +0000 2020,,,,https://twitter.com/Lolitwah/status/1230932365259792384,1230932365259792384,958855692936536067
2020-02-21 18:58:08+00:00,Lolitwah,,0,0,0,My “make plans on the go” lifestyle will be my downfall,,Fri Feb 21 18:58:08 +0000 2020,,,,https://twitter.com/Lolitwah/status/1230929716984586240,1230929716984586240,958855692936536067
2020-02-21 13:18:42+00:00,Lolitwah,,0,0,0,No one: Me knowing damn well it’s 10pm where my mcm is at: “Good morning baby”,,Fri Feb 21 13:18:42 +0000 2020,,,,https://twitter.com/Lolitwah/status/1230844293323141120,1230844293323141120,958855692936536067
2020-02-21 13:12:23+00:00,Lolitwah,,0,0,0,Me silk nightgowns,,Fri Feb 21 13:12:23 +0000 2020,,,,https://twitter.com/Lolitwah/status/1230842705917468672,1230842705917468672,958855692936536067
2020-02-21 13:07:34+00:00,Lolitwah,,0,0,14,"Hello, yes, I’m cute in the morning",,Fri Feb 21 13:07:34 +0000 2020,,,,https://twitter.com/Lolitwah/status/1230841494052966400,1230841494052966400,958855692936536067
2020-02-21 06:23:11+00:00,Lolitwah,,0,0,6,No one: My brother at 7am: *opens my door* *closes it* “Gjallë koka”,,Fri Feb 21 06:23:11 +0000 2020,,,,https://twitter.com/Lolitwah/status/1230739726925094912,1230739726925094912,958855692936536067
2020-02-21 03:25:45+00:00,Lolitwah,DenisMani,0,0,0,What y’all on?,,Fri Feb 21 03:25:45 +0000 2020,,,,https://twitter.com/Lolitwah/status/1230695074788306945,1230695074788306945,958855692936536067
2020-02-21 01:04:49+00:00,Lolitwah,,0,0,0,"Ciiicaaaat, dua te ti prek",,Fri Feb 21 01:04:49 +0000 2020,,,,https://twitter.com/Lolitwah/status/1230659606168395777,1230659606168395777,958855692936536067
2020-02-21 01:04:06+00:00,Lolitwah,,0,0,0,"Can’t believe I used to want a breast reduction surgery so badly because growing up I was conditioned into thinking there’s something wrong with mine, they’re ugly & no one will like me naked because tits are only beautiful if somehow they magically defy gravity! The DELUSION",,Fri Feb 21 01:04:06 +0000 2020,,,,https://twitter.com/Lolitwah/status/1230659425897152512,1230659425897152512,958855692936536067
2020-02-20 23:03:14+00:00,Lolitwah,reakneth,0,0,1,"Ulu ti un po shkoj veq pak deri n’shpi, s’vonohna.",,Thu Feb 20 23:03:14 +0000 2020,,,,https://twitter.com/Lolitwah/status/1230629010348048384,1230629010348048384,958855692936536067
2020-02-20 19:24:08+00:00,Lolitwah,,0,0,1,Dis one old but i like how my eyes look,,Thu Feb 20 19:24:08 +0000 2020,,,,https://twitter.com/Lolitwah/status/1230573870698172416,1230573870698172416,958855692936536067
2020-02-19 23:21:28+00:00,Lolitwah,,0,0,4,If anyone’s up for making a Léon The professional sequel I’ll play Mathilda,,Wed Feb 19 23:21:28 +0000 2020,,,,https://twitter.com/Lolitwah/status/1230271210409336833,1230271210409336833,958855692936536067
2020-02-19 16:22:53+00:00,Lolitwah,ninateresa22,0,0,5,Hiq se di qysh jetojme mo!,,Wed Feb 19 16:22:53 +0000 2020,,,https://twitter.com/ninateresa22/status/1230116414838710272,https://twitter.com/Lolitwah/status/1230165868941844480,1230165868941844480,958855692936536067
2020-02-19 14:14:09+00:00,Lolitwah,ninateresa22,0,0,2,"“qika shpis doesn’t tongue the asshole straight to the heart”, Fitore 3:18",,Wed Feb 19 14:14:09 +0000 2020,,,https://twitter.com/ninateresa22/status/1230094431472308224,https://twitter.com/Lolitwah/status/1230133472469168129,1230133472469168129,958855692936536067
2020-02-19 14:09:04+00:00,Lolitwah,helenoftroje,0,0,1,Nderkohe babi jem m’qon prej gjumit veq per mem thone “pse s’po flen pak”,,Wed Feb 19 14:09:04 +0000 2020,,,,https://twitter.com/Lolitwah/status/1230132192283701248,1230132192283701248,958855692936536067
2020-02-19 14:08:04+00:00,Lolitwah,GashiNina,0,0,1,A bitch is going full silver once the black washes out a bit,,Wed Feb 19 14:08:04 +0000 2020,,,,https://twitter.com/Lolitwah/status/1230131941892132870,1230131941892132870,958855692936536067
2020-02-19 11:28:07+00:00,Lolitwah,,0,0,2,Also wondering where this facial glow and fullness went because now I look like i suffer from insomnia 24/7,,Wed Feb 19 11:28:07 +0000 2020,,,,https://twitter.com/Lolitwah/status/1230091690419130369,1230091690419130369,958855692936536067
2020-02-19 11:25:22+00:00,Lolitwah,,2,0,21,Not gonna lie I kinda miss this hair,,Wed Feb 19 11:25:22 +0000 2020,,,,https://twitter.com/Lolitwah/status/1230090997239107584,1230090997239107584,958855692936536067
2020-02-19 08:49:43+00:00,Lolitwah,,0,0,1,"Literally woke up with a headache, I already know this day gonna be shit",,Wed Feb 19 08:49:43 +0000 2020,,,,https://twitter.com/Lolitwah/status/1230051826046787593,1230051826046787593,958855692936536067
2020-02-18 16:11:21+00:00,Lolitwah,benabeqiri,0,0,0,"Thank u love! If it’s anything like “When they see us” I don’t think I’m gonna be able to sit through it, couldn’t even watch past the first episode without wanting to shatter my computer especially knowing it was based on true events",,Tue Feb 18 16:11:21 +0000 2020,,,,https://twitter.com/Lolitwah/status/1229800579108679681,1229800579108679681,958855692936536067
2020-02-18 15:18:00+00:00,Lolitwah,,1,0,5,"Watching shows/movies on police brutality on black people and thinking that this is a lot of people’s reality, not just something that happens on TV just sickens me in my gut, i get so fucking fueled & angry, imagine living like that! The system & humans who run it are disgusting",,Tue Feb 18 15:18:00 +0000 2020,,,,https://twitter.com/Lolitwah/status/1229787153191882755,1229787153191882755,958855692936536067
2020-02-18 14:47:41+00:00,Lolitwah,helenoftroje,1,0,2,Sis what have i been telling you! Getting backed against a wall in the middle of a pub hit different when the right person does it,,Tue Feb 18 14:47:41 +0000 2020,,,,https://twitter.com/Lolitwah/status/1229779524382068736,1229779524382068736,958855692936536067
2020-02-18 12:11:27+00:00,Lolitwah,SelectOutfit,0,0,1,Yes,,Tue Feb 18 12:11:27 +0000 2020,,,https://twitter.com/SelectOutfit/status/1229494348112388097,https://twitter.com/Lolitwah/status/1229740209174122496,1229740209174122496,958855692936536067
2020-02-18 08:50:04+00:00,Lolitwah,FokYouSel,0,0,1,Same,,Tue Feb 18 08:50:04 +0000 2020,,,,https://twitter.com/Lolitwah/status/1229689527771582465,1229689527771582465,958855692936536067
2020-02-18 01:04:53+00:00,Lolitwah,aamacaj,0,0,1,I think i have the same skirt,,Tue Feb 18 01:04:53 +0000 2020,,,,https://twitter.com/Lolitwah/status/1229572459541737473,1229572459541737473,958855692936536067
2020-02-18 00:36:26+00:00,Lolitwah,helenoftroje,1,0,1,"Sis as qe m’bjen n’men najher per to, like it ain’t even a challenge",,Tue Feb 18 00:36:26 +0000 2020,,,,https://twitter.com/Lolitwah/status/1229565299730546688,1229565299730546688,958855692936536067
2020-02-18 00:21:20+00:00,Lolitwah,,0,0,0,My breath: *smells a little like rakia* My mom: Ti qika jem krejt PiJAniC mu ke bo”,,Tue Feb 18 00:21:20 +0000 2020,,,,https://twitter.com/Lolitwah/status/1229561501503172609,1229561501503172609,958855692936536067
2020-02-18 00:18:59+00:00,Lolitwah,DoodyTaken,0,0,1, (what’s the first doe?),,Tue Feb 18 00:18:59 +0000 2020,,,,https://twitter.com/Lolitwah/status/1229560908420145154,1229560908420145154,958855692936536067
2020-02-18 00:13:17+00:00,Lolitwah,,1,0,28,"I love this mirror and this dress way too much, sorry but not really",,Tue Feb 18 00:13:17 +0000 2020,,,,https://twitter.com/Lolitwah/status/1229559474924523520,1229559474924523520,958855692936536067
2020-02-17 23:54:10+00:00,Lolitwah,helenoftroje,0,0,1, te du,,Mon Feb 17 23:54:10 +0000 2020,,,,https://twitter.com/Lolitwah/status/1229554664716238850,1229554664716238850,958855692936536067
2020-02-17 19:10:08+00:00,Lolitwah,,0,0,0,Kush o per kafe?,,Mon Feb 17 19:10:08 +0000 2020,,,,https://twitter.com/Lolitwah/status/1229483184867495936,1229483184867495936,958855692936536067
2020-02-17 17:55:58+00:00,Lolitwah,helenoftroje,1,0,2,So do we,,Mon Feb 17 17:55:58 +0000 2020,,,,https://twitter.com/Lolitwah/status/1229464520554352641,1229464520554352641,958855692936536067
2020-02-16 23:11:28+00:00,Lolitwah,,0,0,2,No one: Une: pite me kompira ,,Sun Feb 16 23:11:28 +0000 2020,,,,https://twitter.com/Lolitwah/status/1229181531559735297,1229181531559735297,958855692936536067
2020-02-16 23:04:14+00:00,Lolitwah,ihateithere01,0,0,0,,,Sun Feb 16 23:04:14 +0000 2020,,,,https://twitter.com/Lolitwah/status/1229179709516324864,1229179709516324864,958855692936536067
2020-02-16 23:03:53+00:00,Lolitwah,bardhoshjaaa,0,0,1,,,Sun Feb 16 23:03:53 +0000 2020,,,,https://twitter.com/Lolitwah/status/1229179620798451713,1229179620798451713,958855692936536067
2020-02-16 22:40:08+00:00,Lolitwah,,3,0,41,Silk wrapped baby,,Sun Feb 16 22:40:08 +0000 2020,,,,https://twitter.com/Lolitwah/status/1229173644074549251,1229173644074549251,958855692936536067
2020-02-16 20:47:10+00:00,Lolitwah,,0,1,1,Dite e premte 7 sahati Tenkat serbe u benen gati ... Adem Jashari *mic drop* Cred: @SimnicaValon,@SimnicaValon,Sun Feb 16 20:47:10 +0000 2020,,,,https://twitter.com/Lolitwah/status/1229145215493120000,1229145215493120000,958855692936536067
2020-02-16 19:16:51+00:00,Lolitwah,,1,0,11,"Brb going through an identity crisis after discovering that I do not, in fact, care about politics & all my activism, working for 18h on election day, formerly studying political science & every petition/protest I’ve participated in were pointless because... I... post... selfies!",,Sun Feb 16 19:16:51 +0000 2020,,,,https://twitter.com/Lolitwah/status/1229122488690409473,1229122488690409473,958855692936536067
2020-02-16 19:09:07+00:00,Lolitwah,,0,0,0,This cab driver trynna kill me with these depressing ass breakup songs,,Sun Feb 16 19:09:07 +0000 2020,,,,https://twitter.com/Lolitwah/status/1229120541098942469,1229120541098942469,958855692936536067
2020-02-16 18:03:45+00:00,Lolitwah,fitwhorye,0,0,3,"Sorry Fitore, I’m too busy posting selfies to engage into the political action that is spreading the word! On that note, I’d like to point out I won’t be voting anymore either, or having a political opinion whatsoever! All my love ",,Sun Feb 16 18:03:45 +0000 2020,,,,https://twitter.com/Lolitwah/status/1229104089285513222,1229104089285513222,958855692936536067
2020-02-16 17:59:05+00:00,Lolitwah,GashiNina,0,0,3,"Manifesting love, big d and money to come my way in 2020! Speaking it into existence",,Sun Feb 16 17:59:05 +0000 2020,,,https://twitter.com/GashiNina/status/1229101208205434881,https://twitter.com/Lolitwah/status/1229102914167328770,1229102914167328770,958855692936536067
2020-02-16 17:09:14+00:00,Lolitwah,,0,0,0,"You make a point, une e qoj fjalen n’ven. We are not the same.",,Sun Feb 16 17:09:14 +0000 2020,,,,https://twitter.com/Lolitwah/status/1229090372514656257,1229090372514656257,958855692936536067
2020-02-16 03:58:44+00:00,Lolitwah,,0,0,2,Me to me after randomly getting flashbacks of that godly mhmmmm,,Sun Feb 16 03:58:44 +0000 2020,,,,https://twitter.com/Lolitwah/status/1228891435279273985,1228891435279273985,958855692936536067
2020-02-16 03:56:25+00:00,Lolitwah,GashiNina,0,0,1,"Same same, minus the joint (plus smth else hehe u kno)",,Sun Feb 16 03:56:25 +0000 2020,,,,https://twitter.com/Lolitwah/status/1228890851818004486,1228890851818004486,958855692936536067
2020-02-16 03:54:47+00:00,Lolitwah,GashiNina,1,0,0,Is this because of all that Mayfest talk?,,Sun Feb 16 03:54:47 +0000 2020,,,,https://twitter.com/Lolitwah/status/1228890439597600769,1228890439597600769,958855692936536067
2020-02-16 00:54:23+00:00,Lolitwah,Lolitwah,1,0,1,A t’kujtohet qe i hypshim gilinderat te furra e Granitit? Remember “Ama rrugen” Izeti? Yooo what the fuck was our generation on to be doing all that in middle school? Crack war babies i swear,,Sun Feb 16 00:54:23 +0000 2020,,,https://twitter.com/Lolitwah/status/1228843844323696642,https://twitter.com/Lolitwah/status/1228845041549967362,1228845041549967362,958855692936536067
2020-02-16 00:49:37+00:00,Lolitwah,,0,0,1,No one: Former Hasan Prishtina students: Yo bal a po t kujtohet kur u paten rreh Bregu me Ulpianen? Remember when that kid from your class got stabbed mid lesson? The dude who got shot for not giving his phone? Jumped? Beat up? Remember Ibrahimi i trent (Meti i trent etc.),,Sun Feb 16 00:49:37 +0000 2020,,,,https://twitter.com/Lolitwah/status/1228843844323696642,1228843844323696642,958855692936536067
2020-02-16 00:27:59+00:00,Lolitwah,,0,0,2,"@helenoftroje @GashiNina &amp; I went on a live and we all had hoodies on. This dude, THIS FUCKING DUDE! #kapuqini",@helenoftroje @GashiNina,Sun Feb 16 00:27:59 +0000 2020,,#kapuqini,,https://twitter.com/Lolitwah/status/1228838400284876800,1228838400284876800,958855692936536067
2020-02-15 02:42:44+00:00,Lolitwah,James__Mo,0,0,1,Point made,,Sat Feb 15 02:42:44 +0000 2020,,,,https://twitter.com/Lolitwah/status/1228509922880520192,1228509922880520192,958855692936536067
2020-02-15 00:39:32+00:00,Lolitwah,James__Mo,1,0,1,"You know, you could’ve just stalked me like normal adults to judge the derriere but here we are ",,Sat Feb 15 00:39:32 +0000 2020,,,,https://twitter.com/Lolitwah/status/1228478918421774342,1228478918421774342,958855692936536067
2020-02-15 00:26:05+00:00,Lolitwah,,0,0,16,"Happy Valentine’s Day loves and remember, people ain’t shit",,Sat Feb 15 00:26:05 +0000 2020,,,,https://twitter.com/Lolitwah/status/1228475530728570883,1228475530728570883,958855692936536067
2020-02-14 20:00:28+00:00,Lolitwah,,0,1,2,Me at my own half naked pics,,Fri Feb 14 20:00:28 +0000 2020,,,,https://twitter.com/Lolitwah/status/1228408689280929792,1228408689280929792,958855692936536067
2020-02-14 19:03:52+00:00,Lolitwah,helenoftroje,0,0,1,Hehehe gladly ,,Fri Feb 14 19:03:52 +0000 2020,,,,https://twitter.com/Lolitwah/status/1228394444459839488,1228394444459839488,958855692936536067
2020-02-14 17:42:33+00:00,Lolitwah,helenoftroje,1,0,2,Y’all gonna have the cutest condom head babies,,Fri Feb 14 17:42:33 +0000 2020,,,,https://twitter.com/Lolitwah/status/1228373980370939904,1228373980370939904,958855692936536067
2020-02-14 16:26:53+00:00,Lolitwah,helenoftroje,1,0,2,I call dibs on being y’all’s babies godmother,,Fri Feb 14 16:26:53 +0000 2020,,,https://twitter.com/helenoftroje/status/1228353113683308545,https://twitter.com/Lolitwah/status/1228354937089859584,1228354937089859584,958855692936536067
2020-02-14 16:15:17+00:00,Lolitwah,,0,0,2,"Mofo really came up to me last night while i was shaking the booty like “you have no idea how great you’re dacing!”. Oh son, YES I DO, i have a pretty good idea how fab my ass looks being bounced, i practiced in front of the mirror for years.",,Fri Feb 14 16:15:17 +0000 2020,,,,https://twitter.com/Lolitwah/status/1228352017351036932,1228352017351036932,958855692936536067
2020-02-14 14:51:32+00:00,Lolitwah,,1,0,19,All this cake but you like your bitches salty,,Fri Feb 14 14:51:32 +0000 2020,,,,https://twitter.com/Lolitwah/status/1228330940524630016,1228330940524630016,958855692936536067
