date,username,to,replies,retweets,favorites,text,mentions,formatted_date,geo,hashtags,urls,permalink,ID,author_id
2020-02-28 22:28:14+00:00,love4nipsey,http_iel,0,17,39,Me being cordial isn’t flirting Relax,,Fri Feb 28 22:28:14 +0000 2020,,,https://twitter.com/http_iel/status/1165576106906279936,https://twitter.com/love4nipsey/status/1233519302302732290,1233519302302732290,2213838014
2020-02-28 22:18:46+00:00,love4nipsey,,0,0,0,Promise imma love you till my lungs give out,,Fri Feb 28 22:18:46 +0000 2020,,,,https://twitter.com/love4nipsey/status/1233516920000974848,1233516920000974848,2213838014
2020-02-28 22:02:55+00:00,love4nipsey,rahm3sh,0,0,1,“Don’t give up” ,,Fri Feb 28 22:02:55 +0000 2020,,,https://twitter.com/rahm3sh/status/1233203248951169024,https://twitter.com/love4nipsey/status/1233512935236030464,1233512935236030464,2213838014
2020-02-28 21:48:43+00:00,love4nipsey,jorrrmani,0,0,1,Give me your phone ,,Fri Feb 28 21:48:43 +0000 2020,,,https://twitter.com/jorrrmani/status/1233488508523773953,https://twitter.com/love4nipsey/status/1233509359101108224,1233509359101108224,2213838014
2020-02-28 21:46:30+00:00,love4nipsey,tokiotrev,0,1,17,Only when it’s natural,,Fri Feb 28 21:46:30 +0000 2020,,,,https://twitter.com/love4nipsey/status/1233508803230019584,1233508803230019584,2213838014
2020-02-28 15:54:14+00:00,love4nipsey,,0,0,0,Tank have a vibes ya,,Fri Feb 28 15:54:14 +0000 2020,,,,https://twitter.com/love4nipsey/status/1233420151351136262,1233420151351136262,2213838014
2020-02-28 15:54:07+00:00,love4nipsey,,0,0,0,I can’t make you love me ,,Fri Feb 28 15:54:07 +0000 2020,,,,https://twitter.com/love4nipsey/status/1233420121143730176,1233420121143730176,2213838014
2020-02-28 14:21:25+00:00,love4nipsey,jaayo_,0,0,1,Correct ,,Fri Feb 28 14:21:25 +0000 2020,,,,https://twitter.com/love4nipsey/status/1233396790927470592,1233396790927470592,2213838014
2020-02-28 14:20:32+00:00,love4nipsey,,0,0,0,Tryna get bent like a pretzel but....,,Fri Feb 28 14:20:32 +0000 2020,,,,https://twitter.com/love4nipsey/status/1233396571687063553,1233396571687063553,2213838014
2020-02-28 14:19:57+00:00,love4nipsey,Mr_Myah,0,0,0,Don’t it,,Fri Feb 28 14:19:57 +0000 2020,,,https://twitter.com/Mr_Myah/status/1233396349388890112,https://twitter.com/love4nipsey/status/1233396424177524741,1233396424177524741,2213838014
2020-02-28 14:17:49+00:00,love4nipsey,1styoungatlas,1,0,0,Come on man,,Fri Feb 28 14:17:49 +0000 2020,,,https://twitter.com/1styoungatlas/status/1233395015545753601,https://twitter.com/love4nipsey/status/1233395886547447809,1233395886547447809,2213838014
2020-02-28 13:58:24+00:00,love4nipsey,LoveeeLoren,1,0,0, ,,Fri Feb 28 13:58:24 +0000 2020,,,https://twitter.com/LoveeeLoren/status/1233390935532326915,https://twitter.com/love4nipsey/status/1233391001491910656,1233391001491910656,2213838014
2020-02-28 13:58:02+00:00,love4nipsey,1styoungatlas,1,1,1,Imma block u enu ,,Fri Feb 28 13:58:02 +0000 2020,,,https://twitter.com/1styoungatlas/status/1233390827042476032,https://twitter.com/love4nipsey/status/1233390907501748224,1233390907501748224,2213838014
2020-02-28 13:48:25+00:00,love4nipsey,LoveeeLoren,1,1,1,U definitely preaching I hope you have an amazing day today luv ,,Fri Feb 28 13:48:25 +0000 2020,,,https://twitter.com/LoveeeLoren/status/1233385416109285376,https://twitter.com/love4nipsey/status/1233388490269888513,1233388490269888513,2213838014
2020-02-28 13:44:06+00:00,love4nipsey,1styoungatlas,1,1,1,U gotta go ,,Fri Feb 28 13:44:06 +0000 2020,,,https://twitter.com/1styoungatlas/status/1233385020737433606,https://twitter.com/love4nipsey/status/1233387401529004032,1233387401529004032,2213838014
2020-02-28 13:17:28+00:00,love4nipsey,GiselleIynette,1,0,3,"Den no bottom road dis (Hip Strip) fren deh Montego Bay, Jamaica ",,Fri Feb 28 13:17:28 +0000 2020,,,https://twitter.com/GiselleIynette/status/1232447341212209152,https://twitter.com/love4nipsey/status/1233380699387895808,1233380699387895808,2213838014
2020-02-28 13:15:15+00:00,love4nipsey,xxxlovelylexi,1,0,3,Me straight out the shower,,Fri Feb 28 13:15:15 +0000 2020,,,https://twitter.com/xxxlovelylexi/status/1232777231790772224,https://twitter.com/love4nipsey/status/1233380141860106240,1233380141860106240,2213838014
2020-02-28 13:08:26+00:00,love4nipsey,Crew_inc_,0,1,5, ,,Fri Feb 28 13:08:26 +0000 2020,,,https://twitter.com/Crew_inc_/status/1233158169020583938,https://twitter.com/love4nipsey/status/1233378425697636358,1233378425697636358,2213838014
2020-02-28 12:45:59+00:00,love4nipsey,,0,0,1,Bruhhh my work bestie really went to the grocery store without me lastnight all Cuz I worked smh,,Fri Feb 28 12:45:59 +0000 2020,,,,https://twitter.com/love4nipsey/status/1233372777031311361,1233372777031311361,2213838014
2020-02-28 12:45:06+00:00,love4nipsey,JheneAiko,0,0,0,Dear Bighead ,,Fri Feb 28 12:45:06 +0000 2020,,,https://twitter.com/JheneAiko/status/1233273161090818048,https://twitter.com/love4nipsey/status/1233372552023724032,1233372552023724032,2213838014
2020-02-28 12:34:33+00:00,love4nipsey,jorrrmani,0,0,0,Lmao I be doing this everyday Soon as somebody piss me off I get straight to deleting idgaf,,Fri Feb 28 12:34:33 +0000 2020,,,https://twitter.com/jorrrmani/status/1233261294087745537,https://twitter.com/love4nipsey/status/1233369901018091521,1233369901018091521,2213838014
2020-02-28 12:29:10+00:00,love4nipsey,1styoungatlas,0,0,1,U too bregin,,Fri Feb 28 12:29:10 +0000 2020,,,https://twitter.com/1styoungatlas/status/1233365988051214336,https://twitter.com/love4nipsey/status/1233368542784950272,1233368542784950272,2213838014
2020-02-28 12:28:52+00:00,love4nipsey,1styoungatlas,0,0,0,Not yet but I’m working on it,,Fri Feb 28 12:28:52 +0000 2020,,,https://twitter.com/1styoungatlas/status/1233367229716221952,https://twitter.com/love4nipsey/status/1233368467509850118,1233368467509850118,2213838014
2020-02-28 11:15:03+00:00,love4nipsey,monaejjass,1,2,26,10 y/o me when Mom agreed to me spending the night by favorite crack head cousin ,,Fri Feb 28 11:15:03 +0000 2020,,,https://twitter.com/monaejjass/status/1232658022180294656,https://twitter.com/love4nipsey/status/1233349893974044672,1233349893974044672,2213838014
2020-02-28 11:11:15+00:00,love4nipsey,jorrrmani,2,0,2,Lmao braaaa me waa fight yuh,,Fri Feb 28 11:11:15 +0000 2020,,,https://twitter.com/jorrrmani/status/1233280737350123520,https://twitter.com/love4nipsey/status/1233348936686915584,1233348936686915584,2213838014
2020-02-28 10:54:50+00:00,love4nipsey,jorrrmani,2,0,2,We can beat the system,,Fri Feb 28 10:54:50 +0000 2020,,,https://twitter.com/jorrrmani/status/1233250899675533312,https://twitter.com/love4nipsey/status/1233344806182686720,1233344806182686720,2213838014
2020-02-28 10:53:33+00:00,love4nipsey,Thiclikepumpkin,1,0,1,Ok my Pooh ,,Fri Feb 28 10:53:33 +0000 2020,,,,https://twitter.com/love4nipsey/status/1233344480499191809,1233344480499191809,2213838014
2020-02-28 05:06:15+00:00,love4nipsey,love4nipsey,0,0,0,Sas God I used to be wilddddddddddd,,Fri Feb 28 05:06:15 +0000 2020,,,https://twitter.com/love4nipsey/status/1176936539999391747,https://twitter.com/love4nipsey/status/1233257082339700737,1233257082339700737,2213838014
2020-02-28 04:48:56+00:00,love4nipsey,TheRealNikkiOh,0,0,0, ,,Fri Feb 28 04:48:56 +0000 2020,,,https://twitter.com/TheRealNikkiOh/status/1233091415590293506,https://twitter.com/love4nipsey/status/1233252723031728134,1233252723031728134,2213838014
2020-02-28 04:43:47+00:00,love4nipsey,vontafrmdblock,0,0,0,MBN,,Fri Feb 28 04:43:47 +0000 2020,,,https://twitter.com/vontafrmdblock/status/1233250553351876613,https://twitter.com/love4nipsey/status/1233251426719105024,1233251426719105024,2213838014
2020-02-28 04:42:54+00:00,love4nipsey,Sam_yungin,0,0,0,Naybahoooodddd Nip,,Fri Feb 28 04:42:54 +0000 2020,,,https://twitter.com/Sam_yungin/status/1233246761214447616,https://twitter.com/love4nipsey/status/1233251205981392896,1233251205981392896,2213838014
2020-02-28 04:39:31+00:00,love4nipsey,,0,0,0,Affe have patience fe tolerate certain fuckery,,Fri Feb 28 04:39:31 +0000 2020,,,,https://twitter.com/love4nipsey/status/1233250352813760513,1233250352813760513,2213838014
2020-02-28 04:04:24+00:00,love4nipsey,,0,0,0,I hope you find the kind of love that makes you a softer person,,Fri Feb 28 04:04:24 +0000 2020,,,,https://twitter.com/love4nipsey/status/1233241514928676865,1233241514928676865,2213838014
2020-02-28 04:03:09+00:00,love4nipsey,,1,1,0,I hope you find the kind of happiness that exists on your own terms,,Fri Feb 28 04:03:09 +0000 2020,,,,https://twitter.com/love4nipsey/status/1233241199646998529,1233241199646998529,2213838014
2020-02-28 04:02:16+00:00,love4nipsey,,1,1,0,I hope you find what you’re looking for out there,,Fri Feb 28 04:02:16 +0000 2020,,,,https://twitter.com/love4nipsey/status/1233240979001544706,1233240979001544706,2213838014
2020-02-28 03:43:15+00:00,love4nipsey,,0,0,0,Kmt shit dis deeven make sense,,Fri Feb 28 03:43:15 +0000 2020,,,,https://twitter.com/love4nipsey/status/1233236191744532482,1233236191744532482,2213838014
2020-02-28 03:39:01+00:00,love4nipsey,,0,0,0,You don’t hit me up cuz I didn’t do what I was suppose to do I don’t blame you,,Fri Feb 28 03:39:01 +0000 2020,,,,https://twitter.com/love4nipsey/status/1233235125946720257,1233235125946720257,2213838014
2020-02-28 03:37:16+00:00,love4nipsey,,0,0,1,“English pleasE” then I remember “English mf” Half the world be sad asf when they don’t know another person’s language,,Fri Feb 28 03:37:16 +0000 2020,,,,https://twitter.com/love4nipsey/status/1233234685528092672,1233234685528092672,2213838014
2020-02-28 03:22:43+00:00,love4nipsey,waydamin,0,0,0,RS,,Fri Feb 28 03:22:43 +0000 2020,,,https://twitter.com/waydamin/status/1233161994561368064,https://twitter.com/love4nipsey/status/1233231024987004928,1233231024987004928,2213838014
2020-02-28 03:02:40+00:00,love4nipsey,,0,0,1,Jah Jah sweep over my soul ,,Fri Feb 28 03:02:40 +0000 2020,,,,https://twitter.com/love4nipsey/status/1233225978878492677,1233225978878492677,2213838014
2020-02-28 02:57:25+00:00,love4nipsey,,1,0,1,I wish you good love and protection ,,Fri Feb 28 02:57:25 +0000 2020,,,,https://twitter.com/love4nipsey/status/1233224656754266113,1233224656754266113,2213838014
2020-02-28 02:35:42+00:00,love4nipsey,,0,0,0, ,,Fri Feb 28 02:35:42 +0000 2020,,,,https://twitter.com/love4nipsey/status/1233219194222759941,1233219194222759941,2213838014
2020-02-28 02:34:09+00:00,love4nipsey,dutty_germz,0,0,1,A weh d bomboclaaat ,,Fri Feb 28 02:34:09 +0000 2020,,,https://twitter.com/dutty_germz/status/1233018574349963265,https://twitter.com/love4nipsey/status/1233218804278272001,1233218804278272001,2213838014
2020-02-28 02:33:27+00:00,love4nipsey,rhoslyndhayl,1,0,1,Your milk full a ants fren,,Fri Feb 28 02:33:27 +0000 2020,,,https://twitter.com/rhoslyndhayl/status/1233218546106191872,https://twitter.com/love4nipsey/status/1233218629287673862,1233218629287673862,2213838014
2020-02-28 02:32:14+00:00,love4nipsey,,0,0,0,Start tweeting now You cute with it,,Fri Feb 28 02:32:14 +0000 2020,,,,https://twitter.com/love4nipsey/status/1233218319651569664,1233218319651569664,2213838014
2020-02-28 02:20:13+00:00,love4nipsey,krisxgotti,0,0,0,Braaaaa ,,Fri Feb 28 02:20:13 +0000 2020,,,https://twitter.com/krisxgotti/status/1232872143773454336,https://twitter.com/love4nipsey/status/1233215294992154624,1233215294992154624,2213838014
2020-02-28 02:15:46+00:00,love4nipsey,_Krisannn,0,1,1, ,,Fri Feb 28 02:15:46 +0000 2020,,,https://twitter.com/_Krisannn/status/1233213078579404800,https://twitter.com/love4nipsey/status/1233214178313277449,1233214178313277449,2213838014
2020-02-28 01:42:56+00:00,love4nipsey,RealBossmann,0,0,1,Yuh get yuh bbc tea and it still hot Weh d fuck u did a do wid e tea mama? Play wid it ???,,Fri Feb 28 01:42:56 +0000 2020,,,https://twitter.com/RealBossmann/status/1232714361283764225,https://twitter.com/love4nipsey/status/1233205916348141568,1233205916348141568,2213838014
2020-02-28 01:33:23+00:00,love4nipsey,,0,0,0,“Yuh know ma battyman from time my G” I hate my cousin ,,Fri Feb 28 01:33:23 +0000 2020,,,,https://twitter.com/love4nipsey/status/1233203510075953153,1233203510075953153,2213838014
2020-02-28 01:32:54+00:00,love4nipsey,,0,0,0,Energyyyyyyy >>>>>>>>,,Fri Feb 28 01:32:54 +0000 2020,,,,https://twitter.com/love4nipsey/status/1233203391041589249,1233203391041589249,2213838014
2020-02-28 01:25:03+00:00,love4nipsey,,0,0,0,Shits lame tonight,,Fri Feb 28 01:25:03 +0000 2020,,,,https://twitter.com/love4nipsey/status/1233201413414694919,1233201413414694919,2213838014
2020-02-28 01:18:12+00:00,love4nipsey,CowoftheDay1,0,0,1,Why she gotta flex on me like that,,Fri Feb 28 01:18:12 +0000 2020,,,https://twitter.com/CowoftheDay1/status/1232730068289511425,https://twitter.com/love4nipsey/status/1233199692021936128,1233199692021936128,2213838014
2020-02-28 01:08:31+00:00,love4nipsey,LeondroC,0,0,0,Kfc,,Fri Feb 28 01:08:31 +0000 2020,,,https://twitter.com/LeondroC/status/1233095262110920705,https://twitter.com/love4nipsey/status/1233197252589604870,1233197252589604870,2213838014
2020-02-28 01:06:01+00:00,love4nipsey,Babycakesmoore,0,0,0,Pussyclaat,,Fri Feb 28 01:06:01 +0000 2020,,,https://twitter.com/Babycakesmoore/status/1232094908711866368,https://twitter.com/love4nipsey/status/1233196622219292672,1233196622219292672,2213838014
2020-02-28 01:02:29+00:00,love4nipsey,barbiewoa,0,0,0,Frfr,,Fri Feb 28 01:02:29 +0000 2020,,,https://twitter.com/barbiewoa/status/1232454595911258112,https://twitter.com/love4nipsey/status/1233195733895041024,1233195733895041024,2213838014
2020-02-28 00:57:29+00:00,love4nipsey,christiinababy,0,0,0,Cuzzzzzz,,Fri Feb 28 00:57:29 +0000 2020,,,https://twitter.com/christiinababy/status/1233194408205586432,https://twitter.com/love4nipsey/status/1233194475180130304,1233194475180130304,2213838014
2020-02-28 00:55:52+00:00,love4nipsey,christiinababy,1,0,0,Girl I said what I said either u with it or not No biggie,,Fri Feb 28 00:55:52 +0000 2020,,,https://twitter.com/christiinababy/status/1233193715298160642,https://twitter.com/love4nipsey/status/1233194068873764864,1233194068873764864,2213838014
2020-02-28 00:52:23+00:00,love4nipsey,twinkklez_,0,1,1, ,,Fri Feb 28 00:52:23 +0000 2020,,,https://twitter.com/twinkklez_/status/1233145751880060928,https://twitter.com/love4nipsey/status/1233193194747256833,1233193194747256833,2213838014
2020-02-28 00:51:08+00:00,love4nipsey,christiinababy,1,2,9,"No miss, d titty dem I tank you, bye",,Fri Feb 28 00:51:08 +0000 2020,,,https://twitter.com/christiinababy/status/1233111569174876160,https://twitter.com/love4nipsey/status/1233192877154603009,1233192877154603009,2213838014
2020-02-28 00:50:36+00:00,love4nipsey,,0,0,0,Penelope ,,Fri Feb 28 00:50:36 +0000 2020,,,,https://twitter.com/love4nipsey/status/1233192743331139584,1233192743331139584,2213838014
2020-02-28 00:49:16+00:00,love4nipsey,NipseyFanpage,0,0,1,4 in the morning,,Fri Feb 28 00:49:16 +0000 2020,,,https://twitter.com/NipseyFanpage/status/1233025903250141184,https://twitter.com/love4nipsey/status/1233192407136702464,1233192407136702464,2213838014
2020-02-28 00:48:55+00:00,love4nipsey,_Krisannn,0,0,1,This fucking dummy out here going offfff ,,Fri Feb 28 00:48:55 +0000 2020,,,https://twitter.com/_Krisannn/status/1233184963488571398,https://twitter.com/love4nipsey/status/1233192321237364736,1233192321237364736,2213838014
2020-02-27 18:05:17+00:00,love4nipsey,,0,0,0,"One thing bout me, imma sleeeepppppp in this mfn job",,Thu Feb 27 18:05:17 +0000 2020,,,,https://twitter.com/love4nipsey/status/1233090741460705282,1233090741460705282,2213838014
2020-02-27 17:31:37+00:00,love4nipsey,rudebwoyp24,11,202,759,"Twitter porn is something different, believe me it’s top tier",,Thu Feb 27 17:31:37 +0000 2020,,,https://twitter.com/rudebwoyp24/status/1231622345162477573,https://twitter.com/love4nipsey/status/1233082271537750016,1233082271537750016,2213838014
2020-02-27 17:30:05+00:00,love4nipsey,nnboogie,0,0,2,Caribbean people not looking at this esp Jamaicans I promise you,,Thu Feb 27 17:30:05 +0000 2020,,,https://twitter.com/nnboogie/status/1233010280646545408,https://twitter.com/love4nipsey/status/1233081882742530050,1233081882742530050,2213838014
2020-02-27 16:10:55+00:00,love4nipsey,,0,0,1,Niggas that tell you they gon give u a baby they be meaning that shit They constantly remind you Me ? Love it yasso,,Thu Feb 27 16:10:55 +0000 2020,,,,https://twitter.com/love4nipsey/status/1233061959853015040,1233061959853015040,2213838014
2020-02-27 13:26:30+00:00,love4nipsey,,0,0,1,“ayo you mad cute.” ,,Thu Feb 27 13:26:30 +0000 2020,,,,https://twitter.com/love4nipsey/status/1233020585246154759,1233020585246154759,2213838014
2020-02-27 12:05:47+00:00,love4nipsey,,0,1,7,I hope y’all find money today Stay safe my babies ,,Thu Feb 27 12:05:47 +0000 2020,,,,https://twitter.com/love4nipsey/status/1233000270377996290,1233000270377996290,2213838014
2020-02-27 03:54:40+00:00,love4nipsey,jorrrmani,1,2,8,Germs get up go study,,Thu Feb 27 03:54:40 +0000 2020,,,https://twitter.com/jorrrmani/status/1232867074462093312,https://twitter.com/love4nipsey/status/1232876678994649089,1232876678994649089,2213838014
2020-02-27 02:59:36+00:00,love4nipsey,mumma_heavy,0,0,0,It be like that fr,,Thu Feb 27 02:59:36 +0000 2020,,,,https://twitter.com/love4nipsey/status/1232862820909404160,1232862820909404160,2213838014
2020-02-27 02:53:44+00:00,love4nipsey,kemziii,0,2,2,Unu a we carry on luggage ,,Thu Feb 27 02:53:44 +0000 2020,,,https://twitter.com/kemziii/status/1232857665656774657,https://twitter.com/love4nipsey/status/1232861345206407169,1232861345206407169,2213838014
2020-02-27 02:50:22+00:00,love4nipsey,,0,0,2,God see and know me miss me old neighbor dem These new ones ain’t it,,Thu Feb 27 02:50:22 +0000 2020,,,,https://twitter.com/love4nipsey/status/1232860497940275200,1232860497940275200,2213838014
2020-02-27 02:49:19+00:00,love4nipsey,BoasyBoysie,0,2,3,I hate Jamaicans when it come to police tf do unu man Bruhhhh forget the police who waa some flesh It’s the laughing ,,Thu Feb 27 02:49:19 +0000 2020,,,https://twitter.com/BoasyBoysie/status/1232757708073336833,https://twitter.com/love4nipsey/status/1232860234181414918,1232860234181414918,2213838014
2020-02-27 02:42:51+00:00,love4nipsey,,0,0,0,I don’t be replying to shit most times I be replying to it in the DMs ,,Thu Feb 27 02:42:51 +0000 2020,,,,https://twitter.com/love4nipsey/status/1232858605118009344,1232858605118009344,2213838014
2020-02-27 02:40:23+00:00,love4nipsey,xeel__,0,0,0,Inna d mandem mout side,,Thu Feb 27 02:40:23 +0000 2020,,,https://twitter.com/xeel__/status/1232452939689541632,https://twitter.com/love4nipsey/status/1232857982523846656,1232857982523846656,2213838014
2020-02-27 01:57:36+00:00,love4nipsey,,0,0,0,My dog is really crying wtf,,Thu Feb 27 01:57:36 +0000 2020,,,,https://twitter.com/love4nipsey/status/1232847217087721472,1232847217087721472,2213838014
2020-02-27 00:10:07+00:00,love4nipsey,koolystarzrus,0,0,4,U eat her on sight,,Thu Feb 27 00:10:07 +0000 2020,,,https://twitter.com/koolystarzrus/status/1232813289920434177,https://twitter.com/love4nipsey/status/1232820169745014784,1232820169745014784,2213838014
2020-02-27 00:04:36+00:00,love4nipsey,PussyNGrabba,1,99,288,Me running out the bathroom without no towel,,Thu Feb 27 00:04:36 +0000 2020,,,https://twitter.com/PussyNGrabba/status/1232309627561357312,https://twitter.com/love4nipsey/status/1232818779228381184,1232818779228381184,2213838014
2020-02-26 23:43:17+00:00,love4nipsey,LoveLai__,0,0,0,Come through thickumms ,,Wed Feb 26 23:43:17 +0000 2020,,,https://twitter.com/LoveLai__/status/1232448438136008704,https://twitter.com/love4nipsey/status/1232813415875465217,1232813415875465217,2213838014
2020-02-26 23:40:52+00:00,love4nipsey,binzimma,0,0,2,Look what you done started ,,Wed Feb 26 23:40:52 +0000 2020,,,,https://twitter.com/love4nipsey/status/1232812809400078336,1232812809400078336,2213838014
2020-02-26 23:04:04+00:00,love4nipsey,,0,0,1,My right wrist feels so naked without my “dog mama” bracelet,,Wed Feb 26 23:04:04 +0000 2020,,,,https://twitter.com/love4nipsey/status/1232803545596022784,1232803545596022784,2213838014
2020-02-26 22:54:42+00:00,love4nipsey,,0,0,0,Dead ass me but I ain’t quoting shit,,Wed Feb 26 22:54:42 +0000 2020,,,,https://twitter.com/love4nipsey/status/1232801189642809349,1232801189642809349,2213838014
2020-02-26 22:53:25+00:00,love4nipsey,jorrrmani,0,0,2,Mek dem know dawg,,Wed Feb 26 22:53:25 +0000 2020,,,https://twitter.com/jorrrmani/status/1232793433565253635,https://twitter.com/love4nipsey/status/1232800867964915712,1232800867964915712,2213838014
2020-02-26 22:31:00+00:00,love4nipsey,,0,0,0,Nigga you talking shit,,Wed Feb 26 22:31:00 +0000 2020,,,,https://twitter.com/love4nipsey/status/1232795223274684421,1232795223274684421,2213838014
2020-02-26 22:29:23+00:00,love4nipsey,,1,0,2,Lmao see why I mind my business on here ,,Wed Feb 26 22:29:23 +0000 2020,,,,https://twitter.com/love4nipsey/status/1232794816330838016,1232794816330838016,2213838014
2020-02-26 21:46:11+00:00,love4nipsey,jrockbnf,0,0,2,Nahh frfr,,Wed Feb 26 21:46:11 +0000 2020,,,https://twitter.com/jrockbnf/status/1232744036802473984,https://twitter.com/love4nipsey/status/1232783947517644806,1232783947517644806,2213838014
2020-02-26 21:06:53+00:00,love4nipsey,cessrouge_,0,0,1,Jamaicans dead ass everywhere,,Wed Feb 26 21:06:53 +0000 2020,,,https://twitter.com/cessrouge_/status/1232632933078487040,https://twitter.com/love4nipsey/status/1232774057893994496,1232774057893994496,2213838014
2020-02-26 20:56:56+00:00,love4nipsey,,0,0,1,“gone with that shit.” ,,Wed Feb 26 20:56:56 +0000 2020,,,,https://twitter.com/love4nipsey/status/1232771554162941952,1232771554162941952,2213838014
2020-02-26 20:55:15+00:00,love4nipsey,zvdre,0,0,1,Too loud,,Wed Feb 26 20:55:15 +0000 2020,,,https://twitter.com/zvdre/status/1232769375465287680,https://twitter.com/love4nipsey/status/1232771130198499335,1232771130198499335,2213838014
2020-02-26 20:46:48+00:00,love4nipsey,dutty_drankro,0,0,0,Yea man a dat fe gwaan,,Wed Feb 26 20:46:48 +0000 2020,,,https://twitter.com/dutty_drankro/status/1232465204895608832,https://twitter.com/love4nipsey/status/1232769003304751106,1232769003304751106,2213838014
2020-02-26 20:28:12+00:00,love4nipsey,,0,0,0,Twitta yuh bomboclaat stop refreshing my tl,,Wed Feb 26 20:28:12 +0000 2020,,,,https://twitter.com/love4nipsey/status/1232764321870073856,1232764321870073856,2213838014
2020-02-26 20:27:50+00:00,love4nipsey,jaayo_,0,1,1,"Carry on, carry on Fi me plz",,Wed Feb 26 20:27:50 +0000 2020,,,https://twitter.com/jaayo_/status/1232761999551057922,https://twitter.com/love4nipsey/status/1232764228865601536,1232764228865601536,2213838014
2020-02-26 20:13:12+00:00,love4nipsey,1similac,0,0,1,Braaaaaaaaaaaaaa me weak tpc ,,Wed Feb 26 20:13:12 +0000 2020,,,https://twitter.com/1similac/status/1232345251865645056,https://twitter.com/love4nipsey/status/1232760544647634946,1232760544647634946,2213838014
2020-02-26 20:10:34+00:00,love4nipsey,TeamLesbian9,0,16,48,Me after cleaning the whole house and roof top and realize that I gotta cook dinner ,,Wed Feb 26 20:10:34 +0000 2020,,,https://twitter.com/TeamLesbian9/status/1232758152522797059,https://twitter.com/love4nipsey/status/1232759882853560320,1232759882853560320,2213838014
2020-02-26 20:04:32+00:00,love4nipsey,,0,0,0,Nasty but don’t put nothing past me,,Wed Feb 26 20:04:32 +0000 2020,,,,https://twitter.com/love4nipsey/status/1232758363324325888,1232758363324325888,2213838014
2020-02-26 20:00:24+00:00,love4nipsey,,0,0,0,Lone Lara Croft deh carnival,,Wed Feb 26 20:00:24 +0000 2020,,,,https://twitter.com/love4nipsey/status/1232757327226425345,1232757327226425345,2213838014
2020-02-26 19:59:23+00:00,love4nipsey,RavenRaybay,0,0,0,...,,Wed Feb 26 19:59:23 +0000 2020,,,https://twitter.com/RavenRaybay/status/1232735868202385408,https://twitter.com/love4nipsey/status/1232757069171830789,1232757069171830789,2213838014
2020-02-26 19:43:22+00:00,love4nipsey,jordansimone_,0,0,0,Lmao if this ain’t me,,Wed Feb 26 19:43:22 +0000 2020,,,https://twitter.com/jordansimone_/status/1232388859155099648,https://twitter.com/love4nipsey/status/1232753036692512771,1232753036692512771,2213838014
2020-02-26 19:42:18+00:00,love4nipsey,roxxiemusic,0,0,1,Girl I’m on the job like wtf,,Wed Feb 26 19:42:18 +0000 2020,,,https://twitter.com/roxxiemusic/status/1232752666490654720,https://twitter.com/love4nipsey/status/1232752771499282432,1232752771499282432,2213838014
2020-02-26 19:09:24+00:00,love4nipsey,YasminDiaz_,1,0,2,"Wait, green bananas???? Wa keep inna d fruiti platter",,Wed Feb 26 19:09:24 +0000 2020,,,https://twitter.com/YasminDiaz_/status/1232398007368372232,https://twitter.com/love4nipsey/status/1232744490496073729,1232744490496073729,2213838014
