date,username,to,replies,retweets,favorites,text,mentions,formatted_date,geo,hashtags,urls,permalink,ID,author_id
2020-02-28 23:50:12+00:00,magdalcne,,0,1,5,it takes so much courage to be who you are and speak out and act on it. adèle walking out will go down in history and so will her resistance and the impact she has on modern industry. i love her so much my heart is in goddamn pieces #merciadelehaenel,,Fri Feb 28 23:50:12 +0000 2020,,#merciadelehaenel,,https://twitter.com/magdalcne/status/1233539930783178752,1233539930783178752,1167728310773788672
2020-02-28 23:37:07+00:00,magdalcne,,0,0,1,FRENCH*** no one cares anymore anyway,,Fri Feb 28 23:37:07 +0000 2020,,,,https://twitter.com/magdalcne/status/1233536638011289606,1233536638011289606,1167728310773788672
2020-02-28 23:36:23+00:00,magdalcne,,1,0,4,im so fucking mad at franch academy for making a whole ass show around adèle being a victim of child abuse and literally humiliating her in front of everyone im so done im so done https://twitter.com/gagathatbitch/status/1150187495352672257/video/1,,Fri Feb 28 23:36:23 +0000 2020,,,https://twitter.com/gagathatbitch/status/1150187495352672257/video/1,https://twitter.com/magdalcne/status/1233536455559000065,1233536455559000065,1167728310773788672
2020-02-28 23:23:23+00:00,magdalcne,,0,0,7,the fact that i watched the césars for 3 hours to see adèle and céline leaving and like the half of the audience leaving with them IS SO FUNNY TO MEEEE,,Fri Feb 28 23:23:23 +0000 2020,,,,https://twitter.com/magdalcne/status/1233533182395527168,1233533182395527168,1167728310773788672
2020-02-28 23:19:55+00:00,magdalcne,,0,0,0,накладываю проклятие на францию,,Fri Feb 28 23:19:55 +0000 2020,,,,https://twitter.com/magdalcne/status/1233532311976763398,1233532311976763398,1167728310773788672
2020-02-28 23:17:02+00:00,magdalcne,,0,0,2,u see english doesn't have enough curse words for me,,Fri Feb 28 23:17:02 +0000 2020,,,,https://twitter.com/magdalcne/status/1233531587238793216,1233531587238793216,1167728310773788672
2020-02-28 23:16:27+00:00,magdalcne,,1,0,6,сука пиздец бля нахуй,,Fri Feb 28 23:16:27 +0000 2020,,,,https://twitter.com/magdalcne/status/1233531437535682560,1233531437535682560,1167728310773788672
2020-02-28 23:16:03+00:00,magdalcne,,0,0,3,PEOPLE LEAVING AS THEY SHOULD,,Fri Feb 28 23:16:03 +0000 2020,,,,https://twitter.com/magdalcne/status/1233531337715408896,1233531337715408896,1167728310773788672
2020-02-28 23:15:38+00:00,magdalcne,,2,0,5,ADÈLE AND CÉLINE LEAVING OH MY GOD,,Fri Feb 28 23:15:38 +0000 2020,,,,https://twitter.com/magdalcne/status/1233531232576770053,1233531232576770053,1167728310773788672
2020-02-28 23:15:19+00:00,magdalcne,magdalcne,0,0,2,OKAY ITS FUCKING TIME WE'RE RIDING AT FUCKING DAWN,,Fri Feb 28 23:15:19 +0000 2020,,,https://twitter.com/magdalcne/status/1233529537155260417,https://twitter.com/magdalcne/status/1233531153774235656,1233531153774235656,1167728310773788672
2020-02-28 23:14:42+00:00,magdalcne,,0,0,0,WHAT THE FUCK,,Fri Feb 28 23:14:42 +0000 2020,,,,https://twitter.com/magdalcne/status/1233530997322506245,1233530997322506245,1167728310773788672
2020-02-28 23:14:28+00:00,magdalcne,,0,0,1,céline being on the verge of tears chile,,Fri Feb 28 23:14:28 +0000 2020,,,,https://twitter.com/magdalcne/status/1233530937696231427,1233530937696231427,1167728310773788672
2020-02-28 23:14:10+00:00,magdalcne,rcmvnoff,0,0,1,ur not...,,Fri Feb 28 23:14:10 +0000 2020,,,,https://twitter.com/magdalcne/status/1233530864241381376,1233530864241381376,1167728310773788672
2020-02-28 23:11:46+00:00,magdalcne,,0,0,5,the way i actually had césar winner noémie merlant in my drafts,,Fri Feb 28 23:11:46 +0000 2020,,,,https://twitter.com/magdalcne/status/1233530259481518082,1233530259481518082,1167728310773788672
2020-02-28 23:10:51+00:00,magdalcne,,0,0,1,i dont have anything to say im actually speechless,,Fri Feb 28 23:10:51 +0000 2020,,,,https://twitter.com/magdalcne/status/1233530028266315779,1233530028266315779,1167728310773788672
2020-02-28 23:08:54+00:00,magdalcne,,0,0,2,okay portrait mutuals let's wait until céline loses to polanski and then it's time to invade france they must pay for being fucking colonisers <3,,Fri Feb 28 23:08:54 +0000 2020,,,,https://twitter.com/magdalcne/status/1233529537155260417,1233529537155260417,1167728310773788672
2020-02-28 23:07:12+00:00,magdalcne,,0,0,5,the fact that im actually laughing rn we're all clowns,,Fri Feb 28 23:07:12 +0000 2020,,,,https://twitter.com/magdalcne/status/1233529109524992000,1233529109524992000,1167728310773788672
2020-02-28 23:01:49+00:00,magdalcne,,0,0,3,not the presenter reading a whole ass monologue again,,Fri Feb 28 23:01:49 +0000 2020,,,,https://twitter.com/magdalcne/status/1233527755335229456,1233527755335229456,1167728310773788672
2020-02-28 23:00:32+00:00,magdalcne,,0,0,1,best actress FINALLY U FRENCH RATS,,Fri Feb 28 23:00:32 +0000 2020,,,,https://twitter.com/magdalcne/status/1233527431820201985,1233527431820201985,1167728310773788672
2020-02-28 22:59:49+00:00,magdalcne,,0,0,0,i have assignments to do for french classes on monday how the hell im gon do them now,,Fri Feb 28 22:59:49 +0000 2020,,,,https://twitter.com/magdalcne/status/1233527251880357889,1233527251880357889,1167728310773788672
2020-02-28 22:58:53+00:00,magdalcne,,0,0,3,,,Fri Feb 28 22:58:53 +0000 2020,,,,https://twitter.com/magdalcne/status/1233527016533774336,1233527016533774336,1167728310773788672
2020-02-28 22:55:03+00:00,magdalcne,,0,0,5,i just think she's me she's all of us,,Fri Feb 28 22:55:03 +0000 2020,,,,https://twitter.com/magdalcne/status/1233526053592846342,1233526053592846342,1167728310773788672
2020-02-28 22:54:21+00:00,magdalcne,,0,0,1,IM STARTING WORLD WAR I SWEAR,,Fri Feb 28 22:54:21 +0000 2020,,,,https://twitter.com/magdalcne/status/1233525875624357895,1233525875624357895,1167728310773788672
2020-02-28 22:52:25+00:00,magdalcne,,0,0,16,THE FUCKING HOST I HATE HER I DONT CARE WHO IS SHE I WANT TO K1LL ALL FRENCH PEOPLE THREE FUCKING HOURS WATCH THIS SHITE FOR WHAT,,Fri Feb 28 22:52:25 +0000 2020,,,,https://twitter.com/magdalcne/status/1233525390385274880,1233525390385274880,1167728310773788672
2020-02-28 22:50:55+00:00,magdalcne,,0,0,0,best actress next or im dying,,Fri Feb 28 22:50:55 +0000 2020,,,,https://twitter.com/magdalcne/status/1233525011220226054,1233525011220226054,1167728310773788672
2020-02-28 22:49:30+00:00,magdalcne,,0,0,1,it's almost 2am chile,,Fri Feb 28 22:49:30 +0000 2020,,,,https://twitter.com/magdalcne/status/1233524654918307840,1233524654918307840,1167728310773788672
2020-02-28 22:46:42+00:00,magdalcne,,0,2,13,STOP NORMALIZING FRENCH MEN,,Fri Feb 28 22:46:42 +0000 2020,,,,https://twitter.com/magdalcne/status/1233523950891806726,1233523950891806726,1167728310773788672
2020-02-28 22:45:55+00:00,magdalcne,,1,1,11,NO ONE CARES ABOUT MEN ESPECIALLY IF THEYRE FUCKING FRENCH. SHUT UP,,Fri Feb 28 22:45:55 +0000 2020,,,,https://twitter.com/magdalcne/status/1233523755202359297,1233523755202359297,1167728310773788672
2020-02-28 22:38:23+00:00,magdalcne,,0,1,5,imma just start k1lling french people,,Fri Feb 28 22:38:23 +0000 2020,,,,https://twitter.com/magdalcne/status/1233521858965901312,1233521858965901312,1167728310773788672
2020-02-28 22:28:49+00:00,magdalcne,,0,0,10,césar announcers preparing for their 10 minute speeches,,Fri Feb 28 22:28:49 +0000 2020,,,,https://twitter.com/magdalcne/status/1233519451930275849,1233519451930275849,1167728310773788672
2020-02-28 22:24:29+00:00,magdalcne,,0,0,3,parasite cast saying merci beaucoup omg stop announcing ur cute everyday...,,Fri Feb 28 22:24:29 +0000 2020,,,,https://twitter.com/magdalcne/status/1233518360786239488,1233518360786239488,1167728310773788672
2020-02-28 22:21:07+00:00,magdalcne,,0,0,0,periyat,,Fri Feb 28 22:21:07 +0000 2020,,,,https://twitter.com/magdalcne/status/1233517512089796609,1233517512089796609,1167728310773788672
2020-02-28 22:19:30+00:00,magdalcne,,1,0,0,lets hope im wrong ,,Fri Feb 28 22:19:30 +0000 2020,,,,https://twitter.com/magdalcne/status/1233517106211250180,1233517106211250180,1167728310773788672
2020-02-28 22:13:33+00:00,magdalcne,,1,0,0,omg joker about to win ,,Fri Feb 28 22:13:33 +0000 2020,,,,https://twitter.com/magdalcne/status/1233515610811850752,1233515610811850752,1167728310773788672
2020-02-28 22:10:34+00:00,magdalcne,,0,0,3,FIRST FUCKING WIN ON GOOOD,,Fri Feb 28 22:10:34 +0000 2020,,,,https://twitter.com/magdalcne/status/1233514857623887874,1233514857623887874,1167728310773788672
2020-02-28 22:09:14+00:00,magdalcne,,0,0,1,if p*lanski wins more awards than portrait im calling putin im not joking,,Fri Feb 28 22:09:14 +0000 2020,,,,https://twitter.com/magdalcne/status/1233514522725539845,1233514522725539845,1167728310773788672
2020-02-28 22:06:18+00:00,magdalcne,,0,0,2,,,Fri Feb 28 22:06:18 +0000 2020,,,,https://twitter.com/magdalcne/status/1233513784372867074,1233513784372867074,1167728310773788672
2020-02-28 22:01:06+00:00,magdalcne,,0,0,2,girl these fucking sketches.. i swear france gonna catch these fucking hands,,Fri Feb 28 22:01:06 +0000 2020,,,,https://twitter.com/magdalcne/status/1233512477335355399,1233512477335355399,1167728310773788672
2020-02-28 22:00:20+00:00,magdalcne,mizterwives,0,0,0,you're welcome ,,Fri Feb 28 22:00:20 +0000 2020,,,,https://twitter.com/magdalcne/status/1233512284955303936,1233512284955303936,1167728310773788672
2020-02-28 21:58:02+00:00,magdalcne,mizterwives,1,0,0,on dailymotion (2nd link) with vpn set on france hehe,,Fri Feb 28 21:58:02 +0000 2020,,,https://twitter.com/Portrait_Nation/status/1233429105158377473,https://twitter.com/magdalcne/status/1233511704899747841,1233511704899747841,1167728310773788672
2020-02-28 21:55:35+00:00,magdalcne,,0,0,1,france muthafuckin right this is WORLD WAR SIX...,,Fri Feb 28 21:55:35 +0000 2020,,,,https://twitter.com/magdalcne/status/1233511088764997632,1233511088764997632,1167728310773788672
2020-02-28 21:54:19+00:00,magdalcne,,0,3,12,the way shes ready to jump em,,Fri Feb 28 21:54:19 +0000 2020,,,,https://twitter.com/magdalcne/status/1233510767045087233,1233510767045087233,1167728310773788672
2020-02-28 21:53:01+00:00,magdalcne,,0,0,1,not him,,Fri Feb 28 21:53:01 +0000 2020,,,,https://twitter.com/magdalcne/status/1233510442275889156,1233510442275889156,1167728310773788672
2020-02-28 21:50:27+00:00,magdalcne,,1,0,5,french ppl hurry tf up it's literally 1am here ,,Fri Feb 28 21:50:27 +0000 2020,,,,https://twitter.com/magdalcne/status/1233509795413594116,1233509795413594116,1167728310773788672
2020-02-28 21:47:08+00:00,magdalcne,,0,1,4,portrait cast 4 time césar losers,,Fri Feb 28 21:47:08 +0000 2020,,,,https://twitter.com/magdalcne/status/1233508962668097543,1233508962668097543,1167728310773788672
2020-02-28 21:30:29+00:00,magdalcne,,0,0,10,she's literally the only one of them who doesnt have ig tf u filming for bjtch,,Fri Feb 28 21:30:29 +0000 2020,,,,https://twitter.com/magdalcne/status/1233504773200130049,1233504773200130049,1167728310773788672
2020-02-28 21:23:46+00:00,magdalcne,,0,1,22,me pushing every césars' host and presenter off the stage when they talk for more than 30 secs,,Fri Feb 28 21:23:46 +0000 2020,,,,https://twitter.com/magdalcne/status/1233503082702680065,1233503082702680065,1167728310773788672
2020-02-28 21:05:34+00:00,magdalcne,,0,2,9,,,Fri Feb 28 21:05:34 +0000 2020,,,,https://twitter.com/magdalcne/status/1233498499016208384,1233498499016208384,1167728310773788672
2020-02-28 21:01:08+00:00,magdalcne,,0,0,8,french ppl talk so much maybe shut up for a lil,,Fri Feb 28 21:01:08 +0000 2020,,,,https://twitter.com/magdalcne/status/1233497383268495360,1233497383268495360,1167728310773788672
2020-02-28 20:52:01+00:00,magdalcne,,0,0,0,he's manifesting portrait winning,,Fri Feb 28 20:52:01 +0000 2020,,,,https://twitter.com/magdalcne/status/1233495089370017793,1233495089370017793,1167728310773788672
2020-02-28 20:48:56+00:00,magdalcne,,0,0,0,well!,,Fri Feb 28 20:48:56 +0000 2020,,,,https://twitter.com/magdalcne/status/1233494316011720707,1233494316011720707,1167728310773788672
2020-02-28 20:48:04+00:00,magdalcne,,1,0,1,luàna has no chance doe,,Fri Feb 28 20:48:04 +0000 2020,,,,https://twitter.com/magdalcne/status/1233494096859353089,1233494096859353089,1167728310773788672
2020-02-28 20:46:57+00:00,magdalcne,,1,0,0,portrait win please please pleas,,Fri Feb 28 20:46:57 +0000 2020,,,,https://twitter.com/magdalcne/status/1233493815958396929,1233493815958396929,1167728310773788672
2020-02-28 20:22:03+00:00,magdalcne,,0,0,4,i don't understand anything she says and thats on my a2 level of french,,Fri Feb 28 20:22:03 +0000 2020,,,,https://twitter.com/magdalcne/status/1233487547390668801,1233487547390668801,1167728310773788672
2020-02-28 20:11:34+00:00,magdalcne,,0,0,3,they keep showing adèle as they should,,Fri Feb 28 20:11:34 +0000 2020,,,,https://twitter.com/magdalcne/status/1233484913070018561,1233484913070018561,1167728310773788672
2020-02-28 20:02:51+00:00,magdalcne,,0,0,1,let's fucking go i guess,,Fri Feb 28 20:02:51 +0000 2020,,,,https://twitter.com/magdalcne/status/1233482718639423490,1233482718639423490,1167728310773788672
2020-02-28 19:55:58+00:00,magdalcne,,0,0,4,manifesting portrait sweep once again,,Fri Feb 28 19:55:58 +0000 2020,,,,https://twitter.com/magdalcne/status/1233480985636954118,1233480985636954118,1167728310773788672
2020-02-28 19:46:13+00:00,magdalcne,,0,0,0,who else is scared,,Fri Feb 28 19:46:13 +0000 2020,,,,https://twitter.com/magdalcne/status/1233478532774453254,1233478532774453254,1167728310773788672
2020-02-28 19:32:40+00:00,magdalcne,,0,0,3,they're so tall IM SCREAMING LMAOO,,Fri Feb 28 19:32:40 +0000 2020,,,,https://twitter.com/magdalcne/status/1233475121156894720,1233475121156894720,1167728310773788672
2020-02-28 19:28:34+00:00,magdalcne,,0,0,3,whole tl going crazy omg lemme watch paddington till the end chile,,Fri Feb 28 19:28:34 +0000 2020,,,,https://twitter.com/magdalcne/status/1233474091618885637,1233474091618885637,1167728310773788672
2020-02-28 19:11:31+00:00,magdalcne,,0,0,1,less than an hour til portrait sweep,,Fri Feb 28 19:11:31 +0000 2020,,,,https://twitter.com/magdalcne/status/1233469801084915716,1233469801084915716,1167728310773788672
2020-02-28 19:02:35+00:00,magdalcne,dykepeach,0,0,2,periodt ,,Fri Feb 28 19:02:35 +0000 2020,,,,https://twitter.com/magdalcne/status/1233467548932493312,1233467548932493312,1167728310773788672
2020-02-28 19:01:29+00:00,magdalcne,,1,0,2,not thinking,,Fri Feb 28 19:01:29 +0000 2020,,,,https://twitter.com/magdalcne/status/1233467275853864969,1233467275853864969,1167728310773788672
2020-02-28 18:58:15+00:00,magdalcne,,1,0,3,thinking,,Fri Feb 28 18:58:15 +0000 2020,,,,https://twitter.com/magdalcne/status/1233466462129598465,1233466462129598465,1167728310773788672
2020-02-28 17:53:25+00:00,magdalcne,KillingEve,0,0,1,lemme lock the door chile,,Fri Feb 28 17:53:25 +0000 2020,,,https://twitter.com/KillingEve/status/1233444502213398529,https://twitter.com/magdalcne/status/1233450145582342146,1233450145582342146,1167728310773788672
2020-02-28 17:52:53+00:00,magdalcne,,0,0,2,the césars in two hours omg,,Fri Feb 28 17:52:53 +0000 2020,,,,https://twitter.com/magdalcne/status/1233450008919322630,1233450008919322630,1167728310773788672
2020-02-28 17:31:30+00:00,magdalcne,hijabiporno,0,0,1,ik i watched it for the 2nd time and still liked it ??? omfg the way he doesnt deserve rights ,,Fri Feb 28 17:31:30 +0000 2020,,,,https://twitter.com/magdalcne/status/1233444629896454144,1233444629896454144,1167728310773788672
2020-02-28 17:28:26+00:00,magdalcne,,1,0,2,my d*d fell asleep during knives out i swear to god u bjtch respect me a little ,,Fri Feb 28 17:28:26 +0000 2020,,,,https://twitter.com/magdalcne/status/1233443856349368321,1233443856349368321,1167728310773788672
2020-02-28 13:29:21+00:00,magdalcne,,0,0,0,i didnt expect chris ft caroline but they served anyways as they should . charlis impact i think,,Fri Feb 28 13:29:21 +0000 2020,,,,https://twitter.com/magdalcne/status/1233383690664841216,1233383690664841216,1167728310773788672
2020-02-28 13:25:53+00:00,magdalcne,,1,0,0,christine and the queens' new ep omg... french talanted gays i hate all of u,,Fri Feb 28 13:25:53 +0000 2020,,,,https://twitter.com/magdalcne/status/1233382818891300865,1233382818891300865,1167728310773788672
2020-02-28 03:56:08+00:00,magdalcne,,0,2,11,gm time to manifest portrait sweep at the césars today ,,Fri Feb 28 03:56:08 +0000 2020,,,,https://twitter.com/magdalcne/status/1233239437259288576,1233239437259288576,1167728310773788672
2020-02-27 15:56:29+00:00,magdalcne,,0,0,1,it was on my old stan acc im gonna CRY marina was right the wasted years,,Thu Feb 27 15:56:29 +0000 2020,,,,https://twitter.com/magdalcne/status/1233058330190471173,1233058330190471173,1167728310773788672
2020-02-27 15:55:02+00:00,magdalcne,,1,0,4,well this is embarrassing,,Thu Feb 27 15:55:02 +0000 2020,,,,https://twitter.com/magdalcne/status/1233057966145884160,1233057966145884160,1167728310773788672
2020-02-27 15:39:34+00:00,magdalcne,,1,0,0,,,Thu Feb 27 15:39:34 +0000 2020,,,,https://twitter.com/magdalcne/status/1233054072317644802,1233054072317644802,1167728310773788672
2020-02-27 15:08:59+00:00,magdalcne,,0,0,4,doja cat using the tikt*k dance for say so in her mv and live performances is so funny to me .. it's like okay laura dern stan,,Thu Feb 27 15:08:59 +0000 2020,,,,https://twitter.com/magdalcne/status/1233046375694249987,1233046375694249987,1167728310773788672
2020-02-27 12:08:40+00:00,magdalcne,,0,0,5,this is so sick and twisted ,,Thu Feb 27 12:08:40 +0000 2020,,,,https://twitter.com/magdalcne/status/1233000997846495233,1233000997846495233,1167728310773788672
2020-02-27 05:32:36+00:00,magdalcne,mira_nyan_,0,0,0,I hate it here,,Thu Feb 27 05:32:36 +0000 2020,,,,https://twitter.com/magdalcne/status/1232901323370135552,1232901323370135552,1167728310773788672
2020-02-27 03:57:41+00:00,magdalcne,,0,0,2,probably will watch césar tomorrow 18 months of learning french are finally gonna pay off,,Thu Feb 27 03:57:41 +0000 2020,,,,https://twitter.com/magdalcne/status/1232877437505167361,1232877437505167361,1167728310773788672
2020-02-27 03:25:41+00:00,magdalcne,mira_nyan_,1,0,0,"OOMF = ""ONE OF MY FRIENDS"" HELLO? ",,Thu Feb 27 03:25:41 +0000 2020,,,,https://twitter.com/magdalcne/status/1232869382377873409,1232869382377873409,1167728310773788672
2020-02-26 20:11:27+00:00,magdalcne,,1,0,3,oomf said me speaking french has the same energy w adèle saying bathtube omg slavic adèle haenel nation we're HERE,,Wed Feb 26 20:11:27 +0000 2020,,,,https://twitter.com/magdalcne/status/1232760106300985349,1232760106300985349,1167728310773788672
2020-02-26 19:01:25+00:00,magdalcne,,0,3,16,these have the same energy for some reason,,Wed Feb 26 19:01:25 +0000 2020,,,,https://twitter.com/magdalcne/status/1232742482372374530,1232742482372374530,1167728310773788672
2020-02-26 18:39:18+00:00,magdalcne,,0,0,8,i just wanna slide off her nose .,,Wed Feb 26 18:39:18 +0000 2020,,,,https://twitter.com/magdalcne/status/1232736916921094144,1232736916921094144,1167728310773788672
2020-02-26 16:52:17+00:00,magdalcne,,0,0,2,mamma mia 3 when,,Wed Feb 26 16:52:17 +0000 2020,,,,https://twitter.com/magdalcne/status/1232709983806119936,1232709983806119936,1167728310773788672
2020-02-26 16:15:10+00:00,magdalcne,FckyeahCharli,0,0,2,it was a cultural reset it was a cultural reset,,Wed Feb 26 16:15:10 +0000 2020,,,https://twitter.com/FckyeahCharli/status/1232667323154272256,https://twitter.com/magdalcne/status/1232700644294877184,1232700644294877184,1167728310773788672
2020-02-26 12:43:48+00:00,magdalcne,,0,0,0,yeah i was right.. trust u will be dealt with,,Wed Feb 26 12:43:48 +0000 2020,,,,https://twitter.com/magdalcne/status/1232647449115680771,1232647449115680771,1167728310773788672
2020-02-26 12:37:21+00:00,magdalcne,Midilibre,1,0,1,i know for a fact if i open this i'll find out it was written by a man,,Wed Feb 26 12:37:21 +0000 2020,,,https://twitter.com/Midilibre/status/1232585454450626561,https://twitter.com/magdalcne/status/1232645829120397312,1232645829120397312,1167728310773788672
2020-02-25 17:11:01+00:00,magdalcne,,0,1,8,i hate her BYE,,Tue Feb 25 17:11:01 +0000 2020,,,,https://twitter.com/magdalcne/status/1232352309788729344,1232352309788729344,1167728310773788672
2020-02-25 15:53:18+00:00,magdalcne,britishphobic,1,0,2,"i was talking about a tweet comparing carol, portrait of a lady on fire, and the handmaiden !!",,Tue Feb 25 15:53:18 +0000 2020,,,,https://twitter.com/magdalcne/status/1232332754135769088,1232332754135769088,1167728310773788672
2020-02-25 14:38:43+00:00,magdalcne,,2,0,14,the fact that we finally have enough good lesbian movies to argue about which one's better omfg,,Tue Feb 25 14:38:43 +0000 2020,,,,https://twitter.com/magdalcne/status/1232313984566452229,1232313984566452229,1167728310773788672
2020-02-25 14:30:54+00:00,magdalcne,,0,0,0,when i start saying hey mamas irl >>>,,Tue Feb 25 14:30:54 +0000 2020,,,,https://twitter.com/magdalcne/status/1232312016146063366,1232312016146063366,1167728310773788672
2020-02-25 13:41:52+00:00,magdalcne,,0,0,2,funny how i physically need pics of beanie feldstein and her gf to maintain bitches scoot over imma join yalls relationship,,Tue Feb 25 13:41:52 +0000 2020,,,,https://twitter.com/magdalcne/status/1232299675195265024,1232299675195265024,1167728310773788672
2020-02-25 12:42:13+00:00,magdalcne,,0,0,5,had a bet w my classmate that i can name more than 20 white blonde actresses and won the fact that i remembered the names of 39 of them in like 10 minutes this is the only thing im good for,,Tue Feb 25 12:42:13 +0000 2020,,,,https://twitter.com/magdalcne/status/1232284662980063233,1232284662980063233,1167728310773788672
2020-02-24 19:39:50+00:00,magdalcne,,0,5,33,the ladies setting their portraits on fire or whatever idk i haven't seen the movie,,Mon Feb 24 19:39:50 +0000 2020,,,,https://twitter.com/magdalcne/status/1232027373211672578,1232027373211672578,1167728310773788672
2020-02-24 18:26:43+00:00,magdalcne,,1,0,0,,,Mon Feb 24 18:26:43 +0000 2020,,,,https://twitter.com/magdalcne/status/1232008973055864832,1232008973055864832,1167728310773788672
2020-02-24 18:11:01+00:00,magdalcne,100gecs,0,0,0,everyone stream to keep the mutual ,,Mon Feb 24 18:11:01 +0000 2020,,,https://twitter.com/100gecs/status/1231989056998977536,https://twitter.com/magdalcne/status/1232005020142403584,1232005020142403584,1167728310773788672
2020-02-24 16:18:13+00:00,magdalcne,,0,0,2,call me old fashioned but i was raised to SERVE my wife. cook for her every night and clean up the messes she makes. if she cheats on me then it’s MY bad she caught ME slipping,,Mon Feb 24 16:18:13 +0000 2020,,,,https://twitter.com/magdalcne/status/1231976636087783426,1231976636087783426,1167728310773788672
2020-02-24 16:15:58+00:00,magdalcne,,1,0,0,the way there hasnt been a moment i didnt think about these,,Mon Feb 24 16:15:58 +0000 2020,,,,https://twitter.com/magdalcne/status/1231976068518744064,1231976068518744064,1167728310773788672
2020-02-24 11:08:35+00:00,magdalcne,gaycinema237,0,0,0,i think we ALL want her to do that to us,,Mon Feb 24 11:08:35 +0000 2020,,,,https://twitter.com/magdalcne/status/1231898714681303042,1231898714681303042,1167728310773788672
2020-02-24 07:00:29+00:00,magdalcne,,0,0,5,I LOVE IT HERE...,,Mon Feb 24 07:00:29 +0000 2020,,,,https://twitter.com/magdalcne/status/1231836278796279808,1231836278796279808,1167728310773788672
2020-02-24 06:25:41+00:00,magdalcne,,0,0,2,imma delete twitter app right now chile https://twitter.com/emilynussbaum/status/1231622904665845762,,Mon Feb 24 06:25:41 +0000 2020,,,https://twitter.com/emilynussbaum/status/1231622904665845762,https://twitter.com/magdalcne/status/1231827520217108481,1231827520217108481,1167728310773788672
