date,username,to,replies,retweets,favorites,text,mentions,formatted_date,geo,hashtags,urls,permalink,ID,author_id
2020-02-28 07:02:16+00:00,mairanotmaria2,,0,0,6,No one: Me: STATISTICS!! MRS LAUTEN!! STATISTICS!!!,,Fri Feb 28 07:02:16 +0000 2020,,,,https://twitter.com/mairanotmaria2/status/1233286275727314944,1233286275727314944,1912435230
2020-02-28 07:01:45+00:00,mairanotmaria2,,1,3,54,Timothée Chalamet..... I would die for him. At first I was like eh he’s basic but after watching his talent show performance from high school where he did a Nicki Minaj cover w the pink wig and his other rap stuff.... he’s my baby and I’ll FIGHT ANYONE WHO DISRESPECTS HIM,,Fri Feb 28 07:01:45 +0000 2020,,,,https://twitter.com/mairanotmaria2/status/1233286146693718016,1233286146693718016,1912435230
2020-02-27 05:29:50+00:00,mairanotmaria2,,2,2,39,I hate 9-5’s. If I finish all the work I’m supposed to do why can’t I just leave early. Balancing how thankful I am for having a job w how much I hate certain aspects of working is my biggest challenge,,Thu Feb 27 05:29:50 +0000 2020,,,,https://twitter.com/mairanotmaria2/status/1232900628948672518,1232900628948672518,1912435230
2020-02-27 05:28:45+00:00,mairanotmaria2,AngryTiger__,0,130,525,Me whenever a stranger happens to be walking beside me at the same pace as me,,Thu Feb 27 05:28:45 +0000 2020,,,https://twitter.com/AngryTiger__/status/1229687569266479105,https://twitter.com/mairanotmaria2/status/1232900354590859264,1232900354590859264,1912435230
2020-02-27 05:23:20+00:00,mairanotmaria2,,0,6,37,I don’t understand how anyone in this day and age can deny climate change and how ppl can just believe lies without educating themselves and looking things up. Like it’s 2020 IT TAKES ONE GOOGLE SEARCH TO FIND A MILLION ARTICLES FULL OF KNOWLEDGE IN HALF A SECOND,,Thu Feb 27 05:23:20 +0000 2020,,,,https://twitter.com/mairanotmaria2/status/1232898993790824448,1232898993790824448,1912435230
2020-02-27 05:16:44+00:00,mairanotmaria2,,2,17,83,Ever since I stopped living at home I’ve always been hungry like even if I eat a whole meal I’ll still be hungry it makes no sense but I’ve literally been vaguely hungry since 2017,,Thu Feb 27 05:16:44 +0000 2020,,,,https://twitter.com/mairanotmaria2/status/1232897332565467138,1232897332565467138,1912435230
2020-02-27 05:15:04+00:00,mairanotmaria2,,0,10,87,White people snapped with breakfast food they knew exactly what they were doing and that’s the only thing I’ll ever respect them for,,Thu Feb 27 05:15:04 +0000 2020,,,,https://twitter.com/mairanotmaria2/status/1232896912388427778,1232896912388427778,1912435230
2020-02-27 05:05:43+00:00,mairanotmaria2,,0,1,27,"The summer after my freshman year I did this research internship and at the end of it we had to make a video summarizing our work to send to the ppl who funded us and my ass was so camera shy I made a WHOLE ASS ANIMATED VIDEO rather than film myself,,,,",,Thu Feb 27 05:05:43 +0000 2020,,,,https://twitter.com/mairanotmaria2/status/1232894557844639744,1232894557844639744,1912435230
2020-02-27 03:24:37+00:00,mairanotmaria2,gulbeenxsheikh,0,6,102,This is music to my ears I haven’t heard zayn Malik’s voice in forever,,Thu Feb 27 03:24:37 +0000 2020,,,https://twitter.com/gulbeenxsheikh/status/1232456314455912448,https://twitter.com/mairanotmaria2/status/1232869117717360641,1232869117717360641,1912435230
2020-02-25 15:18:13+00:00,mairanotmaria2,s0phrosyne__,0,0,2,Turning it on rn ,,Tue Feb 25 15:18:13 +0000 2020,,,,https://twitter.com/mairanotmaria2/status/1232323921803915272,1232323921803915272,1912435230
2020-02-25 15:00:42+00:00,mairanotmaria2,,1,24,163,SPONSORED ADS ARE WAYYY TOO SPECIFIC I could literally dream about something and the next day I’d see Instagram ads for it. I HATE IT HERE,,Tue Feb 25 15:00:42 +0000 2020,,,,https://twitter.com/mairanotmaria2/status/1232319515821846529,1232319515821846529,1912435230
2020-02-25 06:11:15+00:00,mairanotmaria2,PennBadgley,0,12,108,Put me in ur glass box. RIGHT NOW,,Tue Feb 25 06:11:15 +0000 2020,,,https://twitter.com/PennBadgley/status/1109294396300656640,https://twitter.com/mairanotmaria2/status/1232186275781849089,1232186275781849089,1912435230
2020-02-25 02:00:06+00:00,mairanotmaria2,,0,5,76,Me: “should I go to sleep right now and wake up at 4 am” ...I am toxic to myself at this point,,Tue Feb 25 02:00:06 +0000 2020,,,,https://twitter.com/mairanotmaria2/status/1232123071160516610,1232123071160516610,1912435230
2020-02-24 05:40:26+00:00,mairanotmaria2,TheQuietFloor,1,0,0,At least ur thriving mA,,Mon Feb 24 05:40:26 +0000 2020,,,,https://twitter.com/mairanotmaria2/status/1231816132434317313,1231816132434317313,1912435230
2020-02-24 05:35:51+00:00,mairanotmaria2,,1,6,43,I’m so young but I deadass cannot wait to retire like I’m rlly out here day dreaming about the day I’ll never have to work again,,Mon Feb 24 05:35:51 +0000 2020,,,,https://twitter.com/mairanotmaria2/status/1231814978589614080,1231814978589614080,1912435230
2020-02-24 05:34:57+00:00,mairanotmaria2,,2,14,102,I CANT WAIT FOR THE DAY I DONT HAVE TO SET AN ALARM FOR SOME UNGODLY HOUR IN THE MORNING I CAN JUST WAKE UP WHENEVER I WANT WITHOUT BEING LATE OR RUSHED FOR ANYTHING,,Mon Feb 24 05:34:57 +0000 2020,,,,https://twitter.com/mairanotmaria2/status/1231814752797700097,1231814752797700097,1912435230
2020-02-24 05:13:04+00:00,mairanotmaria2,,1,19,65,I hate mean girls like what do y’all gain from saying awful things to others or going out of ur way to make someone feel bad? It costs $0.00 to just be a normal decent person,,Mon Feb 24 05:13:04 +0000 2020,,,,https://twitter.com/mairanotmaria2/status/1231809245181620224,1231809245181620224,1912435230
2020-02-24 04:54:06+00:00,mairanotmaria2,,0,1,20,My brother sent me a snap memory from a year ago and it’s me crying and using a roll of toilet paper as tissues when I have a whole box of tissues right next to me and I have no words... it’s very on brand,,Mon Feb 24 04:54:06 +0000 2020,,,,https://twitter.com/mairanotmaria2/status/1231804469823799296,1231804469823799296,1912435230
2020-02-24 03:52:49+00:00,mairanotmaria2,,2,11,69,I keep selling myself this fantasy that after I graduate I’m gonna travel the entire world while conveniently forgetting the fact that I’m a Muslim girl w strict parents but this concept of finally going on a world tour is the only thing keeping me going rn,,Mon Feb 24 03:52:49 +0000 2020,,,,https://twitter.com/mairanotmaria2/status/1231789049335230464,1231789049335230464,1912435230
2020-02-24 03:25:00+00:00,mairanotmaria2,badestoutfit,0,26,117,This is literally me going to class and work after crying cause of work/school stress and acting like everything is fine,,Mon Feb 24 03:25:00 +0000 2020,,,https://twitter.com/badestoutfit/status/1230967325312110592,https://twitter.com/mairanotmaria2/status/1231782050295898113,1231782050295898113,1912435230
2020-02-24 02:46:28+00:00,mairanotmaria2,ezan98x,0,0,3,I’m so unproblematic I just tweet abt being sad and crying yet u wanna come for me....,,Mon Feb 24 02:46:28 +0000 2020,,,,https://twitter.com/mairanotmaria2/status/1231772350678536193,1231772350678536193,1912435230
2020-02-24 02:44:49+00:00,mairanotmaria2,typicalannika,0,0,3,No I’m just a dumb bitch ,,Mon Feb 24 02:44:49 +0000 2020,,,,https://twitter.com/mairanotmaria2/status/1231771935442423808,1231771935442423808,1912435230
2020-02-24 02:26:34+00:00,mairanotmaria2,,1,7,70,"Crying on campus is deadass so therapeutic I have literally cried in random lecture halls, the library, the student union, a random tree near a lecture hall,,,,",,Mon Feb 24 02:26:34 +0000 2020,,,,https://twitter.com/mairanotmaria2/status/1231767343296131074,1231767343296131074,1912435230
2020-02-24 02:18:38+00:00,mairanotmaria2,,1,86,211,My intuition is so strong every time I get a bad vibe about certain people or a situation I always end up being right. ALWAYS. It’s a blessing cause I know who/what to avoid but it’s a curse cause I end up feeling crazy half the time,,Mon Feb 24 02:18:38 +0000 2020,,,,https://twitter.com/mairanotmaria2/status/1231765346559893505,1231765346559893505,1912435230
2020-02-22 06:17:29+00:00,mairanotmaria2,catherineesson,1,21,79,She’s... not wrong... she actually made points but y’all too sensitive to listen,,Sat Feb 22 06:17:29 +0000 2020,,,https://twitter.com/catherineesson/status/1230879464332107777,https://twitter.com/mairanotmaria2/status/1231100681219694593,1231100681219694593,1912435230
2020-02-21 14:42:13+00:00,mairanotmaria2,imageasdesign,0,13,58,Me thinking about myself,,Fri Feb 21 14:42:13 +0000 2020,,,https://twitter.com/imageasdesign/status/1229933961561939969,https://twitter.com/mairanotmaria2/status/1230865311878000649,1230865311878000649,1912435230
2020-02-21 06:53:53+00:00,mairanotmaria2,,3,5,91,I wish I was a carefree white tik tok girl,,Fri Feb 21 06:53:53 +0000 2020,,,,https://twitter.com/mairanotmaria2/status/1230747454049357824,1230747454049357824,1912435230
2020-02-21 04:39:23+00:00,mairanotmaria2,,1,2,27,Nothing about North Carolina makes any sense we literally went from warm 70 degree weather to a whole tornado to a snow storm,,Fri Feb 21 04:39:23 +0000 2020,,,,https://twitter.com/mairanotmaria2/status/1230713603222753280,1230713603222753280,1912435230
2020-02-21 03:57:32+00:00,mairanotmaria2,,1,43,182,I can literally feel my dark circles taking over my entire face,,Fri Feb 21 03:57:32 +0000 2020,,,,https://twitter.com/mairanotmaria2/status/1230703071090503681,1230703071090503681,1912435230
2020-02-20 04:33:07+00:00,mairanotmaria2,,0,1,9,FUCK DUKE PERIOOODTTTTTTTTTTTT,,Thu Feb 20 04:33:07 +0000 2020,,,,https://twitter.com/mairanotmaria2/status/1230349638697390081,1230349638697390081,1912435230
2020-02-19 15:15:37+00:00,mairanotmaria2,,0,7,17,I HATE IT HERE!!!!!!,,Wed Feb 19 15:15:37 +0000 2020,,,,https://twitter.com/mairanotmaria2/status/1230148942513483776,1230148942513483776,1912435230
2020-02-19 13:28:28+00:00,mairanotmaria2,,0,41,251,Girls who have their face beat at 8:30 am are so inspirational,,Wed Feb 19 13:28:28 +0000 2020,,,,https://twitter.com/mairanotmaria2/status/1230121976871649282,1230121976871649282,1912435230
2020-02-19 01:39:25+00:00,mairanotmaria2,valecarot,1,322,1387,My mom: *exists* Me:,,Wed Feb 19 01:39:25 +0000 2020,,,https://twitter.com/valecarot/status/1226906221866835969,https://twitter.com/mairanotmaria2/status/1229943539187974144,1229943539187974144,1912435230
2020-02-19 01:37:14+00:00,mairanotmaria2,kombiz,0,0,1,Presidential pardons should not be a thing and imma scream that till I die,,Wed Feb 19 01:37:14 +0000 2020,,,,https://twitter.com/mairanotmaria2/status/1229942988530475008,1229942988530475008,1912435230
2020-02-18 18:43:38+00:00,mairanotmaria2,realDonaldTrump,0,0,10,Perhaps points were made,,Tue Feb 18 18:43:38 +0000 2020,,,https://twitter.com/realDonaldTrump/status/1229767823595012096,https://twitter.com/mairanotmaria2/status/1229838904259469313,1229838904259469313,1912435230
2020-02-18 04:01:23+00:00,mairanotmaria2,BasicBilal,0,0,0,Ok idk about all that peter and her both messed up,,Tue Feb 18 04:01:23 +0000 2020,,,,https://twitter.com/mairanotmaria2/status/1229616876600332288,1229616876600332288,1912435230
2020-02-18 03:37:45+00:00,mairanotmaria2,,1,1,9,"am I passionate about this topic,, maybe,,,",,Tue Feb 18 03:37:45 +0000 2020,,,,https://twitter.com/mairanotmaria2/status/1229610929786146817,1229610929786146817,1912435230
2020-02-18 03:37:35+00:00,mairanotmaria2,jlrolopai,4,13,79,BITCH NOT ON MY TL. HE DIDNT STAND HER UP HE WAS AT PRACTICE AND HE TOOK HER TO A CUTE CARNIVAL DATE AFTER. SHE LITERALLY WAS FLIRTING AND ENTERTAINING JOHN AND HE CURVED GEN IN FRONT OF EVERYONE AT THE TREEHOUSE AND SHE DIDNT EVEN TELL JOHN SHE HAD A BF,,Tue Feb 18 03:37:35 +0000 2020,,,https://twitter.com/jlrolopai/status/1228676119471149056,https://twitter.com/mairanotmaria2/status/1229610889831223296,1229610889831223296,1912435230
2020-02-18 03:32:49+00:00,mairanotmaria2,,4,4,94,"I remember when I was a kid thinking $100 was a lot of money,,, now it feels like barely even 20 bucks",,Tue Feb 18 03:32:49 +0000 2020,,,,https://twitter.com/mairanotmaria2/status/1229609689018773505,1229609689018773505,1912435230
2020-02-18 01:01:20+00:00,mairanotmaria2,,5,16,101,"I feel like most women usually go for more than looks and prioritize personality more but most guys almost ALWAYSSSSS care more for looks than personality,,, I hate y’all",,Tue Feb 18 01:01:20 +0000 2020,,,,https://twitter.com/mairanotmaria2/status/1229571567425859584,1229571567425859584,1912435230
2020-02-18 00:46:51+00:00,mairanotmaria2,OfficialFBMA,0,11,101,Me putting bits and pieces of tea and info together to figure out the complete messy reality,,Tue Feb 18 00:46:51 +0000 2020,,,https://twitter.com/OfficialFBMA/status/1228937627623198720,https://twitter.com/mairanotmaria2/status/1229567920755351552,1229567920755351552,1912435230
2020-02-17 18:11:49+00:00,mairanotmaria2,deeeaye,0,0,0,They’re the same person,,Mon Feb 17 18:11:49 +0000 2020,,,,https://twitter.com/mairanotmaria2/status/1229468507550683139,1229468507550683139,1912435230
2020-02-17 17:58:50+00:00,mairanotmaria2,,0,3,47,Brothers are the most unloyal breed. Someone explain to me how a dude I curved freshman year who got mad & spread rumors I played him COMMENTS ON ALL OF MY LITTLE BROTHERS IG POSTS AND THEY STILL PLAY VIDEO GAMES TOGETHER... WHERE IS THE LOYALTYYYY,,Mon Feb 17 17:58:50 +0000 2020,,,,https://twitter.com/mairanotmaria2/status/1229465242536730624,1229465242536730624,1912435230
2020-02-17 17:25:10+00:00,mairanotmaria2,,1,14,83,I consider myself pretty smart but when it comes to cars/car maintenance I don’t know shit. Oil change ?? Tire rotation ??? My brain just goes pee pee poo poo,,Mon Feb 17 17:25:10 +0000 2020,,,,https://twitter.com/mairanotmaria2/status/1229456766682959873,1229456766682959873,1912435230
2020-02-16 18:31:19+00:00,mairanotmaria2,,0,16,87,My toxic trait is having a cute idea/concept and then trying to work on it for literally ONE (1) second before I give up for 3-5 months and forget all about it,,Sun Feb 16 18:31:19 +0000 2020,,,,https://twitter.com/mairanotmaria2/status/1229111028908204032,1229111028908204032,1912435230
2020-02-16 02:08:10+00:00,mairanotmaria2,,0,20,87,y’all ever think about the fact that things cost money and just get mad all over again,,Sun Feb 16 02:08:10 +0000 2020,,,,https://twitter.com/mairanotmaria2/status/1228863610996297728,1228863610996297728,1912435230
2020-02-16 02:05:56+00:00,mairanotmaria2,,0,7,34,I ALWAYS HAVE SO MANY IDEAS AND THINGS TO DO I JUST WISH I HAD THE FUNDS TO DO IT ALL,,Sun Feb 16 02:05:56 +0000 2020,,,,https://twitter.com/mairanotmaria2/status/1228863048816963584,1228863048816963584,1912435230
2020-02-16 00:05:52+00:00,mairanotmaria2,Alpha_Taurus_,0,65,376,My mom when she’s in a bad mood hearing anyone else in the house make any noise,,Sun Feb 16 00:05:52 +0000 2020,,,https://twitter.com/Alpha_Taurus_/status/1226811333712150528,https://twitter.com/mairanotmaria2/status/1228832833902432256,1228832833902432256,1912435230
2020-02-15 23:27:46+00:00,mairanotmaria2,ambphillipsx,1,59,505,white women blend and contour themselves into a different ethnicity,,Sat Feb 15 23:27:46 +0000 2020,,,https://twitter.com/ambphillipsx/status/1225412371537108992,https://twitter.com/mairanotmaria2/status/1228823244133847046,1228823244133847046,1912435230
2020-02-15 20:34:10+00:00,mairanotmaria2,,1,1,59,Men ain’t SHIT someone explain how this dude left my friend a THREE minute voicemail about how kobe and Gigi’s deaths got him thinkin abt how life is too short and he wants to be in her life again.... y’all never rest. The audacity.,,Sat Feb 15 20:34:10 +0000 2020,,,,https://twitter.com/mairanotmaria2/status/1228779554438811648,1228779554438811648,1912435230
2020-02-15 20:26:56+00:00,mairanotmaria2,,0,5,33,The amount of times I’ve quoted Rosa and ppl around me have just given me blank stares is crazy. Like if I say dude come here I expected u to scream back WHY U ALWAYS LOOKIN AT MEEEE DUDEEEE,,Sat Feb 15 20:26:56 +0000 2020,,,,https://twitter.com/mairanotmaria2/status/1228777734958145536,1228777734958145536,1912435230
2020-02-14 16:10:39+00:00,mairanotmaria2,,1,16,156,Whoever invented chegg... I hope ur granted the highest level of heaven,,Fri Feb 14 16:10:39 +0000 2020,,,,https://twitter.com/mairanotmaria2/status/1228350852278210561,1228350852278210561,1912435230
2020-02-14 16:08:44+00:00,mairanotmaria2,mikhail_reza,0,0,1,MIKHAIL BYE YK I SCREAM HI TO U,,Fri Feb 14 16:08:44 +0000 2020,,,,https://twitter.com/mairanotmaria2/status/1228350370554007552,1228350370554007552,1912435230
2020-02-14 04:02:20+00:00,mairanotmaria2,,0,4,66,The most embarrassed/amazed I’ve been in college was when I was being my normal self & this girl turns around & goes ur maira right? And I’m like um how did u know and she said ITS BC WE RODE THE BUS TOGETHER IN MIDDLE SCHOOL & I HAVE THE SAME ENERGY... I WANTED TO SCREAM,,Fri Feb 14 04:02:20 +0000 2020,,,,https://twitter.com/mairanotmaria2/status/1228167566771679243,1228167566771679243,1912435230
2020-02-13 17:31:57+00:00,mairanotmaria2,,1,19,151,Y’all ever have a class where time just doesn’t flow normally like each minute feels like an hour,,Thu Feb 13 17:31:57 +0000 2020,,,,https://twitter.com/mairanotmaria2/status/1228008923493359616,1228008923493359616,1912435230
2020-02-13 06:20:55+00:00,mairanotmaria2,,1,60,297,U know when u haven’t had a good cry in a while and u jus feel it building up.... like everything is fine u just need to cry it out for no reason,,Thu Feb 13 06:20:55 +0000 2020,,,,https://twitter.com/mairanotmaria2/status/1227840054283948032,1227840054283948032,1912435230
2020-02-13 06:15:20+00:00,mairanotmaria2,,0,27,171,"I miss Valentine’s Day in elementary school bc it was always so much fun picking out the cards u wanna pass out in class and getting a bag full of candy,, those were the days",,Thu Feb 13 06:15:20 +0000 2020,,,,https://twitter.com/mairanotmaria2/status/1227838647690579969,1227838647690579969,1912435230
2020-02-13 06:00:34+00:00,mairanotmaria2,,0,8,34,people who can actually go through w carb free/minimal carb diets are braver than the entire armed forces combined like bread is so GOOD I COULD DEADASS EAT A WHOLE BAKERY,,Thu Feb 13 06:00:34 +0000 2020,,,,https://twitter.com/mairanotmaria2/status/1227834929872035840,1227834929872035840,1912435230
2020-02-13 05:56:03+00:00,mairanotmaria2,,0,2,25,my kink is giving ppl the same energy they give me,,Thu Feb 13 05:56:03 +0000 2020,,,,https://twitter.com/mairanotmaria2/status/1227833796248121345,1227833796248121345,1912435230
2020-02-12 05:44:04+00:00,mairanotmaria2,,1,10,122,Higher education is deadass a scam like it costs hundreds of dollars just to schedule to take a damn exam LET ALONE EVEN APPLY I’m mad I’m about to eat the rich and all higher institutions,,Wed Feb 12 05:44:04 +0000 2020,,,,https://twitter.com/mairanotmaria2/status/1227468391906185218,1227468391906185218,1912435230
2020-02-11 04:19:23+00:00,mairanotmaria2,,0,8,54,My toxic trait is talking like Rosa for no reason. Like I’ll rlly be myself doing laundry or smthn and then out of nowhere I’ll be like DUDE COME HERE,,Tue Feb 11 04:19:23 +0000 2020,,,,https://twitter.com/mairanotmaria2/status/1227084691238510592,1227084691238510592,1912435230
2020-02-11 03:56:05+00:00,mairanotmaria2,ballinpaki,0,0,1,I tried to take a 1 hour nap after work and slept for deadass 4 hours,,Tue Feb 11 03:56:05 +0000 2020,,,,https://twitter.com/mairanotmaria2/status/1227078829103026176,1227078829103026176,1912435230
2020-02-11 02:24:36+00:00,mairanotmaria2,,0,23,133,"I remember when I was little I’d be amazed how my dad would be able to sleep everywhere and anywhere and now that I’m older that’s me,,, like I’ll rlly be dead asleep in a lecture hall, in the middle of the library, on a bus, like idc I will KNOCK. OUT",,Tue Feb 11 02:24:36 +0000 2020,,,,https://twitter.com/mairanotmaria2/status/1227055804513226753,1227055804513226753,1912435230
2020-02-11 02:16:19+00:00,mairanotmaria2,,2,26,168,Taking a “one hour” nap is dangerous like damn am I rlly gonna wake up by the next hour or am I gonna wake up in the next century ,,Tue Feb 11 02:16:19 +0000 2020,,,,https://twitter.com/mairanotmaria2/status/1227053722234167302,1227053722234167302,1912435230
2020-02-10 06:22:37+00:00,mairanotmaria2,,1,12,47,No one: Me: omg should I get a cat,,Mon Feb 10 06:22:37 +0000 2020,,,,https://twitter.com/mairanotmaria2/status/1226753318199926789,1226753318199926789,1912435230
2020-02-10 06:15:16+00:00,mairanotmaria2,aboutchintan,1,0,0,Girl I’m no where close to blond lmaooo,,Mon Feb 10 06:15:16 +0000 2020,,,,https://twitter.com/mairanotmaria2/status/1226751468599992321,1226751468599992321,1912435230
2020-02-10 06:08:58+00:00,mairanotmaria2,,5,53,491,Brown girls who go blond and can pull it off are so powerful like that’s a different type of beautiful,,Mon Feb 10 06:08:58 +0000 2020,,,,https://twitter.com/mairanotmaria2/status/1226749880816762880,1226749880816762880,1912435230
2020-02-09 02:11:09+00:00,mairanotmaria2,,0,1,17,Fuck duke. Imma say that till I die,,Sun Feb 09 02:11:09 +0000 2020,,,,https://twitter.com/mairanotmaria2/status/1226327644041621504,1226327644041621504,1912435230
2020-02-08 17:25:01+00:00,mairanotmaria2,,0,1,15,Last night was an item song frfr ,,Sat Feb 08 17:25:01 +0000 2020,,,,https://twitter.com/mairanotmaria2/status/1226195240782114824,1226195240782114824,1912435230
2020-02-07 01:13:43+00:00,mairanotmaria2,,0,4,44,Sometimes I think abt what it would be like if chegg didn’t exist and I get so stressed like imagine actually doing ur h— home— homewor— ugh I cant even finish the sentence,,Fri Feb 07 01:13:43 +0000 2020,,,,https://twitter.com/mairanotmaria2/status/1225588417624408067,1225588417624408067,1912435230
2020-02-07 00:12:42+00:00,mairanotmaria2,,0,20,80,I miss being young and having a crazy fast metabolism like I really used to be eating whole packs of Oreos and was still stick skinny but now if I even look at fast food my whole body jiggles for 10 days,,Fri Feb 07 00:12:42 +0000 2020,,,,https://twitter.com/mairanotmaria2/status/1225573060662743045,1225573060662743045,1912435230
2020-02-07 00:11:06+00:00,mairanotmaria2,,3,17,134,U ever feel like a side character in ur own life,,Fri Feb 07 00:11:06 +0000 2020,,,,https://twitter.com/mairanotmaria2/status/1225572659943157764,1225572659943157764,1912435230
2020-02-06 23:20:53+00:00,mairanotmaria2,,1,41,237,I can’t believe GROWN ass people are really making coronavirus jokes abt Asian students... some brown ppl rlly posted videos zooming in on Asian students acting all afraid like y’all realize this is how racist white ppl record us & call us terrorists right ?!!!,,Thu Feb 06 23:20:53 +0000 2020,,,,https://twitter.com/mairanotmaria2/status/1225560020701663239,1225560020701663239,1912435230
2020-02-06 19:35:51+00:00,mairanotmaria2,nodopameme,1,0,2,And u literally were hyped to watch each of these....,,Thu Feb 06 19:35:51 +0000 2020,,,,https://twitter.com/mairanotmaria2/status/1225503390224044032,1225503390224044032,1912435230
2020-02-06 19:30:45+00:00,mairanotmaria2,,2,12,71,I do not have a single thought left in my brain. I’m thotless. I refuse to think anything ever again. Thots? Who is that? What is that? Never heard of her ,,Thu Feb 06 19:30:45 +0000 2020,,,,https://twitter.com/mairanotmaria2/status/1225502107177975809,1225502107177975809,1912435230
2020-02-06 03:01:06+00:00,mairanotmaria2,,0,71,297,The pain of getting out of an exam and immediately studying for ur next one is unbearable,,Thu Feb 06 03:01:06 +0000 2020,,,,https://twitter.com/mairanotmaria2/status/1225253052342571008,1225253052342571008,1912435230
2020-02-05 13:19:56+00:00,mairanotmaria2,,0,3,30,Just walked by someone juuling.... mf it’s not even 8:30 am yet....,,Wed Feb 05 13:19:56 +0000 2020,,,,https://twitter.com/mairanotmaria2/status/1225046398699261953,1225046398699261953,1912435230
2020-02-04 01:27:00+00:00,mairanotmaria2,,0,18,106,Having multiple exams back to back makes me wanna drop out like I KNOW I COULD DO REALLY WELL ON EVERYTHING IF THERE WAS JUST MORE TIMEEEEE TO DO IT ALL,,Tue Feb 04 01:27:00 +0000 2020,,,,https://twitter.com/mairanotmaria2/status/1224504597605232647,1224504597605232647,1912435230
2020-02-03 06:04:41+00:00,mairanotmaria2,kaybixx,0,8,75,Me trying to follow along w shakira’s halftime performance,,Mon Feb 03 06:04:41 +0000 2020,,,https://twitter.com/kaybixx/status/1224135798477524994,https://twitter.com/mairanotmaria2/status/1224212091160145920,1224212091160145920,1912435230
2020-02-02 04:52:33+00:00,mairanotmaria2,,1,22,134,My Spotify heavy rotation goes from the Quran to the trilogy album by the weeknd and that just accurately sums me up as a person,,Sun Feb 02 04:52:33 +0000 2020,,,,https://twitter.com/mairanotmaria2/status/1223831547603800064,1223831547603800064,1912435230
2020-02-01 19:49:02+00:00,mairanotmaria2,,2,4,33,My jihad is trying not to beat up all the loud ppl in the library. Every day Allah tests me,,Sat Feb 01 19:49:02 +0000 2020,,,,https://twitter.com/mairanotmaria2/status/1223694767407751169,1223694767407751169,1912435230
2020-02-01 19:48:21+00:00,mairanotmaria2,,0,17,86,people who come into the silent rooms of the library and talk at full volume.... why... what did u gain from this...........,,Sat Feb 01 19:48:21 +0000 2020,,,,https://twitter.com/mairanotmaria2/status/1223694596330475521,1223694596330475521,1912435230
2020-02-01 17:09:30+00:00,mairanotmaria2,nodopameme,1,0,5,“I’m not that mad about it I won’t make a tweet about it”,,Sat Feb 01 17:09:30 +0000 2020,,,,https://twitter.com/mairanotmaria2/status/1223654619798286337,1223654619798286337,1912435230
2020-02-01 07:03:28+00:00,mairanotmaria2,PopCrave,0,25,164,this number is so insane to me like this much money could solve every single matter on earth with enough left over to start a whole new world,,Sat Feb 01 07:03:28 +0000 2020,,,https://twitter.com/PopCrave/status/1223039918907318272,https://twitter.com/mairanotmaria2/status/1223502108416266240,1223502108416266240,1912435230
2020-01-31 16:31:46+00:00,mairanotmaria2,nodopameme,1,0,4,"Us: hey Saad this thing looks cool let’s all go Saad, laying in bed knowing DAMN WELL he’s not gonna go: yes for sure I’ll be there",,Fri Jan 31 16:31:46 +0000 2020,,,,https://twitter.com/mairanotmaria2/status/1223282738033315841,1223282738033315841,1912435230
2020-01-31 16:31:16+00:00,mairanotmaria2,nodopameme,0,0,2,U got some REAL NERVE saying this when we beg u to hang out more than anyone else,,Fri Jan 31 16:31:16 +0000 2020,,,,https://twitter.com/mairanotmaria2/status/1223282612183150593,1223282612183150593,1912435230
2020-01-31 04:39:20+00:00,mairanotmaria2,,1,12,75,All of my guy friends are cut throat asf like if I ask my girl friends if I look okay they’ll be like hmm yea but maybe a different top would go w that outfit better! Meanwhile my guy friends will tell me I look like a rat thats about to infect the human race w the bubonic plague,,Fri Jan 31 04:39:20 +0000 2020,,,,https://twitter.com/mairanotmaria2/status/1223103446523400199,1223103446523400199,1912435230
2020-01-31 04:36:00+00:00,mairanotmaria2,captionation1,7,3729,7824,Me fantasizing about running away and starting a new life where I know no one and no one knows SHIT about me,,Fri Jan 31 04:36:00 +0000 2020,,,https://twitter.com/captionation1/status/1191761296179417088,https://twitter.com/mairanotmaria2/status/1223102608941801474,1223102608941801474,1912435230
2020-01-30 19:04:55+00:00,mairanotmaria2,,1,47,185,"bitches w 20/20 vision are so lucky I’m really out here paying hundreds of dollars for contacts and glasses and I STILL squint even with them on cause my vision keeps getting bad,,, y’all got it so EASY",,Thu Jan 30 19:04:55 +0000 2020,,,,https://twitter.com/mairanotmaria2/status/1222958888967901184,1222958888967901184,1912435230
2020-01-30 18:56:13+00:00,mairanotmaria2,nodopameme,0,0,3,I can’t believe I did all that when I still ask my mom to schedule my doctors appointments ,,Thu Jan 30 18:56:13 +0000 2020,,,,https://twitter.com/mairanotmaria2/status/1222956701135052802,1222956701135052802,1912435230
2020-01-30 03:49:23+00:00,mairanotmaria2,,1,47,171,Imagine actually spending time doing things you enjoy just because u enjoy them and having actual wholesome well developed hobbies instead of spending every second of ur day working or studying.... must be nice,,Thu Jan 30 03:49:23 +0000 2020,,,,https://twitter.com/mairanotmaria2/status/1222728487661907968,1222728487661907968,1912435230
2020-01-30 02:50:38+00:00,mairanotmaria2,,0,16,109,I find it so wack when people are like “OmG yOU aNd YoUr SiBLiNgS aRe SoOoOoO cLoSe!!” trynna make it sound weird like yea it’s this weird new concept ??? Called actually LIKING ur sibling ??? Who would’ve thought ?!???!!,,Thu Jan 30 02:50:38 +0000 2020,,,,https://twitter.com/mairanotmaria2/status/1222713703604391937,1222713703604391937,1912435230
2020-01-29 19:00:13+00:00,mairanotmaria2,N9_L5,2,13,152,Jane the Virgin. Jane was so self righteous and judgmental I couldn’t stand her,,Wed Jan 29 19:00:13 +0000 2020,,,https://twitter.com/N9_L5/status/1222281159188664325,https://twitter.com/mairanotmaria2/status/1222595319965405184,1222595319965405184,1912435230
2020-01-29 03:50:13+00:00,mairanotmaria2,,1,10,110,"Science seems so fake like it rlly blows my mind how any of this shit can possibly be real... yall mean to tell me we can actually measure the force electrons and other charged particles exert on each other ,,, the more I learn the more shook I get",,Wed Jan 29 03:50:13 +0000 2020,,,,https://twitter.com/mairanotmaria2/status/1222366311390511104,1222366311390511104,1912435230
2020-01-28 04:30:08+00:00,mairanotmaria2,,1,20,87,Me: damn white people get so lit to mr brightside at parties Also me: COMING OUT OF MY CAGE AND I BEEN DOING JUST FINE—,,Tue Jan 28 04:30:08 +0000 2020,,,,https://twitter.com/mairanotmaria2/status/1222013967188615168,1222013967188615168,1912435230
2020-01-28 04:29:24+00:00,mairanotmaria2,,0,0,20,One friend or family member getting sick is so damn annoying because then EVERYONE gets sick and no matter how much u try to stay away from everyone U END UP GETTING INFECTED TOO,,Tue Jan 28 04:29:24 +0000 2020,,,,https://twitter.com/mairanotmaria2/status/1222013783956185088,1222013783956185088,1912435230
2020-01-26 06:39:03+00:00,mairanotmaria2,hehehamna,0,0,1,Period.,,Sun Jan 26 06:39:03 +0000 2020,,,,https://twitter.com/mairanotmaria2/status/1221321635745140737,1221321635745140737,1912435230
2020-01-26 06:33:19+00:00,mairanotmaria2,,1,17,266,These drunk ppl yelled at us “where are y’all going” and my roommate really yelled out “to an isis meeting” ...I have no words,,Sun Jan 26 06:33:19 +0000 2020,,,,https://twitter.com/mairanotmaria2/status/1221320192594206720,1221320192594206720,1912435230
2020-01-25 03:26:04+00:00,mairanotmaria2,,0,4,53,I miss when I was a kid and my mom would ask me to step on her back those were such simple days literally my only worry was playing w the neighborhood kids and getting home before it got dark ,,Sat Jan 25 03:26:04 +0000 2020,,,,https://twitter.com/mairanotmaria2/status/1220910681123426305,1220910681123426305,1912435230
2020-01-25 03:19:35+00:00,mairanotmaria2,,1,8,85,I can’t take Scarlett Johansson’s acting seriously like I’m trying my best to pay attention to marriage story but all I can think about rn is how she said she could play a tree if she wanted and I can’t get over it... my Asian queen,,Sat Jan 25 03:19:35 +0000 2020,,,,https://twitter.com/mairanotmaria2/status/1220909048020832256,1220909048020832256,1912435230
