date,username,to,replies,retweets,favorites,text,mentions,formatted_date,geo,hashtags,urls,permalink,ID,author_id
2020-02-28 22:47:00+00:00,majorwinters7,IsufiOltian,0,0,0,U po qi ate tparen,,Fri Feb 28 22:47:00 +0000 2020,,,,https://twitter.com/majorwinters7/status/1233524026624086016,1233524026624086016,789513104925323264
2020-02-28 22:42:53+00:00,majorwinters7,IsufiOltian,1,0,1,Pidhi casces duhet te jet hyjnor,,Fri Feb 28 22:42:53 +0000 2020,,,,https://twitter.com/majorwinters7/status/1233522991868325890,1233522991868325890,789513104925323264
2020-02-28 22:09:29+00:00,majorwinters7,babybabybabyb0,0,0,0,Ok weeb,,Fri Feb 28 22:09:29 +0000 2020,,,,https://twitter.com/majorwinters7/status/1233514585593917440,1233514585593917440,789513104925323264
2020-02-28 22:09:21+00:00,majorwinters7,IsufiOltian,1,0,0,Who cares about stupid prices,,Fri Feb 28 22:09:21 +0000 2020,,,,https://twitter.com/majorwinters7/status/1233514553381662722,1233514553381662722,789513104925323264
2020-02-28 21:59:23+00:00,majorwinters7,babybabybabyb0,1,0,0,Ha mut,,Fri Feb 28 21:59:23 +0000 2020,,,,https://twitter.com/majorwinters7/status/1233512045808582656,1233512045808582656,789513104925323264
2020-02-28 21:58:04+00:00,majorwinters7,babybabybabyb0,1,0,1,"Ne fakt un gjeta kto faqet vete se me pelqeu skena nga animeja po spo e lexoj, vinland saga was good af kshuqe besoj edhe kjo shtyhet",,Fri Feb 28 21:58:04 +0000 2020,,,,https://twitter.com/majorwinters7/status/1233511710843076616,1233511710843076616,789513104925323264
2020-02-28 21:56:04+00:00,majorwinters7,,2,0,7,"Erdhi dita qe un hedh manga pages ktu, but this is actually good",,Fri Feb 28 21:56:04 +0000 2020,,,,https://twitter.com/majorwinters7/status/1233511210987016197,1233511210987016197,789513104925323264
2020-02-28 21:49:08+00:00,majorwinters7,aron_2k,0,0,1,Highly functioning retard,,Fri Feb 28 21:49:08 +0000 2020,,,,https://twitter.com/majorwinters7/status/1233509466009722881,1233509466009722881,789513104925323264
2020-02-28 21:47:29+00:00,majorwinters7,aron_2k,1,0,0,The budget version with half his iq,,Fri Feb 28 21:47:29 +0000 2020,,,,https://twitter.com/majorwinters7/status/1233509048731013123,1233509048731013123,789513104925323264
2020-02-28 21:37:16+00:00,majorwinters7,imxsmolowox,1,0,0,"Ne adoleshenc ndryshon robi dhe i modifikon pikepamjet e veta, ne pelqeri esht shum here me e veshtire.",,Fri Feb 28 21:37:16 +0000 2020,,,,https://twitter.com/majorwinters7/status/1233506479468138497,1233506479468138497,789513104925323264
2020-02-28 21:07:07+00:00,majorwinters7,TheDirtyDEVL,0,0,1,Lmao,,Fri Feb 28 21:07:07 +0000 2020,,,,https://twitter.com/majorwinters7/status/1233498891666051073,1233498891666051073,789513104925323264
2020-02-28 20:59:54+00:00,majorwinters7,weirdblondee,0,0,1,Mdaje menjen se jan gjona me rendsi kto,,Fri Feb 28 20:59:54 +0000 2020,,,,https://twitter.com/majorwinters7/status/1233497076547379203,1233497076547379203,789513104925323264
2020-02-28 20:58:24+00:00,majorwinters7,meand5others,1,0,2,Sa smplqete ky kari mir ja bon,,Fri Feb 28 20:58:24 +0000 2020,,,https://twitter.com/meand5others/status/1233479683930497024,https://twitter.com/majorwinters7/status/1233496697562697728,1233496697562697728,789513104925323264
2020-02-28 20:57:32+00:00,majorwinters7,katerqineizet,1,0,2,otr apo tba?,,Fri Feb 28 20:57:32 +0000 2020,,,,https://twitter.com/majorwinters7/status/1233496477173002240,1233496477173002240,789513104925323264
2020-02-28 20:50:54+00:00,majorwinters7,yjesia,0,0,0,Benediktin?,,Fri Feb 28 20:50:54 +0000 2020,,,,https://twitter.com/majorwinters7/status/1233494807969980419,1233494807969980419,789513104925323264
2020-02-28 20:50:42+00:00,majorwinters7,akirioo,1,0,1,Damn tani po e shof,,Fri Feb 28 20:50:42 +0000 2020,,,,https://twitter.com/majorwinters7/status/1233494759869747202,1233494759869747202,789513104925323264
2020-02-28 19:36:51+00:00,majorwinters7,imxsmolowox,2,0,1,Dmth sa her permenden pleqt ty te shkon mendja te homofobia bukur,,Fri Feb 28 19:36:51 +0000 2020,,,,https://twitter.com/majorwinters7/status/1233476173801414660,1233476173801414660,789513104925323264
2020-02-28 19:30:26+00:00,majorwinters7,imxsmolowox,1,0,1,Pse duhet te te shkonte mendja ktu se ajo tha i gje tjetr pa lidhje,,Fri Feb 28 19:30:26 +0000 2020,,,,https://twitter.com/majorwinters7/status/1233474558029680642,1233474558029680642,789513104925323264
2020-02-28 19:25:21+00:00,majorwinters7,imxsmolowox,2,0,2,Women are stupid Haha po ju referoja atyre qe jan stupid jo te gjithave haha un sdi te shprehem,,Fri Feb 28 19:25:21 +0000 2020,,,,https://twitter.com/majorwinters7/status/1233473282076221440,1233473282076221440,789513104925323264
2020-02-28 19:13:08+00:00,majorwinters7,imxsmolowox,1,0,1,Sdi si td ta shpreh se sa karllik eshte kjo qe the,,Fri Feb 28 19:13:08 +0000 2020,,,,https://twitter.com/majorwinters7/status/1233470204258213888,1233470204258213888,789513104925323264
2020-02-28 15:07:25+00:00,majorwinters7,dudutrbl,0,0,1,Attack on titan,,Fri Feb 28 15:07:25 +0000 2020,,,,https://twitter.com/majorwinters7/status/1233408369546932226,1233408369546932226,789513104925323264
2020-02-28 15:06:59+00:00,majorwinters7,AAdemi32,0,0,1,Do not say another word,,Fri Feb 28 15:06:59 +0000 2020,,,,https://twitter.com/majorwinters7/status/1233408260209827847,1233408260209827847,789513104925323264
2020-02-28 14:40:58+00:00,majorwinters7,AAdemi32,1,0,0,I hope eren doesnt go too hard on him,,Fri Feb 28 14:40:58 +0000 2020,,,,https://twitter.com/majorwinters7/status/1233401712192430080,1233401712192430080,789513104925323264
2020-02-28 14:34:22+00:00,majorwinters7,AAdemi32,1,0,1,I havent read the manga but i still kinnda feel bad for him,,Fri Feb 28 14:34:22 +0000 2020,,,,https://twitter.com/majorwinters7/status/1233400049985630211,1233400049985630211,789513104925323264
2020-02-28 14:07:09+00:00,majorwinters7,katerqineizet,1,0,0,Te gjith e fillojm si simpa ideja esht te rritemi,,Fri Feb 28 14:07:09 +0000 2020,,,,https://twitter.com/majorwinters7/status/1233393201756737536,1233393201756737536,789513104925323264
2020-02-28 11:53:27+00:00,majorwinters7,alisalvadord,0,0,1,Thjesht nji like esht po vk,,Fri Feb 28 11:53:27 +0000 2020,,,,https://twitter.com/majorwinters7/status/1233359555226152962,1233359555226152962,789513104925323264
2020-02-28 11:52:28+00:00,majorwinters7,,0,2,13,The hype got to me again,,Fri Feb 28 11:52:28 +0000 2020,,,,https://twitter.com/majorwinters7/status/1233359307649015808,1233359307649015808,789513104925323264
2020-02-28 11:21:10+00:00,majorwinters7,alisalvadord,1,0,0,M-mbase jane funny,,Fri Feb 28 11:21:10 +0000 2020,,,,https://twitter.com/majorwinters7/status/1233351433619197952,1233351433619197952,789513104925323264
2020-02-28 11:01:42+00:00,majorwinters7,SethM4cfarlane,0,0,1,Vdiqa per vete plak ,,Fri Feb 28 11:01:42 +0000 2020,,,,https://twitter.com/majorwinters7/status/1233346533468332034,1233346533468332034,789513104925323264
2020-02-28 10:46:28+00:00,majorwinters7,MadVooo,0,0,1,"Sme kujtohet gje, zkam pas dit shum te kqija shyqyr",,Fri Feb 28 10:46:28 +0000 2020,,,,https://twitter.com/majorwinters7/status/1233342698947567618,1233342698947567618,789513104925323264
2020-02-28 10:43:29+00:00,majorwinters7,Mike_Coxlonggg,1,0,1,Poema e mjerimit,,Fri Feb 28 10:43:29 +0000 2020,,,,https://twitter.com/majorwinters7/status/1233341947387039744,1233341947387039744,789513104925323264
2020-02-28 10:42:37+00:00,majorwinters7,,0,0,0,I dont have anything srry,,Fri Feb 28 10:42:37 +0000 2020,,,,https://twitter.com/majorwinters7/status/1233341730117836800,1233341730117836800,789513104925323264
2020-02-27 22:55:10+00:00,majorwinters7,IINTERNETIT,0,0,1,I almost got hit by a car if that counts,,Thu Feb 27 22:55:10 +0000 2020,,,,https://twitter.com/majorwinters7/status/1233163695678803968,1233163695678803968,789513104925323264
2020-02-27 22:06:48+00:00,majorwinters7,babybabybabyb0,1,0,0,4,,Thu Feb 27 22:06:48 +0000 2020,,,,https://twitter.com/majorwinters7/status/1233151524156690433,1233151524156690433,789513104925323264
2020-02-27 22:05:24+00:00,majorwinters7,babybabybabyb0,0,0,0,Noo im mot haha i swear,,Thu Feb 27 22:05:24 +0000 2020,,,,https://twitter.com/majorwinters7/status/1233151169238896642,1233151169238896642,789513104925323264
2020-02-27 22:04:46+00:00,majorwinters7,babybabybabyb0,0,0,0,Hehehe,,Thu Feb 27 22:04:46 +0000 2020,,,,https://twitter.com/majorwinters7/status/1233151011549782016,1233151011549782016,789513104925323264
2020-02-27 21:50:36+00:00,majorwinters7,babybabybabyb0,1,0,2,Womens rights,,Thu Feb 27 21:50:36 +0000 2020,,,,https://twitter.com/majorwinters7/status/1233147446554976261,1233147446554976261,789513104925323264
2020-02-27 21:47:19+00:00,majorwinters7,babybabybabyb0,1,0,0,Nuk e di peepeepoopoo,,Thu Feb 27 21:47:19 +0000 2020,,,,https://twitter.com/majorwinters7/status/1233146618951671808,1233146618951671808,789513104925323264
2020-02-27 21:15:26+00:00,majorwinters7,SethM4cfarlane,0,0,1,Its alright,,Thu Feb 27 21:15:26 +0000 2020,,,,https://twitter.com/majorwinters7/status/1233138594489020417,1233138594489020417,789513104925323264
2020-02-27 21:11:39+00:00,majorwinters7,sadgalpals,0,0,0,37,,Thu Feb 27 21:11:39 +0000 2020,,,,https://twitter.com/majorwinters7/status/1233137643074072580,1233137643074072580,789513104925323264
2020-02-27 21:11:16+00:00,majorwinters7,SethM4cfarlane,1,0,0,I realy dont know,,Thu Feb 27 21:11:16 +0000 2020,,,,https://twitter.com/majorwinters7/status/1233137547695489024,1233137547695489024,789513104925323264
2020-02-27 21:09:19+00:00,majorwinters7,,0,0,0,Ppl often call my by my last name but that doesnt realy count,,Thu Feb 27 21:09:19 +0000 2020,,,,https://twitter.com/majorwinters7/status/1233137054684524579,1233137054684524579,789513104925323264
2020-02-27 21:08:07+00:00,majorwinters7,sadgalpals,0,0,0,,,Thu Feb 27 21:08:07 +0000 2020,,,https://twitter.com/majorwinters7/status/1233136626651533312?s=19,https://twitter.com/majorwinters7/status/1233136755223801863,1233136755223801863,789513104925323264
2020-02-27 21:07:37+00:00,majorwinters7,fixheko,0,0,1,Death sometimes,,Thu Feb 27 21:07:37 +0000 2020,,,,https://twitter.com/majorwinters7/status/1233136626651533312,1233136626651533312,789513104925323264
2020-02-27 21:06:34+00:00,majorwinters7,aron_2k,0,0,0,Im a bit insecure,,Thu Feb 27 21:06:34 +0000 2020,,,,https://twitter.com/majorwinters7/status/1233136362460786699,1233136362460786699,789513104925323264
2020-02-27 21:05:27+00:00,majorwinters7,IgliMartin,0,0,0,Dont have any anymore but i used to like jacksfilms,,Thu Feb 27 21:05:27 +0000 2020,,,,https://twitter.com/majorwinters7/status/1233136082990116864,1233136082990116864,789513104925323264
2020-02-27 21:04:44+00:00,majorwinters7,capitalistshoe,0,0,1,"This is difficult, i cant name any. I play alot with my hair ig? And i have a problem with showing up on time overall",,Thu Feb 27 21:04:44 +0000 2020,,,,https://twitter.com/majorwinters7/status/1233135904673476610,1233135904673476610,789513104925323264
2020-02-27 20:58:44+00:00,majorwinters7,,11,1,8,,,Thu Feb 27 20:58:44 +0000 2020,,,,https://twitter.com/majorwinters7/status/1233134392492593154,1233134392492593154,789513104925323264
2020-02-27 20:12:34+00:00,majorwinters7,fixheko,0,0,2,"Ur lucky this is sunday, the day of God",,Thu Feb 27 20:12:34 +0000 2020,,,,https://twitter.com/majorwinters7/status/1233122773951819778,1233122773951819778,789513104925323264
2020-02-27 20:09:45+00:00,majorwinters7,aron_2k,1,0,3,All i want is to grill in peace God Damn it,,Thu Feb 27 20:09:45 +0000 2020,,,,https://twitter.com/majorwinters7/status/1233122065345130503,1233122065345130503,789513104925323264
2020-02-27 19:55:28+00:00,majorwinters7,fixheko,2,0,3,Enjoying a sunny day cracking open a cold monster with my guys after i just beated my wife,,Thu Feb 27 19:55:28 +0000 2020,,,,https://twitter.com/majorwinters7/status/1233118472873402368,1233118472873402368,789513104925323264
2020-02-27 19:49:09+00:00,majorwinters7,,1,0,10,Legendary,,Thu Feb 27 19:49:09 +0000 2020,,,,https://twitter.com/majorwinters7/status/1233116882682753026,1233116882682753026,789513104925323264
2020-02-27 19:12:44+00:00,majorwinters7,weekeIndiii,0,0,0, ,,Thu Feb 27 19:12:44 +0000 2020,,,,https://twitter.com/majorwinters7/status/1233107718199762945,1233107718199762945,789513104925323264
2020-02-27 16:46:09+00:00,majorwinters7,babybabybabyb0,0,0,1,U dont call urself femme fatale at least hehe,,Thu Feb 27 16:46:09 +0000 2020,,,,https://twitter.com/majorwinters7/status/1233070828369195010,1233070828369195010,789513104925323264
2020-02-27 16:32:24+00:00,majorwinters7,kaclali,0,0,0,Ca do mbjellesh do korresh,,Thu Feb 27 16:32:24 +0000 2020,,,,https://twitter.com/majorwinters7/status/1233067370027114498,1233067370027114498,789513104925323264
2020-02-27 16:29:49+00:00,majorwinters7,,3,3,39,"Bitches calling themselves femme fatale, but start crying if someone raises their voice to them",,Thu Feb 27 16:29:49 +0000 2020,,,,https://twitter.com/majorwinters7/status/1233066715933814784,1233066715933814784,789513104925323264
2020-02-27 16:27:42+00:00,majorwinters7,,0,0,0,,,Thu Feb 27 16:27:42 +0000 2020,,,,https://twitter.com/majorwinters7/status/1233066186662928384,1233066186662928384,789513104925323264
2020-02-27 16:25:48+00:00,majorwinters7,shoe0nhead,1,0,1,U cant rely on being a hoe forever to pay ur bills it seems,,Thu Feb 27 16:25:48 +0000 2020,,,https://twitter.com/shoe0nhead/status/1233041384212488194,https://twitter.com/majorwinters7/status/1233065708151623680,1233065708151623680,789513104925323264
2020-02-27 15:43:42+00:00,majorwinters7,majorwinters7,0,0,0,Blocked*,,Thu Feb 27 15:43:42 +0000 2020,,,,https://twitter.com/majorwinters7/status/1233055114220445696,1233055114220445696,789513104925323264
2020-02-27 15:43:27+00:00,majorwinters7,,1,0,0,Bllocked,,Thu Feb 27 15:43:27 +0000 2020,,,,https://twitter.com/majorwinters7/status/1233055049766580231,1233055049766580231,789513104925323264
2020-02-27 13:54:46+00:00,majorwinters7,kaclali,1,0,0,Does he let you flirt with other boys tho,,Thu Feb 27 13:54:46 +0000 2020,,,,https://twitter.com/majorwinters7/status/1233027698148171777,1233027698148171777,789513104925323264
2020-02-27 13:53:00+00:00,majorwinters7,,0,0,0,"Ok i guess, por nuk do e quaja ndonjeher biseden equal kur gocat flasin 15% te rasteve, duket si shum e egzagjeruar",,Thu Feb 27 13:53:00 +0000 2020,,,,https://twitter.com/majorwinters7/status/1233027251723284480,1233027251723284480,789513104925323264
2020-02-27 13:48:03+00:00,majorwinters7,,0,0,0,Lene vk me mir mos te me ndryshohet mendimi,,Thu Feb 27 13:48:03 +0000 2020,,,,https://twitter.com/majorwinters7/status/1233026009265512449,1233026009265512449,789513104925323264
2020-02-27 13:47:00+00:00,majorwinters7,,0,0,0,Do me duhet te shikoj source materialin hehe,,Thu Feb 27 13:47:00 +0000 2020,,,,https://twitter.com/majorwinters7/status/1233025742340050944,1233025742340050944,789513104925323264
2020-02-27 13:43:53+00:00,majorwinters7,,1,0,0,Nuk e besoj kte statistike,,Thu Feb 27 13:43:53 +0000 2020,,,,https://twitter.com/majorwinters7/status/1233024961423474688,1233024961423474688,789513104925323264
2020-02-27 13:38:47+00:00,majorwinters7,IINTERNETIT,0,0,1,Its ok,,Thu Feb 27 13:38:47 +0000 2020,,,,https://twitter.com/majorwinters7/status/1233023675168890880,1233023675168890880,789513104925323264
2020-02-27 12:42:29+00:00,majorwinters7,,0,0,0,Hunda dhe nofulla,,Thu Feb 27 12:42:29 +0000 2020,,,,https://twitter.com/majorwinters7/status/1233009506164117506,1233009506164117506,789513104925323264
2020-02-27 12:40:14+00:00,majorwinters7,ahencyclopedia,1,0,16,Duket qe ka qen shqiptar,,Thu Feb 27 12:40:14 +0000 2020,,,https://twitter.com/ahencyclopedia/status/1233008674597007362,https://twitter.com/majorwinters7/status/1233008942952919047,1233008942952919047,789513104925323264
2020-02-27 12:23:15+00:00,majorwinters7,yjesia,0,0,0,"Sepse esh pidhsome, plus mplq se duket sikur po qesh",,Thu Feb 27 12:23:15 +0000 2020,,,,https://twitter.com/majorwinters7/status/1233004667522736128,1233004667522736128,789513104925323264
2020-02-27 12:18:09+00:00,majorwinters7,fixheko,1,0,4,Nice throw,,Thu Feb 27 12:18:09 +0000 2020,,,,https://twitter.com/majorwinters7/status/1233003381939195906,1233003381939195906,789513104925323264
2020-02-27 12:11:42+00:00,majorwinters7,,1,0,6,https://twitter.com/ado1z/status/1232701528613543937,,Thu Feb 27 12:11:42 +0000 2020,,,https://twitter.com/ado1z/status/1232701528613543937,https://twitter.com/majorwinters7/status/1233001761209815040,1233001761209815040,789513104925323264
2020-02-27 12:02:40+00:00,majorwinters7,redhairenergy,1,0,1,Or to justify your actions,,Thu Feb 27 12:02:40 +0000 2020,,,,https://twitter.com/majorwinters7/status/1232999487666315265,1232999487666315265,789513104925323264
2020-02-27 11:45:13+00:00,majorwinters7,servisifemrave,1,0,5,Dhe te njejtet qe sduan te harxhojne lek per healthcare jane shum dakord te harxhohen biliona dollare per te ndertu murin me meksiken,,Thu Feb 27 11:45:13 +0000 2020,,,,https://twitter.com/majorwinters7/status/1232995095156318208,1232995095156318208,789513104925323264
2020-02-27 11:10:48+00:00,majorwinters7,exihade,0,0,1,Good plan,,Thu Feb 27 11:10:48 +0000 2020,,,,https://twitter.com/majorwinters7/status/1232986436523216896,1232986436523216896,789513104925323264
2020-02-27 11:10:34+00:00,majorwinters7,exihade,0,0,1, ,,Thu Feb 27 11:10:34 +0000 2020,,,,https://twitter.com/majorwinters7/status/1232986376708251648,1232986376708251648,789513104925323264
2020-02-27 11:08:13+00:00,majorwinters7,exihade,2,0,1,D-does it have to do with my fat cock bro?,,Thu Feb 27 11:08:13 +0000 2020,,,,https://twitter.com/majorwinters7/status/1232985786435371009,1232985786435371009,789513104925323264
2020-02-27 11:00:58+00:00,majorwinters7,exihade,1,0,1,Thanx i feel better about it now,,Thu Feb 27 11:00:58 +0000 2020,,,,https://twitter.com/majorwinters7/status/1232983958272532480,1232983958272532480,789513104925323264
2020-02-27 11:00:36+00:00,majorwinters7,babybabybabyb0,0,0,0,Nuk genjej sepse genjeshtra esht mekat te zoti,,Thu Feb 27 11:00:36 +0000 2020,,,,https://twitter.com/majorwinters7/status/1232983865863606273,1232983865863606273,789513104925323264
2020-02-27 10:59:07+00:00,majorwinters7,weekeIndiii,0,0,0, ,,Thu Feb 27 10:59:07 +0000 2020,,,,https://twitter.com/majorwinters7/status/1232983494428700672,1232983494428700672,789513104925323264
2020-02-27 10:58:11+00:00,majorwinters7,2dopjoTequila,1,0,0,"""O cuna po pushoni jaaqifsharopt tani""",,Thu Feb 27 10:58:11 +0000 2020,,,,https://twitter.com/majorwinters7/status/1232983259765760000,1232983259765760000,789513104925323264
2020-02-27 10:43:08+00:00,majorwinters7,,3,1,26,,,Thu Feb 27 10:43:08 +0000 2020,,,,https://twitter.com/majorwinters7/status/1232979473487757313,1232979473487757313,789513104925323264
2020-02-27 10:35:38+00:00,majorwinters7,HazelGrejs,2,0,1,Nuk ndodh rendom nuk e di ku i degjon kto,,Thu Feb 27 10:35:38 +0000 2020,,,,https://twitter.com/majorwinters7/status/1232977584583041024,1232977584583041024,789513104925323264
2020-02-27 10:29:44+00:00,majorwinters7,HazelGrejs,0,0,3,Nese e ben nje here dhe ja hedh pa marre pasoja do e bej prap most likely.,,Thu Feb 27 10:29:44 +0000 2020,,,,https://twitter.com/majorwinters7/status/1232976102001385472,1232976102001385472,789513104925323264
2020-02-27 09:04:45+00:00,majorwinters7,Blind_Bleron,0,0,0,True,,Thu Feb 27 09:04:45 +0000 2020,,,,https://twitter.com/majorwinters7/status/1232954713836064768,1232954713836064768,789513104925323264
2020-02-27 09:02:43+00:00,majorwinters7,babybabybabyb0,1,0,1,Its morning,,Thu Feb 27 09:02:43 +0000 2020,,,,https://twitter.com/majorwinters7/status/1232954200134385665,1232954200134385665,789513104925323264
2020-02-27 09:02:17+00:00,majorwinters7,babybabybabyb0,1,0,1,"Mkujtohet kur pothujse shkela nji kotele sa i grusht nrrug, do ishte bo shum gjo e shkerdhyme per pak",,Thu Feb 27 09:02:17 +0000 2020,,,,https://twitter.com/majorwinters7/status/1232954091363540992,1232954091363540992,789513104925323264
2020-02-27 09:01:33+00:00,majorwinters7,Blind_Bleron,1,0,0,Im lucky i never liked the taste i gues,,Thu Feb 27 09:01:33 +0000 2020,,,,https://twitter.com/majorwinters7/status/1232953908311535616,1232953908311535616,789513104925323264
2020-02-27 08:21:28+00:00,majorwinters7,,3,0,14,Smoking is so cool ,,Thu Feb 27 08:21:28 +0000 2020,,,,https://twitter.com/majorwinters7/status/1232943820897210368,1232943820897210368,789513104925323264
2020-02-27 08:08:44+00:00,majorwinters7,sadprank,0,0,0,Do u hate to see tits so much?,,Thu Feb 27 08:08:44 +0000 2020,,,,https://twitter.com/majorwinters7/status/1232940614959976449,1232940614959976449,789513104925323264
2020-02-27 06:02:06+00:00,majorwinters7,,2,2,12,Më i trashë se një tas tërshëre,,Thu Feb 27 06:02:06 +0000 2020,,,,https://twitter.com/majorwinters7/status/1232908749729386496,1232908749729386496,789513104925323264
2020-02-27 05:41:56+00:00,majorwinters7,Edisonkjd,1,0,1,Edhe 100!,,Thu Feb 27 05:41:56 +0000 2020,,,,https://twitter.com/majorwinters7/status/1232903671492628480,1232903671492628480,789513104925323264
2020-02-26 22:04:41+00:00,majorwinters7,IgliMartin,0,0,1,Called it,,Wed Feb 26 22:04:41 +0000 2020,,,,https://twitter.com/majorwinters7/status/1232788601299230722,1232788601299230722,789513104925323264
2020-02-26 22:00:51+00:00,majorwinters7,imxsmolowox,0,0,0,I dont make the rules,,Wed Feb 26 22:00:51 +0000 2020,,,,https://twitter.com/majorwinters7/status/1232787638366674944,1232787638366674944,789513104925323264
2020-02-26 21:58:15+00:00,majorwinters7,DEADLINE,2,1,13,Dunno what this is but if it has 10 seasons it prolly sucks,,Wed Feb 26 21:58:15 +0000 2020,,,https://twitter.com/DEADLINE/status/1232711309679980544,https://twitter.com/majorwinters7/status/1232786981857431552,1232786981857431552,789513104925323264
2020-02-26 19:32:51+00:00,majorwinters7,aclockwork_red,0,0,2,Vdiq kurva modhe,,Wed Feb 26 19:32:51 +0000 2020,,,,https://twitter.com/majorwinters7/status/1232750393064640513,1232750393064640513,789513104925323264
2020-02-26 19:25:48+00:00,majorwinters7,imxsmolowox,1,0,0,"While we can say the same about women, that post isnt wrong",,Wed Feb 26 19:25:48 +0000 2020,,,,https://twitter.com/majorwinters7/status/1232748617439612933,1232748617439612933,789513104925323264
2020-02-26 19:12:17+00:00,majorwinters7,AAdemi32,0,0,1,Thanks bro ur awesome,,Wed Feb 26 19:12:17 +0000 2020,,,,https://twitter.com/majorwinters7/status/1232745217914212358,1232745217914212358,789513104925323264
2020-02-26 18:36:50+00:00,majorwinters7,CajZanash,0,0,2,Ajd npidh trobve shkoft,,Wed Feb 26 18:36:50 +0000 2020,,,,https://twitter.com/majorwinters7/status/1232736295081979905,1232736295081979905,789513104925323264
2020-02-26 18:17:06+00:00,majorwinters7,weekeIndiii,0,0,0,Gahahahaha po harrova bythqir fr,,Wed Feb 26 18:17:06 +0000 2020,,,,https://twitter.com/majorwinters7/status/1232731330946981888,1232731330946981888,789513104925323264
2020-02-26 18:12:14+00:00,majorwinters7,weekeIndiii,1,0,0,Sa inot e mora dhr at tipin qe mbijeto nfund qe u prishi pun tgjithve po pastaj kujtojem qe edhe ne rrezik ashtu si ai do hutoheshim,,Wed Feb 26 18:12:14 +0000 2020,,,,https://twitter.com/majorwinters7/status/1232730104683470848,1232730104683470848,789513104925323264
