date,username,to,replies,retweets,favorites,text,mentions,formatted_date,geo,hashtags,urls,permalink,ID,author_id
2020-02-27 19:27:30+00:00,marnipanas,KristopherWells,0,0,1,"Yes. Not only because they fear not being taken seriously, but because of previous lived experiences of being treated poorly.",,Thu Feb 27 19:27:30 +0000 2020,,,,https://twitter.com/marnipanas/status/1233111432356478976,1233111432356478976,211721267
2020-02-27 18:04:36+00:00,marnipanas,KristopherWells,1,0,2,Would be interesting to know how many complaints this doesn't include because they weren't taken seriously during the call.,,Thu Feb 27 18:04:36 +0000 2020,,,,https://twitter.com/marnipanas/status/1233090570353905665,1233090570353905665,211721267
2020-02-27 00:02:55+00:00,marnipanas,,1,2,8,".@Adrienne_Pan @CBCRadioActive I lost my cell at Canmore condo we rented this xmas &amp; didn't know it until I looked at my work phone &amp; got email from someone who found it. Good thing for having a ""contact if found"" msg on my home screen! Enjoyed xmas cheer with the finder!",@Adrienne_Pan @CBCRadioActive,Thu Feb 27 00:02:55 +0000 2020,,,,https://twitter.com/marnipanas/status/1232818357226786816,1232818357226786816,211721267
2020-02-26 21:55:38+00:00,marnipanas,CeleneLemire,1,0,2,I was channeling my inner Claire Underwood from House of Cards ,,Wed Feb 26 21:55:38 +0000 2020,,,,https://twitter.com/marnipanas/status/1232786326602174464,1232786326602174464,211721267
2020-02-26 13:50:56+00:00,marnipanas,WarnkeKim,0,0,1,"But ... but ... then do you mean not singing Canadian anthem? ""God keep our land"" ... heads exploded just trying to make it gender neutral. Anyway, wasn't his point. I'm just curious about his claim on the money aspect is all.",,Wed Feb 26 13:50:56 +0000 2020,,,,https://twitter.com/marnipanas/status/1232664347509288960,1232664347509288960,211721267
2020-02-26 04:34:34+00:00,marnipanas,RKSAlberta,1,0,3,"Just wondering how adding 30 second anthem once a month is a waste of time or money? Of all the things to complain about that cost tax payers too much money, this seems fairly low on the math scale, no?",,Wed Feb 26 04:34:34 +0000 2020,,,,https://twitter.com/marnipanas/status/1232524330619170816,1232524330619170816,211721267
2020-02-23 15:16:19+00:00,marnipanas,,0,0,10,Silence = Death .... #KeithHaring Exhibition @BOZARbrussels #lgbtq #AIDS,@BOZARbrussels,Sun Feb 23 15:16:19 +0000 2020,,#KeithHaring #lgbtq #AIDS,,https://twitter.com/marnipanas/status/1231598671109804032,1231598671109804032,211721267
2020-02-23 13:09:35+00:00,marnipanas,,0,0,3,"Hey friends, its @NATO!",@NATO,Sun Feb 23 13:09:35 +0000 2020,,,,https://twitter.com/marnipanas/status/1231566775998976000,1231566775998976000,211721267
2020-02-22 17:59:31+00:00,marnipanas,chelseabelle22,0,0,1,Bingo!!!,,Sat Feb 22 17:59:31 +0000 2020,,,,https://twitter.com/marnipanas/status/1231277353621426176,1231277353621426176,211721267
2020-02-22 17:09:16+00:00,marnipanas,some_kids_mom,0,0,0,Close!,,Sat Feb 22 17:09:16 +0000 2020,,,,https://twitter.com/marnipanas/status/1231264705085366276,1231264705085366276,211721267
2020-02-22 16:54:10+00:00,marnipanas,jspackma,0,0,0,Good guess! But no. Close.,,Sat Feb 22 16:54:10 +0000 2020,,,,https://twitter.com/marnipanas/status/1231260907319283713,1231260907319283713,211721267
2020-02-22 16:53:54+00:00,marnipanas,nejollak,0,0,0,Right country!,,Sat Feb 22 16:53:54 +0000 2020,,,,https://twitter.com/marnipanas/status/1231260839644139523,1231260839644139523,211721267
2020-02-22 16:53:40+00:00,marnipanas,AlbertaBeluga,0,0,0,Wrong country. But close!,,Sat Feb 22 16:53:40 +0000 2020,,,,https://twitter.com/marnipanas/status/1231260780240277504,1231260780240277504,211721267
2020-02-22 15:07:55+00:00,marnipanas,CeleneLemire,1,0,0,Right country but where??,,Sat Feb 22 15:07:55 +0000 2020,,,,https://twitter.com/marnipanas/status/1231234167180079104,1231234167180079104,211721267
2020-02-22 15:03:38+00:00,marnipanas,tinabee_77,1,0,1,You picked all the countries around me!,,Sat Feb 22 15:03:38 +0000 2020,,,,https://twitter.com/marnipanas/status/1231233089826906114,1231233089826906114,211721267
2020-02-22 15:03:15+00:00,marnipanas,MeeganReadCBC,0,0,0,Next door,,Sat Feb 22 15:03:15 +0000 2020,,,,https://twitter.com/marnipanas/status/1231232992317706242,1231232992317706242,211721267
2020-02-22 14:56:34+00:00,marnipanas,ccchomiak,0,0,0,Close!,,Sat Feb 22 14:56:34 +0000 2020,,,,https://twitter.com/marnipanas/status/1231231309483323395,1231231309483323395,211721267
2020-02-22 14:56:27+00:00,marnipanas,varmitage27,0,0,0,Close!,,Sat Feb 22 14:56:27 +0000 2020,,,,https://twitter.com/marnipanas/status/1231231284141228032,1231231284141228032,211721267
2020-02-22 14:52:13+00:00,marnipanas,_AJCousins,0,0,0,Close but wrong country!,,Sat Feb 22 14:52:13 +0000 2020,,,,https://twitter.com/marnipanas/status/1231230217018118144,1231230217018118144,211721267
2020-02-22 14:51:54+00:00,marnipanas,TerryParanych,0,0,0,Nope! Wrong country,,Sat Feb 22 14:51:54 +0000 2020,,,,https://twitter.com/marnipanas/status/1231230137989029889,1231230137989029889,211721267
2020-02-22 14:46:37+00:00,marnipanas,robcaz,3,0,0,But where???,,Sat Feb 22 14:46:37 +0000 2020,,,,https://twitter.com/marnipanas/status/1231228805836156928,1231228805836156928,211721267
2020-02-22 14:44:20+00:00,marnipanas,_AJCousins,1,0,5,They were making them fresh before putting one on top of my coffee.,,Sat Feb 22 14:44:20 +0000 2020,,,,https://twitter.com/marnipanas/status/1231228232399310849,1231228232399310849,211721267
2020-02-22 14:43:03+00:00,marnipanas,robcaz,1,0,2,Wrong country. Here is another hint if you know your art.,,Sat Feb 22 14:43:03 +0000 2020,,,,https://twitter.com/marnipanas/status/1231227908838109186,1231227908838109186,211721267
2020-02-22 14:42:12+00:00,marnipanas,JenAnne11,0,0,0,Close!,,Sat Feb 22 14:42:12 +0000 2020,,,,https://twitter.com/marnipanas/status/1231227695503114240,1231227695503114240,211721267
2020-02-22 14:41:59+00:00,marnipanas,robcaz,1,0,0,Nope! Close.,,Sat Feb 22 14:41:59 +0000 2020,,,,https://twitter.com/marnipanas/status/1231227642508128257,1231227642508128257,211721267
2020-02-22 14:35:27+00:00,marnipanas,,24,2,54,Where in the world is Marni? ,,Sat Feb 22 14:35:27 +0000 2020,,,,https://twitter.com/marnipanas/status/1231225997153972224,1231225997153972224,211721267
2020-02-21 17:35:36+00:00,marnipanas,eileenmcmahonNP,4,0,13,I'm in Belgium and just had Belgian Fries. No wine tho. Yet.,,Fri Feb 21 17:35:36 +0000 2020,,,,https://twitter.com/marnipanas/status/1230908945121734660,1230908945121734660,211721267
2020-02-21 00:19:56+00:00,marnipanas,StevieMacIC,0,0,5,,,Fri Feb 21 00:19:56 +0000 2020,,,,https://twitter.com/marnipanas/status/1230648311113142273,1230648311113142273,211721267
2020-02-20 23:58:21+00:00,marnipanas,MeaghanBm,2,0,8,And don't tell me it's not about racism.,,Thu Feb 20 23:58:21 +0000 2020,,,,https://twitter.com/marnipanas/status/1230642879594299392,1230642879594299392,211721267
2020-02-20 23:56:29+00:00,marnipanas,,5,14,103,I wonder if the overall response to the blockade would be different for many if those putting up the blockade were wearing yellow vests instead? ,,Thu Feb 20 23:56:29 +0000 2020,,,,https://twitter.com/marnipanas/status/1230642410440380416,1230642410440380416,211721267
2020-02-20 23:54:45+00:00,marnipanas,RKSAlberta,1,0,6,The misogyny. The sexism. The toxic masculinity. SGR knows and dishes it all. She's just gross.,,Thu Feb 20 23:54:45 +0000 2020,,,,https://twitter.com/marnipanas/status/1230641975554035712,1230641975554035712,211721267
2020-02-20 14:29:16+00:00,marnipanas,MarjieValkyrie,1,0,6,This is gross on many levels.,,Thu Feb 20 14:29:16 +0000 2020,,,,https://twitter.com/marnipanas/status/1230499664819941378,1230499664819941378,211721267
2020-02-19 14:39:51+00:00,marnipanas,,0,0,3,"Waiting two months for important item. Got call that said item is ready and it will be $57.50. Go 30 mins out of my way to pick up item. ""Cheque or money order only"" ... huh? Who carries cheques with them anymore? Ugh. Going back today with cheque for said important item.",,Wed Feb 19 14:39:51 +0000 2020,,,,https://twitter.com/marnipanas/status/1230139940853256192,1230139940853256192,211721267
2020-02-18 21:12:19+00:00,marnipanas,svershbow,1,0,3,The balcony of the Bailey Theater.,,Tue Feb 18 21:12:19 +0000 2020,,,https://twitter.com/svershbow/status/1229578778197872640,https://twitter.com/marnipanas/status/1229876322572177408,1229876322572177408,211721267
2020-02-16 15:40:04+00:00,marnipanas,BirthControlDoc,0,0,2,This isn't an AHS account. It's Alberta Health. Not the same thing.,,Sun Feb 16 15:40:04 +0000 2020,,,,https://twitter.com/marnipanas/status/1229067930798702592,1229067930798702592,211721267
2020-02-16 15:35:19+00:00,marnipanas,Bruce_Winter,0,0,1,"Confirmation bias is real. 99% could say its racist but hey, we don't have consensus so we're good.",,Sun Feb 16 15:35:19 +0000 2020,,,,https://twitter.com/marnipanas/status/1229066737213005826,1229066737213005826,211721267
2020-02-16 15:33:27+00:00,marnipanas,jeffsamsonow,1,0,11,"How many Inuit have to tell mon-Inuit that word is outdated, derogatory, racist before they believe them? 1? 20? 3,000? But hey, tradition and it sounds good with ""Edmonton"" Am I right? ",,Sun Feb 16 15:33:27 +0000 2020,,,,https://twitter.com/marnipanas/status/1229066264720527361,1229066264720527361,211721267
2020-02-14 23:30:03+00:00,marnipanas,marnipanas,0,0,1,"Don't get me wrong, I'm a tall woman too. And I've had people behind me ask to raise my chair during meal service (on rare occasions there is one!) I happily obliged. But I've also used the space I paid for.",,Fri Feb 14 23:30:03 +0000 2020,,,,https://twitter.com/marnipanas/status/1228461430782869505,1228461430782869505,211721267
2020-02-14 23:24:05+00:00,marnipanas,aaronhoyland,1,0,0,So she puts her seat up. But person in front of her doesn't? And so on? Ridiculous.,,Fri Feb 14 23:24:05 +0000 2020,,,,https://twitter.com/marnipanas/status/1228459928328663040,1228459928328663040,211721267
2020-02-14 23:22:08+00:00,marnipanas,aaronhoyland,0,0,0,And if the person in front of you was also tall would you still slouch to give the person behind you a better view even if you couldn't?,,Fri Feb 14 23:22:08 +0000 2020,,,,https://twitter.com/marnipanas/status/1228459440610742277,1228459440610742277,211721267
2020-02-14 21:46:29+00:00,marnipanas,aaronhoyland,1,0,1,"And if he would have said no, you can't? We pay for the space our butts sit in, not the space that's in front of us that other people have paid for. Dude got a seat in front of a bulkhead that doesn't recline. That's his issue.",,Fri Feb 14 21:46:29 +0000 2020,,,,https://twitter.com/marnipanas/status/1228435365528100864,1228435365528100864,211721267
2020-02-14 17:37:21+00:00,marnipanas,MLA_Karen,2,0,2,"When I changed my name in had to provide finger prints to ensure I wasn't changing my name to hide my identity. Well I was, but not an identity tied to being a criminal. Funny people changing names to be married don't have to. Will this apply in that case?",,Fri Feb 14 17:37:21 +0000 2020,,,,https://twitter.com/marnipanas/status/1228372669633986562,1228372669633986562,211721267
2020-02-14 17:25:10+00:00,marnipanas,CityNewsYEG,0,6,14,"We don't have to look hard to find people to support our already deeply held beliefs. That's called confirmation bias. Doing the right thing, even without consensus or majority, is called leadership.",,Fri Feb 14 17:25:10 +0000 2020,,,https://twitter.com/CityNewsYEG/status/1228368823947952128,https://twitter.com/marnipanas/status/1228369606080774144,1228369606080774144,211721267
2020-02-14 17:07:09+00:00,marnipanas,atRachelGilmore,1,1,16,Oh. My. Goodness. Dude needs a lesson on the meaning of privilege. Who shall I send the invite to to one of my sessions?,,Fri Feb 14 17:07:09 +0000 2020,,,https://twitter.com/atRachelGilmore/status/1228354915355025408,https://twitter.com/marnipanas/status/1228365071560011776,1228365071560011776,211721267
2020-02-14 16:33:15+00:00,marnipanas,MClaude_Landry,0,0,5,"Thank you, Chief Commissioner! Was a most engaging conversation with two amazing women. My mind is more clear, my heart more full and my resolve ever strong. Thank you for your leadership and friendship. #HumanRights",,Fri Feb 14 16:33:15 +0000 2020,,#HumanRights,https://twitter.com/MClaude_Landry/status/1228346853495799808,https://twitter.com/marnipanas/status/1228356537984241664,1228356537984241664,211721267
2020-02-13 01:30:44+00:00,marnipanas,TheRealMrsSpit,0,0,1,That's exactly what I said!,,Thu Feb 13 01:30:44 +0000 2020,,,,https://twitter.com/marnipanas/status/1227767026149548032,1227767026149548032,211721267
2020-02-13 00:04:31+00:00,marnipanas,Adrienne_Pan,0,1,3,"While on a very, VERY brief Tinder experience a guy sent a ""catch a wide net"" creepy email to all his female Tinder contacts to see who would hook up So I reached out to one of the other cc'd women and said, forget him, how about we go out on a date? And we did. Was great! ",,Thu Feb 13 00:04:31 +0000 2020,,,,https://twitter.com/marnipanas/status/1227745328511643648,1227745328511643648,211721267
2020-02-12 23:35:20+00:00,marnipanas,,7,0,45,"My son was telling me about ""HyperBOWLS"" and I had not idea what he was talking about until I realized he was mispronouncing Hyperbole. ",,Wed Feb 12 23:35:20 +0000 2020,,,,https://twitter.com/marnipanas/status/1227737986600591362,1227737986600591362,211721267
2020-02-12 16:45:44+00:00,marnipanas,alixmkemp,1,0,0,Being pro-free speech doesn't mean you share every possible OP ed from the National Post. It was a conscious decision by @EPLdotCA CEO to share that piece. The message is clear.,@EPLdotCA,Wed Feb 12 16:45:44 +0000 2020,,,,https://twitter.com/marnipanas/status/1227634906970251272,1227634906970251272,211721267
2020-02-12 15:48:47+00:00,marnipanas,alixmkemp,1,0,0,And I question whether EPL is truly a welcoming and safe place for me as a result.,,Wed Feb 12 15:48:47 +0000 2020,,,,https://twitter.com/marnipanas/status/1227620572873416704,1227620572873416704,211721267
2020-02-12 15:37:57+00:00,marnipanas,alixmkemp,1,0,2,Also there is a big difference between renting space out to haters and have the CEO posting transphobic articles on their own personal account. That suggests a much more deeply rooted issue and concern.,,Wed Feb 12 15:37:57 +0000 2020,,,,https://twitter.com/marnipanas/status/1227617849125945344,1227617849125945344,211721267
2020-02-12 15:31:43+00:00,marnipanas,marnipanas,1,0,2,"Also, for context, he still sleeps in a kids tiny single bed until we move into our new house and I'm over 6' and he's just under 6' ",,Wed Feb 12 15:31:43 +0000 2020,,,,https://twitter.com/marnipanas/status/1227616279852306432,1227616279852306432,211721267
2020-02-12 15:29:33+00:00,marnipanas,MarjieValkyrie,2,0,2,This is our favorite thing to do. My 13 yo still insists on night time cuddles under the covers before sleep every night. I will miss that most. Unless his future spouse won't mind? ,,Wed Feb 12 15:29:33 +0000 2020,,,,https://twitter.com/marnipanas/status/1227615731790991360,1227615731790991360,211721267
2020-02-12 14:40:48+00:00,marnipanas,KikkiPlanet,0,0,2,"I know! I know. Any one of these things is awful enough to stand on their own. I just don't get it either. And even worse, it seems to embolden other questionable leaders around the world.",,Wed Feb 12 14:40:48 +0000 2020,,,,https://twitter.com/marnipanas/status/1227603463053312001,1227603463053312001,211721267
2020-02-12 14:28:33+00:00,marnipanas,KikkiPlanet,1,0,7,I think it's the frog in boiling water phenomenon. Each day something just a little bit more disturbing and all of a sudden screwing cancer charities or use of presidency for gain just seems like good business. In other words .. we're royally f@cked.,,Wed Feb 12 14:28:33 +0000 2020,,,,https://twitter.com/marnipanas/status/1227600382240546817,1227600382240546817,211721267
2020-02-12 04:38:31+00:00,marnipanas,quillcollins,1,0,0,I know what I need my allies to do. And this is not it. Not while trans people are being assaulted and killed at alarmingly high rates. Not everyone deserves a platform.,,Wed Feb 12 04:38:31 +0000 2020,,,,https://twitter.com/marnipanas/status/1227451897541427200,1227451897541427200,211721267
2020-02-12 04:32:14+00:00,marnipanas,alixmkemp,2,0,1,Well there are policies and there is the right thing to do. They aren't always the same thing. It's easier to hide behind a policy than change it. If they would allow MM? Then it's clear her safety is more important than mine and I will know where I'm not welcome.,,Wed Feb 12 04:32:14 +0000 2020,,,,https://twitter.com/marnipanas/status/1227450313956831234,1227450313956831234,211721267
2020-02-12 04:14:02+00:00,marnipanas,quillcollins,1,0,0,"Would the library allow someone to rent a room who says white women shouldn't have to share ""white women only spaces"" with non white women? If the answer is no, but they allow MM then the send a message that not all equal rights are equal.",,Wed Feb 12 04:14:02 +0000 2020,,,,https://twitter.com/marnipanas/status/1227445734376603656,1227445734376603656,211721267
2020-02-12 00:04:19+00:00,marnipanas,dan613,1,0,1,It's an everybody problem.,,Wed Feb 12 00:04:19 +0000 2020,,,,https://twitter.com/marnipanas/status/1227382891048402944,1227382891048402944,211721267
2020-02-12 00:03:54+00:00,marnipanas,dan613,0,0,1,"""Struggle"" is one way of describing the impact on our most vulnerable ",,Wed Feb 12 00:03:54 +0000 2020,,,,https://twitter.com/marnipanas/status/1227382786253717505,1227382786253717505,211721267
2020-02-11 23:46:59+00:00,marnipanas,dan613,1,0,1,"That's partly why marginalized people stay marginalized. The only people who ""see it"" are the folks who generally experience the impact of it while being dismissed, minimized or ignored by those in positions of power who don't experience it.",,Tue Feb 11 23:46:59 +0000 2020,,,,https://twitter.com/marnipanas/status/1227378528892547072,1227378528892547072,211721267
2020-02-11 23:33:00+00:00,marnipanas,dan613,2,0,3,"They don't ""have to be allowed"" ... that's the point. We spend every day all day ""countering"" the hate. It's always on the backs of marginalized people to continue to fight for our lives. I'm tired. So very tired.",,Tue Feb 11 23:33:00 +0000 2020,,,,https://twitter.com/marnipanas/status/1227375011792449537,1227375011792449537,211721267
2020-02-11 23:25:43+00:00,marnipanas,,0,0,4,Grateful I managed to get to work early enough today where I didn't have to park on the top of the parkade ... #yegwx #yeg,,Tue Feb 11 23:25:43 +0000 2020,,#yegwx #yeg,,https://twitter.com/marnipanas/status/1227373176243421184,1227373176243421184,211721267
2020-02-11 23:21:00+00:00,marnipanas,MaximumJill,0,0,1,And your allyship means more than most anything anyone in marginalized population can often do. It's appreciated and needed. We couldn't survive without our allies.,,Tue Feb 11 23:21:00 +0000 2020,,,,https://twitter.com/marnipanas/status/1227371991239278592,1227371991239278592,211721267
2020-02-11 23:16:46+00:00,marnipanas,MaximumJill,0,0,1,"Oh yes, I was just emphasizing you point! :) When EPL hosts someone so hurtful to trans and non-binary people it tells me I shouldn't expect to feel safe nor welcome there. And what msg does that send their trans and non-binary employees? Certainly NOT that EPL has their back.",,Tue Feb 11 23:16:46 +0000 2020,,,,https://twitter.com/marnipanas/status/1227370922538987521,1227370922538987521,211721267
2020-02-11 22:59:42+00:00,marnipanas,marnipanas,1,0,0,There is no debate about my identity or my right to exist in society without fear of violence and discrimination. Ever. We can have convos about how best to ensure equitable outcomes. But that's not the MO of people MM. They just don't want us in society.,,Tue Feb 11 22:59:42 +0000 2020,,,,https://twitter.com/marnipanas/status/1227366631149465601,1227366631149465601,211721267
2020-02-11 22:57:29+00:00,marnipanas,MaximumJill,1,0,2,"That's just it. When we say ""well let's have the other side speak then"" we actually create a false balance. The argument it's balanced. When an institution like EPL welcomes people like MM, they validate their message of intolerance and amplifies it.",,Tue Feb 11 22:57:29 +0000 2020,,,,https://twitter.com/marnipanas/status/1227366073399250944,1227366073399250944,211721267
2020-02-11 22:48:01+00:00,marnipanas,dan613,2,0,4,"Not that tough at all, ""free speech"" (freedom of expression, in Canada) doesn't guarantee a platform. Would you welcome someone who said ""we can't allow (pick ethcnic group) women in bathrooms because they are a threat to white women?"". I'd hope not. But that's MM's msg.",,Tue Feb 11 22:48:01 +0000 2020,,,,https://twitter.com/marnipanas/status/1227363687557550080,1227363687557550080,211721267
2020-02-11 22:45:55+00:00,marnipanas,dan613,1,0,1,"There is 'questionable speaker"" and then there is MM who actively engages in spreading fear and lies about the most vulnerable among us, to fight against their very right to exist, and in doing so, emboldens many to try to make sure that happens. Not every deserves a platform.",,Tue Feb 11 22:45:55 +0000 2020,,,,https://twitter.com/marnipanas/status/1227363161998651392,1227363161998651392,211721267
2020-02-09 22:13:34+00:00,marnipanas,SYFR,0,2,15,"""Fires don't discriminate, neither do we""",,Sun Feb 09 22:13:34 +0000 2020,,,https://twitter.com/SYFR/status/1224944768075075584,https://twitter.com/marnipanas/status/1226630241864437760,1226630241864437760,211721267
2020-02-09 05:25:01+00:00,marnipanas,GlobalJesus,0,0,7,I honestly have no idea who's child this is in my living room. I had to turn SNL off so he could study ,,Sun Feb 09 05:25:01 +0000 2020,,,,https://twitter.com/marnipanas/status/1226376435822022658,1226376435822022658,211721267
2020-02-09 05:08:11+00:00,marnipanas,,4,0,64,"Its Saturday 10pm and my son just pulled out his book bag. ""Whatcha doin' buddy?"" ... ""I've got a test on Tuesday, I'm gonna study a bit."" ",,Sun Feb 09 05:08:11 +0000 2020,,,,https://twitter.com/marnipanas/status/1226372198497079297,1226372198497079297,211721267
2020-02-07 16:55:39+00:00,marnipanas,Azure_Husky,0,0,1,,,Fri Feb 07 16:55:39 +0000 2020,,,,https://twitter.com/marnipanas/status/1225825462795915264,1225825462795915264,211721267
2020-02-07 16:46:34+00:00,marnipanas,Azure_Husky,1,0,7,The only relevant Android emoji the first time you're introduced to the speculum is ,,Fri Feb 07 16:46:34 +0000 2020,,,https://twitter.com/Azure_Husky/status/1225791717280034816,https://twitter.com/marnipanas/status/1225823177202262017,1225823177202262017,211721267
2020-02-06 23:17:19+00:00,marnipanas,NatashaEmmCee,1,0,1,"It's usually the ""everyone else"" who are asked and have to prove their credentials.",,Thu Feb 06 23:17:19 +0000 2020,,,,https://twitter.com/marnipanas/status/1225559124949262338,1225559124949262338,211721267
2020-02-06 23:16:38+00:00,marnipanas,NatashaEmmCee,0,0,1,It's about removing barriers so all people truly have equal opportunity. Diversity only happens when we are truly inclusive.,,Thu Feb 06 23:16:38 +0000 2020,,,,https://twitter.com/marnipanas/status/1225558949887430658,1225558949887430658,211721267
2020-02-06 23:13:15+00:00,marnipanas,NatashaEmmCee,1,0,0,"The only argument I have against legislating parity is it often assumes a gender binary and can miss nonbinary, gender fluidity or gender queerness. Who are almost NEVER represented.",,Thu Feb 06 23:13:15 +0000 2020,,,,https://twitter.com/marnipanas/status/1225558099202887681,1225558099202887681,211721267
2020-02-06 01:55:50+00:00,marnipanas,DaniParadis,1,0,4,Omg no way?,,Thu Feb 06 01:55:50 +0000 2020,,,,https://twitter.com/marnipanas/status/1225236625866670082,1225236625866670082,211721267
2020-02-06 01:19:23+00:00,marnipanas,marnipanas,0,0,3,Wasn't a big deal when they were chicks that could fit in my little bucket but when they keeled over at full grown size it was a work out each day!,,Thu Feb 06 01:19:23 +0000 2020,,,,https://twitter.com/marnipanas/status/1225227453116796928,1225227453116796928,211721267
2020-02-06 01:16:55+00:00,marnipanas,ShawnaGofABPoli,2,0,6,"True story. Was between jobs and college. I worked on my girlfriend's parents chicken farm. My job was to go through the barns and pick up all the dead chickens among the 50,000 soon to be KFC menu items because if you didn't the next day was like ",,Thu Feb 06 01:16:55 +0000 2020,,,,https://twitter.com/marnipanas/status/1225226832783364096,1225226832783364096,211721267
2020-02-06 00:25:04+00:00,marnipanas,KristopherWells,3,0,6,1. Teenburger cook at A&W 2. Dead chicken picker upper 3. Payroll / HR Consultant / Manager 4. Family Centred Care Coordinator at Children's Hospital 5. Diversity and Inclusion Manager / Consultant @CristinaStasia @joycelabriola @DaniParadis @Kelly_A_Bee @MedusaBeth,@CristinaStasia @joycelabriola @DaniParadis @Kelly_A_Bee @MedusaBeth,Thu Feb 06 00:25:04 +0000 2020,,,,https://twitter.com/marnipanas/status/1225213785440260096,1225213785440260096,211721267
2020-02-05 18:28:19+00:00,marnipanas,MavenOfMayhem,0,0,15,,,Wed Feb 05 18:28:19 +0000 2020,,,,https://twitter.com/marnipanas/status/1225124007881498625,1225124007881498625,211721267
2020-02-05 17:33:47+00:00,marnipanas,MavenOfMayhem,2,1,90,"I found myself on that site before too. I was less concerned about that then the number of people in my circles who spend time on that site and thought to ""make me aware"" I was on it. Was rather disappointed in how many people rationalized going there.",,Wed Feb 05 17:33:47 +0000 2020,,,,https://twitter.com/marnipanas/status/1225110283338698752,1225110283338698752,211721267
2020-02-05 16:52:50+00:00,marnipanas,KristinRaworth,1,0,4,"Depends on Dr, no? My Dr. has no problem having the pharmacy send a fax (yeah, fax ) once a year to the office to get my refills updated for ongoing, lifelong medications like my HRT.",,Wed Feb 05 16:52:50 +0000 2020,,,,https://twitter.com/marnipanas/status/1225099976222490625,1225099976222490625,211721267
2020-02-05 16:51:20+00:00,marnipanas,ryanjespersen,2,1,24,"Many private benefit plans make you go to the Dr. to get an Rx for something like a massage or physio. That's frustrating and a waste of my time, Dr. time and the time they could be spent with others. Not to mention money.",,Wed Feb 05 16:51:20 +0000 2020,,,,https://twitter.com/marnipanas/status/1225099598265323520,1225099598265323520,211721267
2020-02-04 20:22:22+00:00,marnipanas,CathyBawden844,0,0,1,Feel free to reach out anytime!!!,,Tue Feb 04 20:22:22 +0000 2020,,,,https://twitter.com/marnipanas/status/1224790318844792832,1224790318844792832,211721267
2020-02-04 19:28:48+00:00,marnipanas,njappleyard,0,2,7,"Thanks so much! It was a pleasure exploring these important conversations with all of you. Indeed, whether it's a census or identity documents, policy and resource distribution ... one has to be counted to feel like one actually counts.",,Tue Feb 04 19:28:48 +0000 2020,,,https://twitter.com/njappleyard/status/1224763751464828929,https://twitter.com/marnipanas/status/1224776838280441856,1224776838280441856,211721267
2020-02-04 19:27:18+00:00,marnipanas,CathyBawden844,1,1,9,Awww it was my pleasure! I was so grateful to have been invited. I just wish I could have been there with you in person!,,Tue Feb 04 19:27:18 +0000 2020,,,https://twitter.com/CathyBawden844/status/1224769696974757889,https://twitter.com/marnipanas/status/1224776464127520768,1224776464127520768,211721267
2020-02-04 02:17:56+00:00,marnipanas,KristopherWells,0,0,6,"And it's that kind of statement that means the world. It's not even so much about the ban. And that's what people like Breakenridge will never understand. Although I think he does but the ""controversy"" creates traffic and listeners. This is the right thing on so many levels.",,Tue Feb 04 02:17:56 +0000 2020,,,,https://twitter.com/marnipanas/status/1224517414634713089,1224517414634713089,211721267
2020-02-03 23:34:54+00:00,marnipanas,CeleneLemire,0,0,1,Yikes,,Mon Feb 03 23:34:54 +0000 2020,,,,https://twitter.com/marnipanas/status/1224476382878552065,1224476382878552065,211721267
2020-02-03 18:17:18+00:00,marnipanas,JoelFrench,1,0,3,"Dr. Yiu is the President and CEO, not the Board Chair.",,Mon Feb 03 18:17:18 +0000 2020,,,,https://twitter.com/marnipanas/status/1224396458830352386,1224396458830352386,211721267
2020-02-01 20:31:44+00:00,marnipanas,BridgieCasey,0,0,3,I found myself on that site once. I was more disappointed in how many people in my circles actually visited that site on a regular basis than my being on it.,,Sat Feb 01 20:31:44 +0000 2020,,,,https://twitter.com/marnipanas/status/1223705515496071168,1223705515496071168,211721267
2020-02-01 20:18:55+00:00,marnipanas,CristinaStasia,1,0,2,Well we all know who my Number 1 is . That's an accounting/Star Trek joke ,,Sat Feb 01 20:18:55 +0000 2020,,,,https://twitter.com/marnipanas/status/1223702290365763584,1223702290365763584,211721267
2020-02-01 20:05:00+00:00,marnipanas,,3,2,26,We are so proud of our #CPkAte!!!! @CPAcanada #ClassOf2020 @kate_mile #CPAgrad,@CPAcanada @kate_mile,Sat Feb 01 20:05:00 +0000 2020,,#CPkAte #ClassOf2020 #CPAgrad,,https://twitter.com/marnipanas/status/1223698787203289093,1223698787203289093,211721267
2020-01-31 20:14:35+00:00,marnipanas,elainejredmond,0,0,1,"OMG so adorable! I remember taking my preemie to his first football game ... with oxygen, feeding pump and football in tow! :D",,Fri Jan 31 20:14:35 +0000 2020,,,,https://twitter.com/marnipanas/status/1223338808034258944,1223338808034258944,211721267
2020-01-31 17:08:06+00:00,marnipanas,SenMitchell,0,0,7,"Thank you for all of your great work & leadership on many fronts, Senator. It was an absolute pleasure working with you on #Billc16. Hearing you quote me on the @SenateCA floor as you moved this bill forward will remain one of my most meaningful life's moments. #cdnpoli",@SenateCA,Fri Jan 31 17:08:06 +0000 2020,,#Billc16 #cdnpoli,https://twitter.com/SenMitchell/status/1223290989445599232,https://twitter.com/marnipanas/status/1223291881364180992,1223291881364180992,211721267
2020-01-31 16:30:19+00:00,marnipanas,richard2000uk,0,0,4,"As someone who held their son as he took is last breaths in my arms, I will NEVER understand rejecting a child because of their gender, or any other reason FTM. That someone who said we should understand and comprehend our fathers is rather clueless, IMHO.",,Fri Jan 31 16:30:19 +0000 2020,,,,https://twitter.com/marnipanas/status/1223282372008824832,1223282372008824832,211721267
2020-01-31 02:19:19+00:00,marnipanas,,2,0,24,Someone reminded me of my first modeling experience 10 years ago for the @cuttingroomedm .... long before most people knew the REAL Marni! https://twitter.com/marnipanas/status/1222954473300971520,@cuttingroomedm,Fri Jan 31 02:19:19 +0000 2020,,,https://twitter.com/marnipanas/status/1222954473300971520,https://twitter.com/marnipanas/status/1223068211223990273,1223068211223990273,211721267
2020-01-30 20:19:24+00:00,marnipanas,KristopherWells,1,0,3,And a mouse trap and fondu pot and what appears to be a cannabis plant but the trans flag is very very much awesome,,Thu Jan 30 20:19:24 +0000 2020,,,,https://twitter.com/marnipanas/status/1222977636038610944,1222977636038610944,211721267
2020-01-30 19:07:28+00:00,marnipanas,CeleneLemire,0,0,5,,,Thu Jan 30 19:07:28 +0000 2020,,,,https://twitter.com/marnipanas/status/1222959533170888704,1222959533170888704,211721267
