date,username,to,replies,retweets,favorites,text,mentions,formatted_date,geo,hashtags,urls,permalink,ID,author_id
2020-02-28 21:29:28+00:00,melindammme,,2,89,580,this is what you call a cultural reset,,Fri Feb 28 21:29:28 +0000 2020,,,,https://twitter.com/melindammme/status/1233504514390577159,1233504514390577159,1164987316471029765
2020-02-28 14:12:39+00:00,melindammme,godknowsIcry,0,0,5, ,,Fri Feb 28 14:12:39 +0000 2020,,,,https://twitter.com/melindammme/status/1233394587475095552,1233394587475095552,1164987316471029765
2020-02-28 13:55:21+00:00,melindammme,,16,795,5943,lana del rey is a millionaire and she still uses 2014 model iphone 6s plus..she ended capitalism,,Fri Feb 28 13:55:21 +0000 2020,,,,https://twitter.com/melindammme/status/1233390231329660934,1233390231329660934,1164987316471029765
2020-02-28 13:18:56+00:00,melindammme,,0,0,7,i knew 100% she read my pinned tweet lmfao,,Fri Feb 28 13:18:56 +0000 2020,,,,https://twitter.com/melindammme/status/1233381069619154944,1233381069619154944,1164987316471029765
2020-02-28 12:53:01+00:00,melindammme,,0,83,307,me: *dies* my friends: heaven just gained another angel wow... fly high me in hell:,,Fri Feb 28 12:53:01 +0000 2020,,,,https://twitter.com/melindammme/status/1233374544292913152,1233374544292913152,1164987316471029765
2020-02-28 00:59:05+00:00,melindammme,,8,105,842,the only cherry music video she is giving to us,,Fri Feb 28 00:59:05 +0000 2020,,,,https://twitter.com/melindammme/status/1233194877338476544,1233194877338476544,1164987316471029765
2020-02-27 19:05:39+00:00,melindammme,Grimezsz,0,0,8,"yassss i can't wait for anti-christ aka your baby , QUEEN <3",,Thu Feb 27 19:05:39 +0000 2020,,,,https://twitter.com/melindammme/status/1233105933796020224,1233105933796020224,1164987316471029765
2020-02-27 13:28:21+00:00,melindammme,ZayCab,1,2,45,midlife crisis man... big dick energy ,,Thu Feb 27 13:28:21 +0000 2020,,,,https://twitter.com/melindammme/status/1233021051837329409,1233021051837329409,1164987316471029765
2020-02-27 13:07:23+00:00,melindammme,PAC1NOS,11,375,1924,as a lana del rey fan... i have to laugh,,Thu Feb 27 13:07:23 +0000 2020,,,https://twitter.com/PAC1NOS/status/1232909342199996418,https://twitter.com/melindammme/status/1233015774203252737,1233015774203252737,1164987316471029765
2020-02-26 20:37:13+00:00,melindammme,,0,81,255,,,Wed Feb 26 20:37:13 +0000 2020,,,,https://twitter.com/melindammme/status/1232766590145454082,1232766590145454082,1164987316471029765
2020-02-26 19:42:52+00:00,melindammme,,0,4,43,me burning in hell because of this tweet https://twitter.com/melindammme/status/1232418760696438785,,Wed Feb 26 19:42:52 +0000 2020,,,https://twitter.com/melindammme/status/1232418760696438785,https://twitter.com/melindammme/status/1232752911094099972,1232752911094099972,1164987316471029765
2020-02-26 13:31:03+00:00,melindammme,,10,662,2712,the two lana del rey songs comforting me at night,,Wed Feb 26 13:31:03 +0000 2020,,,,https://twitter.com/melindammme/status/1232659340001148928,1232659340001148928,1164987316471029765
2020-02-26 13:19:44+00:00,melindammme,ladygaga,0,1,15,i'll pretend like i haven't even listened to it a thousand times and get shook,,Wed Feb 26 13:19:44 +0000 2020,,,https://twitter.com/ladygaga/status/1232347823787560960,https://twitter.com/melindammme/status/1232656495843692544,1232656495843692544,1164987316471029765
2020-02-26 12:54:09+00:00,melindammme,,2,0,42,the fact that Lana Del Rey cancelled her European tour because of corona virus i mean... maybe this is the reason lmao,,Wed Feb 26 12:54:09 +0000 2020,,,,https://twitter.com/melindammme/status/1232650055812833280,1232650055812833280,1164987316471029765
2020-02-25 22:42:21+00:00,melindammme,,1,15,110,this gives me Grimes vibes,,Tue Feb 25 22:42:21 +0000 2020,,,,https://twitter.com/melindammme/status/1232435693902692352,1232435693902692352,1164987316471029765
2020-02-25 21:35:04+00:00,melindammme,,70,940,4875,who wants to join,,Tue Feb 25 21:35:04 +0000 2020,,,,https://twitter.com/melindammme/status/1232418760696438785,1232418760696438785,1164987316471029765
2020-02-25 01:29:25+00:00,melindammme,loleeta_99,0,0,1,yes,,Tue Feb 25 01:29:25 +0000 2020,,,,https://twitter.com/melindammme/status/1232115350545879040,1232115350545879040,1164987316471029765
2020-02-24 20:29:48+00:00,melindammme,,3,19,205,,,Mon Feb 24 20:29:48 +0000 2020,,,,https://twitter.com/melindammme/status/1232039948741758976,1232039948741758976,1164987316471029765
2020-02-24 03:44:06+00:00,melindammme,,0,67,204,i think i’m okay but then i listen to 13 beaches by lana del rey and i’m a mess all over again,,Mon Feb 24 03:44:06 +0000 2020,,,,https://twitter.com/melindammme/status/1231786854111903744,1231786854111903744,1164987316471029765
2020-02-24 01:34:53+00:00,melindammme,,12,196,1213,this is so beautiful that it makes me want to smoke....,,Mon Feb 24 01:34:53 +0000 2020,,,,https://twitter.com/melindammme/status/1231754336281255937,1231754336281255937,1164987316471029765
2020-02-23 19:28:25+00:00,melindammme,,0,128,416,me resting before doing nothing,,Sun Feb 23 19:28:25 +0000 2020,,,,https://twitter.com/melindammme/status/1231662110859460614,1231662110859460614,1164987316471029765
2020-02-23 04:01:20+00:00,melindammme,,0,33,253,diet mountain dew baby new york city,,Sun Feb 23 04:01:20 +0000 2020,,,,https://twitter.com/melindammme/status/1231428804360523777,1231428804360523777,1164987316471029765
2020-02-22 21:18:36+00:00,melindammme,,18,1144,5038,me pretending to be a lamp in lana del rey's bedroom to check if she's really sick,,Sat Feb 22 21:18:36 +0000 2020,,,,https://twitter.com/melindammme/status/1231327452661788672,1231327452661788672,1164987316471029765
2020-02-22 21:13:52+00:00,melindammme,,38,50,429,which Lana Del Rey albums are these 1. 2. 3. 4. ,,Sat Feb 22 21:13:52 +0000 2020,,,,https://twitter.com/melindammme/status/1231326260955054080,1231326260955054080,1164987316471029765
2020-02-22 18:04:27+00:00,melindammme,,5,47,292,y'all slept on this song...yes you did,,Sat Feb 22 18:04:27 +0000 2020,,,,https://twitter.com/melindammme/status/1231278592170090496,1231278592170090496,1164987316471029765
2020-02-21 23:43:04+00:00,melindammme,,4,108,702,"my mom just asked me ""which was the song where Lana Del Rey says my pussy tastes like fanta?""",,Fri Feb 21 23:43:04 +0000 2020,,,,https://twitter.com/melindammme/status/1231001419962109958,1231001419962109958,1164987316471029765
2020-02-21 20:27:38+00:00,melindammme,GrungyMadison,0,0,1,gurlll hahah love you ,,Fri Feb 21 20:27:38 +0000 2020,,,,https://twitter.com/melindammme/status/1230952241164623873,1230952241164623873,1164987316471029765
2020-02-21 20:20:51+00:00,melindammme,GrungyMadison,1,0,2,me too ,,Fri Feb 21 20:20:51 +0000 2020,,,,https://twitter.com/melindammme/status/1230950532925227009,1230950532925227009,1164987316471029765
2020-02-21 20:18:18+00:00,melindammme,,2,24,119,Stop using peel off masks. Stop using scrubs. Stop using witch hazel. Stop using Mario badescu rose water. Stop using pore strips. Stop using body soap on your face. Just listen to Lana Del Rey,,Fri Feb 21 20:18:18 +0000 2020,,,,https://twitter.com/melindammme/status/1230949891989479424,1230949891989479424,1164987316471029765
2020-02-21 04:30:38+00:00,melindammme,,1,140,918,,,Fri Feb 21 04:30:38 +0000 2020,,,,https://twitter.com/melindammme/status/1230711401758375936,1230711401758375936,1164987316471029765
2020-02-20 16:44:02+00:00,melindammme,,0,5,66,me right now,,Thu Feb 20 16:44:02 +0000 2020,,,,https://twitter.com/melindammme/status/1230533582369759232,1230533582369759232,1164987316471029765
2020-02-19 22:08:34+00:00,melindammme,,0,131,427,you need to pay for a therapist but never forget that listening to album honeymoon by Lana Del Rey is free,,Wed Feb 19 22:08:34 +0000 2020,,,,https://twitter.com/melindammme/status/1230252866314678274,1230252866314678274,1164987316471029765
2020-02-18 20:00:51+00:00,melindammme,KaitMarieox,0,0,0,stop tweeting the same things for retweets,,Tue Feb 18 20:00:51 +0000 2020,,,,https://twitter.com/melindammme/status/1229858337367392256,1229858337367392256,1164987316471029765
2020-02-18 14:02:10+00:00,melindammme,,3,114,435,a sad day where i question life... alexa play the blackest day by Lana Del Rey,,Tue Feb 18 14:02:10 +0000 2020,,,,https://twitter.com/melindammme/status/1229768067946811393,1229768067946811393,1164987316471029765
2020-02-18 02:52:35+00:00,melindammme,,3,189,813,,,Tue Feb 18 02:52:35 +0000 2020,,,,https://twitter.com/melindammme/status/1229599562714828800,1229599562714828800,1164987316471029765
2020-02-17 19:48:06+00:00,melindammme,,4,45,404,hi,,Mon Feb 17 19:48:06 +0000 2020,,,,https://twitter.com/melindammme/status/1229492738271391751,1229492738271391751,1164987316471029765
2020-02-17 16:31:09+00:00,melindammme,,0,156,535,nap time xox,,Mon Feb 17 16:31:09 +0000 2020,,,,https://twitter.com/melindammme/status/1229443173019267074,1229443173019267074,1164987316471029765
2020-02-17 01:35:49+00:00,melindammme,,0,15,81,i've been left on read today siri play the blackest day by Lana Del Rey,,Mon Feb 17 01:35:49 +0000 2020,,,,https://twitter.com/melindammme/status/1229217856547704832,1229217856547704832,1164987316471029765
2020-02-16 21:24:11+00:00,melindammme,,48,40,418,azealia banks via instagram stories,,Sun Feb 16 21:24:11 +0000 2020,,,,https://twitter.com/melindammme/status/1229154531050692610,1229154531050692610,1164987316471029765
2020-02-13 20:35:57+00:00,melindammme,elleandback,2,27,181,mocking people's outer appearance? and he said the RIGHT thing. I h*te to live on this on earth with people like you,,Thu Feb 13 20:35:57 +0000 2020,,,https://twitter.com/elleandback/status/1227285317310394371,https://twitter.com/melindammme/status/1228055229616316425,1228055229616316425,1164987316471029765
2020-02-13 13:43:50+00:00,melindammme,,0,0,38,this is her new NME award for the best album,,Thu Feb 13 13:43:50 +0000 2020,,,,https://twitter.com/melindammme/status/1227951516734181377,1227951516734181377,1164987316471029765
2020-02-13 11:57:32+00:00,melindammme,,4,758,3853,Lana Del Rey has a message for the Grammys,,Thu Feb 13 11:57:32 +0000 2020,,,,https://twitter.com/melindammme/status/1227924764074881024,1227924764074881024,1164987316471029765
2020-02-12 15:35:53+00:00,melindammme,,407,57,1477,"type lana del rey and your birthday on google images and share the first pic, here is mine",,Wed Feb 12 15:35:53 +0000 2020,,,,https://twitter.com/melindammme/status/1227617328466137089,1227617328466137089,1164987316471029765
2020-02-11 17:54:59+00:00,melindammme,Cock_Atrice,2,3,26,oui oui baguette ça me dévaste,,Tue Feb 11 17:54:59 +0000 2020,,,https://twitter.com/Cock_Atrice/status/1227280680582832129,https://twitter.com/melindammme/status/1227289943413788674,1227289943413788674,1164987316471029765
2020-02-10 23:10:09+00:00,melindammme,,101,10,345,holy trinity lana del rey albums?,,Mon Feb 10 23:10:09 +0000 2020,,,,https://twitter.com/melindammme/status/1227006870218518528,1227006870218518528,1164987316471029765
2020-02-10 22:24:32+00:00,melindammme,,1,84,223,"Lana Del Rey makes me feel happy, sad, beautiful, empowered ,depressed and downtrodden all at the same time but I love it",,Mon Feb 10 22:24:32 +0000 2020,,,,https://twitter.com/melindammme/status/1226995393311002624,1226995393311002624,1164987316471029765
2020-02-10 18:13:24+00:00,melindammme,,6,47,637,i kinda miss her 2012 style,,Mon Feb 10 18:13:24 +0000 2020,,,,https://twitter.com/melindammme/status/1226932190526758920,1226932190526758920,1164987316471029765
2020-02-10 15:19:45+00:00,melindammme,MTVNEWS,7,37,306,why she's at the oscars??,,Mon Feb 10 15:19:45 +0000 2020,,,https://twitter.com/MTVNEWS/status/1226687387469799424,https://twitter.com/melindammme/status/1226888489461002240,1226888489461002240,1164987316471029765
2020-02-09 20:29:39+00:00,melindammme,,3,235,1333,straight hair lana del rey is something else,,Sun Feb 09 20:29:39 +0000 2020,,,,https://twitter.com/melindammme/status/1226604092635729921,1226604092635729921,1164987316471029765
2020-02-09 16:56:08+00:00,melindammme,,6,264,1092,i hope you understand how powerful tropico is,,Sun Feb 09 16:56:08 +0000 2020,,,,https://twitter.com/melindammme/status/1226550359432269825,1226550359432269825,1164987316471029765
2020-02-09 02:32:42+00:00,melindammme,,3,0,19,choose one,,Sun Feb 09 02:32:42 +0000 2020,,,,https://twitter.com/melindammme/status/1226333068425924608,1226333068425924608,1164987316471029765
2020-02-09 02:26:38+00:00,melindammme,,86,738,4818,"LMAOOO lana del rey,lorde and marina male versions...lana looks like a pro-gun republican, lorde looks islamaphobic and marina looks like a gay dude who thinks he is heterosexual",,Sun Feb 09 02:26:38 +0000 2020,,,,https://twitter.com/melindammme/status/1226331541057437699,1226331541057437699,1164987316471029765
2020-02-07 23:12:28+00:00,melindammme,,13,1506,7518,lana del rey yes i love her,,Fri Feb 07 23:12:28 +0000 2020,,,,https://twitter.com/melindammme/status/1225920291551031297,1225920291551031297,1164987316471029765
2020-02-07 13:16:15+00:00,melindammme,,0,3,14,wait when justin bieber left one direction?,,Fri Feb 07 13:16:15 +0000 2020,,,,https://twitter.com/melindammme/status/1225770246717476865,1225770246717476865,1164987316471029765
2020-02-06 19:29:17+00:00,melindammme,,5,139,586,queen of disaster by lana del rey kinda day today,,Thu Feb 06 19:29:17 +0000 2020,,,,https://twitter.com/melindammme/status/1225501737051656192,1225501737051656192,1164987316471029765
2020-02-06 02:22:18+00:00,melindammme,,1,133,368,,,Thu Feb 06 02:22:18 +0000 2020,,,,https://twitter.com/melindammme/status/1225243288267055104,1225243288267055104,1164987316471029765
2020-02-05 18:43:17+00:00,melindammme,,4,485,1967,,,Wed Feb 05 18:43:17 +0000 2020,,,,https://twitter.com/melindammme/status/1225127771942391810,1225127771942391810,1164987316471029765
2020-02-05 15:22:38+00:00,melindammme,PopCrave,0,44,326,he's finally taking a shower yesss,,Wed Feb 05 15:22:38 +0000 2020,,,https://twitter.com/PopCrave/status/1224906638597001218,https://twitter.com/melindammme/status/1225077276133548032,1225077276133548032,1164987316471029765
2020-02-05 01:48:44+00:00,melindammme,TheSun,7,79,565,me riding dick after listening to off to the races by Lana Del Rey,,Wed Feb 05 01:48:44 +0000 2020,,,https://twitter.com/TheSun/status/1224686543576559616,https://twitter.com/melindammme/status/1224872452834185216,1224872452834185216,1164987316471029765
2020-02-04 23:29:49+00:00,melindammme,,0,24,88,,,Tue Feb 04 23:29:49 +0000 2020,,,,https://twitter.com/melindammme/status/1224837492752502784,1224837492752502784,1164987316471029765
2020-02-04 22:54:13+00:00,melindammme,,0,18,97,"When I was 13 I got cornered outside school by a boy. He called me slurs and then raised his fist. Then a woman appeared and grabbed the boys wrist. She twisted it and spat in his face, kicking him in the throat. “Leave this bitch alone” she said. That woman was Lana Del Rey",,Tue Feb 04 22:54:13 +0000 2020,,,,https://twitter.com/melindammme/status/1224828536223076361,1224828536223076361,1164987316471029765
2020-02-04 22:47:17+00:00,melindammme,,0,0,8,so that means we are ending them and there will be a fight,,Tue Feb 04 22:47:17 +0000 2020,,,,https://twitter.com/melindammme/status/1224826790432165895,1224826790432165895,1164987316471029765
2020-02-04 22:46:25+00:00,melindammme,,3,54,216,"In 2020, we are not tolerating people who disrespect Lana Del Rey",,Tue Feb 04 22:46:25 +0000 2020,,,,https://twitter.com/melindammme/status/1224826569572737025,1224826569572737025,1164987316471029765
2020-02-04 17:14:35+00:00,melindammme,emrelIle,0,0,3,dfdffddg BYE PLSSSSS,,Tue Feb 04 17:14:35 +0000 2020,,,,https://twitter.com/melindammme/status/1224743063706271745,1224743063706271745,1164987316471029765
2020-02-03 20:50:55+00:00,melindammme,Kinglrg_,8,765,3492,Lana Del Rey writing music,,Mon Feb 03 20:50:55 +0000 2020,,,https://twitter.com/Kinglrg_/status/1214028399490023424,https://twitter.com/melindammme/status/1224435118023958528,1224435118023958528,1164987316471029765
2020-02-03 16:28:03+00:00,melindammme,babylonwxlf,0,0,13,g eazy,,Mon Feb 03 16:28:03 +0000 2020,,,,https://twitter.com/melindammme/status/1224368965700419585,1224368965700419585,1164987316471029765
2020-02-03 15:53:44+00:00,melindammme,,16,183,1404,I can’t believe Lana Del Rey and Megan the stallion rode on the same dick ,,Mon Feb 03 15:53:44 +0000 2020,,,,https://twitter.com/melindammme/status/1224360328672219142,1224360328672219142,1164987316471029765
2020-02-03 12:40:39+00:00,melindammme,,1,33,236,,,Mon Feb 03 12:40:39 +0000 2020,,,,https://twitter.com/melindammme/status/1224311739640139776,1224311739640139776,1164987316471029765
2020-02-03 02:46:57+00:00,melindammme,ULTR4V10LENCE_,1,0,11,the meme is literally the name of the song ,,Mon Feb 03 02:46:57 +0000 2020,,,,https://twitter.com/melindammme/status/1224162329220337664,1224162329220337664,1164987316471029765
2020-02-02 22:18:32+00:00,melindammme,ULTR4V10LENCE_,4,0,17,this is a double special meme which contains two songs at a time,,Sun Feb 02 22:18:32 +0000 2020,,,,https://twitter.com/melindammme/status/1224094779866329088,1224094779866329088,1164987316471029765
2020-02-02 21:32:34+00:00,melindammme,,0,3,94,i called her she is coming!! https://twitter.com/melindammme/status/1223391215300882432,,Sun Feb 02 21:32:34 +0000 2020,,,https://twitter.com/melindammme/status/1223391215300882432,https://twitter.com/melindammme/status/1224083212957364225,1224083212957364225,1164987316471029765
2020-02-02 14:48:49+00:00,melindammme,,14,3057,8767,,,Sun Feb 02 14:48:49 +0000 2020,,,,https://twitter.com/melindammme/status/1223981601874415617,1223981601874415617,1164987316471029765
2020-02-02 14:46:21+00:00,melindammme,,0,13,106,,,Sun Feb 02 14:46:21 +0000 2020,,,,https://twitter.com/melindammme/status/1223980982203752449,1223980982203752449,1164987316471029765
2020-02-01 18:47:41+00:00,melindammme,flowermoon81,0,1,23,of course you’re a gemini...,,Sat Feb 01 18:47:41 +0000 2020,,,https://twitter.com/flowermoon81/status/1223678907557138432,https://twitter.com/melindammme/status/1223679330162741248,1223679330162741248,1164987316471029765
2020-02-01 12:03:34+00:00,melindammme,PopCraveMusic,1,50,322,people meeting Lana Del Rey at stores..i can’t even find my own mom there,,Sat Feb 01 12:03:34 +0000 2020,,,https://twitter.com/PopCraveMusic/status/1223424201777872898,https://twitter.com/melindammme/status/1223577629388873728,1223577629388873728,1164987316471029765
2020-02-01 11:14:27+00:00,melindammme,,0,1,3,gangsters or little fuckers,,Sat Feb 01 11:14:27 +0000 2020,,,,https://twitter.com/melindammme/status/1223565270108852224,1223565270108852224,1164987316471029765
2020-02-01 11:11:44+00:00,melindammme,jayjuniorrr,0,8,96,bottoms,,Sat Feb 01 11:11:44 +0000 2020,,,https://twitter.com/jayjuniorrr/status/1223033003296858112,https://twitter.com/melindammme/status/1223564583794810881,1223564583794810881,1164987316471029765
2020-02-01 03:21:03+00:00,melindammme,,0,0,4,but i love the bridge part in the original freak which doesn't exist in the demo lol,,Sat Feb 01 03:21:03 +0000 2020,,,,https://twitter.com/melindammme/status/1223446134150045702,1223446134150045702,1164987316471029765
2020-02-01 03:00:05+00:00,melindammme,,5,11,59,freak demo is hundred times better than the original,,Sat Feb 01 03:00:05 +0000 2020,,,,https://twitter.com/melindammme/status/1223440857602326529,1223440857602326529,1164987316471029765
2020-01-31 00:05:42+00:00,melindammme,Agaigbe6,11,356,1526,have you ever listened to venice bitch by lana del rey,,Fri Jan 31 00:05:42 +0000 2020,,,https://twitter.com/Agaigbe6/status/1222264837755088896,https://twitter.com/melindammme/status/1223034585845587968,1223034585845587968,1164987316471029765
2020-01-30 23:52:29+00:00,melindammme,t_slns,0,0,5,yeah thats a meme,,Thu Jan 30 23:52:29 +0000 2020,,,,https://twitter.com/melindammme/status/1223031259040972803,1223031259040972803,1164987316471029765
2020-01-30 22:32:39+00:00,melindammme,,3,246,1103,the energy this photo radiates,,Thu Jan 30 22:32:39 +0000 2020,,,,https://twitter.com/melindammme/status/1223011168563974144,1223011168563974144,1164987316471029765
2020-01-30 16:11:24+00:00,melindammme,,3,327,1403,starbucks barista: coffee ready for the iconic hoe who gave new female alternative singers a career Lana Del Rey:,,Thu Jan 30 16:11:24 +0000 2020,,,,https://twitter.com/melindammme/status/1222915224023552001,1222915224023552001,1164987316471029765
2020-01-29 17:52:36+00:00,melindammme,kbrackson,1,0,1,i'm just being honest!! ,,Wed Jan 29 17:52:36 +0000 2020,,,,https://twitter.com/melindammme/status/1222578301446782979,1222578301446782979,1164987316471029765
2020-01-29 17:48:37+00:00,melindammme,kbrackson,1,0,1,you should not be nervous,,Wed Jan 29 17:48:37 +0000 2020,,,,https://twitter.com/melindammme/status/1222577300220338177,1222577300220338177,1164987316471029765
2020-01-29 14:17:44+00:00,melindammme,,2,29,228,,,Wed Jan 29 14:17:44 +0000 2020,,,,https://twitter.com/melindammme/status/1222524231080140801,1222524231080140801,1164987316471029765
2020-01-29 13:19:26+00:00,melindammme,yungwatercycle,0,33,162,american troops are in very difficult conditions and they miss their families pray for our brave men,,Wed Jan 29 13:19:26 +0000 2020,,,https://twitter.com/yungwatercycle/status/1222281323869503490,https://twitter.com/melindammme/status/1222509557064380416,1222509557064380416,1164987316471029765
2020-01-28 22:06:38+00:00,melindammme,mxdnightlove,1,0,1,ok but you are probably not ugly,,Tue Jan 28 22:06:38 +0000 2020,,,,https://twitter.com/melindammme/status/1222279843032850437,1222279843032850437,1164987316471029765
2020-01-28 22:00:49+00:00,melindammme,jsmacallan,1,0,7,nope you're not ugly,,Tue Jan 28 22:00:49 +0000 2020,,,,https://twitter.com/melindammme/status/1222278379724050438,1222278379724050438,1164987316471029765
2020-01-28 21:56:22+00:00,melindammme,ajmg__,1,0,1,nope,,Tue Jan 28 21:56:22 +0000 2020,,,,https://twitter.com/melindammme/status/1222277259261812737,1222277259261812737,1164987316471029765
2020-01-28 21:56:18+00:00,melindammme,mxdnightlove,1,0,1,no you did not,,Tue Jan 28 21:56:18 +0000 2020,,,,https://twitter.com/melindammme/status/1222277244292386816,1222277244292386816,1164987316471029765
2020-01-28 21:55:10+00:00,melindammme,shaitansbabe,0,0,4,nope you're not,,Tue Jan 28 21:55:10 +0000 2020,,,,https://twitter.com/melindammme/status/1222276960690286596,1222276960690286596,1164987316471029765
2020-01-28 21:55:00+00:00,melindammme,meowbitchhhh,0,0,3,nope i don't believe u,,Tue Jan 28 21:55:00 +0000 2020,,,,https://twitter.com/melindammme/status/1222276915668582400,1222276915668582400,1164987316471029765
2020-01-28 21:53:27+00:00,melindammme,mxdnightlove,1,0,1,PLSSSSS nope,,Tue Jan 28 21:53:27 +0000 2020,,,,https://twitter.com/melindammme/status/1222276528366669831,1222276528366669831,1164987316471029765
2020-01-28 21:51:28+00:00,melindammme,,51,315,2110,i have never seen an ugly Lana Del Rey fan before,,Tue Jan 28 21:51:28 +0000 2020,,,,https://twitter.com/melindammme/status/1222276029743534081,1222276029743534081,1164987316471029765
2020-01-28 19:19:48+00:00,melindammme,braveinmoonlght,0,0,27,"congrats to billie! never hated her. but yes, grammys today give awards to most viewed songs on youtube ",,Tue Jan 28 19:19:48 +0000 2020,,,https://twitter.com/braveinmoonlght/status/1222236638547451907,https://twitter.com/melindammme/status/1222237861296119808,1222237861296119808,1164987316471029765
2020-01-28 19:13:10+00:00,melindammme,,0,0,12,billie eilish is just clever. yeah her music slaps maybe for some people but she is over hyped and... overrated.. sorry not sorry.. her music has BIG Lorde and Lana influence..and yes i agree 100% people and especially grammys havent felt the blessing of LDR,,Tue Jan 28 19:13:10 +0000 2020,,,,https://twitter.com/melindammme/status/1222236191673679873,1222236191673679873,1164987316471029765
2020-01-28 19:10:38+00:00,melindammme,,1,5,56,and i'm sorry but they could make her WAIT a little before giving her 10 freaking grammys in one night... they literally ignored Lana Del Rey for 8 years PLEASE.. billie eilish and her fans are weird,,Tue Jan 28 19:10:38 +0000 2020,,,,https://twitter.com/melindammme/status/1222235554349232129,1222235554349232129,1164987316471029765
2020-01-28 19:09:12+00:00,melindammme,megan27122,0,0,1, ,,Tue Jan 28 19:09:12 +0000 2020,,,,https://twitter.com/melindammme/status/1222235190820507649,1222235190820507649,1164987316471029765
2020-01-28 19:08:24+00:00,melindammme,,5,30,239,one day Billie Eilish decided to mix lorde's singing style with a touch of lana del rey.. then she joined the music industry and now y'all telling me that she is unique? yeah she is cute but never unique,,Tue Jan 28 19:08:24 +0000 2020,,,,https://twitter.com/melindammme/status/1222234992111247361,1222234992111247361,1164987316471029765
