date,username,to,replies,retweets,favorites,text,mentions,formatted_date,geo,hashtags,urls,permalink,ID,author_id
2020-02-27 16:51:27+00:00,NeinQuarterly,,4,164,441,When metaphors attack. Don’t say the poets didn’t warn you.,,Thu Feb 27 16:51:27 +0000 2020,,,,https://twitter.com/NeinQuarterly/status/1233072160169758721,1233072160169758721,458966079
2020-02-27 16:37:44+00:00,NeinQuarterly,,5,109,340,"A gentle reminder. From page 1,064 of War and Peace.",,Thu Feb 27 16:37:44 +0000 2020,,,,https://twitter.com/NeinQuarterly/status/1233068709981409281,1233068709981409281,458966079
2020-02-24 21:44:23+00:00,NeinQuarterly,,2,124,431,Twitter. Hope for the hopeless. Power for the powerless. Instagram for losers.,,Mon Feb 24 21:44:23 +0000 2020,,,,https://twitter.com/NeinQuarterly/status/1232058718151376897,1232058718151376897,458966079
2020-02-16 20:59:25+00:00,NeinQuarterly,,5,123,456,Me? I blame Twitter. And late capitalism. But mainly the poets.,,Sun Feb 16 20:59:25 +0000 2020,,,,https://twitter.com/NeinQuarterly/status/1229148297375502336,1229148297375502336,458966079
2020-02-16 01:56:57+00:00,NeinQuarterly,,5,153,554,I’m just here for the pre-traumatic stress.,,Sun Feb 16 01:56:57 +0000 2020,,,,https://twitter.com/NeinQuarterly/status/1228860788242251778,1228860788242251778,458966079
2020-02-15 03:32:37+00:00,NeinQuarterly,,5,152,521,A gentle reminder to get a selfie of your next shark attack.,,Sat Feb 15 03:32:37 +0000 2020,,,,https://twitter.com/NeinQuarterly/status/1228522474624757760,1228522474624757760,458966079
2020-02-14 03:38:19+00:00,NeinQuarterly,,10,199,859,Sometimes you just need a little Walt Whitman. To cheer you up.,,Fri Feb 14 03:38:19 +0000 2020,,,,https://twitter.com/NeinQuarterly/status/1228161521227718665,1228161521227718665,458966079
2020-02-13 22:37:51+00:00,NeinQuarterly,,26,405,1550,True romantics. They spend #ValentinesDay alone.,,Thu Feb 13 22:37:51 +0000 2020,,#ValentinesDay,,https://twitter.com/NeinQuarterly/status/1228085904411107328,1228085904411107328,458966079
2020-02-07 16:03:41+00:00,NeinQuarterly,,10,395,1049,"Yes, the week is ending. But we regret to inform you that everything else is likely to continue.",,Fri Feb 07 16:03:41 +0000 2020,,,,https://twitter.com/NeinQuarterly/status/1225812383987372035,1225812383987372035,458966079
2020-01-25 23:35:01+00:00,NeinQuarterly,,7,153,475,"Tweets, tweets, everywhere. But not a thought to think.",,Sat Jan 25 23:35:01 +0000 2020,,,,https://twitter.com/NeinQuarterly/status/1221214923922997248,1221214923922997248,458966079
2020-01-24 23:27:18+00:00,NeinQuarterly,,9,316,958,Maybe consider literature. It’s like an Instagram story. Without pictures. By losers. Who sometimes become influencers once they die.,,Fri Jan 24 23:27:18 +0000 2020,,,,https://twitter.com/NeinQuarterly/status/1220850591804612609,1220850591804612609,458966079
2020-01-24 23:21:07+00:00,NeinQuarterly,,2,131,340,Please pardon our profound indifference.,,Fri Jan 24 23:21:07 +0000 2020,,,,https://twitter.com/NeinQuarterly/status/1220849035541733376,1220849035541733376,458966079
2020-01-24 18:37:08+00:00,NeinQuarterly,,7,126,512,A gentle reminder that reading Tolstoy is war. Having read Tolstoy is peace.,,Fri Jan 24 18:37:08 +0000 2020,,,,https://twitter.com/NeinQuarterly/status/1220777571400503297,1220777571400503297,458966079
2020-01-24 18:32:52+00:00,NeinQuarterly,,8,200,658,You say you want a revolution. But perhaps I could interest you in a weekend.,,Fri Jan 24 18:32:52 +0000 2020,,,,https://twitter.com/NeinQuarterly/status/1220776495586652162,1220776495586652162,458966079
2020-01-16 21:16:39+00:00,NeinQuarterly,,11,193,728,Another day. Another failed social experiment.,,Thu Jan 16 21:16:39 +0000 2020,,,,https://twitter.com/NeinQuarterly/status/1217918613614669846,1217918613614669846,458966079
2020-01-16 02:16:56+00:00,NeinQuarterly,,2,118,311,"Yes, sir, we found your truth. But it says it never heard of you.",,Thu Jan 16 02:16:56 +0000 2020,,,,https://twitter.com/NeinQuarterly/status/1217631791114260481,1217631791114260481,458966079
2020-01-15 00:45:42+00:00,NeinQuarterly,,3,246,785,For sale: a year. Practically new. But not quite what I wanted.,,Wed Jan 15 00:45:42 +0000 2020,,,,https://twitter.com/NeinQuarterly/status/1217246445163700224,1217246445163700224,458966079
2020-01-15 00:43:23+00:00,NeinQuarterly,,11,123,520,I think I liked you better as an algorithm.,,Wed Jan 15 00:43:23 +0000 2020,,,,https://twitter.com/NeinQuarterly/status/1217245861320757248,1217245861320757248,458966079
2020-01-14 03:44:17+00:00,NeinQuarterly,,6,136,437,For everything: there’s a time and place. For nothing: there’s Twitter.,,Tue Jan 14 03:44:17 +0000 2020,,,,https://twitter.com/NeinQuarterly/status/1216928999441666053,1216928999441666053,458966079
2020-01-11 20:18:10+00:00,NeinQuarterly,notsotruee,0,0,4,Ja.,,Sat Jan 11 20:18:10 +0000 2020,,,,https://twitter.com/NeinQuarterly/status/1216091955660296193,1216091955660296193,458966079
2020-01-11 20:09:19+00:00,NeinQuarterly,,2,158,440,January. Spring is in the air. And thoughts turn to love. Poetry. And just how fucked we are.,,Sat Jan 11 20:09:19 +0000 2020,,,,https://twitter.com/NeinQuarterly/status/1216089728526798851,1216089728526798851,458966079
2020-01-11 20:02:28+00:00,NeinQuarterly,,2,124,727,"If you need me, I’ll be reducing my resolution.",,Sat Jan 11 20:02:28 +0000 2020,,,,https://twitter.com/NeinQuarterly/status/1216088004361670656,1216088004361670656,458966079
2020-01-08 18:13:56+00:00,NeinQuarterly,,4,161,548,"Sorry, sir. Our machines don’t accept cultural capital.",,Wed Jan 08 18:13:56 +0000 2020,,,,https://twitter.com/NeinQuarterly/status/1214973527658549249,1214973527658549249,458966079
2020-01-08 14:29:18+00:00,NeinQuarterly,,5,137,639,"Don’t worry: every time a German verb separates, a compound noun is formed.",,Wed Jan 08 14:29:18 +0000 2020,,,,https://twitter.com/NeinQuarterly/status/1214916994895663104,1214916994895663104,458966079
2020-01-08 13:27:22+00:00,NeinQuarterly,,34,518,1526,I was told there’d be meaning.,,Wed Jan 08 13:27:22 +0000 2020,,,,https://twitter.com/NeinQuarterly/status/1214901411722547201,1214901411722547201,458966079
2020-01-04 00:48:09+00:00,NeinQuarterly,,20,192,406,We regret to inform you that the Tweet is a literary form. As defined by a #failedintellectual. An excerpt from the current issue of ⁦@NewLitHist⁩. (Thanks to editors ⁦@bruceholsinger⁩ and ⁦@irinibus⁩.),@NewLitHist @bruceholsinger @irinibus,Sat Jan 04 00:48:09 +0000 2020,,#failedintellectual,,https://twitter.com/NeinQuarterly/status/1213260794886066176,1213260794886066176,458966079
2020-01-04 00:18:22+00:00,NeinQuarterly,,12,329,976,I suggest we get smart. Lose hope. Blame the poets. And fall in love.,,Sat Jan 04 00:18:22 +0000 2020,,,,https://twitter.com/NeinQuarterly/status/1213253298003812353,1213253298003812353,458966079
2020-01-03 19:15:39+00:00,NeinQuarterly,,15,358,1047,I’m just here to see how we end.,,Fri Jan 03 19:15:39 +0000 2020,,,,https://twitter.com/NeinQuarterly/status/1213177117590085634,1213177117590085634,458966079
2020-01-03 14:56:35+00:00,NeinQuarterly,,9,208,828,Let’s be honest. Your new year was ruined decades ago.,,Fri Jan 03 14:56:35 +0000 2020,,,,https://twitter.com/NeinQuarterly/status/1213111924340203521,1213111924340203521,458966079
2020-01-03 05:07:13+00:00,NeinQuarterly,,4,859,2035,Never forget: anything is possible. And always remember: that’s not good news.,,Fri Jan 03 05:07:13 +0000 2020,,,,https://twitter.com/NeinQuarterly/status/1212963605102125056,1212963605102125056,458966079
2020-01-02 18:26:32+00:00,NeinQuarterly,,4,125,422,January 2. The resolution begins eating its children.,,Thu Jan 02 18:26:32 +0000 2020,,,,https://twitter.com/NeinQuarterly/status/1212802371312660481,1212802371312660481,458966079
2020-01-01 17:51:31+00:00,NeinQuarterly,,9,144,568,"If you need me, I’ll be devising a five-year plan for surviving the decade.",,Wed Jan 01 17:51:31 +0000 2020,,,,https://twitter.com/NeinQuarterly/status/1212431168618090502,1212431168618090502,458966079
2020-01-01 03:40:41+00:00,NeinQuarterly,,13,243,882,Please alert the Weimar Republic.,,Wed Jan 01 03:40:41 +0000 2020,,,,https://twitter.com/NeinQuarterly/status/1212217051466674178,1212217051466674178,458966079
2020-01-01 00:15:47+00:00,NeinQuarterly,,9,275,791,"If you plan to quit Twitter in 2020, there’s something you should know. You won’t.",,Wed Jan 01 00:15:47 +0000 2020,,,,https://twitter.com/NeinQuarterly/status/1212165486915575809,1212165486915575809,458966079
