date,username,to,replies,retweets,favorites,text,mentions,formatted_date,geo,hashtags,urls,permalink,ID,author_id
2020-02-28 23:47:08+00:00,nocontextpawnee,bikepedantic,1,0,4,"Mike Schur, creator of P&R, also endorsed.",,Fri Feb 28 23:47:08 +0000 2020,,,,https://twitter.com/nocontextpawnee/status/1233539161455333376,1233539161455333376,2863580894
2020-02-28 19:20:52+00:00,nocontextpawnee,Belt_valenzuela,0,7,205,38% of Americans live in Pawnee,,Fri Feb 28 19:20:52 +0000 2020,,,,https://twitter.com/nocontextpawnee/status/1233472150612455425,1233472150612455425,2863580894
2020-02-28 18:01:45+00:00,nocontextpawnee,,3,534,3220,,,Fri Feb 28 18:01:45 +0000 2020,,,,https://twitter.com/nocontextpawnee/status/1233452240481865734,1233452240481865734,2863580894
2020-02-28 17:32:40+00:00,nocontextpawnee,Frost48__,1,0,18,“I DIDN’T call you a sTuPiD jErK I just said you were BEING stupid and you were ACTING like a jerk! ”,,Fri Feb 28 17:32:40 +0000 2020,,,,https://twitter.com/nocontextpawnee/status/1233444922771951616,1233444922771951616,2863580894
2020-02-28 17:31:45+00:00,nocontextpawnee,callingallfats,0,5,81,,,Fri Feb 28 17:31:45 +0000 2020,,,,https://twitter.com/nocontextpawnee/status/1233444692945063937,1233444692945063937,2863580894
2020-02-28 08:48:06+00:00,nocontextpawnee,Cityline_josh,1,4,126,,,Fri Feb 28 08:48:06 +0000 2020,,,,https://twitter.com/nocontextpawnee/status/1233312910727761921,1233312910727761921,2863580894
2020-02-28 08:43:35+00:00,nocontextpawnee,,24,1252,5984,bababooey.,,Fri Feb 28 08:43:35 +0000 2020,,,,https://twitter.com/nocontextpawnee/status/1233311775161905153,1233311775161905153,2863580894
2020-02-28 06:40:42+00:00,nocontextpawnee,supalesliehutjr,1,0,21,Dave Matthews Band.,,Fri Feb 28 06:40:42 +0000 2020,,,,https://twitter.com/nocontextpawnee/status/1233280849820471296,1233280849820471296,2863580894
2020-02-27 22:06:07+00:00,nocontextpawnee,,2,265,2388,,,Thu Feb 27 22:06:07 +0000 2020,,,,https://twitter.com/nocontextpawnee/status/1233151349967056896,1233151349967056896,2863580894
2020-02-27 20:40:03+00:00,nocontextpawnee,NetflixIsAJoke,0,0,56,,,Thu Feb 27 20:40:03 +0000 2020,,,,https://twitter.com/nocontextpawnee/status/1233129693244575744,1233129693244575744,2863580894
2020-02-26 22:57:32+00:00,nocontextpawnee,tjelmoni2000,0,3,77,"nefertiti's fjord, yes",,Wed Feb 26 22:57:32 +0000 2020,,,,https://twitter.com/nocontextpawnee/status/1232801900732436480,1232801900732436480,2863580894
2020-02-26 22:53:28+00:00,nocontextpawnee,,9,285,2199,,,Wed Feb 26 22:53:28 +0000 2020,,,,https://twitter.com/nocontextpawnee/status/1232800878567968769,1232800878567968769,2863580894
2020-02-26 16:09:00+00:00,nocontextpawnee,,14,2014,11705,,,Wed Feb 26 16:09:00 +0000 2020,,,,https://twitter.com/nocontextpawnee/status/1232699093098491904,1232699093098491904,2863580894
2020-02-26 08:03:23+00:00,nocontextpawnee,kcdickinsonkc,0,0,2,my heart,,Wed Feb 26 08:03:23 +0000 2020,,,,https://twitter.com/nocontextpawnee/status/1232576882115149824,1232576882115149824,2863580894
2020-02-26 08:02:58+00:00,nocontextpawnee,Selisa0,0,0,7,absolute bangers,,Wed Feb 26 08:02:58 +0000 2020,,,,https://twitter.com/nocontextpawnee/status/1232576779233026048,1232576779233026048,2863580894
2020-02-25 23:21:17+00:00,nocontextpawnee,,7,105,1897,"Happy Birthday @iamrashidajones, you opalescent tree shark! ",@iamrashidajones,Tue Feb 25 23:21:17 +0000 2020,,,,https://twitter.com/nocontextpawnee/status/1232445493315174401,1232445493315174401,2863580894
2020-02-25 20:43:50+00:00,nocontextpawnee,rjlopez587,0,0,0,Lol I love that,,Tue Feb 25 20:43:50 +0000 2020,,,,https://twitter.com/nocontextpawnee/status/1232405867321905152,1232405867321905152,2863580894
2020-02-25 20:41:30+00:00,nocontextpawnee,m4ff0_,1,0,5,I do things with purpose around here. Or at least I try to.,,Tue Feb 25 20:41:30 +0000 2020,,,,https://twitter.com/nocontextpawnee/status/1232405280341671936,1232405280341671936,2863580894
2020-02-25 20:06:03+00:00,nocontextpawnee,rjlopez587,1,0,0,LOL what do they have there?,,Tue Feb 25 20:06:03 +0000 2020,,,,https://twitter.com/nocontextpawnee/status/1232396360344719360,1232396360344719360,2863580894
2020-02-25 19:47:22+00:00,nocontextpawnee,ang_trowbridge,1,0,4,I know ,,Tue Feb 25 19:47:22 +0000 2020,,,,https://twitter.com/nocontextpawnee/status/1232391657938542592,1232391657938542592,2863580894
2020-02-25 19:44:18+00:00,nocontextpawnee,mofyanatomy,0,0,0,nothing hurt me like this has,,Tue Feb 25 19:44:18 +0000 2020,,,,https://twitter.com/nocontextpawnee/status/1232390885179920384,1232390885179920384,2863580894
2020-02-25 19:43:48+00:00,nocontextpawnee,bjsburner,0,0,1,I changed it yesterday cuz I was crying over the finale lol it'll be back to normal in a few,,Tue Feb 25 19:43:48 +0000 2020,,,,https://twitter.com/nocontextpawnee/status/1232390759736725506,1232390759736725506,2863580894
2020-02-25 19:42:45+00:00,nocontextpawnee,David_the_Wavid,1,0,8,andy knows absolutely nothing about the beatles: confirmed,,Tue Feb 25 19:42:45 +0000 2020,,,,https://twitter.com/nocontextpawnee/status/1232390495935987712,1232390495935987712,2863580894
2020-02-25 19:41:10+00:00,nocontextpawnee,,6,11,414,andy being in the greatest band since neutral milk hotel and not knowing who george harrison is though. an underrated joke.,,Tue Feb 25 19:41:10 +0000 2020,,,,https://twitter.com/nocontextpawnee/status/1232390096696963073,1232390096696963073,2863580894
2020-02-25 19:36:13+00:00,nocontextpawnee,,4,172,2236,,,Tue Feb 25 19:36:13 +0000 2020,,,,https://twitter.com/nocontextpawnee/status/1232388849822650368,1232388849822650368,2863580894
2020-02-25 19:33:42+00:00,nocontextpawnee,zoe_keller,0,0,7,,,Tue Feb 25 19:33:42 +0000 2020,,,,https://twitter.com/nocontextpawnee/status/1232388217757810690,1232388217757810690,2863580894
2020-02-25 17:50:55+00:00,nocontextpawnee,LadyALover95,0,0,1,,,Tue Feb 25 17:50:55 +0000 2020,,,,https://twitter.com/nocontextpawnee/status/1232362351665377280,1232362351665377280,2863580894
2020-02-25 07:01:11+00:00,nocontextpawnee,gagaftblunt,0,0,0, ,,Tue Feb 25 07:01:11 +0000 2020,,,,https://twitter.com/nocontextpawnee/status/1232198840863707136,1232198840863707136,2863580894
2020-02-25 06:57:08+00:00,nocontextpawnee,squaller7,0,0,7,100%. Leslie & Ron ALWAYS get me when Buddy starts playing and then again when she’s talking to Ben about getting everyone together again and then those last ten minutes are just....there’s no coming back from that,,Tue Feb 25 06:57:08 +0000 2020,,,,https://twitter.com/nocontextpawnee/status/1232197822495125504,1232197822495125504,2863580894
2020-02-25 06:56:20+00:00,nocontextpawnee,brendaahhhh,0,0,2,Idk,,Tue Feb 25 06:56:20 +0000 2020,,,,https://twitter.com/nocontextpawnee/status/1232197619415318529,1232197619415318529,2863580894
2020-02-25 06:47:44+00:00,nocontextpawnee,,2,1,283,Just watched the finale again. Def ugly crying. Please send help* *waffles,,Tue Feb 25 06:47:44 +0000 2020,,,,https://twitter.com/nocontextpawnee/status/1232195454193942528,1232195454193942528,2863580894
2020-02-25 04:48:34+00:00,nocontextpawnee,,9,333,5134,Hard to believe it’s been 5 years since we left Pawnee. ,,Tue Feb 25 04:48:34 +0000 2020,,,,https://twitter.com/nocontextpawnee/status/1232165468095447040,1232165468095447040,2863580894
2020-02-25 04:37:28+00:00,nocontextpawnee,allypoopemoji,0,0,9,It’s an emotional day idk what to say,,Tue Feb 25 04:37:28 +0000 2020,,,,https://twitter.com/nocontextpawnee/status/1232162672788955138,1232162672788955138,2863580894
2020-02-25 04:37:07+00:00,nocontextpawnee,katiedinschel,0,0,11,Hi. Unnecessary.,,Tue Feb 25 04:37:07 +0000 2020,,,,https://twitter.com/nocontextpawnee/status/1232162585555812352,1232162585555812352,2863580894
2020-02-25 04:36:52+00:00,nocontextpawnee,Artqueenpalette,1,0,1,I SAW THAT AND I WAS LIKE THIS HAS TO BE A JOKE BUT NO. It’s so very paunch burger. ,,Tue Feb 25 04:36:52 +0000 2020,,,,https://twitter.com/nocontextpawnee/status/1232162520485392384,1232162520485392384,2863580894
2020-02-25 04:23:08+00:00,nocontextpawnee,parksand_rach,0,0,3,I’d like to have a chat with Joel,,Tue Feb 25 04:23:08 +0000 2020,,,,https://twitter.com/nocontextpawnee/status/1232159066627006464,1232159066627006464,2863580894
2020-02-25 01:48:48+00:00,nocontextpawnee,mckeetr,0,0,0,no I didn't,,Tue Feb 25 01:48:48 +0000 2020,,,,https://twitter.com/nocontextpawnee/status/1232120228215058432,1232120228215058432,2863580894
2020-02-24 21:50:54+00:00,nocontextpawnee,devilsxeyesx,0,0,8,same,,Mon Feb 24 21:50:54 +0000 2020,,,,https://twitter.com/nocontextpawnee/status/1232060359667662850,1232060359667662850,2863580894
2020-02-24 21:50:34+00:00,nocontextpawnee,lucyj_ford,1,0,3,time flies,,Mon Feb 24 21:50:34 +0000 2020,,,,https://twitter.com/nocontextpawnee/status/1232060273395060736,1232060273395060736,2863580894
2020-02-24 21:46:31+00:00,nocontextpawnee,,23,439,3913,,,Mon Feb 24 21:46:31 +0000 2020,,,,https://twitter.com/nocontextpawnee/status/1232059253755535360,1232059253755535360,2863580894
2020-02-24 21:42:43+00:00,nocontextpawnee,bitchimightbrie,1,0,8,he's been wearing that since he was first elected to congress though,,Mon Feb 24 21:42:43 +0000 2020,,,,https://twitter.com/nocontextpawnee/status/1232058300050460672,1232058300050460672,2863580894
2020-02-24 20:20:46+00:00,nocontextpawnee,_Amanderp,0,0,6,OOF. I remember seeing that the first time and going full heart eyes. It was perfect.,,Mon Feb 24 20:20:46 +0000 2020,,,,https://twitter.com/nocontextpawnee/status/1232037675605118976,1232037675605118976,2863580894
2020-02-24 17:54:41+00:00,nocontextpawnee,AmyHayward1979,1,0,1,You should be proud tbh,,Mon Feb 24 17:54:41 +0000 2020,,,,https://twitter.com/nocontextpawnee/status/1232000912052215811,1232000912052215811,2863580894
2020-02-24 16:43:45+00:00,nocontextpawnee,sianieay,2,0,25,Yes but it did really end,,Mon Feb 24 16:43:45 +0000 2020,,,,https://twitter.com/nocontextpawnee/status/1231983060771459075,1231983060771459075,2863580894
2020-02-24 16:04:10+00:00,nocontextpawnee,Sean_Luc_Picard,2,0,5,I get the spoiler concern though because we’ve all watched shows late. I watched Cheers two years ago but I couldn’t avoid that people had said things about it in the 25 years prior. It’s just tough to maneuver sometimes.,,Mon Feb 24 16:04:10 +0000 2020,,,,https://twitter.com/nocontextpawnee/status/1231973098053722113,1231973098053722113,2863580894
2020-02-24 15:59:10+00:00,nocontextpawnee,Sean_Luc_Picard,2,0,13,I guess then my question is will there ever be a time we can just talk about it. Because we don’t treat the rest of the series this way. I don’t hide that Ben & Leslie get married even though that’s 5 years in. Or that Ron has kids. Etc. so I guess I just don’t know the line,,Mon Feb 24 15:59:10 +0000 2020,,,,https://twitter.com/nocontextpawnee/status/1231971842467827712,1231971842467827712,2863580894
2020-02-24 15:56:26+00:00,nocontextpawnee,courtkauff,0,0,1,Yeah,,Mon Feb 24 15:56:26 +0000 2020,,,,https://twitter.com/nocontextpawnee/status/1231971151212974080,1231971151212974080,2863580894
2020-02-24 15:45:07+00:00,nocontextpawnee,barriersvinyl,1,0,0,Ann Song,,Mon Feb 24 15:45:07 +0000 2020,,,,https://twitter.com/nocontextpawnee/status/1231968304492732418,1231968304492732418,2863580894
2020-02-24 15:43:26+00:00,nocontextpawnee,hotmessparent,1,0,6,Seeing that scene for the very first time had me sobbing in the floor so I really do get it.,,Mon Feb 24 15:43:26 +0000 2020,,,,https://twitter.com/nocontextpawnee/status/1231967880599625729,1231967880599625729,2863580894
2020-02-24 15:42:10+00:00,nocontextpawnee,Kennytecki,1,0,5,Yes that one,,Mon Feb 24 15:42:10 +0000 2020,,,,https://twitter.com/nocontextpawnee/status/1231967560981106689,1231967560981106689,2863580894
2020-02-24 15:41:31+00:00,nocontextpawnee,parksandrep,3,0,55,"One time I saw Mike talking about it & he basically said “if you really know the show, you know who the president is” & I was like. Oh. It’s her. Because right after we see Ben having her run for gov. And Ben would be with her through ALL of it, encouraging her to go for it.",,Mon Feb 24 15:41:31 +0000 2020,,,,https://twitter.com/nocontextpawnee/status/1231967398669873155,1231967398669873155,2863580894
2020-02-24 15:39:00+00:00,nocontextpawnee,tjelmoni2000,1,0,29,"Yes, without a doubt.",,Mon Feb 24 15:39:00 +0000 2020,,,,https://twitter.com/nocontextpawnee/status/1231966764184920064,1231966764184920064,2863580894
2020-02-24 15:38:31+00:00,nocontextpawnee,parksandrep,1,0,19,the way ben looks at her and goes “it just makes sense” I cannot handle it.,,Mon Feb 24 15:38:31 +0000 2020,,,,https://twitter.com/nocontextpawnee/status/1231966643355389952,1231966643355389952,2863580894
2020-02-24 15:37:34+00:00,nocontextpawnee,jcamps518,2,0,45,One. Hundred. Percent.,,Mon Feb 24 15:37:34 +0000 2020,,,,https://twitter.com/nocontextpawnee/status/1231966406138183680,1231966406138183680,2863580894
2020-02-24 15:32:22+00:00,nocontextpawnee,swiftpoehler,0,0,8,I feel that. At one point i was just on the floor sobbing.,,Mon Feb 24 15:32:22 +0000 2020,,,,https://twitter.com/nocontextpawnee/status/1231965095879593984,1231965095879593984,2863580894
2020-02-24 15:31:58+00:00,nocontextpawnee,JADubin5,0,1,38,,,Mon Feb 24 15:31:58 +0000 2020,,,,https://twitter.com/nocontextpawnee/status/1231964994666807297,1231964994666807297,2863580894
2020-02-24 15:29:08+00:00,nocontextpawnee,,35,14,570,"So, it’s been 5 years. Let’s talk the Parks finale. What was your favorite part? What made you cry the most? What made you laugh the most? Etc etc.",,Mon Feb 24 15:29:08 +0000 2020,,,,https://twitter.com/nocontextpawnee/status/1231964284524978176,1231964284524978176,2863580894
2020-02-24 08:15:28+00:00,nocontextpawnee,David_the_Wavid,1,1,5,,,Mon Feb 24 08:15:28 +0000 2020,,,,https://twitter.com/nocontextpawnee/status/1231855146134409216,1231855146134409216,2863580894
2020-02-24 08:06:06+00:00,nocontextpawnee,,1,10,201,I am forever grateful to each and every person who was part of making this show the beautiful work of art that it is. Thank you to all of you who gave us the world of Pawnee. ,,Mon Feb 24 08:06:06 +0000 2020,,,,https://twitter.com/nocontextpawnee/status/1231852788855869441,1231852788855869441,2863580894
2020-02-24 08:03:30+00:00,nocontextpawnee,ThaWhiteMLK,0,1,12,,,Mon Feb 24 08:03:30 +0000 2020,,,,https://twitter.com/nocontextpawnee/status/1231852134439636994,1231852134439636994,2863580894
2020-02-24 08:01:14+00:00,nocontextpawnee,,7,337,3089,“I would add that what makes work worth doing is getting to do it with people that you love.” - Leslie Knope #PawneeForever ,,Mon Feb 24 08:01:14 +0000 2020,,#PawneeForever,,https://twitter.com/nocontextpawnee/status/1231851563129266177,1231851563129266177,2863580894
2020-02-24 08:00:05+00:00,nocontextpawnee,,33,1242,8979,"Parks and Recreation “One Last Ride” February 24th, 2015 ",,Mon Feb 24 08:00:05 +0000 2020,,,,https://twitter.com/nocontextpawnee/status/1231851277723717634,1231851277723717634,2863580894
2020-02-24 07:43:45+00:00,nocontextpawnee,DeviancyQueen,1,0,1,"yes, it's a universally relatable thing.",,Mon Feb 24 07:43:45 +0000 2020,,,,https://twitter.com/nocontextpawnee/status/1231847167007965184,1231847167007965184,2863580894
2020-02-24 07:36:25+00:00,nocontextpawnee,joonsIovemaze,1,0,6,I do not have an answer for this,,Mon Feb 24 07:36:25 +0000 2020,,,,https://twitter.com/nocontextpawnee/status/1231845321941979136,1231845321941979136,2863580894
2020-02-23 16:38:38+00:00,nocontextpawnee,,3,482,4896,,,Sun Feb 23 16:38:38 +0000 2020,,,,https://twitter.com/nocontextpawnee/status/1231619385632030720,1231619385632030720,2863580894
2020-02-23 05:29:04+00:00,nocontextpawnee,franny_baronian,1,0,6,he did what he had to do,,Sun Feb 23 05:29:04 +0000 2020,,,,https://twitter.com/nocontextpawnee/status/1231450884661366784,1231450884661366784,2863580894
2020-02-23 05:28:50+00:00,nocontextpawnee,,2,2,192,"chipmunks, where u at??",,Sun Feb 23 05:28:50 +0000 2020,,,,https://twitter.com/nocontextpawnee/status/1231450826045939714,1231450826045939714,2863580894
2020-02-23 05:27:41+00:00,nocontextpawnee,,20,487,4223,"chipp mccapp really went off when he released ""beautiful like my mom (support the troops)""",,Sun Feb 23 05:27:41 +0000 2020,,,,https://twitter.com/nocontextpawnee/status/1231450537083555840,1231450537083555840,2863580894
2020-02-22 20:11:11+00:00,nocontextpawnee,,8,1911,7927,,,Sat Feb 22 20:11:11 +0000 2020,,,,https://twitter.com/nocontextpawnee/status/1231310486152417280,1231310486152417280,2863580894
2020-02-22 01:08:23+00:00,nocontextpawnee,,11,947,7758,"February 21, 2013 ",,Sat Feb 22 01:08:23 +0000 2020,,,,https://twitter.com/nocontextpawnee/status/1231022891128352768,1231022891128352768,2863580894
2020-02-22 00:32:05+00:00,nocontextpawnee,kgrandstrandABR,2,2,65,Cuz every day is Ben Appreciation Day. Love u Benji.,,Sat Feb 22 00:32:05 +0000 2020,,,,https://twitter.com/nocontextpawnee/status/1231013757918179328,1231013757918179328,2863580894
2020-02-21 07:04:17+00:00,nocontextpawnee,the7thleland,0,1,22,Duke,,Fri Feb 21 07:04:17 +0000 2020,,,,https://twitter.com/nocontextpawnee/status/1230750071240527872,1230750071240527872,2863580894
2020-02-20 18:13:16+00:00,nocontextpawnee,hotmessmeack,0,7,201,Wait. It’s Xanax o’clock.,,Thu Feb 20 18:13:16 +0000 2020,,,,https://twitter.com/nocontextpawnee/status/1230556035305197569,1230556035305197569,2863580894
2020-02-20 17:40:00+00:00,nocontextpawnee,ohivey,0,0,3,I am sorry to you both,,Thu Feb 20 17:40:00 +0000 2020,,,,https://twitter.com/nocontextpawnee/status/1230547664422367232,1230547664422367232,2863580894
2020-02-20 16:49:04+00:00,nocontextpawnee,kuck_h_j,2,0,24,It does not go into the hoop. Gets close but bounces off the backboard.,,Thu Feb 20 16:49:04 +0000 2020,,,,https://twitter.com/nocontextpawnee/status/1230534846071500802,1230534846071500802,2863580894
2020-02-20 00:43:20+00:00,nocontextpawnee,,3,136,1502,,,Thu Feb 20 00:43:20 +0000 2020,,,,https://twitter.com/nocontextpawnee/status/1230291812411035648,1230291812411035648,2863580894
2020-02-19 20:40:18+00:00,nocontextpawnee,ehubay,0,0,8,THATS SO TRUE LOL,,Wed Feb 19 20:40:18 +0000 2020,,,,https://twitter.com/nocontextpawnee/status/1230230653137870848,1230230653137870848,2863580894
2020-02-19 17:41:52+00:00,nocontextpawnee,dnkhznv,2,0,8,Not to mention her French character and her twin sister. And whatever that was that happened when she “lost her tiara.” See? RANGE.,,Wed Feb 19 17:41:52 +0000 2020,,,,https://twitter.com/nocontextpawnee/status/1230185747119923200,1230185747119923200,2863580894
2020-02-19 17:39:16+00:00,nocontextpawnee,parksandrecnbc,0,0,181,things he did: THAT,,Wed Feb 19 17:39:16 +0000 2020,,,,https://twitter.com/nocontextpawnee/status/1230185093244715009,1230185093244715009,2863580894
2020-02-19 17:38:59+00:00,nocontextpawnee,Iilithsternin,5,79,1742,I joined in on the meme too,,Wed Feb 19 17:38:59 +0000 2020,,,https://twitter.com/Iilithsternin/status/1230037609365196800,https://twitter.com/nocontextpawnee/status/1230185021568208896,1230185021568208896,2863580894
2020-02-19 17:23:34+00:00,nocontextpawnee,KenTremendous,1,5,230, ,,Wed Feb 19 17:23:34 +0000 2020,,,https://twitter.com/KenTremendous/status/1230176104960282626,https://twitter.com/nocontextpawnee/status/1230181142663315456,1230181142663315456,2863580894
2020-02-19 14:43:33+00:00,nocontextpawnee,PhysicsHawk,0,0,8,EXACTLY,,Wed Feb 19 14:43:33 +0000 2020,,,,https://twitter.com/nocontextpawnee/status/1230140871506415616,1230140871506415616,2863580894
2020-02-19 08:52:15+00:00,nocontextpawnee,em0l0ser,1,0,7,It has eeeeevvvvveeerrrryyyything,,Wed Feb 19 08:52:15 +0000 2020,,,,https://twitter.com/nocontextpawnee/status/1230052464423882752,1230052464423882752,2863580894
2020-02-19 08:52:02+00:00,nocontextpawnee,CarlyTargaryen,0,0,1,"I get it but if anyone can find it cheaper, by ALL means do so. ebay might be a good bet.",,Wed Feb 19 08:52:02 +0000 2020,,,,https://twitter.com/nocontextpawnee/status/1230052410967461889,1230052410967461889,2863580894
2020-02-19 08:06:33+00:00,nocontextpawnee,CrymsonDawn,3,0,46,"DVDs, friend. (You can get all 7 seasons on amazon for under $30, just saying. Treat yo self or ask for it as a gift. The bloopers and deleted scenes are worth it.)",,Wed Feb 19 08:06:33 +0000 2020,,,,https://twitter.com/nocontextpawnee/status/1230040965831782400,1230040965831782400,2863580894
2020-02-19 08:01:30+00:00,nocontextpawnee,CrymsonDawn,1,0,88,Oh goodness there would be so much of that. We have literal HOURS of parks deleted scenes. Like. As long as season 7.,,Wed Feb 19 08:01:30 +0000 2020,,,,https://twitter.com/nocontextpawnee/status/1230039694995415041,1230039694995415041,2863580894
2020-02-19 07:59:40+00:00,nocontextpawnee,,1,0,91,K. Have a nice night/morning/day.,,Wed Feb 19 07:59:40 +0000 2020,,,,https://twitter.com/nocontextpawnee/status/1230039232221044736,1230039232221044736,2863580894
2020-02-19 07:59:19+00:00,nocontextpawnee,,6,181,4444,There’s a Parks & Rec deleted scene where Brett and Harris say they have “Social Paranormal Activity” where they’re “afraid to talk in front of people” because they’re “scared they might be ghosts.” and it makes me laugh so I wanted to share that with you all.,,Wed Feb 19 07:59:19 +0000 2020,,,,https://twitter.com/nocontextpawnee/status/1230039141972230145,1230039141972230145,2863580894
2020-02-19 07:47:48+00:00,nocontextpawnee,chrisjcelestin,1,0,14,A GOOD tweet,,Wed Feb 19 07:47:48 +0000 2020,,,,https://twitter.com/nocontextpawnee/status/1230036247017484288,1230036247017484288,2863580894
2020-02-18 22:31:41+00:00,nocontextpawnee,JEWELeeMariee,1,0,2,I just checked & it is on hulu :),,Tue Feb 18 22:31:41 +0000 2020,,,,https://twitter.com/nocontextpawnee/status/1229896294262378496,1229896294262378496,2863580894
2020-02-18 22:31:22+00:00,nocontextpawnee,emotrxshh,1,0,1,just checked-it is on hulu,,Tue Feb 18 22:31:22 +0000 2020,,,,https://twitter.com/nocontextpawnee/status/1229896213681471488,1229896213681471488,2863580894
2020-02-18 21:43:08+00:00,nocontextpawnee,,7,1460,10136,,,Tue Feb 18 21:43:08 +0000 2020,,,,https://twitter.com/nocontextpawnee/status/1229884077609648129,1229884077609648129,2863580894
2020-02-18 06:05:18+00:00,nocontextpawnee,maggieisnotlame,0,0,26,we love a president,,Tue Feb 18 06:05:18 +0000 2020,,,,https://twitter.com/nocontextpawnee/status/1229648061116239872,1229648061116239872,2863580894
2020-02-17 20:28:27+00:00,nocontextpawnee,achmonstr,0,0,1,she's the greatest,,Mon Feb 17 20:28:27 +0000 2020,,,,https://twitter.com/nocontextpawnee/status/1229502891745894400,1229502891745894400,2863580894
2020-02-17 20:28:16+00:00,nocontextpawnee,Bi_Laws,0,1,9,maybe i've got the fbi on it,,Mon Feb 17 20:28:16 +0000 2020,,,,https://twitter.com/nocontextpawnee/status/1229502848641032192,1229502848641032192,2863580894
2020-02-17 20:22:33+00:00,nocontextpawnee,yoo_cheese,0,0,2,ME TOO,,Mon Feb 17 20:22:33 +0000 2020,,,,https://twitter.com/nocontextpawnee/status/1229501409021681664,1229501409021681664,2863580894
2020-02-17 20:19:45+00:00,nocontextpawnee,,0,11,252,"(also hi if you're not watching Retta in Good Girls, you should fix that.)",,Mon Feb 17 20:19:45 +0000 2020,,,,https://twitter.com/nocontextpawnee/status/1229500704961658885,1229500704961658885,2863580894
2020-02-17 20:18:55+00:00,nocontextpawnee,,7,338,3524,,,Mon Feb 17 20:18:55 +0000 2020,,,,https://twitter.com/nocontextpawnee/status/1229500492625006593,1229500492625006593,2863580894
2020-02-17 04:39:53+00:00,nocontextpawnee,,2,246,2954,,,Mon Feb 17 04:39:53 +0000 2020,,,,https://twitter.com/nocontextpawnee/status/1229264179778879488,1229264179778879488,2863580894
2020-02-16 23:23:53+00:00,nocontextpawnee,emotrxshh,0,0,1,Not 100% sure but pretty likely it’ll be on Hulu,,Sun Feb 16 23:23:53 +0000 2020,,,,https://twitter.com/nocontextpawnee/status/1229184653044531200,1229184653044531200,2863580894
