date,username,to,replies,retweets,favorites,text,mentions,formatted_date,geo,hashtags,urls,permalink,ID,author_id
2020-02-27 19:03:40+00:00,norakushti,Sonnka,1,0,1,In Winston Churchill-),,Thu Feb 27 19:03:40 +0000 2020,,,,https://twitter.com/norakushti/status/1233105435718230021,1233105435718230021,41375518
2020-02-27 17:10:18+00:00,norakushti,UNDPAlbania,0,4,6,Watch this video and be shocked by lack of public reaction and indifference. But some did their best to help- one in particular. Find out who- Violence against women is everybody’s business,,Thu Feb 27 17:10:18 +0000 2020,,,https://twitter.com/UNDPAlbania/status/1233026252761636864,https://twitter.com/norakushti/status/1233076905705975808,1233076905705975808,41375518
2020-02-26 21:12:04+00:00,norakushti,,6,46,126,5 women have been killed by men in less than 2 months in Albania- This is horrible. All society should react against this monstrous crime. Don’t tolerate any form of #violenceagainstwomen. #UNDP appeal:,,Wed Feb 26 21:12:04 +0000 2020,,#violenceagainstwomen #UNDP,,https://twitter.com/norakushti/status/1232775359508164608,1232775359508164608,41375518
2020-02-26 17:35:32+00:00,norakushti,,0,6,15,"#FreeLegalAid is a #humanright Great news 4vulnerable women&amp; men in Fier who can’t afford legal aid. Today @UNDPAlbania w/ support from @ADCinAlbania reopened the free legal aid center housed at Fier District Court, which will provide primary &amp; secondary free legal aid services",@UNDPAlbania @ADCinAlbania,Wed Feb 26 17:35:32 +0000 2020,,#FreeLegalAid #humanright,,https://twitter.com/norakushti/status/1232720868427681792,1232720868427681792,41375518
2020-02-25 20:41:00+00:00,norakushti,,1,1,11,"“Those who never change their mind, never change anything”- Watching Winston Churchill @netflix",@netflix,Tue Feb 25 20:41:00 +0000 2020,,,,https://twitter.com/norakushti/status/1232405153858379778,1232405153858379778,41375518
2020-02-23 22:44:39+00:00,norakushti,,0,0,2,Malena Ernman on daughter Greta Thunberg: ‘She was slowly disappearing into some kind of darkness’,,Sun Feb 23 22:44:39 +0000 2020,,,https://www.theguardian.com/environment/2020/feb/23/great-thunberg-malena-ernman-our-house-is-on-fire-memoir-extract?CMP=share_btn_tw,https://twitter.com/norakushti/status/1231711494989111297,1231711494989111297,41375518
2020-02-23 12:35:39+00:00,norakushti,,1,1,14,Te verteta historike nga At Zef Pellumbi te sjella sic vetem ai dinte...,,Sun Feb 23 12:35:39 +0000 2020,,,,https://twitter.com/norakushti/status/1231558235766894594,1231558235766894594,41375518
2020-02-22 08:41:49+00:00,norakushti,,0,1,6,"Finland, Belgium, the Netherlands and Austria are the happiest nations in the European Union | World Economic Forum",,Sat Feb 22 08:41:49 +0000 2020,,,https://www.weforum.org/agenda/2019/11/happiness-europe-survey-satisfaction-eu-eurostat/,https://twitter.com/norakushti/status/1231137003397373955,1231137003397373955,41375518
2020-02-22 08:39:09+00:00,norakushti,UNDPAlbania,0,0,3,This is fun. You can have your say on #ClimateChange. I played and voted. You can do the same if you want to,,Sat Feb 22 08:39:09 +0000 2020,,#ClimateChange,https://twitter.com/UNDPAlbania/status/1231135588616634368,https://twitter.com/norakushti/status/1231136331901829120,1231136331901829120,41375518
2020-02-22 08:29:25+00:00,norakushti,,0,2,3,@UNDP uses video game to carry our 'world's biggest' climate change survey https://www.businessgreen.com/4010816/ via @businessgreen,@UNDP @BusinessGreen,Sat Feb 22 08:29:25 +0000 2020,,,https://www.businessgreen.com/4010816/,https://twitter.com/norakushti/status/1231133881748856833,1231133881748856833,41375518
2020-02-21 08:41:50+00:00,norakushti,,0,1,6,@UN news: More than $1 billion pledged for post-earthquake recovery in Albania,@UN,Fri Feb 21 08:41:50 +0000 2020,,,https://shar.es/a3Ntm0,https://twitter.com/norakushti/status/1230774619331710976,1230774619331710976,41375518
2020-02-15 20:42:17+00:00,norakushti,,1,0,1,@British_Airways- The best customer support. Thank you!,@British_Airways,Sat Feb 15 20:42:17 +0000 2020,,,,https://twitter.com/norakushti/status/1228781599019487234,1228781599019487234,41375518
2020-02-15 16:37:55+00:00,norakushti,British_Airways,0,0,0,Stay safe Tony!,,Sat Feb 15 16:37:55 +0000 2020,,,,https://twitter.com/norakushti/status/1228720102138372098,1228720102138372098,41375518
2020-02-15 16:20:47+00:00,norakushti,British_Airways,1,0,0,Tomy- a million thanks- I Did receive the email with the confirmation- You guys are super responsive- Rarely does one find instant help like you do provide- I wish you a great rest of the day!,,Sat Feb 15 16:20:47 +0000 2020,,,,https://twitter.com/norakushti/status/1228715790456754178,1228715790456754178,41375518
2020-02-15 16:12:42+00:00,norakushti,norakushti,1,0,0,Thanks v much from the support from #Tony- Greatly appreciated-,,Sat Feb 15 16:12:42 +0000 2020,,#Tony,,https://twitter.com/norakushti/status/1228713756819148806,1228713756819148806,41375518
2020-02-15 15:52:48+00:00,norakushti,British_Airways,1,0,0,I have been sending DM and indeed I spoke to a super responsible customer assistant who was vety helpful but i am no longer getting feedback,,Sat Feb 15 15:52:48 +0000 2020,,,,https://twitter.com/norakushti/status/1228708747557720064,1228708747557720064,41375518
2020-02-15 13:41:03+00:00,norakushti,British_Airways,0,0,0,I did send you a private message. Thank u for looking into it,,Sat Feb 15 13:41:03 +0000 2020,,,,https://twitter.com/norakushti/status/1228675590326308866,1228675590326308866,41375518
2020-02-15 12:14:49+00:00,norakushti,,1,0,0,@British_Airways - Trying to reach a customer care - impossible. Can one do flight rebooking to london tonight considering the storm? How can one contact a customer care person? Thanks for letting us know,@British_Airways,Sat Feb 15 12:14:49 +0000 2020,,,,https://twitter.com/norakushti/status/1228653890427662337,1228653890427662337,41375518
2020-02-15 11:24:49+00:00,norakushti,HeathrowAirport,1,0,0,Thanks @HeathrowAirport for the quick response,@HeathrowAirport,Sat Feb 15 11:24:49 +0000 2020,,,,https://twitter.com/norakushti/status/1228641309587582976,1228641309587582976,41375518
2020-02-15 11:00:30+00:00,norakushti,,2,1,2,#StormDennis - @HeathrowAirport - Are flights to London being cancelled today? Thanks for any info,@HeathrowAirport,Sat Feb 15 11:00:30 +0000 2020,,#StormDennis,,https://twitter.com/norakushti/status/1228635187434663936,1228635187434663936,41375518
2020-02-09 14:44:03+00:00,norakushti,natalie_bloomer,1,0,0,He will live in your memories forever and you are a genuine copy of your dad,,Sun Feb 09 14:44:03 +0000 2020,,,,https://twitter.com/norakushti/status/1226517120877547522,1226517120877547522,41375518
2020-02-08 19:14:01+00:00,norakushti,UNDPAlbania,1,3,12,Projects that instill hope..,,Sat Feb 08 19:14:01 +0000 2020,,,https://twitter.com/UNDPAlbania/status/1225817434134925314,https://twitter.com/norakushti/status/1226222672872431617,1226222672872431617,41375518
2020-02-04 11:07:34+00:00,norakushti,,0,0,2,@TelekomAlbania - a trusted partner of Albania in the Telecommunications sector. Super event “One Vision” in p’ship w / @ericsson 2 launch courageous technological advancements- Investments in #technology &amp; to the most important capital of the company- it’s #People @Orni2004,@TelekomAlbania @ericsson @Orni2004,Tue Feb 04 11:07:34 +0000 2020,,#technology #People,,https://twitter.com/norakushti/status/1224650700044546049,1224650700044546049,41375518
2020-02-02 18:38:35+00:00,norakushti,,0,0,4,"It raises the prospect of a 'one-size-fits-all' cancer treatment, a single type of T-cell that could be capable of destroying many different types of cancers across the population.",,Sun Feb 02 18:38:35 +0000 2020,,,https://www.bbc.com/news/health-51182451,https://twitter.com/norakushti/status/1224039425476321282,1224039425476321282,41375518
2020-02-02 07:36:49+00:00,norakushti,,0,0,11,02.02.2020- Today is #PalindromeDay -the same forwards and backwards.This happens 4 the first time in 900 year. Previously it was on 11.11.1111. Next one will be on 03.03.3030 Good luck to everyone!,,Sun Feb 02 07:36:49 +0000 2020,,#PalindromeDay,,https://twitter.com/norakushti/status/1223872888224329728,1223872888224329728,41375518
2020-02-01 17:13:54+00:00,norakushti,,0,5,32,Shala River is a secret paradise in North Albania. Breathtaking beauty. #Govisit,,Sat Feb 01 17:13:54 +0000 2020,,#Govisit,,https://twitter.com/norakushti/status/1223655727853641730,1223655727853641730,41375518
2020-01-31 17:29:18+00:00,norakushti,,0,1,3,Brexit: UK is leaving the EU but remains in the departure lounge,,Fri Jan 31 17:29:18 +0000 2020,,,https://www.bbc.com/news/uk-politics-51319767,https://twitter.com/norakushti/status/1223297215411650561,1223297215411650561,41375518
2020-01-30 18:59:56+00:00,norakushti,JeffBezos,0,0,0,A must watch! What did people do when such “gadgets” did not exist? Surely - they found the way,,Thu Jan 30 18:59:56 +0000 2020,,,https://twitter.com/JeffBezos/status/1222572705066536961,https://twitter.com/norakushti/status/1222957637807083522,1222957637807083522,41375518
2020-01-30 12:14:13+00:00,norakushti,,0,2,10,The beautiful story of Albania saving the Jews during World War II- The Promise: Why Albanians Saved So Many Jews:,,Thu Jan 30 12:14:13 +0000 2020,,,https://www.rferl.org/a/the-promise-why-albanians-saved-so-many-jews-during-world-war-ii/30395615.html,https://twitter.com/norakushti/status/1222855532144361480,1222855532144361480,41375518
2020-01-30 07:11:23+00:00,norakushti,IamLindseyG,0,0,0,..and not only- I hope it rings a bell home too,,Thu Jan 30 07:11:23 +0000 2020,,,https://twitter.com/IamLindseyG/status/1222318751564980225,https://twitter.com/norakushti/status/1222779325323325442,1222779325323325442,41375518
2020-01-16 22:05:07+00:00,norakushti,,0,2,23,#Tirana once upon a time..,,Thu Jan 16 22:05:07 +0000 2020,,#Tirana,,https://twitter.com/norakushti/status/1217930807937052672,1217930807937052672,41375518
2020-01-15 11:59:58+00:00,norakushti,,0,7,20,Children with disabilities? No way- Children with special abilities & talents- rich. Impressed with drawings of children at the Shijak Multifunctional Community Center established by @UNDPAlbania w/ support from #SwissGov- who have joined hands to advance social inclusion in ,@UNDPAlbania,Wed Jan 15 11:59:58 +0000 2020,,#SwissGov,,https://twitter.com/norakushti/status/1217416127795679232,1217416127795679232,41375518
2020-01-11 09:47:44+00:00,norakushti,,0,5,10,.@UNDPAlbania : A new Community Center in Ura Vajgurore will provide social care services to vulnerable population | UNDP in Albania,@UNDPAlbania,Sat Jan 11 09:47:44 +0000 2020,,,https://www.al.undp.org/content/albania/en/home/presscenter/pressreleases/2019/a-new-community-center-in-ura-vajgurore-will-provide-social-care.html#.XhmZnoOLziM.twitter,https://twitter.com/norakushti/status/1215933302454005760,1215933302454005760,41375518
2020-01-10 19:11:37+00:00,norakushti,,0,0,23,"Red sky at night, shepherd's delight.. About the #sky tonight",,Fri Jan 10 19:11:37 +0000 2020,,#sky,,https://twitter.com/norakushti/status/1215712816684027904,1215712816684027904,41375518
