date,username,to,replies,retweets,favorites,text,mentions,formatted_date,geo,hashtags,urls,permalink,ID,author_id
2020-02-28 19:00:53+00:00,o8jgr,trin6a,0,0,0,yikes,,Fri Feb 28 19:00:53 +0000 2020,,,,https://twitter.com/o8jgr/status/1233467124867379206,1233467124867379206,306243869
2020-02-28 09:50:45+00:00,o8jgr,,1,2,14,i hate airports and airplanes brooo it’s 2020 where tf is teleportation,,Fri Feb 28 09:50:45 +0000 2020,,,,https://twitter.com/o8jgr/status/1233328677745831936,1233328677745831936,306243869
2020-02-28 08:07:36+00:00,o8jgr,usedwifi,0,0,1,“had a poem published”,,Fri Feb 28 08:07:36 +0000 2020,,,https://twitter.com/usedwifi/status/1233223692080910336,https://twitter.com/o8jgr/status/1233302719621931010,1233302719621931010,306243869
2020-02-28 07:18:16+00:00,o8jgr,,0,0,3,i don’t like seeing groups of men having a good time bc i just KNOW they’re bonding over misogyny,,Fri Feb 28 07:18:16 +0000 2020,,,,https://twitter.com/o8jgr/status/1233290301747474434,1233290301747474434,306243869
2020-02-27 15:10:04+00:00,o8jgr,astrogrIz,1,0,4,false. a libra would not entertain a taurus and their delusions like that,,Thu Feb 27 15:10:04 +0000 2020,,,https://twitter.com/astrogrIz/status/1232969941055344643,https://twitter.com/o8jgr/status/1233046649867505664,1233046649867505664,306243869
2020-02-27 12:57:31+00:00,o8jgr,,0,0,0,some of yall talk so much but say so little,,Thu Feb 27 12:57:31 +0000 2020,,,,https://twitter.com/o8jgr/status/1233013289489223680,1233013289489223680,306243869
2020-02-26 21:17:17+00:00,o8jgr,hamdikadriu,0,0,4,he just broke the matrix,,Wed Feb 26 21:17:17 +0000 2020,,,https://twitter.com/hamdikadriu/status/1229014180470120449,https://twitter.com/o8jgr/status/1232776674078527489,1232776674078527489,306243869
2020-02-26 18:42:37+00:00,o8jgr,klarakami,1,0,1,those thangs thanging,,Wed Feb 26 18:42:37 +0000 2020,,,,https://twitter.com/o8jgr/status/1232737750132183041,1232737750132183041,306243869
2020-02-26 11:05:33+00:00,o8jgr,,0,0,4,,,Wed Feb 26 11:05:33 +0000 2020,,,,https://twitter.com/o8jgr/status/1232622726155767808,1232622726155767808,306243869
2020-02-25 22:42:22+00:00,o8jgr,zabrinjavate_me,0,0,2,LMAOOOO,,Tue Feb 25 22:42:22 +0000 2020,,,https://twitter.com/zabrinjavate_me/status/1232383813281624066,https://twitter.com/o8jgr/status/1232435699418222593,1232435699418222593,306243869
2020-02-25 22:41:19+00:00,o8jgr,rnasttt,1,0,1,if not for panic then what do we even have?,,Tue Feb 25 22:41:19 +0000 2020,,,,https://twitter.com/o8jgr/status/1232435432593346560,1232435432593346560,306243869
2020-02-25 22:27:39+00:00,o8jgr,chrislongview,0,0,1,what the hell is wrong with people,,Tue Feb 25 22:27:39 +0000 2020,,,https://twitter.com/chrislongview/status/1232160133813329922,https://twitter.com/o8jgr/status/1232431991917707265,1232431991917707265,306243869
2020-02-24 17:11:13+00:00,o8jgr,zultansultan,0,0,0,"therefore equal and capable of making their own decisions, right?",,Mon Feb 24 17:11:13 +0000 2020,,,,https://twitter.com/o8jgr/status/1231989973756325888,1231989973756325888,306243869
2020-02-24 13:56:57+00:00,o8jgr,zultansultan,1,0,1,honestly yea but anyways what does that make her if the husband is the shepherd,,Mon Feb 24 13:56:57 +0000 2020,,,,https://twitter.com/o8jgr/status/1231941082721771520,1231941082721771520,306243869
2020-02-24 13:48:12+00:00,o8jgr,zultansultan,1,0,1,so does that make her a sheep,,Mon Feb 24 13:48:12 +0000 2020,,,https://twitter.com/zultansultan/status/1231627784813809664,https://twitter.com/o8jgr/status/1231938880447840256,1231938880447840256,306243869
2020-02-24 13:46:41+00:00,o8jgr,,0,1,2,what a crazy fucking year,,Mon Feb 24 13:46:41 +0000 2020,,,,https://twitter.com/o8jgr/status/1231938499093389313,1231938499093389313,306243869
2020-02-24 10:48:09+00:00,o8jgr,ahotperson,0,0,1,hmmm sounds like excuses,,Mon Feb 24 10:48:09 +0000 2020,,,,https://twitter.com/o8jgr/status/1231893572334620672,1231893572334620672,306243869
2020-02-24 10:20:23+00:00,o8jgr,ahotperson,1,0,1,stop dancing around it and just delete the whole thing already,,Mon Feb 24 10:20:23 +0000 2020,,,,https://twitter.com/o8jgr/status/1231886582401118208,1231886582401118208,306243869
2020-02-23 17:25:03+00:00,o8jgr,,0,1,7,firenze type beat,,Sun Feb 23 17:25:03 +0000 2020,,,,https://twitter.com/o8jgr/status/1231631067460882433,1231631067460882433,306243869
2020-02-23 14:27:39+00:00,o8jgr,,0,0,6,just a drunk and hungry girl waiting for her pizza,,Sun Feb 23 14:27:39 +0000 2020,,,,https://twitter.com/o8jgr/status/1231586421049380864,1231586421049380864,306243869
2020-02-22 12:53:26+00:00,o8jgr,ThuggerDaily,0,0,3,historically speaking it wasn’t a good night out unless whoever was on aux at the pregame played this for me,,Sat Feb 22 12:53:26 +0000 2020,,,https://twitter.com/ThuggerDaily/status/1231005095778803712,https://twitter.com/o8jgr/status/1231200323903086593,1231200323903086593,306243869
2020-02-22 02:45:32+00:00,o8jgr,,0,0,1,actually... i don’t think i even trust them in general,,Sat Feb 22 02:45:32 +0000 2020,,,,https://twitter.com/o8jgr/status/1231047342008262656,1231047342008262656,306243869
2020-02-22 02:37:08+00:00,o8jgr,,1,0,1,i don’t trust democrats/ liberals who “respect other political beliefs” lmao foh with that,,Sat Feb 22 02:37:08 +0000 2020,,,,https://twitter.com/o8jgr/status/1231045227214966784,1231045227214966784,306243869
2020-02-21 19:51:51+00:00,o8jgr,RitaOra,0,0,2,like u can’t pay someone to do it for u,,Fri Feb 21 19:51:51 +0000 2020,,,https://twitter.com/RitaOra/status/1229871854426263552,https://twitter.com/o8jgr/status/1230943232382685184,1230943232382685184,306243869
2020-02-20 21:08:18+00:00,o8jgr,shegonsuck,0,0,2,dude,,Thu Feb 20 21:08:18 +0000 2020,,,https://twitter.com/shegonsuck/status/1230323216993771520,https://twitter.com/o8jgr/status/1230600086947848217,1230600086947848217,306243869
2020-02-17 22:14:54+00:00,o8jgr,o8jgr,0,0,0,relentless lol,,Mon Feb 17 22:14:54 +0000 2020,,,,https://twitter.com/o8jgr/status/1229529680958627840,1229529680958627840,306243869
2020-02-17 22:14:28+00:00,o8jgr,millahoevovich,1,0,0,the reletntless nostalgia bait ,,Mon Feb 17 22:14:28 +0000 2020,,,,https://twitter.com/o8jgr/status/1229529574146482176,1229529574146482176,306243869
2020-02-16 23:48:37+00:00,o8jgr,,0,0,0,when u shower do u,,Sun Feb 16 23:48:37 +0000 2020,,,,https://twitter.com/o8jgr/status/1229190878306209797,1229190878306209797,306243869
2020-02-16 23:13:25+00:00,o8jgr,vickiho,0,16,83,do the white melanin queens in prishtine next,,Sun Feb 16 23:13:25 +0000 2020,,,https://twitter.com/vickiho/status/1228002521832022016,https://twitter.com/o8jgr/status/1229182020124889088,1229182020124889088,306243869
2020-02-16 13:57:42+00:00,o8jgr,klarakami,0,0,0,or math-adjacent shit like finances lol,,Sun Feb 16 13:57:42 +0000 2020,,,,https://twitter.com/o8jgr/status/1229042168121249792,1229042168121249792,306243869
2020-02-15 18:45:02+00:00,o8jgr,,0,1,8,me: hey let’s hang out! lmk when ur free friend:,,Sat Feb 15 18:45:02 +0000 2020,,,,https://twitter.com/o8jgr/status/1228752093588205570,1228752093588205570,306243869
2020-02-15 18:06:34+00:00,o8jgr,LEVIRIAJ1,0,0,3,everyone say thank you ms walker,,Sat Feb 15 18:06:34 +0000 2020,,,https://twitter.com/LEVIRIAJ1/status/1228591971406635013,https://twitter.com/o8jgr/status/1228742412752871425,1228742412752871425,306243869
2020-02-13 22:56:24+00:00,o8jgr,fuckyouwing,0,0,1,ur stronger than the troops,,Thu Feb 13 22:56:24 +0000 2020,,,,https://twitter.com/o8jgr/status/1228090575020273666,1228090575020273666,306243869
2020-02-13 22:55:20+00:00,o8jgr,explicitxshady,0,0,3,my personal hell,,Thu Feb 13 22:55:20 +0000 2020,,,https://twitter.com/explicitxshady/status/1227710737163988993,https://twitter.com/o8jgr/status/1228090305825693697,1228090305825693697,306243869
2020-02-13 22:32:18+00:00,o8jgr,fuckyouwing,1,0,1,a whole jar of nutella??,,Thu Feb 13 22:32:18 +0000 2020,,,,https://twitter.com/o8jgr/status/1228084509670887424,1228084509670887424,306243869
2020-02-13 15:09:01+00:00,o8jgr,ImTheReasonWhy,0,0,2,in nyc it’s $38.73 tax not included,,Thu Feb 13 15:09:01 +0000 2020,,,https://twitter.com/ImTheReasonWhy/status/1227691802687393793,https://twitter.com/o8jgr/status/1227972953872240640,1227972953872240640,306243869
2020-02-13 15:06:27+00:00,o8jgr,klarakami,1,0,1,i read this as “shrink” and was like ok mood,,Thu Feb 13 15:06:27 +0000 2020,,,,https://twitter.com/o8jgr/status/1227972308456935424,1227972308456935424,306243869
2020-02-13 10:58:21+00:00,o8jgr,,0,0,2,i love being tall at least my genes did this one thing right,,Thu Feb 13 10:58:21 +0000 2020,,,,https://twitter.com/o8jgr/status/1227909872806768640,1227909872806768640,306243869
2020-02-13 00:28:09+00:00,o8jgr,r_udina,1,0,1,lmaooo the blandness,,Thu Feb 13 00:28:09 +0000 2020,,,,https://twitter.com/o8jgr/status/1227751276953378816,1227751276953378816,306243869
2020-02-13 00:22:03+00:00,o8jgr,,2,0,3,what’s the most random high snack u’ve eaten before? mine was salted potato chips with peanut butter and sriracha on top...it smacked ngl,,Thu Feb 13 00:22:03 +0000 2020,,,,https://twitter.com/o8jgr/status/1227749743352274944,1227749743352274944,306243869
2020-02-13 00:18:23+00:00,o8jgr,Nayaontherun,0,0,2,o mmmmy god,,Thu Feb 13 00:18:23 +0000 2020,,,https://twitter.com/Nayaontherun/status/1227465109796261888,https://twitter.com/o8jgr/status/1227748816868298752,1227748816868298752,306243869
2020-02-12 13:55:43+00:00,o8jgr,klarakami,0,0,3,bros being bros,,Wed Feb 12 13:55:43 +0000 2020,,,,https://twitter.com/o8jgr/status/1227592119826702337,1227592119826702337,306243869
2020-02-11 18:59:41+00:00,o8jgr,millahoevovich,0,0,0,bc he really thought he was saying something,,Tue Feb 11 18:59:41 +0000 2020,,,,https://twitter.com/o8jgr/status/1227306226326872065,1227306226326872065,306243869
2020-02-11 18:24:55+00:00,o8jgr,,0,0,0,honorable mention: first three seasons of arrested development,,Tue Feb 11 18:24:55 +0000 2020,,,,https://twitter.com/o8jgr/status/1227297478057365504,1227297478057365504,306243869
2020-02-11 18:19:46+00:00,o8jgr,thesalteater,3,0,3,5 shows to get to know me in no particular order: mad men fleabag the sopranos pose bojack horseman,,Tue Feb 11 18:19:46 +0000 2020,,,https://twitter.com/thesalteater/status/1227239816204603397,https://twitter.com/o8jgr/status/1227296181740560386,1227296181740560386,306243869
2020-02-11 16:56:11+00:00,o8jgr,_the1chris,2,0,2,but u can fully relate to the money aspect right?,,Tue Feb 11 16:56:11 +0000 2020,,,https://twitter.com/_the1chris/status/1227198810109173761,https://twitter.com/o8jgr/status/1227275148987977732,1227275148987977732,306243869
2020-02-11 13:37:58+00:00,o8jgr,_Adunnss__,1,53,246,imagine sending this to your albanian family,,Tue Feb 11 13:37:58 +0000 2020,,,https://twitter.com/_Adunnss__/status/1227051955329130498,https://twitter.com/o8jgr/status/1227225264620494848,1227225264620494848,306243869
2020-02-09 01:32:14+00:00,o8jgr,,0,0,1,i miss trader joe’s,,Sun Feb 09 01:32:14 +0000 2020,,,,https://twitter.com/o8jgr/status/1226317851340025857,1226317851340025857,306243869
2020-02-06 21:51:12+00:00,o8jgr,DelunaJavier,0,0,1,how exactly do u whitewash white people? there literally are white muslims and white middle easterners...u really can’t grasp this concept huh?,,Thu Feb 06 21:51:12 +0000 2020,,,,https://twitter.com/o8jgr/status/1225537451973890048,1225537451973890048,306243869
2020-02-06 20:05:16+00:00,o8jgr,DelunaJavier,0,0,0,alright ur definitely dumb goodbye,,Thu Feb 06 20:05:16 +0000 2020,,,,https://twitter.com/o8jgr/status/1225510792713375744,1225510792713375744,306243869
2020-02-06 19:56:06+00:00,o8jgr,DelunaJavier,0,0,0,you’re gonna say it because it’s the truth lol,,Thu Feb 06 19:56:06 +0000 2020,,,,https://twitter.com/o8jgr/status/1225508487247077377,1225508487247077377,306243869
2020-02-06 19:51:25+00:00,o8jgr,DelunaJavier,0,0,0,"bro what are u even on about lmfao ur just talking nonsense at this point. there is a difference between race, nationality, and ethnicity. albanians, in this case, are white",,Thu Feb 06 19:51:25 +0000 2020,,,,https://twitter.com/o8jgr/status/1225507307599081472,1225507307599081472,306243869
2020-02-06 19:45:54+00:00,o8jgr,DelunaJavier,0,0,0,still white,,Thu Feb 06 19:45:54 +0000 2020,,,,https://twitter.com/o8jgr/status/1225505918101663748,1225505918101663748,306243869
2020-02-06 19:45:06+00:00,o8jgr,DelunaJavier,1,0,0,i’m albanian babe...lmfaoo u do know there’s white latinos right? u do know there’s a difference between nationality and race? albanians are white,,Thu Feb 06 19:45:06 +0000 2020,,,,https://twitter.com/o8jgr/status/1225505716334727171,1225505716334727171,306243869
2020-02-06 13:17:51+00:00,o8jgr,andrranu,0,0,2,simple: just call them all bebi hahahaha,,Thu Feb 06 13:17:51 +0000 2020,,,,https://twitter.com/o8jgr/status/1225408264659230722,1225408264659230722,306243869
2020-02-06 13:16:12+00:00,o8jgr,andrranu,1,0,0,i’m fine with that lol,,Thu Feb 06 13:16:12 +0000 2020,,,,https://twitter.com/o8jgr/status/1225407846268968965,1225407846268968965,306243869
2020-02-06 08:06:54+00:00,o8jgr,DelunaJavier,1,0,0,she’s albanian,,Thu Feb 06 08:06:54 +0000 2020,,,,https://twitter.com/o8jgr/status/1225330009784668160,1225330009784668160,306243869
2020-02-04 23:43:52+00:00,o8jgr,klarakami,0,0,0,it was my fav post-breakdown impulsive decision lmao highly recommend,,Tue Feb 04 23:43:52 +0000 2020,,,,https://twitter.com/o8jgr/status/1224841030450786304,1224841030450786304,306243869
2020-02-03 20:32:29+00:00,o8jgr,LonnieLennox,0,0,1,i love her sm,,Mon Feb 03 20:32:29 +0000 2020,,,https://twitter.com/LonnieLennox/status/1224386647598555138,https://twitter.com/o8jgr/status/1224430477722828800,1224430477722828800,306243869
2020-02-03 18:41:59+00:00,o8jgr,fdesbml,0,0,3,my friends and i having dress up competitions at third grade sleepovers,,Mon Feb 03 18:41:59 +0000 2020,,,https://twitter.com/fdesbml/status/1224020326746599425,https://twitter.com/o8jgr/status/1224402670770958336,1224402670770958336,306243869
2020-02-03 18:33:27+00:00,o8jgr,,0,0,10,feb 3,,Mon Feb 03 18:33:27 +0000 2020,,,,https://twitter.com/o8jgr/status/1224400524474224641,1224400524474224641,306243869
2020-02-03 00:13:59+00:00,o8jgr,coolado_,0,0,0,lmfaooo what the hell,,Mon Feb 03 00:13:59 +0000 2020,,,https://twitter.com/coolado_/status/1224090511222292480,https://twitter.com/o8jgr/status/1224123833998872576,1224123833998872576,306243869
2020-02-02 23:15:25+00:00,o8jgr,,0,0,1,so amber heard is a taurus...quite inchresting,,Sun Feb 02 23:15:25 +0000 2020,,,,https://twitter.com/o8jgr/status/1224109093226516480,1224109093226516480,306243869
2020-02-02 22:46:36+00:00,o8jgr,tw1tterg1rl,1,0,6,...she is,,Sun Feb 02 22:46:36 +0000 2020,,,,https://twitter.com/o8jgr/status/1224101840503156736,1224101840503156736,306243869
2020-02-02 12:03:05+00:00,o8jgr,InactionNever,0,0,4,FUCK i’m so sad,,Sun Feb 02 12:03:05 +0000 2020,,,https://twitter.com/InactionNever/status/1223754344723550210,https://twitter.com/o8jgr/status/1223939895808417792,1223939895808417792,306243869
2020-02-01 18:17:56+00:00,o8jgr,SYTEBAND,1,1,3,tell me why my eyes got all teary,,Sat Feb 01 18:17:56 +0000 2020,,,,https://twitter.com/o8jgr/status/1223671842902290433,1223671842902290433,306243869
2020-02-01 15:20:14+00:00,o8jgr,,0,0,2,insecure guys get a hot gf and no longer want her to be hot lol ladies stop fucking with these lames plsss,,Sat Feb 01 15:20:14 +0000 2020,,,,https://twitter.com/o8jgr/status/1223627122918510592,1223627122918510592,306243869
2020-02-01 01:42:43+00:00,o8jgr,klarakami,0,0,0,,,Sat Feb 01 01:42:43 +0000 2020,,,,https://twitter.com/o8jgr/status/1223421388633051136,1223421388633051136,306243869
2020-01-31 01:36:16+00:00,o8jgr,,1,0,4,i’ve been told i look like a lot of people that i look nothing like but paris hilton is definitely a new one lmfao,,Fri Jan 31 01:36:16 +0000 2020,,,,https://twitter.com/o8jgr/status/1223057376863051777,1223057376863051777,306243869
2020-01-30 12:59:16+00:00,o8jgr,villanellesdany,1,0,8,why are yall so horny for this man,,Thu Jan 30 12:59:16 +0000 2020,,,https://twitter.com/villanellesdany/status/1222536477948760064,https://twitter.com/o8jgr/status/1222866870035976197,1222866870035976197,306243869
2020-01-30 12:13:37+00:00,o8jgr,,0,0,8,existence check,,Thu Jan 30 12:13:37 +0000 2020,,,,https://twitter.com/o8jgr/status/1222855381749260289,1222855381749260289,306243869
2020-01-27 21:19:31+00:00,o8jgr,dzdznzd,0,2,8,much to consider,,Mon Jan 27 21:19:31 +0000 2020,,,https://twitter.com/dzdznzd/status/1221501632434900993,https://twitter.com/o8jgr/status/1221905601397059586,1221905601397059586,306243869
2020-01-27 19:34:22+00:00,o8jgr,,0,0,13,today in rome,,Mon Jan 27 19:34:22 +0000 2020,,,,https://twitter.com/o8jgr/status/1221879138140729353,1221879138140729353,306243869
2020-01-24 00:41:03+00:00,o8jgr,,0,1,8,the whole “show ur ex what they’re missing” culture is so funny like...i really don’t think that mf cares babe,,Fri Jan 24 00:41:03 +0000 2020,,,,https://twitter.com/o8jgr/status/1220506765030318081,1220506765030318081,306243869
2020-01-23 11:55:21+00:00,o8jgr,,0,0,6,white people with locs will never be it,,Thu Jan 23 11:55:21 +0000 2020,,,,https://twitter.com/o8jgr/status/1220314071314173957,1220314071314173957,306243869
2020-01-22 19:01:23+00:00,o8jgr,,0,0,0,cherry,,Wed Jan 22 19:01:23 +0000 2020,,,,https://twitter.com/o8jgr/status/1220058899669188610,1220058899669188610,306243869
2020-01-21 17:22:43+00:00,o8jgr,,0,0,2,bro,,Tue Jan 21 17:22:43 +0000 2020,,,,https://twitter.com/o8jgr/status/1219671677904310272,1219671677904310272,306243869
2020-01-20 20:08:59+00:00,o8jgr,nninacc,1,0,1,she has sex,,Mon Jan 20 20:08:59 +0000 2020,,,,https://twitter.com/o8jgr/status/1219351133765951493,1219351133765951493,306243869
2020-01-19 14:39:16+00:00,o8jgr,,0,0,6,what’s today’s mood looking like?,,Sun Jan 19 14:39:16 +0000 2020,,,,https://twitter.com/o8jgr/status/1218905772047896578,1218905772047896578,306243869
2020-01-17 14:32:54+00:00,o8jgr,ahotperson,1,0,0,must be nice down there among civilization and sun,,Fri Jan 17 14:32:54 +0000 2020,,,,https://twitter.com/o8jgr/status/1218179393715130374,1218179393715130374,306243869
2020-01-17 14:31:01+00:00,o8jgr,ahotperson,1,0,0,mmm yes loves it,,Fri Jan 17 14:31:01 +0000 2020,,,,https://twitter.com/o8jgr/status/1218178918857003010,1218178918857003010,306243869
2020-01-17 01:27:26+00:00,o8jgr,rinuugh,0,0,1,it’s getting out of hand lmao,,Fri Jan 17 01:27:26 +0000 2020,,,,https://twitter.com/o8jgr/status/1217981722672926721,1217981722672926721,306243869
2020-01-16 14:05:23+00:00,o8jgr,,1,1,4,big mood today,,Thu Jan 16 14:05:23 +0000 2020,,,,https://twitter.com/o8jgr/status/1217810081418444802,1217810081418444802,306243869
2020-01-16 01:14:30+00:00,o8jgr,,0,0,2,the universe has been giving me weird signs and i feel like something crazy might happen in the very near future,,Thu Jan 16 01:14:30 +0000 2020,,,,https://twitter.com/o8jgr/status/1217616082032373760,1217616082032373760,306243869
2020-01-15 19:38:54+00:00,o8jgr,,0,0,4,ok guys how bout a “the credit card info | the face” thread now,,Wed Jan 15 19:38:54 +0000 2020,,,,https://twitter.com/o8jgr/status/1217531624864219136,1217531624864219136,306243869
2020-01-15 18:20:44+00:00,o8jgr,Iizpurr,0,0,0,to this day!!,,Wed Jan 15 18:20:44 +0000 2020,,,,https://twitter.com/o8jgr/status/1217511951951069185,1217511951951069185,306243869
2020-01-15 17:43:04+00:00,o8jgr,elevati0n,0,0,1,ohhh good one,,Wed Jan 15 17:43:04 +0000 2020,,,,https://twitter.com/o8jgr/status/1217502472593461251,1217502472593461251,306243869
2020-01-15 17:05:55+00:00,o8jgr,,2,0,0,what’s a movie from ur childhood that gave u weird vibes or made u kind of uncomfortable? mine was fat albert,,Wed Jan 15 17:05:55 +0000 2020,,,,https://twitter.com/o8jgr/status/1217493125351997440,1217493125351997440,306243869
2020-01-15 16:50:21+00:00,o8jgr,DaveTheHerbi,0,0,1,the dairy and meat industries are so pathetic lmfao give it up babe,,Wed Jan 15 16:50:21 +0000 2020,,,https://twitter.com/DaveTheHerbi/status/1216738764351049736,https://twitter.com/o8jgr/status/1217489208346128384,1217489208346128384,306243869
2020-01-14 17:00:39+00:00,o8jgr,african_delight,0,0,5,how is it the same length on every model,,Tue Jan 14 17:00:39 +0000 2020,,,https://twitter.com/african_delight/status/1217112971161325568,https://twitter.com/o8jgr/status/1217129409381052420,1217129409381052420,306243869
2020-01-14 16:57:49+00:00,o8jgr,Iizpurr,0,0,1,a real one ,,Tue Jan 14 16:57:49 +0000 2020,,,,https://twitter.com/o8jgr/status/1217128698144534529,1217128698144534529,306243869
2020-01-14 15:46:02+00:00,o8jgr,,1,0,13,my mf baby ,,Tue Jan 14 15:46:02 +0000 2020,,,,https://twitter.com/o8jgr/status/1217110632685887489,1217110632685887489,306243869
2020-01-13 19:55:00+00:00,o8jgr,,0,0,1,just peeped that mfs brought peplum tops into 2020 and i wish i hadn’t,,Mon Jan 13 19:55:00 +0000 2020,,,,https://twitter.com/o8jgr/status/1216810900344254465,1216810900344254465,306243869
2020-01-09 02:27:59+00:00,o8jgr,,0,0,13,queen of never unpacking my shit,,Thu Jan 09 02:27:59 +0000 2020,,,,https://twitter.com/o8jgr/status/1215097856501211136,1215097856501211136,306243869
2020-01-08 17:18:57+00:00,o8jgr,,0,0,5,apparently people with big boobs suffer from colds and coughs longer than those with smaller boobs and now everything makes sense,,Wed Jan 08 17:18:57 +0000 2020,,,,https://twitter.com/o8jgr/status/1214959687688433664,1214959687688433664,306243869
2020-01-07 20:19:57+00:00,o8jgr,BacockObama,0,0,2,not the same thing at all,,Tue Jan 07 20:19:57 +0000 2020,,,https://twitter.com/BacockObama/status/1214318643019956225,https://twitter.com/o8jgr/status/1214642853009383425,1214642853009383425,306243869
2020-01-06 15:38:25+00:00,o8jgr,klarakami,0,0,0,lmaooo,,Mon Jan 06 15:38:25 +0000 2020,,,,https://twitter.com/o8jgr/status/1214209614021038083,1214209614021038083,306243869
2020-01-06 15:28:30+00:00,o8jgr,klarakami,1,0,1,ok but what’s their joint ig username,,Mon Jan 06 15:28:30 +0000 2020,,,,https://twitter.com/o8jgr/status/1214207117344813056,1214207117344813056,306243869
2020-01-06 15:26:43+00:00,o8jgr,drewscone,1,0,5,the third pic is giving me big albanian diaspora couple energy,,Mon Jan 06 15:26:43 +0000 2020,,,https://twitter.com/drewscone/status/1213287436723376128,https://twitter.com/o8jgr/status/1214206667522482176,1214206667522482176,306243869
2020-01-06 15:20:19+00:00,o8jgr,,0,0,1,my mom really about to have me out here drinking onion tea for my cough,,Mon Jan 06 15:20:19 +0000 2020,,,,https://twitter.com/o8jgr/status/1214205059917070336,1214205059917070336,306243869
