date,username,to,replies,retweets,favorites,text,mentions,formatted_date,geo,hashtags,urls,permalink,ID,author_id
2020-02-27 23:35:57+00:00,OhHvnnan,Dreamvillainess,0,0,1,FACTSSS,,Thu Feb 27 23:35:57 +0000 2020,,,https://twitter.com/Dreamvillainess/status/1233172732763869188,https://twitter.com/OhHvnnan/status/1233173956158541824,1233173956158541824,111221813
2020-02-27 23:29:55+00:00,OhHvnnan,,0,0,1,In the words of @Dreamvillainess “Fuck it we ball”,@Dreamvillainess,Thu Feb 27 23:29:55 +0000 2020,,,,https://twitter.com/OhHvnnan/status/1233172438994882560,1233172438994882560,111221813
2020-02-27 23:28:24+00:00,OhHvnnan,SaycheeseDGTL,0,0,2,Florida is just a haunted ass state cause wtf,,Thu Feb 27 23:28:24 +0000 2020,,,https://twitter.com/SaycheeseDGTL/status/1233126013565067264,https://twitter.com/OhHvnnan/status/1233172059921973251,1233172059921973251,111221813
2020-02-27 22:00:30+00:00,OhHvnnan,new_branches,0,0,1,I’m ready,,Thu Feb 27 22:00:30 +0000 2020,,,https://twitter.com/new_branches/status/1233113960343310338,https://twitter.com/OhHvnnan/status/1233149935228477440,1233149935228477440,111221813
2020-02-27 20:20:45+00:00,OhHvnnan,laurenncarterr,0,0,0,You should see what he said complete bullshit,,Thu Feb 27 20:20:45 +0000 2020,,,,https://twitter.com/OhHvnnan/status/1233124832641986560,1233124832641986560,111221813
2020-02-27 17:56:40+00:00,OhHvnnan,TheBrookeAsh,0,0,1,We listening,,Thu Feb 27 17:56:40 +0000 2020,,,https://twitter.com/TheBrookeAsh/status/1233088199024631808,https://twitter.com/OhHvnnan/status/1233088575450886145,1233088575450886145,111221813
2020-02-27 17:24:00+00:00,OhHvnnan,,0,0,6,My curls are curling,,Thu Feb 27 17:24:00 +0000 2020,,,,https://twitter.com/OhHvnnan/status/1233080354627608576,1233080354627608576,111221813
2020-02-27 16:39:08+00:00,OhHvnnan,dejaxovu,0,0,0,HE KNOWS EXACTLY WHAT HES DOING,,Thu Feb 27 16:39:08 +0000 2020,,,,https://twitter.com/OhHvnnan/status/1233069062160338944,1233069062160338944,111221813
2020-02-27 15:07:48+00:00,OhHvnnan,_JustinRichburg,0,6,6,This has been by far the worst black history month in history. Make this stop,,Thu Feb 27 15:07:48 +0000 2020,,,https://twitter.com/_JustinRichburg/status/1232811713566777348,https://twitter.com/OhHvnnan/status/1233046078251053060,1233046078251053060,111221813
2020-02-27 15:05:42+00:00,OhHvnnan,,1,0,7,This man sends me voice notes every morning and his voice ,,Thu Feb 27 15:05:42 +0000 2020,,,,https://twitter.com/OhHvnnan/status/1233045548233568256,1233045548233568256,111221813
2020-02-27 14:46:53+00:00,OhHvnnan,_therealdnice,0,1,0,Big goof smh,,Thu Feb 27 14:46:53 +0000 2020,,,,https://twitter.com/OhHvnnan/status/1233040813686427649,1233040813686427649,111221813
2020-02-27 14:39:36+00:00,OhHvnnan,,1,0,2,I guess she didn’t want to educate herself lmao https://twitter.com/OhHvnnan/status/1233033361347743745,,Thu Feb 27 14:39:36 +0000 2020,,,https://twitter.com/OhHvnnan/status/1233033361347743745,https://twitter.com/OhHvnnan/status/1233038979911626752,1233038979911626752,111221813
2020-02-27 14:05:32+00:00,OhHvnnan,KingKulmiye,0,0,1, ,,Thu Feb 27 14:05:32 +0000 2020,,,,https://twitter.com/OhHvnnan/status/1233030407446245376,1233030407446245376,111221813
2020-02-27 05:36:57+00:00,OhHvnnan,,1,0,3,I miss having this as my ringtone,,Thu Feb 27 05:36:57 +0000 2020,,,,https://twitter.com/OhHvnnan/status/1232902417915818112,1232902417915818112,111221813
2020-02-27 05:34:55+00:00,OhHvnnan,AfricanDynasty3,0,0,3,He needs that tip,,Thu Feb 27 05:34:55 +0000 2020,,,https://twitter.com/AfricanDynasty3/status/1232694592585293825,https://twitter.com/OhHvnnan/status/1232901906944557061,1232901906944557061,111221813
2020-02-27 05:33:16+00:00,OhHvnnan,,0,0,0,I’m just tired.,,Thu Feb 27 05:33:16 +0000 2020,,,,https://twitter.com/OhHvnnan/status/1232901491603755008,1232901491603755008,111221813
2020-02-27 04:48:44+00:00,OhHvnnan,uptopdwnbtm,0,0,1,I was in tears,,Thu Feb 27 04:48:44 +0000 2020,,,,https://twitter.com/OhHvnnan/status/1232890284326957056,1232890284326957056,111221813
2020-02-27 04:48:04+00:00,OhHvnnan,___SANTANAAA,0,0,1,LMFAOOOO,,Thu Feb 27 04:48:04 +0000 2020,,,https://twitter.com/___SANTANAAA/status/1232543704663150592,https://twitter.com/OhHvnnan/status/1232890118232592385,1232890118232592385,111221813
2020-02-27 04:40:35+00:00,OhHvnnan,jaync_,0,0,0, this escalated so quick,,Thu Feb 27 04:40:35 +0000 2020,,,,https://twitter.com/OhHvnnan/status/1232888232683196416,1232888232683196416,111221813
2020-02-27 04:32:43+00:00,OhHvnnan,__kshxo,1,0,0,I had mine for years i forget its even there,,Thu Feb 27 04:32:43 +0000 2020,,,,https://twitter.com/OhHvnnan/status/1232886254137696256,1232886254137696256,111221813
2020-02-27 04:30:38+00:00,OhHvnnan,__kshxo,1,0,0,I have mine too is your barbell big?,,Thu Feb 27 04:30:38 +0000 2020,,,,https://twitter.com/OhHvnnan/status/1232885730780819456,1232885730780819456,111221813
2020-02-27 04:27:13+00:00,OhHvnnan,NoBeeetch,0,0,0,OH NO,,Thu Feb 27 04:27:13 +0000 2020,,,https://twitter.com/NoBeeetch/status/1232882348586405888,https://twitter.com/OhHvnnan/status/1232884868964593665,1232884868964593665,111221813
2020-02-27 04:24:40+00:00,OhHvnnan,segaaz,1,0,0,Lmfaooo ion believe it,,Thu Feb 27 04:24:40 +0000 2020,,,,https://twitter.com/OhHvnnan/status/1232884228003635200,1232884228003635200,111221813
2020-02-27 04:24:26+00:00,OhHvnnan,hudayouthinkiam,0,0,0,Yess i need that down my throat,,Thu Feb 27 04:24:26 +0000 2020,,,,https://twitter.com/OhHvnnan/status/1232884170990456833,1232884170990456833,111221813
2020-02-27 04:23:46+00:00,OhHvnnan,ZharnaeAseliend,0,1,7,Future bae get on this level. - MGMT,,Thu Feb 27 04:23:46 +0000 2020,,,https://twitter.com/ZharnaeAseliend/status/1232693344070926336,https://twitter.com/OhHvnnan/status/1232884003377680384,1232884003377680384,111221813
2020-02-27 04:22:48+00:00,OhHvnnan,segaaz,0,0,1,Lmaooo Nah what did you do?,,Thu Feb 27 04:22:48 +0000 2020,,,https://twitter.com/segaaz/status/1232882791198707715,https://twitter.com/OhHvnnan/status/1232883756341637120,1232883756341637120,111221813
2020-02-27 04:19:23+00:00,OhHvnnan,hudayouthinkiam,1,0,0,Imma give him a manicure first lmao,,Thu Feb 27 04:19:23 +0000 2020,,,,https://twitter.com/OhHvnnan/status/1232882898266677248,1232882898266677248,111221813
2020-02-27 03:53:02+00:00,OhHvnnan,chefpolohoe,0,0,0,Lmfaooo,,Thu Feb 27 03:53:02 +0000 2020,,,,https://twitter.com/OhHvnnan/status/1232876269248950274,1232876269248950274,111221813
2020-02-27 03:52:44+00:00,OhHvnnan,damewilson9,0,0,1,Lmfaooo,,Thu Feb 27 03:52:44 +0000 2020,,,,https://twitter.com/OhHvnnan/status/1232876190706405376,1232876190706405376,111221813
2020-02-27 03:35:34+00:00,OhHvnnan,_haaalll,0,0,0,SCARY HORNY,,Thu Feb 27 03:35:34 +0000 2020,,,,https://twitter.com/OhHvnnan/status/1232871871999291393,1232871871999291393,111221813
2020-02-27 03:31:35+00:00,OhHvnnan,rahm3sh,0,0,4,They had 28 years with me I’m sure they’ll be fine.,,Thu Feb 27 03:31:35 +0000 2020,,,https://twitter.com/rahm3sh/status/1232506692732059650,https://twitter.com/OhHvnnan/status/1232870871083163655,1232870871083163655,111221813
2020-02-27 03:22:02+00:00,OhHvnnan,haulyuhass__,0,0,0, ,,Thu Feb 27 03:22:02 +0000 2020,,,,https://twitter.com/OhHvnnan/status/1232868464521510913,1232868464521510913,111221813
2020-02-27 03:21:24+00:00,OhHvnnan,,1,4,6,Can y’all stop posting that grandmas only fans for goodness sake,,Thu Feb 27 03:21:24 +0000 2020,,,,https://twitter.com/OhHvnnan/status/1232868306778042369,1232868306778042369,111221813
2020-02-27 03:19:36+00:00,OhHvnnan,got2bblue,0,1,1, festival bitches finna go crazy,,Thu Feb 27 03:19:36 +0000 2020,,,https://twitter.com/got2bblue/status/1232867712830861312,https://twitter.com/OhHvnnan/status/1232867854451716096,1232867854451716096,111221813
2020-02-27 03:17:22+00:00,OhHvnnan,got2bblue,1,0,1,Can’t forget fringes lmaoo,,Thu Feb 27 03:17:22 +0000 2020,,,https://twitter.com/got2bblue/status/1232866975560323072,https://twitter.com/OhHvnnan/status/1232867293258043393,1232867293258043393,111221813
2020-02-27 03:13:49+00:00,OhHvnnan,got2bblue,1,1,1,Right!!! Nahh I’m turning diraacs and baati into something boho chic I’m tired.,,Thu Feb 27 03:13:49 +0000 2020,,,,https://twitter.com/OhHvnnan/status/1232866399783211009,1232866399783211009,111221813
2020-02-27 03:12:12+00:00,OhHvnnan,s1msimmaaa,0,0,1,THE AUDACITY LMAO,,Thu Feb 27 03:12:12 +0000 2020,,,,https://twitter.com/OhHvnnan/status/1232865992734318594,1232865992734318594,111221813
2020-02-27 03:10:43+00:00,OhHvnnan,got2bblue,1,0,1,LMFAOOOOO SIS ,,Thu Feb 27 03:10:43 +0000 2020,,,,https://twitter.com/OhHvnnan/status/1232865617478373376,1232865617478373376,111221813
2020-02-27 02:54:17+00:00,OhHvnnan,born222live,0,0,0,Not at all,,Thu Feb 27 02:54:17 +0000 2020,,,https://twitter.com/born222live/status/1232861386461601792,https://twitter.com/OhHvnnan/status/1232861480288182272,1232861480288182272,111221813
2020-02-27 02:46:31+00:00,OhHvnnan,,4,43,98,The owner of the abomination of a clothing brand stealing ethnic cloths used for Somali traditional clothing and now gentrifying it into “Boho Chic”,,Thu Feb 27 02:46:31 +0000 2020,,,,https://twitter.com/OhHvnnan/status/1232859527009251329,1232859527009251329,111221813
2020-02-27 01:48:36+00:00,OhHvnnan,Dreamvillainess,0,0,0, ,,Thu Feb 27 01:48:36 +0000 2020,,,,https://twitter.com/OhHvnnan/status/1232844950485770240,1232844950485770240,111221813
2020-02-27 01:47:02+00:00,OhHvnnan,,0,1,7, ,,Thu Feb 27 01:47:02 +0000 2020,,,,https://twitter.com/OhHvnnan/status/1232844558884638721,1232844558884638721,111221813
2020-02-27 01:14:57+00:00,OhHvnnan,yosoynewby,0,0,2,Oh say less,,Thu Feb 27 01:14:57 +0000 2020,,,https://twitter.com/yosoynewby/status/1232811767090335744,https://twitter.com/OhHvnnan/status/1232836485268824064,1232836485268824064,111221813
2020-02-27 00:36:12+00:00,OhHvnnan,Complex,0,1,4,Am i suppose to care because i don’t,,Thu Feb 27 00:36:12 +0000 2020,,,https://twitter.com/Complex/status/1232769311187623936,https://twitter.com/OhHvnnan/status/1232826734166364161,1232826734166364161,111221813
2020-02-26 23:54:29+00:00,OhHvnnan,,0,0,1,Vegan burritos are addictive,,Wed Feb 26 23:54:29 +0000 2020,,,,https://twitter.com/OhHvnnan/status/1232816234837823488,1232816234837823488,111221813
2020-02-26 23:54:03+00:00,OhHvnnan,ManMythDaLegend,0,0,0, ,,Wed Feb 26 23:54:03 +0000 2020,,,,https://twitter.com/OhHvnnan/status/1232816123953000451,1232816123953000451,111221813
2020-02-26 23:51:11+00:00,OhHvnnan,ManMythDaLegend,0,1,0,Lmaooo nigga,,Wed Feb 26 23:51:11 +0000 2020,,,https://twitter.com/ManMythDaLegend/status/1232796184764469248,https://twitter.com/OhHvnnan/status/1232815402318782473,1232815402318782473,111221813
2020-02-26 19:28:13+00:00,OhHvnnan,,0,0,0,Okay so everyone pissing me off today great.,,Wed Feb 26 19:28:13 +0000 2020,,,,https://twitter.com/OhHvnnan/status/1232749223923322881,1232749223923322881,111221813
2020-02-26 17:26:02+00:00,OhHvnnan,BasedNas,0,2,7,Everything about this is triggering my anxiety,,Wed Feb 26 17:26:02 +0000 2020,,,https://twitter.com/BasedNas/status/1232428652861820928,https://twitter.com/OhHvnnan/status/1232718479381475328,1232718479381475328,111221813
2020-02-26 13:48:55+00:00,OhHvnnan,snohaalegra,0,0,0,Omg.,,Wed Feb 26 13:48:55 +0000 2020,,,https://twitter.com/snohaalegra/status/1232652196099055616,https://twitter.com/OhHvnnan/status/1232663837184274439,1232663837184274439,111221813
2020-02-26 13:39:39+00:00,OhHvnnan,Justbestials,0,0,0,Everyday i see it on my TL i want one ,,Wed Feb 26 13:39:39 +0000 2020,,,https://twitter.com/Justbestials/status/1232383708394643456,https://twitter.com/OhHvnnan/status/1232661507214913537,1232661507214913537,111221813
2020-02-26 13:16:10+00:00,OhHvnnan,pearllionairee,1,2,4,LMFAOOOOO IM TO THE FLOOR,,Wed Feb 26 13:16:10 +0000 2020,,,https://twitter.com/pearllionairee/status/1232530238401282048,https://twitter.com/OhHvnnan/status/1232655596895252486,1232655596895252486,111221813
2020-02-26 05:43:44+00:00,OhHvnnan,___SANTANAAA,0,0,0,Lmao are they ready cause tables will be shaken,,Wed Feb 26 05:43:44 +0000 2020,,,,https://twitter.com/OhHvnnan/status/1232541737073225729,1232541737073225729,111221813
2020-02-26 05:41:50+00:00,OhHvnnan,byenajma,1,0,1,Downtown as well,,Wed Feb 26 05:41:50 +0000 2020,,,,https://twitter.com/OhHvnnan/status/1232541259044134913,1232541259044134913,111221813
2020-02-26 05:39:38+00:00,OhHvnnan,___SANTANAAA,0,0,0,Please i know a few niggas in the city that need to be put in their place,,Wed Feb 26 05:39:38 +0000 2020,,,,https://twitter.com/OhHvnnan/status/1232540705282777088,1232540705282777088,111221813
2020-02-26 05:35:31+00:00,OhHvnnan,byenajma,0,0,1,"CERTIFIED WEIRDOS SIS they love to watch us, my ex would be like they way you are on Twitter is like i never knew you lmfaooo",,Wed Feb 26 05:35:31 +0000 2020,,,,https://twitter.com/OhHvnnan/status/1232539672066351104,1232539672066351104,111221813
2020-02-26 05:29:27+00:00,OhHvnnan,byenajma,0,0,2,My ex still does this and sends me my tweets,,Wed Feb 26 05:29:27 +0000 2020,,,,https://twitter.com/OhHvnnan/status/1232538142583988224,1232538142583988224,111221813
2020-02-26 05:13:09+00:00,OhHvnnan,samivibes,0,0,4,So the signs i hate the most I’m compatible with? Oh okay,,Wed Feb 26 05:13:09 +0000 2020,,,https://twitter.com/samivibes/status/938465077635747840,https://twitter.com/OhHvnnan/status/1232534039795523584,1232534039795523584,111221813
2020-02-26 03:19:06+00:00,OhHvnnan,beaushit_,0,0,1,LMFAOOO,,Wed Feb 26 03:19:06 +0000 2020,,,https://twitter.com/beaushit_/status/1232414848736210945,https://twitter.com/OhHvnnan/status/1232505341113491457,1232505341113491457,111221813
2020-02-26 02:14:24+00:00,OhHvnnan,,0,0,1,Big mad https://twitter.com/OhHvnnan/status/1232486722274873345,,Wed Feb 26 02:14:24 +0000 2020,,,https://twitter.com/OhHvnnan/status/1232486722274873345,https://twitter.com/OhHvnnan/status/1232489058351247360,1232489058351247360,111221813
2020-02-26 02:05:23+00:00,OhHvnnan,_reneebu,0,0,0,Girl it was the best time,,Wed Feb 26 02:05:23 +0000 2020,,,,https://twitter.com/OhHvnnan/status/1232486786703790080,1232486786703790080,111221813
2020-02-26 02:03:28+00:00,OhHvnnan,,0,1,0,Black history month,,Wed Feb 26 02:03:28 +0000 2020,,,,https://twitter.com/OhHvnnan/status/1232486305432580097,1232486305432580097,111221813
2020-02-26 02:02:39+00:00,OhHvnnan,OhHvnnan,0,0,0,Bodysuit *,,Wed Feb 26 02:02:39 +0000 2020,,,,https://twitter.com/OhHvnnan/status/1232486102151368706,1232486102151368706,111221813
2020-02-26 02:02:27+00:00,OhHvnnan,_reneebu,2,0,0,Omg American apparel i still have that body,,Wed Feb 26 02:02:27 +0000 2020,,,,https://twitter.com/OhHvnnan/status/1232486051425316865,1232486051425316865,111221813
2020-02-26 01:25:31+00:00,OhHvnnan,,0,0,0,Y’all really got majority of your followers to be incels whew.,,Wed Feb 26 01:25:31 +0000 2020,,,,https://twitter.com/OhHvnnan/status/1232476756608602112,1232476756608602112,111221813
2020-02-26 01:11:11+00:00,OhHvnnan,LocalLuuq,0,0,0,"Clearly you don’t know shit so before you make a mediocre gif, you’d know Somalis we’re enslaved and still enslaved to this day,",,Wed Feb 26 01:11:11 +0000 2020,,,,https://twitter.com/OhHvnnan/status/1232473148144017410,1232473148144017410,111221813
2020-02-25 22:13:08+00:00,OhHvnnan,CP24,0,0,2,Guess I’m working from home,,Tue Feb 25 22:13:08 +0000 2020,,,https://twitter.com/CP24/status/1232404381527662593,https://twitter.com/OhHvnnan/status/1232428339249532929,1232428339249532929,111221813
2020-02-25 21:23:55+00:00,OhHvnnan,_therealdnice,1,0,0,Shhhh,,Tue Feb 25 21:23:55 +0000 2020,,,,https://twitter.com/OhHvnnan/status/1232415955055185923,1232415955055185923,111221813
2020-02-25 21:22:24+00:00,OhHvnnan,Comanda_x,0,0,0,Why is he holding the baby like that,,Tue Feb 25 21:22:24 +0000 2020,,,https://twitter.com/Comanda_x/status/1232288749528154113,https://twitter.com/OhHvnnan/status/1232415571792343046,1232415571792343046,111221813
2020-02-25 21:18:33+00:00,OhHvnnan,fentxyy,0,0,0, ,,Tue Feb 25 21:18:33 +0000 2020,,,https://twitter.com/fentxyy/status/1232047677531181056,https://twitter.com/OhHvnnan/status/1232414604569063425,1232414604569063425,111221813
2020-02-25 21:15:07+00:00,OhHvnnan,s1msimmaaa,0,0,0,I was so wholesome i don’t know what happened honestly,,Tue Feb 25 21:15:07 +0000 2020,,,,https://twitter.com/OhHvnnan/status/1232413741247029253,1232413741247029253,111221813
2020-02-25 20:18:30+00:00,OhHvnnan,omw_2_hickville,0,1,0,It’s scary what money can do to people out there smh,,Tue Feb 25 20:18:30 +0000 2020,,,https://twitter.com/omw_2_hickville/status/1232399028358270976,https://twitter.com/OhHvnnan/status/1232399491573125121,1232399491573125121,111221813
2020-02-25 20:03:21+00:00,OhHvnnan,omw_2_hickville,1,1,0,EXACTLY now i was wrong how i worded it cause i generalized Arabs but specifically Saudis are just distasteful and abuse power.,,Tue Feb 25 20:03:21 +0000 2020,,,,https://twitter.com/OhHvnnan/status/1232395681727438849,1232395681727438849,111221813
2020-02-25 19:50:15+00:00,OhHvnnan,omw_2_hickville,2,1,0,"Certain countries honestly i don’t feel like all Arabs, but saudis and Yemenis mistreated us the most especially to this day, Saudis still use East Africans as slaves and abused them.",,Tue Feb 25 19:50:15 +0000 2020,,,,https://twitter.com/OhHvnnan/status/1232392384828321794,1232392384828321794,111221813
2020-02-25 19:41:15+00:00,OhHvnnan,YvesStLaurel,1,0,1, i still look the same,,Tue Feb 25 19:41:15 +0000 2020,,,,https://twitter.com/OhHvnnan/status/1232390119409274881,1232390119409274881,111221813
2020-02-25 19:40:52+00:00,OhHvnnan,omw_2_hickville,1,0,0,Treated us Somalis horribly yes i misworded it but we have been enslaved by Arabs even to this day,,Tue Feb 25 19:40:52 +0000 2020,,,,https://twitter.com/OhHvnnan/status/1232390022898372609,1232390022898372609,111221813
2020-02-25 19:30:02+00:00,OhHvnnan,,3,3,17,Hannaypoo/ OhHvnnan https://twitter.com/segaaz/status/1232372287510339585,,Tue Feb 25 19:30:02 +0000 2020,,,https://twitter.com/segaaz/status/1232372287510339585,https://twitter.com/OhHvnnan/status/1232387296407715841,1232387296407715841,111221813
2020-02-25 18:50:46+00:00,OhHvnnan,agavedelacalle,0,0,7,This is racist idc,,Tue Feb 25 18:50:46 +0000 2020,,,https://twitter.com/agavedelacalle/status/1232023652150833152,https://twitter.com/OhHvnnan/status/1232377415567106050,1232377415567106050,111221813
2020-02-25 16:45:28+00:00,OhHvnnan,Konyjenn,1,0,0,I have been trying to figure that out too,,Tue Feb 25 16:45:28 +0000 2020,,,,https://twitter.com/OhHvnnan/status/1232345878675021831,1232345878675021831,111221813
2020-02-25 16:44:54+00:00,OhHvnnan,TrillyShuggs,0,0,0,Exactlyyyy,,Tue Feb 25 16:44:54 +0000 2020,,,,https://twitter.com/OhHvnnan/status/1232345737154957314,1232345737154957314,111221813
2020-02-25 16:41:55+00:00,OhHvnnan,marihatesevery1,0,0,1,All they do is make up their own rules and say it’s a part of Islam when it’s not,,Tue Feb 25 16:41:55 +0000 2020,,,,https://twitter.com/OhHvnnan/status/1232344987192512512,1232344987192512512,111221813
2020-02-25 16:41:09+00:00,OhHvnnan,,0,0,0,She wants to open all whole new chapter on Bantus. I’m tired imma let her go claim her ancestors Lmaoo,,Tue Feb 25 16:41:09 +0000 2020,,,,https://twitter.com/OhHvnnan/status/1232344794086756360,1232344794086756360,111221813
2020-02-25 16:40:19+00:00,OhHvnnan,marihatesevery1,1,0,0,Trust me they are just nasty,,Tue Feb 25 16:40:19 +0000 2020,,,,https://twitter.com/OhHvnnan/status/1232344583482355713,1232344583482355713,111221813
2020-02-25 16:38:46+00:00,OhHvnnan,marihatesevery1,2,0,1,"Nope trust me not all Arabs are the same, but the ones especially in Saudi mistreat East Africans to this day",,Tue Feb 25 16:38:46 +0000 2020,,,,https://twitter.com/OhHvnnan/status/1232344192703193088,1232344192703193088,111221813
2020-02-25 16:36:54+00:00,OhHvnnan,marihatesevery1,2,0,1,You know what sis really wants to claim her Arab ancestors that’s on her but i promise you they never treated her people with any respect,,Tue Feb 25 16:36:54 +0000 2020,,,,https://twitter.com/OhHvnnan/status/1232343723108896770,1232343723108896770,111221813
2020-02-25 16:34:36+00:00,OhHvnnan,marihatesevery1,1,0,0,I’m truly confused...,,Tue Feb 25 16:34:36 +0000 2020,,,,https://twitter.com/OhHvnnan/status/1232343147356794880,1232343147356794880,111221813
2020-02-25 16:31:44+00:00,OhHvnnan,YvesStLaurel,1,0,2,It’s amazing how she is proud to claim something that is so horrible but to each is own i guess,,Tue Feb 25 16:31:44 +0000 2020,,,https://twitter.com/YvesStLaurel/status/1232341955289460736,https://twitter.com/OhHvnnan/status/1232342426293096449,1232342426293096449,111221813
2020-02-25 16:28:55+00:00,OhHvnnan,,0,1,3,Sis is so proud to have Arab ancestors yet they enslaved us called us abeeds see us a low tier... but yes proud to have Arab ancestors lmfaooo,,Tue Feb 25 16:28:55 +0000 2020,,,,https://twitter.com/OhHvnnan/status/1232341713856933891,1232341713856933891,111221813
2020-02-25 16:11:22+00:00,OhHvnnan,hamdia_ahmed,0,0,0,"Alrighty sis guess you Arab, have fun convincing them though",,Tue Feb 25 16:11:22 +0000 2020,,,,https://twitter.com/OhHvnnan/status/1232337300341702661,1232337300341702661,111221813
2020-02-25 16:06:18+00:00,OhHvnnan,hamdia_ahmed,1,0,2,"Here is simple logic sis, we are Somalis no ties with Arabs just somali.",,Tue Feb 25 16:06:18 +0000 2020,,,,https://twitter.com/OhHvnnan/status/1232336026070376449,1232336026070376449,111221813
2020-02-25 16:00:47+00:00,OhHvnnan,hamdia_ahmed,0,0,0, ,,Tue Feb 25 16:00:47 +0000 2020,,,https://twitter.com/hamdia_ahmed/status/1232329985454673920,https://twitter.com/OhHvnnan/status/1232334637709570048,1232334637709570048,111221813
2020-02-25 15:58:34+00:00,OhHvnnan,mulagucci,0,0,0,Sis ,,Tue Feb 25 15:58:34 +0000 2020,,,,https://twitter.com/OhHvnnan/status/1232334078906634240,1232334078906634240,111221813
2020-02-25 15:53:20+00:00,OhHvnnan,mulagucci,2,0,5,What is it with Somalis dying to be accepted by Arabs lmfaoooo,,Tue Feb 25 15:53:20 +0000 2020,,,,https://twitter.com/OhHvnnan/status/1232332760766914561,1232332760766914561,111221813
2020-02-25 15:51:58+00:00,OhHvnnan,hibzsta___,0,0,0,"You can truly tell their love was so real, he knew prenup was not needed, but his parents were always disrespectful",,Tue Feb 25 15:51:58 +0000 2020,,,,https://twitter.com/OhHvnnan/status/1232332418494930952,1232332418494930952,111221813
2020-02-25 15:47:56+00:00,OhHvnnan,Justbestials,1,2,4,I want one sooo bad ,,Tue Feb 25 15:47:56 +0000 2020,,,https://twitter.com/Justbestials/status/1219724530123509760,https://twitter.com/OhHvnnan/status/1232331402764529666,1232331402764529666,111221813
2020-02-25 05:43:39+00:00,OhHvnnan,Your_F_Tweeter,0,0,0,I’m waiting on the “healing” for Gayle,,Tue Feb 25 05:43:39 +0000 2020,,,,https://twitter.com/OhHvnnan/status/1232179328156340225,1232179328156340225,111221813
2020-02-25 05:38:51+00:00,OhHvnnan,Your_F_Tweeter,1,0,0,This is just plain embarrassing,,Tue Feb 25 05:38:51 +0000 2020,,,,https://twitter.com/OhHvnnan/status/1232178122516312064,1232178122516312064,111221813
2020-02-25 05:38:28+00:00,OhHvnnan,segaaz,0,0,0,I AM TIRED LMFAOOOO,,Tue Feb 25 05:38:28 +0000 2020,,,https://twitter.com/segaaz/status/1232172389057867777,https://twitter.com/OhHvnnan/status/1232178022746337280,1232178022746337280,111221813
2020-02-25 04:38:06+00:00,OhHvnnan,,0,0,0,Y’all sucking ramen dick noodle on the TL goodnight,,Tue Feb 25 04:38:06 +0000 2020,,,,https://twitter.com/OhHvnnan/status/1232162834831810561,1232162834831810561,111221813
2020-02-25 04:03:33+00:00,OhHvnnan,DashGetEm,0,0,0, ,,Tue Feb 25 04:03:33 +0000 2020,,,https://twitter.com/DashGetEm/status/1232154063036452865,https://twitter.com/OhHvnnan/status/1232154136721940480,1232154136721940480,111221813
