date,username,to,replies,retweets,favorites,text,mentions,formatted_date,geo,hashtags,urls,permalink,ID,author_id
2020-02-28 23:19:54+00:00,OldPersonOnline,,3,5,35,,,Fri Feb 28 23:19:54 +0000 2020,,,,https://twitter.com/OldPersonOnline/status/1233532306532507648,1233532306532507648,2517735401
2020-02-28 22:24:53+00:00,OldPersonOnline,,5,935,2555,,,Fri Feb 28 22:24:53 +0000 2020,,,,https://twitter.com/OldPersonOnline/status/1233518462154297344,1233518462154297344,2517735401
2020-02-28 21:29:52+00:00,OldPersonOnline,,0,19,108,,,Fri Feb 28 21:29:52 +0000 2020,,,,https://twitter.com/OldPersonOnline/status/1233504617444642825,1233504617444642825,2517735401
2020-02-28 20:34:51+00:00,OldPersonOnline,,3,34,122,,,Fri Feb 28 20:34:51 +0000 2020,,,,https://twitter.com/OldPersonOnline/status/1233490772583944196,1233490772583944196,2517735401
2020-02-28 19:39:51+00:00,OldPersonOnline,,3,57,368,,,Fri Feb 28 19:39:51 +0000 2020,,,,https://twitter.com/OldPersonOnline/status/1233476928163676161,1233476928163676161,2517735401
2020-02-28 18:44:50+00:00,OldPersonOnline,,3,2,59,,,Fri Feb 28 18:44:50 +0000 2020,,,,https://twitter.com/OldPersonOnline/status/1233463083533787137,1233463083533787137,2517735401
2020-02-28 17:49:49+00:00,OldPersonOnline,,4,146,766,,,Fri Feb 28 17:49:49 +0000 2020,,,,https://twitter.com/OldPersonOnline/status/1233449238367023104,1233449238367023104,2517735401
2020-02-28 16:54:48+00:00,OldPersonOnline,,0,70,292,,,Fri Feb 28 16:54:48 +0000 2020,,,,https://twitter.com/OldPersonOnline/status/1233435393124700163,1233435393124700163,2517735401
2020-02-28 15:59:46+00:00,OldPersonOnline,,1,10,79,,,Fri Feb 28 15:59:46 +0000 2020,,,,https://twitter.com/OldPersonOnline/status/1233421544359186432,1233421544359186432,2517735401
2020-02-28 15:04:45+00:00,OldPersonOnline,,5,87,379,,,Fri Feb 28 15:04:45 +0000 2020,,,,https://twitter.com/OldPersonOnline/status/1233407699724967944,1233407699724967944,2517735401
2020-02-28 14:09:44+00:00,OldPersonOnline,,14,143,704,,,Fri Feb 28 14:09:44 +0000 2020,,,,https://twitter.com/OldPersonOnline/status/1233393854784647169,1233393854784647169,2517735401
2020-02-28 13:14:44+00:00,OldPersonOnline,,3,4,86,,,Fri Feb 28 13:14:44 +0000 2020,,,,https://twitter.com/OldPersonOnline/status/1233380010012106753,1233380010012106753,2517735401
2020-02-28 12:19:43+00:00,OldPersonOnline,,5,63,476,,,Fri Feb 28 12:19:43 +0000 2020,,,,https://twitter.com/OldPersonOnline/status/1233366164698488832,1233366164698488832,2517735401
2020-02-28 11:24:42+00:00,OldPersonOnline,,2,39,213,,,Fri Feb 28 11:24:42 +0000 2020,,,,https://twitter.com/OldPersonOnline/status/1233352319863074818,1233352319863074818,2517735401
2020-02-28 10:29:41+00:00,OldPersonOnline,,2,16,132,,,Fri Feb 28 10:29:41 +0000 2020,,,,https://twitter.com/OldPersonOnline/status/1233338476038381568,1233338476038381568,2517735401
2020-02-28 09:34:40+00:00,OldPersonOnline,,0,11,74,,,Fri Feb 28 09:34:40 +0000 2020,,,,https://twitter.com/OldPersonOnline/status/1233324631630733312,1233324631630733312,2517735401
2020-02-28 08:39:40+00:00,OldPersonOnline,,0,9,70,,,Fri Feb 28 08:39:40 +0000 2020,,,,https://twitter.com/OldPersonOnline/status/1233310787588018176,1233310787588018176,2517735401
2020-02-28 07:44:39+00:00,OldPersonOnline,,12,123,1048,,,Fri Feb 28 07:44:39 +0000 2020,,,,https://twitter.com/OldPersonOnline/status/1233296942345617409,1233296942345617409,2517735401
2020-02-28 06:49:38+00:00,OldPersonOnline,,4,217,667,,,Fri Feb 28 06:49:38 +0000 2020,,,,https://twitter.com/OldPersonOnline/status/1233283097845813248,1233283097845813248,2517735401
2020-02-28 05:54:37+00:00,OldPersonOnline,,2,51,254,,,Fri Feb 28 05:54:37 +0000 2020,,,,https://twitter.com/OldPersonOnline/status/1233269253618401280,1233269253618401280,2517735401
2020-02-28 04:59:37+00:00,OldPersonOnline,,1,73,470,,,Fri Feb 28 04:59:37 +0000 2020,,,,https://twitter.com/OldPersonOnline/status/1233255409483440129,1233255409483440129,2517735401
2020-02-28 04:04:36+00:00,OldPersonOnline,,0,21,72,,,Fri Feb 28 04:04:36 +0000 2020,,,,https://twitter.com/OldPersonOnline/status/1233241564706721792,1233241564706721792,2517735401
2020-02-28 03:09:35+00:00,OldPersonOnline,,0,74,378,,,Fri Feb 28 03:09:35 +0000 2020,,,,https://twitter.com/OldPersonOnline/status/1233227718977818627,1233227718977818627,2517735401
2020-02-28 02:14:34+00:00,OldPersonOnline,,1,29,173,,,Fri Feb 28 02:14:34 +0000 2020,,,,https://twitter.com/OldPersonOnline/status/1233213875149037568,1233213875149037568,2517735401
2020-02-28 01:19:33+00:00,OldPersonOnline,,16,129,746,,,Fri Feb 28 01:19:33 +0000 2020,,,,https://twitter.com/OldPersonOnline/status/1233200030531702784,1233200030531702784,2517735401
2020-02-28 00:24:32+00:00,OldPersonOnline,,8,204,593,,,Fri Feb 28 00:24:32 +0000 2020,,,,https://twitter.com/OldPersonOnline/status/1233186185847230466,1233186185847230466,2517735401
2020-02-27 23:29:32+00:00,OldPersonOnline,,2,19,121,,,Thu Feb 27 23:29:32 +0000 2020,,,,https://twitter.com/OldPersonOnline/status/1233172341288513537,1233172341288513537,2517735401
2020-02-27 22:34:31+00:00,OldPersonOnline,,1,175,559,,,Thu Feb 27 22:34:31 +0000 2020,,,,https://twitter.com/OldPersonOnline/status/1233158496771813379,1233158496771813379,2517735401
2020-02-27 21:39:30+00:00,OldPersonOnline,,2,34,196,,,Thu Feb 27 21:39:30 +0000 2020,,,,https://twitter.com/OldPersonOnline/status/1233144651865038849,1233144651865038849,2517735401
2020-02-27 20:44:29+00:00,OldPersonOnline,,2,9,93,,,Thu Feb 27 20:44:29 +0000 2020,,,,https://twitter.com/OldPersonOnline/status/1233130807214166016,1233130807214166016,2517735401
2020-02-27 19:44:20+00:00,OldPersonOnline,,1,12,47,,,Thu Feb 27 19:44:20 +0000 2020,,,,https://twitter.com/OldPersonOnline/status/1233115670243659776,1233115670243659776,2517735401
2020-02-27 18:49:19+00:00,OldPersonOnline,,3,86,369,,,Thu Feb 27 18:49:19 +0000 2020,,,,https://twitter.com/OldPersonOnline/status/1233101824615493633,1233101824615493633,2517735401
2020-02-27 17:54:18+00:00,OldPersonOnline,,1,10,87,,,Thu Feb 27 17:54:18 +0000 2020,,,,https://twitter.com/OldPersonOnline/status/1233087979096346625,1233087979096346625,2517735401
2020-02-27 16:59:13+00:00,OldPersonOnline,,4,31,218,,,Thu Feb 27 16:59:13 +0000 2020,,,,https://twitter.com/OldPersonOnline/status/1233074116263075840,1233074116263075840,2517735401
2020-02-27 16:04:10+00:00,OldPersonOnline,,5,89,660,,,Thu Feb 27 16:04:10 +0000 2020,,,,https://twitter.com/OldPersonOnline/status/1233060262560829442,1233060262560829442,2517735401
2020-02-27 15:09:08+00:00,OldPersonOnline,,6,4,68,,,Thu Feb 27 15:09:08 +0000 2020,,,,https://twitter.com/OldPersonOnline/status/1233046413585666048,1233046413585666048,2517735401
2020-02-27 14:13:50+00:00,OldPersonOnline,,0,11,83,,,Thu Feb 27 14:13:50 +0000 2020,,,,https://twitter.com/OldPersonOnline/status/1233032496872329220,1233032496872329220,2517735401
2020-02-27 09:49:49+00:00,OldPersonOnline,,1,35,227,,,Thu Feb 27 09:49:49 +0000 2020,,,,https://twitter.com/OldPersonOnline/status/1232966056244805634,1232966056244805634,2517735401
2020-02-27 08:54:49+00:00,OldPersonOnline,,1,8,66,,,Thu Feb 27 08:54:49 +0000 2020,,,,https://twitter.com/OldPersonOnline/status/1232952212437028865,1232952212437028865,2517735401
2020-02-27 07:59:48+00:00,OldPersonOnline,,3,75,325,,,Thu Feb 27 07:59:48 +0000 2020,,,,https://twitter.com/OldPersonOnline/status/1232938366997585921,1232938366997585921,2517735401
2020-02-27 07:04:46+00:00,OldPersonOnline,,0,76,341,,,Thu Feb 27 07:04:46 +0000 2020,,,,https://twitter.com/OldPersonOnline/status/1232924519779753985,1232924519779753985,2517735401
2020-02-27 06:09:45+00:00,OldPersonOnline,,2,28,304,,,Thu Feb 27 06:09:45 +0000 2020,,,,https://twitter.com/OldPersonOnline/status/1232910674982035457,1232910674982035457,2517735401
2020-02-27 05:14:45+00:00,OldPersonOnline,,4,90,370,,,Thu Feb 27 05:14:45 +0000 2020,,,,https://twitter.com/OldPersonOnline/status/1232896830796697602,1232896830796697602,2517735401
2020-02-27 04:19:44+00:00,OldPersonOnline,,8,22,154,,,Thu Feb 27 04:19:44 +0000 2020,,,,https://twitter.com/OldPersonOnline/status/1232882986359689216,1232882986359689216,2517735401
2020-02-27 03:24:43+00:00,OldPersonOnline,,4,72,418,,,Thu Feb 27 03:24:43 +0000 2020,,,,https://twitter.com/OldPersonOnline/status/1232869141905842178,1232869141905842178,2517735401
2020-02-27 02:29:42+00:00,OldPersonOnline,,1,9,78,,,Thu Feb 27 02:29:42 +0000 2020,,,,https://twitter.com/OldPersonOnline/status/1232855297326186497,1232855297326186497,2517735401
2020-02-27 01:34:40+00:00,OldPersonOnline,,3,20,119,,,Thu Feb 27 01:34:40 +0000 2020,,,,https://twitter.com/OldPersonOnline/status/1232841445918355457,1232841445918355457,2517735401
2020-02-27 00:39:39+00:00,OldPersonOnline,,4,60,321,,,Thu Feb 27 00:39:39 +0000 2020,,,,https://twitter.com/OldPersonOnline/status/1232827599988183040,1232827599988183040,2517735401
2020-02-26 23:44:37+00:00,OldPersonOnline,,0,26,96,,,Wed Feb 26 23:44:37 +0000 2020,,,,https://twitter.com/OldPersonOnline/status/1232813749305856000,1232813749305856000,2517735401
2020-02-26 23:03:06+00:00,OldPersonOnline,,6,172,1146,L M A o o o o 。 。 . . . .,,Wed Feb 26 23:03:06 +0000 2020,,,,https://twitter.com/OldPersonOnline/status/1232803302611525632,1232803302611525632,2517735401
2020-02-26 22:49:36+00:00,OldPersonOnline,,2,168,977,,,Wed Feb 26 22:49:36 +0000 2020,,,,https://twitter.com/OldPersonOnline/status/1232799904206118919,1232799904206118919,2517735401
2020-02-26 21:54:34+00:00,OldPersonOnline,,1,41,214,,,Wed Feb 26 21:54:34 +0000 2020,,,,https://twitter.com/OldPersonOnline/status/1232786055511842821,1232786055511842821,2517735401
2020-02-26 20:59:31+00:00,OldPersonOnline,,2,8,68,,,Wed Feb 26 20:59:31 +0000 2020,,,,https://twitter.com/OldPersonOnline/status/1232772203697049602,1232772203697049602,2517735401
2020-02-26 20:04:30+00:00,OldPersonOnline,,0,21,118,,,Wed Feb 26 20:04:30 +0000 2020,,,,https://twitter.com/OldPersonOnline/status/1232758358651875328,1232758358651875328,2517735401
2020-02-26 19:09:28+00:00,OldPersonOnline,,2,22,141,,,Wed Feb 26 19:09:28 +0000 2020,,,,https://twitter.com/OldPersonOnline/status/1232744509374681088,1232744509374681088,2517735401
2020-02-26 10:37:22+00:00,OldPersonOnline,,12,85,618,,,Wed Feb 26 10:37:22 +0000 2020,,,,https://twitter.com/OldPersonOnline/status/1232615632761425920,1232615632761425920,2517735401
2020-02-26 09:42:21+00:00,OldPersonOnline,,4,22,157,,,Wed Feb 26 09:42:21 +0000 2020,,,,https://twitter.com/OldPersonOnline/status/1232601787619823616,1232601787619823616,2517735401
2020-02-26 08:47:20+00:00,OldPersonOnline,,2,14,120,,,Wed Feb 26 08:47:20 +0000 2020,,,,https://twitter.com/OldPersonOnline/status/1232587943262457858,1232587943262457858,2517735401
2020-02-26 07:52:17+00:00,OldPersonOnline,,5,67,384,,,Wed Feb 26 07:52:17 +0000 2020,,,,https://twitter.com/OldPersonOnline/status/1232574089270829056,1232574089270829056,2517735401
2020-02-26 06:57:16+00:00,OldPersonOnline,,2,33,185,,,Wed Feb 26 06:57:16 +0000 2020,,,,https://twitter.com/OldPersonOnline/status/1232560245068701696,1232560245068701696,2517735401
2020-02-26 06:02:13+00:00,OldPersonOnline,,3,280,1267,,,Wed Feb 26 06:02:13 +0000 2020,,,,https://twitter.com/OldPersonOnline/status/1232546389957193728,1232546389957193728,2517735401
2020-02-26 05:07:12+00:00,OldPersonOnline,,1,80,416,,,Wed Feb 26 05:07:12 +0000 2020,,,,https://twitter.com/OldPersonOnline/status/1232532545780187141,1232532545780187141,2517735401
2020-02-26 04:12:12+00:00,OldPersonOnline,,1,10,105,,,Wed Feb 26 04:12:12 +0000 2020,,,,https://twitter.com/OldPersonOnline/status/1232518701737484293,1232518701737484293,2517735401
2020-02-26 03:17:11+00:00,OldPersonOnline,,1,25,180,,,Wed Feb 26 03:17:11 +0000 2020,,,,https://twitter.com/OldPersonOnline/status/1232504856717516801,1232504856717516801,2517735401
2020-02-26 02:22:09+00:00,OldPersonOnline,,0,12,64,,,Wed Feb 26 02:22:09 +0000 2020,,,,https://twitter.com/OldPersonOnline/status/1232491008216068097,1232491008216068097,2517735401
2020-02-26 01:27:05+00:00,OldPersonOnline,,1,7,57,,,Wed Feb 26 01:27:05 +0000 2020,,,,https://twitter.com/OldPersonOnline/status/1232477150659219459,1232477150659219459,2517735401
2020-02-26 00:32:04+00:00,OldPersonOnline,,1,111,735,,,Wed Feb 26 00:32:04 +0000 2020,,,,https://twitter.com/OldPersonOnline/status/1232463302938095618,1232463302938095618,2517735401
2020-02-25 23:37:03+00:00,OldPersonOnline,,13,40,275,,,Tue Feb 25 23:37:03 +0000 2020,,,,https://twitter.com/OldPersonOnline/status/1232449457205039107,1232449457205039107,2517735401
2020-02-25 22:42:01+00:00,OldPersonOnline,,1,18,149,,,Tue Feb 25 22:42:01 +0000 2020,,,,https://twitter.com/OldPersonOnline/status/1232435608280190977,1232435608280190977,2517735401
2020-02-25 21:46:59+00:00,OldPersonOnline,,2,10,63,,,Tue Feb 25 21:46:59 +0000 2020,,,,https://twitter.com/OldPersonOnline/status/1232421761842589697,1232421761842589697,2517735401
2020-02-25 20:43:34+00:00,OldPersonOnline,,0,11,101,,,Tue Feb 25 20:43:34 +0000 2020,,,,https://twitter.com/OldPersonOnline/status/1232405799756058624,1232405799756058624,2517735401
2020-02-25 19:48:32+00:00,OldPersonOnline,,1,60,397,,,Tue Feb 25 19:48:32 +0000 2020,,,,https://twitter.com/OldPersonOnline/status/1232391951577735172,1232391951577735172,2517735401
2020-02-25 17:36:02+00:00,OldPersonOnline,,5,41,221,,,Tue Feb 25 17:36:02 +0000 2020,,,,https://twitter.com/OldPersonOnline/status/1232358607943032832,1232358607943032832,2517735401
2020-02-25 16:41:01+00:00,OldPersonOnline,,7,88,475,,,Tue Feb 25 16:41:01 +0000 2020,,,,https://twitter.com/OldPersonOnline/status/1232344759844339714,1232344759844339714,2517735401
2020-02-25 15:46:00+00:00,OldPersonOnline,,1,37,216,,,Tue Feb 25 15:46:00 +0000 2020,,,,https://twitter.com/OldPersonOnline/status/1232330913922666496,1232330913922666496,2517735401
2020-02-25 14:50:49+00:00,OldPersonOnline,,4,40,222,,,Tue Feb 25 14:50:49 +0000 2020,,,,https://twitter.com/OldPersonOnline/status/1232317028331139072,1232317028331139072,2517735401
2020-02-25 13:55:48+00:00,OldPersonOnline,,0,8,148,,,Tue Feb 25 13:55:48 +0000 2020,,,,https://twitter.com/OldPersonOnline/status/1232303183231406081,1232303183231406081,2517735401
2020-02-25 13:00:37+00:00,OldPersonOnline,,0,14,102,,,Tue Feb 25 13:00:37 +0000 2020,,,,https://twitter.com/OldPersonOnline/status/1232289295249166336,1232289295249166336,2517735401
2020-02-25 12:05:35+00:00,OldPersonOnline,,7,69,479,,,Tue Feb 25 12:05:35 +0000 2020,,,,https://twitter.com/OldPersonOnline/status/1232275446630211584,1232275446630211584,2517735401
2020-02-25 11:10:28+00:00,OldPersonOnline,,6,122,714,,,Tue Feb 25 11:10:28 +0000 2020,,,,https://twitter.com/OldPersonOnline/status/1232261577291726848,1232261577291726848,2517735401
2020-02-25 10:15:28+00:00,OldPersonOnline,,3,4,21,,,Tue Feb 25 10:15:28 +0000 2020,,,,https://twitter.com/OldPersonOnline/status/1232247732041080833,1232247732041080833,2517735401
2020-02-25 09:20:26+00:00,OldPersonOnline,,6,48,255,,,Tue Feb 25 09:20:26 +0000 2020,,,,https://twitter.com/OldPersonOnline/status/1232233884403851264,1232233884403851264,2517735401
2020-02-25 08:25:25+00:00,OldPersonOnline,,43,28,198,,,Tue Feb 25 08:25:25 +0000 2020,,,,https://twitter.com/OldPersonOnline/status/1232220039853551616,1232220039853551616,2517735401
2020-02-25 07:30:19+00:00,OldPersonOnline,,1,43,336,,,Tue Feb 25 07:30:19 +0000 2020,,,,https://twitter.com/OldPersonOnline/status/1232206172465369089,1232206172465369089,2517735401
2020-02-25 06:35:17+00:00,OldPersonOnline,,0,22,128,,,Tue Feb 25 06:35:17 +0000 2020,,,,https://twitter.com/OldPersonOnline/status/1232192322147885056,1232192322147885056,2517735401
2020-02-25 05:40:16+00:00,OldPersonOnline,,0,8,51,,,Tue Feb 25 05:40:16 +0000 2020,,,,https://twitter.com/OldPersonOnline/status/1232178476960141312,1232178476960141312,2517735401
2020-02-25 04:45:15+00:00,OldPersonOnline,,4,29,179,,,Tue Feb 25 04:45:15 +0000 2020,,,,https://twitter.com/OldPersonOnline/status/1232164631822635008,1232164631822635008,2517735401
2020-02-25 03:50:14+00:00,OldPersonOnline,,1,39,162,,,Tue Feb 25 03:50:14 +0000 2020,,,,https://twitter.com/OldPersonOnline/status/1232150787322732544,1232150787322732544,2517735401
2020-02-25 03:40:13+00:00,OldPersonOnline,,3,3,64,Old Person Online T-Shirts. Old Person Online Throw Blanket. Old Person Online Phone Cases. Old Person Online Bumper Sticker. Old Person Online Hats. #2021,,Tue Feb 25 03:40:13 +0000 2020,,,,https://twitter.com/OldPersonOnline/status/1232148266726367233,1232148266726367233,2517735401
2020-02-25 02:55:13+00:00,OldPersonOnline,,1,123,656,,,Tue Feb 25 02:55:13 +0000 2020,,,,https://twitter.com/OldPersonOnline/status/1232136942159970305,1232136942159970305,2517735401
2020-02-25 02:00:11+00:00,OldPersonOnline,,0,86,493,,,Tue Feb 25 02:00:11 +0000 2020,,,,https://twitter.com/OldPersonOnline/status/1232123093516201984,1232123093516201984,2517735401
2020-02-25 01:02:01+00:00,OldPersonOnline,,3,8,102,,,Tue Feb 25 01:02:01 +0000 2020,,,,https://twitter.com/OldPersonOnline/status/1232108451700125696,1232108451700125696,2517735401
2020-02-25 00:06:59+00:00,OldPersonOnline,,20,278,1525,,,Tue Feb 25 00:06:59 +0000 2020,,,,https://twitter.com/OldPersonOnline/status/1232094602745778176,1232094602745778176,2517735401
2020-02-24 23:11:58+00:00,OldPersonOnline,,4,12,188,,,Mon Feb 24 23:11:58 +0000 2020,,,,https://twitter.com/OldPersonOnline/status/1232080757688061952,1232080757688061952,2517735401
2020-02-24 22:16:57+00:00,OldPersonOnline,,1,41,165,,,Mon Feb 24 22:16:57 +0000 2020,,,,https://twitter.com/OldPersonOnline/status/1232066912877719553,1232066912877719553,2517735401
2020-02-24 19:26:45+00:00,OldPersonOnline,,3,99,477,,,Mon Feb 24 19:26:45 +0000 2020,,,,https://twitter.com/OldPersonOnline/status/1232024082000072704,1232024082000072704,2517735401
2020-02-24 18:31:43+00:00,OldPersonOnline,,2,38,170,,,Mon Feb 24 18:31:43 +0000 2020,,,,https://twitter.com/OldPersonOnline/status/1232010233146494976,1232010233146494976,2517735401
2020-02-24 17:36:42+00:00,OldPersonOnline,,7,138,868,,,Mon Feb 24 17:36:42 +0000 2020,,,,https://twitter.com/OldPersonOnline/status/1231996388030009346,1231996388030009346,2517735401
2020-02-24 16:41:42+00:00,OldPersonOnline,,1,5,78,,,Mon Feb 24 16:41:42 +0000 2020,,,,https://twitter.com/OldPersonOnline/status/1231982543022575617,1231982543022575617,2517735401
2020-02-24 15:46:41+00:00,OldPersonOnline,,7,343,2159,,,Mon Feb 24 15:46:41 +0000 2020,,,,https://twitter.com/OldPersonOnline/status/1231968698841419777,1231968698841419777,2517735401
