date,username,to,replies,retweets,favorites,text,mentions,formatted_date,geo,hashtags,urls,permalink,ID,author_id
2020-02-25 18:47:45+00:00,Oskar_bg,Dranan01,1,0,0,Pero vamos a ver tu cuanta agua le echas al arroz? Que no es una sopa xDd,,Tue Feb 25 18:47:45 +0000 2020,,,,https://twitter.com/Oskar_bg/status/1232376655311704074,1232376655311704074,1041783956105035777
2020-02-25 18:40:25+00:00,Oskar_bg,Dranan01,1,0,0,Pero que vas a colar si está seco,,Tue Feb 25 18:40:25 +0000 2020,,,,https://twitter.com/Oskar_bg/status/1232374808614178818,1232374808614178818,1041783956105035777
2020-02-25 18:35:47+00:00,Oskar_bg,Dranan01,1,0,0,Pero si la idea es que se evapore todo el agua al cocerlo que vas a colar ahí xd,,Tue Feb 25 18:35:47 +0000 2020,,,,https://twitter.com/Oskar_bg/status/1232373643679879169,1232373643679879169,1041783956105035777
2020-02-13 23:39:03+00:00,Oskar_bg,,0,0,3,,,Thu Feb 13 23:39:03 +0000 2020,,,,https://twitter.com/Oskar_bg/status/1228101307216650241,1228101307216650241,1041783956105035777
2020-02-13 21:44:31+00:00,Oskar_bg,Licaon_00,0,1,1,No te la vas a coger jajaj salu2,,Thu Feb 13 21:44:31 +0000 2020,,,,https://twitter.com/Oskar_bg/status/1228072483556921346,1228072483556921346,1041783956105035777
2020-02-12 22:40:50+00:00,Oskar_bg,xXofficerkXx,0,0,1,,,Wed Feb 12 22:40:50 +0000 2020,,,,https://twitter.com/Oskar_bg/status/1227724270127788033,1227724270127788033,1041783956105035777
2020-02-11 22:58:51+00:00,Oskar_bg,xXofficerkXx,0,0,0,No gracias me quedo mi kebab mejor,,Tue Feb 11 22:58:51 +0000 2020,,,,https://twitter.com/Oskar_bg/status/1227366417135276033,1227366417135276033,1041783956105035777
2020-02-11 22:04:04+00:00,Oskar_bg,alexmmartin27,3,0,3,Comiendo helado pensando en ella? Más bien comiendo kebab y durmiendo,,Tue Feb 11 22:04:04 +0000 2020,,,https://twitter.com/alexmmartin27/status/1227291351433256960,https://twitter.com/Oskar_bg/status/1227352629174571008,1227352629174571008,1041783956105035777
2020-02-11 08:57:26+00:00,Oskar_bg,Licaon_00,0,0,1,Sen Ω = Ω,,Tue Feb 11 08:57:26 +0000 2020,,,,https://twitter.com/Oskar_bg/status/1227154664497479680,1227154664497479680,1041783956105035777
2020-02-11 08:39:59+00:00,Oskar_bg,Licaon_00,1,1,1,π=e=3,,Tue Feb 11 08:39:59 +0000 2020,,,,https://twitter.com/Oskar_bg/status/1227150274814496768,1227150274814496768,1041783956105035777
2020-02-10 22:25:08+00:00,Oskar_bg,Licaon_00,0,0,3,5 peliculas: 1 Interstellar 2 Life of Brian 3 Waking life 4 Fight club 5 Persona,,Mon Feb 10 22:25:08 +0000 2020,,,https://twitter.com/Licaon_00/status/1226987521806159873,https://twitter.com/Oskar_bg/status/1226995542519156739,1226995542519156739,1041783956105035777
2020-02-10 17:00:16+00:00,Oskar_bg,Dranan01,0,0,0,Que va si eso no sirve pa na en verdad,,Mon Feb 10 17:00:16 +0000 2020,,,,https://twitter.com/Oskar_bg/status/1226913785476243456,1226913785476243456,1041783956105035777
2020-02-04 21:39:15+00:00,Oskar_bg,Lois_sama,0,0,0,Gertrudis analítica,,Tue Feb 04 21:39:15 +0000 2020,,,,https://twitter.com/Oskar_bg/status/1224809669467803654,1224809669467803654,1041783956105035777
2020-01-31 11:47:19+00:00,Oskar_bg,xXofficerkXx,0,0,1,Química tampoco,,Fri Jan 31 11:47:19 +0000 2020,,,,https://twitter.com/Oskar_bg/status/1223211153616179200,1223211153616179200,1041783956105035777
2020-01-29 11:35:04+00:00,Oskar_bg,xXofficerkXx,0,0,2,A la lloreria fachita,,Wed Jan 29 11:35:04 +0000 2020,,,,https://twitter.com/Oskar_bg/status/1222483293037264896,1222483293037264896,1041783956105035777
2020-01-29 11:30:09+00:00,Oskar_bg,Santi_ABASCAL,1,0,3,,,Wed Jan 29 11:30:09 +0000 2020,,,,https://twitter.com/Oskar_bg/status/1222482056845938690,1222482056845938690,1041783956105035777
2020-01-28 21:41:52+00:00,Oskar_bg,nikitad2904,1,0,0,Ni idea se me pone el teclado en sueco cuando hago eso,,Tue Jan 28 21:41:52 +0000 2020,,,,https://twitter.com/Oskar_bg/status/1222273611362422784,1222273611362422784,1041783956105035777
2020-01-28 21:32:49+00:00,Oskar_bg,nikitad2904,1,0,0,Ja krusiduller kristendomen usb betvivlar Kandi händigt,,Tue Jan 28 21:32:49 +0000 2020,,,,https://twitter.com/Oskar_bg/status/1222271333414985733,1222271333414985733,1041783956105035777
2020-01-28 21:24:25+00:00,Oskar_bg,nikitad2904,1,0,0,Perchero lechuzo Ameghino Ignacio förbehållen,,Tue Jan 28 21:24:25 +0000 2020,,,,https://twitter.com/Oskar_bg/status/1222269220454424577,1222269220454424577,1041783956105035777
2020-01-28 21:16:07+00:00,Oskar_bg,nikitad2904,1,0,0,Handduk ,,Tue Jan 28 21:16:07 +0000 2020,,,,https://twitter.com/Oskar_bg/status/1222267132337119232,1222267132337119232,1041783956105035777
2020-01-20 13:24:10+00:00,Oskar_bg,Licaon_00,1,0,3,Yo creo que voy a dejar la carrera pa ver documentales de national geographic,,Mon Jan 20 13:24:10 +0000 2020,,,,https://twitter.com/Oskar_bg/status/1219249257863139333,1219249257863139333,1041783956105035777
2020-01-19 18:26:58+00:00,Oskar_bg,Cotilleos_UGR_,0,0,0,En la chistera en monachil hacen jam sessions los domingos,,Sun Jan 19 18:26:58 +0000 2020,,,,https://twitter.com/Oskar_bg/status/1218963071672180736,1218963071672180736,1041783956105035777
2020-01-02 19:39:37+00:00,Oskar_bg,pawel_real,0,0,0, dale carla,,Thu Jan 02 19:39:37 +0000 2020,,,,https://twitter.com/Oskar_bg/status/1212820762240925696,1212820762240925696,1041783956105035777
2020-01-01 22:26:55+00:00,Oskar_bg,nothingxlse,0,0,0,,,Wed Jan 01 22:26:55 +0000 2020,,,,https://twitter.com/Oskar_bg/status/1212500475523809280,1212500475523809280,1041783956105035777
2020-01-01 19:59:48+00:00,Oskar_bg,Licaon_00,0,0,5,Gulag,,Wed Jan 01 19:59:48 +0000 2020,,,,https://twitter.com/Oskar_bg/status/1212463455082569732,1212463455082569732,1041783956105035777
