date,username,to,replies,retweets,favorites,text,mentions,formatted_date,geo,hashtags,urls,permalink,ID,author_id
2020-02-28 20:18:28+00:00,pacoelmag0,JuanmaofArcos,1,0,3,qué dices mangel tío xD,,Fri Feb 28 20:18:28 +0000 2020,,,,https://twitter.com/pacoelmag0/status/1233486645669826563,1233486645669826563,243332312
2020-02-28 20:04:35+00:00,pacoelmag0,cancersebero,0,0,1,ya no las tengo yo xD,,Fri Feb 28 20:04:35 +0000 2020,,,,https://twitter.com/pacoelmag0/status/1233483153563668486,1233483153563668486,243332312
2020-02-28 20:01:51+00:00,pacoelmag0,,0,1,6,,,Fri Feb 28 20:01:51 +0000 2020,,,,https://twitter.com/pacoelmag0/status/1233482466276597760,1233482466276597760,243332312
2020-02-28 20:01:09+00:00,pacoelmag0,,0,1,35,,,Fri Feb 28 20:01:09 +0000 2020,,,,https://twitter.com/pacoelmag0/status/1233482287779631107,1233482287779631107,243332312
2020-02-28 20:00:35+00:00,pacoelmag0,Phantanium_,0,1,9,no hay otra forma,,Fri Feb 28 20:00:35 +0000 2020,,,,https://twitter.com/pacoelmag0/status/1233482145659789312,1233482145659789312,243332312
2020-02-28 19:59:14+00:00,pacoelmag0,pacoelmag0,1,0,3,"quedan algunas fotos de mis huevos que han sobrado, estáis a tiempo de conseguir la vuestra",,Fri Feb 28 19:59:14 +0000 2020,,,https://twitter.com/pacoelmag0/status/1233337444277334017,https://twitter.com/pacoelmag0/status/1233481809037578241,1233481809037578241,243332312
2020-02-28 19:54:36+00:00,pacoelmag0,,2,41,192,,,Fri Feb 28 19:54:36 +0000 2020,,,,https://twitter.com/pacoelmag0/status/1233480642207375365,1233480642207375365,243332312
2020-02-28 19:48:59+00:00,pacoelmag0,hijadlapopo,0,0,1,jakskfjfkfkkd,,Fri Feb 28 19:48:59 +0000 2020,,,,https://twitter.com/pacoelmag0/status/1233479226910793733,1233479226910793733,243332312
2020-02-28 19:46:04+00:00,pacoelmag0,rpr_an,0,0,1,"los nacionales creo que salen todos igual, eso está guay!! jope creo que es el primer libro mío que va a mallorca",,Fri Feb 28 19:46:04 +0000 2020,,,,https://twitter.com/pacoelmag0/status/1233478491766710277,1233478491766710277,243332312
2020-02-28 19:27:56+00:00,pacoelmag0,rpr_an,1,0,0,sí???? jope mil gracias!!,,Fri Feb 28 19:27:56 +0000 2020,,,,https://twitter.com/pacoelmag0/status/1233473931274833920,1233473931274833920,243332312
2020-02-28 18:53:29+00:00,pacoelmag0,,0,0,0,:(((,,Fri Feb 28 18:53:29 +0000 2020,,,,https://twitter.com/pacoelmag0/status/1233465260750901249,1233465260750901249,243332312
2020-02-28 18:24:00+00:00,pacoelmag0,juanmagordillo,0,0,1,poemas alegres y tristes,,Fri Feb 28 18:24:00 +0000 2020,,,,https://twitter.com/pacoelmag0/status/1233457840066564097,1233457840066564097,243332312
2020-02-28 17:53:57+00:00,pacoelmag0,,0,8,52,ÚLTIMA HORA | Me gustas,,Fri Feb 28 17:53:57 +0000 2020,,,,https://twitter.com/pacoelmag0/status/1233450280483684352,1233450280483684352,243332312
2020-02-28 17:41:31+00:00,pacoelmag0,Mike______Azuki,0,0,5,me mola,,Fri Feb 28 17:41:31 +0000 2020,,,,https://twitter.com/pacoelmag0/status/1233447150698274816,1233447150698274816,243332312
2020-02-28 17:41:16+00:00,pacoelmag0,rpr_an,2,0,0,https://www.lecume.es/product-page/las-estrellas-no-se-echan-la-siesta si lo he puesto muchas veces ya :(((,,Fri Feb 28 17:41:16 +0000 2020,,,https://www.lecume.es/product-page/las-estrellas-no-se-echan-la-siesta,https://twitter.com/pacoelmag0/status/1233447087930576902,1233447087930576902,243332312
2020-02-28 16:47:33+00:00,pacoelmag0,,1,5,38,nadie compró mi libro,,Fri Feb 28 16:47:33 +0000 2020,,,,https://twitter.com/pacoelmag0/status/1233433567453229058,1233433567453229058,243332312
2020-02-28 16:46:46+00:00,pacoelmag0,escachadisima,0,0,4,no ha subido ninguna de sus pies xD,,Fri Feb 28 16:46:46 +0000 2020,,,https://twitter.com/escachadisima/status/1233424602451279873,https://twitter.com/pacoelmag0/status/1233433370920615936,1233433370920615936,243332312
2020-02-28 16:22:08+00:00,pacoelmag0,Neluelchaval,0,0,1,jakskfkgks,,Fri Feb 28 16:22:08 +0000 2020,,,,https://twitter.com/pacoelmag0/status/1233427174289498117,1233427174289498117,243332312
2020-02-28 16:19:05+00:00,pacoelmag0,,1,1,14,pide un libro ahora mismo y te escribo lo que quieras https://www.lecume.es/product-page/las-estrellas-no-se-echan-la-siesta,,Fri Feb 28 16:19:05 +0000 2020,,,https://www.lecume.es/product-page/las-estrellas-no-se-echan-la-siesta,https://twitter.com/pacoelmag0/status/1233426404412399616,1233426404412399616,243332312
2020-02-28 16:00:41+00:00,pacoelmag0,HinchaDeLaRioja,1,0,1,jakskdjfjdjskdd gracias amigo,,Fri Feb 28 16:00:41 +0000 2020,,,,https://twitter.com/pacoelmag0/status/1233421773884002304,1233421773884002304,243332312
2020-02-28 12:39:48+00:00,pacoelmag0,,0,5,16,el capo de clase cuando le habla la chavala que le mola,,Fri Feb 28 12:39:48 +0000 2020,,,,https://twitter.com/pacoelmag0/status/1233371219178729472,1233371219178729472,243332312
2020-02-28 12:32:24+00:00,pacoelmag0,sanbenito,0,2,24,pillarte mi libro bro que me lo dijiste la semana pasada,,Fri Feb 28 12:32:24 +0000 2020,,,https://twitter.com/sanbenito/status/1233122698466910213,https://twitter.com/pacoelmag0/status/1233369356870000640,1233369356870000640,243332312
2020-02-28 12:29:38+00:00,pacoelmag0,,1,1,27,andaluces be like,,Fri Feb 28 12:29:38 +0000 2020,,,,https://twitter.com/pacoelmag0/status/1233368663375433728,1233368663375433728,243332312
2020-02-28 12:27:41+00:00,pacoelmag0,Phantanium_,1,0,1,pero antes di en el vídeo esto va por paco o algo así jskskfjdjkwkwd,,Fri Feb 28 12:27:41 +0000 2020,,,,https://twitter.com/pacoelmag0/status/1233368169567465474,1233368169567465474,243332312
2020-02-28 12:25:41+00:00,pacoelmag0,Phantanium_,1,0,2,pasa bizum que te lo financio,,Fri Feb 28 12:25:41 +0000 2020,,,,https://twitter.com/pacoelmag0/status/1233367665978290176,1233367665978290176,243332312
2020-02-28 12:24:49+00:00,pacoelmag0,Shaankraa,0,1,20,gracias!! yo pensaba que era otra cosa xD,,Fri Feb 28 12:24:49 +0000 2020,,,https://twitter.com/Shaankraa/status/1233196167158272002,https://twitter.com/pacoelmag0/status/1233367449703239681,1233367449703239681,243332312
2020-02-28 12:14:24+00:00,pacoelmag0,wikiesqueletos,2,0,1,y las 3 bitcoins que te pasé la semana pasada?,,Fri Feb 28 12:14:24 +0000 2020,,,,https://twitter.com/pacoelmag0/status/1233364827860611073,1233364827860611073,243332312
2020-02-28 12:12:55+00:00,pacoelmag0,,2,548,2840,joder qué grandes hacen ahora los chicles xD,,Fri Feb 28 12:12:55 +0000 2020,,,,https://twitter.com/pacoelmag0/status/1233364452814266368,1233364452814266368,243332312
2020-02-28 12:12:14+00:00,pacoelmag0,,1,0,9,wikiesqueletos cómprate mi libro que estás forrao,,Fri Feb 28 12:12:14 +0000 2020,,,,https://twitter.com/pacoelmag0/status/1233364284668862464,1233364284668862464,243332312
2020-02-28 12:04:26+00:00,pacoelmag0,retrete_nuevo,0,0,1,mmmm puedo intentarlo,,Fri Feb 28 12:04:26 +0000 2020,,,,https://twitter.com/pacoelmag0/status/1233362319025098753,1233362319025098753,243332312
2020-02-28 12:02:10+00:00,pacoelmag0,pacoelmag0,0,1,3,si quieres te mando este también @PabloIglesias,@PabloIglesias,Fri Feb 28 12:02:10 +0000 2020,,,https://twitter.com/pacoelmag0/status/1233337444277334017,https://twitter.com/pacoelmag0/status/1233361749690241024,1233361749690241024,243332312
2020-02-28 11:56:43+00:00,pacoelmag0,,2,2,20,,,Fri Feb 28 11:56:43 +0000 2020,,,,https://twitter.com/pacoelmag0/status/1233360379734102019,1233360379734102019,243332312
2020-02-28 11:55:43+00:00,pacoelmag0,Martalar,0,0,0,tienes uno esperando!!,,Fri Feb 28 11:55:43 +0000 2020,,,,https://twitter.com/pacoelmag0/status/1233360128147165184,1233360128147165184,243332312
2020-02-28 11:52:37+00:00,pacoelmag0,,0,0,15,,,Fri Feb 28 11:52:37 +0000 2020,,,,https://twitter.com/pacoelmag0/status/1233359344625995776,1233359344625995776,243332312
2020-02-28 11:49:44+00:00,pacoelmag0,,1,5,38,,,Fri Feb 28 11:49:44 +0000 2020,,,,https://twitter.com/pacoelmag0/status/1233358619095244801,1233358619095244801,243332312
2020-02-28 11:42:21+00:00,pacoelmag0,,1,0,1,los viernes de la jungla hoy sí,,Fri Feb 28 11:42:21 +0000 2020,,,,https://twitter.com/pacoelmag0/status/1233356760511066115,1233356760511066115,243332312
2020-02-28 11:41:28+00:00,pacoelmag0,Lecume_edit,0,0,4,no porfa euros los que queráis pero rps no que tengo que pillarme una skin de yasuo,,Fri Feb 28 11:41:28 +0000 2020,,,,https://twitter.com/pacoelmag0/status/1233356541526466561,1233356541526466561,243332312
2020-02-28 11:39:18+00:00,pacoelmag0,,0,2,7,estoy sin whatsapp ni mds cualquier cosa pillad mi libro,,Fri Feb 28 11:39:18 +0000 2020,,,,https://twitter.com/pacoelmag0/status/1233355994819899392,1233355994819899392,243332312
2020-02-28 11:31:57+00:00,pacoelmag0,wikinaruta,0,0,1,joder está de lujo,,Fri Feb 28 11:31:57 +0000 2020,,,,https://twitter.com/pacoelmag0/status/1233354143433015297,1233354143433015297,243332312
2020-02-28 11:30:38+00:00,pacoelmag0,eledemendoza,0,1,1,gracias el de mendoza oza oza,,Fri Feb 28 11:30:38 +0000 2020,,,,https://twitter.com/pacoelmag0/status/1233353815656685568,1233353815656685568,243332312
2020-02-28 11:30:15+00:00,pacoelmag0,Piryelgamer,0,0,1,jakskfjfkksdjf sería genial tío,,Fri Feb 28 11:30:15 +0000 2020,,,,https://twitter.com/pacoelmag0/status/1233353719271612416,1233353719271612416,243332312
2020-02-28 11:26:28+00:00,pacoelmag0,iTzToniOP,1,0,2,toni ,,Fri Feb 28 11:26:28 +0000 2020,,,,https://twitter.com/pacoelmag0/status/1233352764648017922,1233352764648017922,243332312
2020-02-28 11:25:51+00:00,pacoelmag0,Miguel_Escapa,0,0,1,"está muy trabajado el libro, por eso vale más que poesía y mierda, suerte en el sorteo bro!",,Fri Feb 28 11:25:51 +0000 2020,,,,https://twitter.com/pacoelmag0/status/1233352609899204610,1233352609899204610,243332312
2020-02-28 11:23:33+00:00,pacoelmag0,Elector_Count,1,0,1,rogue te quiero,,Fri Feb 28 11:23:33 +0000 2020,,,,https://twitter.com/pacoelmag0/status/1233352030141501440,1233352030141501440,243332312
2020-02-28 11:22:58+00:00,pacoelmag0,redsadwhore,1,0,0,la tendrás,,Fri Feb 28 11:22:58 +0000 2020,,,,https://twitter.com/pacoelmag0/status/1233351882883641344,1233351882883641344,243332312
2020-02-28 11:22:46+00:00,pacoelmag0,Miguel_Escapa,1,0,0,está a 12,,Fri Feb 28 11:22:46 +0000 2020,,,,https://twitter.com/pacoelmag0/status/1233351835861356544,1233351835861356544,243332312
2020-02-28 11:22:18+00:00,pacoelmag0,,0,0,13,mirad mi madre está orgullosa de mí por primera vez,,Fri Feb 28 11:22:18 +0000 2020,,,,https://twitter.com/pacoelmag0/status/1233351717959479297,1233351717959479297,243332312
2020-02-28 11:21:19+00:00,pacoelmag0,redsadwhore,1,1,1,las mujeres de mi vida,,Fri Feb 28 11:21:19 +0000 2020,,,,https://twitter.com/pacoelmag0/status/1233351467433701376,1233351467433701376,243332312
2020-02-28 11:19:08+00:00,pacoelmag0,redsadwhore,0,0,1, ,,Fri Feb 28 11:19:08 +0000 2020,,,,https://twitter.com/pacoelmag0/status/1233350921331052544,1233350921331052544,243332312
2020-02-28 11:18:59+00:00,pacoelmag0,CyoSann,1,0,1,dalee,,Fri Feb 28 11:18:59 +0000 2020,,,,https://twitter.com/pacoelmag0/status/1233350881472634880,1233350881472634880,243332312
2020-02-28 11:15:53+00:00,pacoelmag0,C_Clemente_,1,0,1,aiba qué guapo,,Fri Feb 28 11:15:53 +0000 2020,,,,https://twitter.com/pacoelmag0/status/1233350100023480322,1233350100023480322,243332312
2020-02-28 11:09:44+00:00,pacoelmag0,,0,1,6,únete al reto!! https://www.lecume.es/product-page/las-estrellas-no-se-echan-la-siesta,,Fri Feb 28 11:09:44 +0000 2020,,,https://www.lecume.es/product-page/las-estrellas-no-se-echan-la-siesta,https://twitter.com/pacoelmag0/status/1233348552618921985,1233348552618921985,243332312
2020-02-28 11:08:21+00:00,pacoelmag0,gililpollas,1,0,1,gracias tío te quiero,,Fri Feb 28 11:08:21 +0000 2020,,,,https://twitter.com/pacoelmag0/status/1233348206781661186,1233348206781661186,243332312
2020-02-28 11:08:13+00:00,pacoelmag0,WikiBribon,1,0,1,esa essss,,Fri Feb 28 11:08:13 +0000 2020,,,,https://twitter.com/pacoelmag0/status/1233348171444740096,1233348171444740096,243332312
2020-02-28 11:07:41+00:00,pacoelmag0,MaMFeni,0,0,0,"bro si te lo pillas pon un comentario en el pedido y te lo firmo o te dibujo una polla o algo, gracias tío",,Fri Feb 28 11:07:41 +0000 2020,,,,https://twitter.com/pacoelmag0/status/1233348040028819458,1233348040028819458,243332312
2020-02-28 11:06:52+00:00,pacoelmag0,gililpollas,1,0,1,bro si lo pillas por un comentario en el pedido y te escribo lo que quieras en el libro,,Fri Feb 28 11:06:52 +0000 2020,,,,https://twitter.com/pacoelmag0/status/1233347834130423810,1233347834130423810,243332312
2020-02-28 11:04:13+00:00,pacoelmag0,cancersebero,0,0,1,te hablo por md,,Fri Feb 28 11:04:13 +0000 2020,,,,https://twitter.com/pacoelmag0/status/1233347166250426371,1233347166250426371,243332312
2020-02-28 11:03:25+00:00,pacoelmag0,WikiBribon,1,0,2,si te pillas el libro lo digo jadskjdasdjsakads,,Fri Feb 28 11:03:25 +0000 2020,,,,https://twitter.com/pacoelmag0/status/1233346962734354432,1233346962734354432,243332312
2020-02-28 11:00:25+00:00,pacoelmag0,redsadwhore,1,1,1,andrea te amo voy a ir a barcelona a darte un beso,,Fri Feb 28 11:00:25 +0000 2020,,,,https://twitter.com/pacoelmag0/status/1233346210121048065,1233346210121048065,243332312
2020-02-28 11:00:11+00:00,pacoelmag0,cancersebero,1,0,1,en la web lo tienes!!,,Fri Feb 28 11:00:11 +0000 2020,,,,https://twitter.com/pacoelmag0/status/1233346151648235520,1233346151648235520,243332312
2020-02-28 10:56:08+00:00,pacoelmag0,intolaura,0,0,1,muchas gracias laura!!,,Fri Feb 28 10:56:08 +0000 2020,,,,https://twitter.com/pacoelmag0/status/1233345130675003392,1233345130675003392,243332312
2020-02-28 10:55:58+00:00,pacoelmag0,escachadisima,0,0,1,gracias somi,,Fri Feb 28 10:55:58 +0000 2020,,,,https://twitter.com/pacoelmag0/status/1233345091076608000,1233345091076608000,243332312
2020-02-28 10:53:01+00:00,pacoelmag0,,0,0,3,"el primer comprador de las estrellas no se echan la siesta, estuvo esperando 3 días en la web dando a f5 cada diez segundos, enhorabuena bro!! https://www.lecume.es/product-page/las-estrellas-no-se-echan-la-siesta",,Fri Feb 28 10:53:01 +0000 2020,,,https://www.lecume.es/product-page/las-estrellas-no-se-echan-la-siesta,https://twitter.com/pacoelmag0/status/1233344348164698112,1233344348164698112,243332312
2020-02-28 10:43:27+00:00,pacoelmag0,Lecume_edit,0,0,3,soy feo pero que eso no os impida ver el libro :(,,Fri Feb 28 10:43:27 +0000 2020,,,,https://twitter.com/pacoelmag0/status/1233341941703757824,1233341941703757824,243332312
2020-02-28 10:42:45+00:00,pacoelmag0,Lecume_edit,0,0,6,hackeo completado con éxito ,,Fri Feb 28 10:42:45 +0000 2020,,,https://twitter.com/Lecume_edit/status/1233341519190536192,https://twitter.com/pacoelmag0/status/1233341764645400576,1233341764645400576,243332312
2020-02-28 10:40:57+00:00,pacoelmag0,entoleaks,1,0,1,gracias ,,Fri Feb 28 10:40:57 +0000 2020,,,,https://twitter.com/pacoelmag0/status/1233341308846182401,1233341308846182401,243332312
2020-02-28 10:32:52+00:00,pacoelmag0,,1,0,0,"de qué la quieres tío que yo te la mando, mil gracias",,Fri Feb 28 10:32:52 +0000 2020,,,,https://twitter.com/pacoelmag0/status/1233339277704126466,1233339277704126466,243332312
2020-02-28 10:32:32+00:00,pacoelmag0,,1,0,10,"mil gracias a los que me apoyáis aunque me sigáis por los memes y os la sude la poesía, a mí esto me hace millones de unidades de ilusión",,Fri Feb 28 10:32:32 +0000 2020,,,,https://twitter.com/pacoelmag0/status/1233339190877859841,1233339190877859841,243332312
2020-02-28 10:31:28+00:00,pacoelmag0,,0,0,0,has pedido bro?????,,Fri Feb 28 10:31:28 +0000 2020,,,,https://twitter.com/pacoelmag0/status/1233338925952962561,1233338925952962561,243332312
2020-02-28 10:31:12+00:00,pacoelmag0,,2,8,27,estas son la portada y la contraportada del libro https://twitter.com/Vmbrbr/status/1233338320966561793,,Fri Feb 28 10:31:12 +0000 2020,,,https://twitter.com/Vmbrbr/status/1233338320966561793,https://twitter.com/pacoelmag0/status/1233338855656390657,1233338855656390657,243332312
2020-02-28 10:28:41+00:00,pacoelmag0,,5,0,15,estoy súper nervioso :((( tengo la sensación de que solo va a pillar el libro mi madre (que seré yo desde su tarjeta),,Fri Feb 28 10:28:41 +0000 2020,,,,https://twitter.com/pacoelmag0/status/1233338222215942144,1233338222215942144,243332312
2020-02-28 10:25:35+00:00,pacoelmag0,,7,32,45,"chavales he conseguido entrar con éxito en la web, ya está disponible el libro con envíos a todo el mundo y a los 10 primeros que lo pidan hoy les mando con el libro una foto de mis huevos firmada y con un poema, 0 bromas",,Fri Feb 28 10:25:35 +0000 2020,,,https://www.lecume.es/product-page/las-estrellas-no-se-echan-la-siesta,https://twitter.com/pacoelmag0/status/1233337444277334017,1233337444277334017,243332312
2020-02-28 10:20:52+00:00,pacoelmag0,rpr_an,0,0,0,fav aquí chavales,,Fri Feb 28 10:20:52 +0000 2020,,,,https://twitter.com/pacoelmag0/status/1233336256752476166,1233336256752476166,243332312
2020-02-28 10:19:01+00:00,pacoelmag0,Lecume_edit,0,0,6,"ya estoy en su twitter, ahora a la web jsadkdajsjkdasasd",,Fri Feb 28 10:19:01 +0000 2020,,,https://twitter.com/Lecume_edit/status/1233335683424673794,https://twitter.com/pacoelmag0/status/1233335792728182784,1233335792728182784,243332312
2020-02-28 10:17:13+00:00,pacoelmag0,,0,0,7,dadme 10 minutos,,Fri Feb 28 10:17:13 +0000 2020,,,,https://twitter.com/pacoelmag0/status/1233335340095680512,1233335340095680512,243332312
2020-02-28 10:14:29+00:00,pacoelmag0,Lecume_edit,0,0,0,jskskfkkfkds,,Fri Feb 28 10:14:29 +0000 2020,,,,https://twitter.com/pacoelmag0/status/1233334649730060289,1233334649730060289,243332312
2020-02-28 10:12:37+00:00,pacoelmag0,,0,0,0,menudo sin vergüenza,,Fri Feb 28 10:12:37 +0000 2020,,,,https://twitter.com/pacoelmag0/status/1233334181301805056,1233334181301805056,243332312
2020-02-28 10:10:28+00:00,pacoelmag0,rpr_an,0,0,1,"me hace más ilusión que comerme un kebab, prueba la poesía bro está guapa y engancha",,Fri Feb 28 10:10:28 +0000 2020,,,,https://twitter.com/pacoelmag0/status/1233333637627752449,1233333637627752449,243332312
2020-02-28 10:02:31+00:00,pacoelmag0,,1,0,18,7 favs y lo hago aunque luego me echen,,Fri Feb 28 10:02:31 +0000 2020,,,,https://twitter.com/pacoelmag0/status/1233331638005850114,1233331638005850114,243332312
2020-02-28 10:00:19+00:00,pacoelmag0,,1,0,22,chavales estoy to nervioso estoy por hackear la editorial y poner el libro a la venta ya,,Fri Feb 28 10:00:19 +0000 2020,,,,https://twitter.com/pacoelmag0/status/1233331085951590401,1233331085951590401,243332312
2020-02-28 09:47:30+00:00,pacoelmag0,,0,11,70,pero si no son ni las tres xD,,Fri Feb 28 09:47:30 +0000 2020,,,,https://twitter.com/pacoelmag0/status/1233327860166864896,1233327860166864896,243332312
2020-02-27 23:22:17+00:00,pacoelmag0,OT_Oficial,0,2,18,ducharse hace falta?,,Thu Feb 27 23:22:17 +0000 2020,,,https://twitter.com/OT_Oficial/status/1232986053046349825,https://twitter.com/pacoelmag0/status/1233170518930489344,1233170518930489344,243332312
2020-02-27 23:20:59+00:00,pacoelmag0,diosameg,1,0,4,ok boomer,,Thu Feb 27 23:20:59 +0000 2020,,,https://twitter.com/diosameg/status/1232850044426096644,https://twitter.com/pacoelmag0/status/1233170192852750338,1233170192852750338,243332312
2020-02-27 23:17:28+00:00,pacoelmag0,,0,1,11,feliz día de Andalucía felicidades a todas las chicas que se llamen así,,Thu Feb 27 23:17:28 +0000 2020,,,,https://twitter.com/pacoelmag0/status/1233169307703676929,1233169307703676929,243332312
2020-02-27 22:45:11+00:00,pacoelmag0,sueych0p,0,0,0,gracias ,,Thu Feb 27 22:45:11 +0000 2020,,,,https://twitter.com/pacoelmag0/status/1233161181235417088,1233161181235417088,243332312
2020-02-27 20:42:47+00:00,pacoelmag0,,3,4,13,no sé gestionar bien las cosas y creo que algunas me afectan más de lo que debería,,Thu Feb 27 20:42:47 +0000 2020,,,,https://twitter.com/pacoelmag0/status/1233130379781058561,1233130379781058561,243332312
2020-02-27 20:03:09+00:00,pacoelmag0,gxsbzrt,1,0,1,michael me gusta,,Thu Feb 27 20:03:09 +0000 2020,,,,https://twitter.com/pacoelmag0/status/1233120405663223809,1233120405663223809,243332312
2020-02-27 20:02:11+00:00,pacoelmag0,PabIounchaval,1,0,0,mostoleño,,Thu Feb 27 20:02:11 +0000 2020,,,,https://twitter.com/pacoelmag0/status/1233120159742746626,1233120159742746626,243332312
2020-02-27 20:01:44+00:00,pacoelmag0,,2,0,23,,,Thu Feb 27 20:01:44 +0000 2020,,,,https://twitter.com/pacoelmag0/status/1233120048920907778,1233120048920907778,243332312
2020-02-27 19:29:04+00:00,pacoelmag0,__Mortis,2,3,47,no sabía que el idioma oficial de móstoles era el alemán xD,,Thu Feb 27 19:29:04 +0000 2020,,,https://twitter.com/__Mortis/status/1232999829934104577,https://twitter.com/pacoelmag0/status/1233111825828458497,1233111825828458497,243332312
2020-02-27 19:25:27+00:00,pacoelmag0,,0,7,53,,,Thu Feb 27 19:25:27 +0000 2020,,,,https://twitter.com/pacoelmag0/status/1233110919263195140,1233110919263195140,243332312
2020-02-27 19:13:19+00:00,pacoelmag0,cancersebero,1,0,1,cuánto cobras,,Thu Feb 27 19:13:19 +0000 2020,,,,https://twitter.com/pacoelmag0/status/1233107864845242371,1233107864845242371,243332312
2020-02-27 18:53:00+00:00,pacoelmag0,Mike______Azuki,1,0,0,sabrías hacerlo con poesía y mierda? te pago por paypal,,Thu Feb 27 18:53:00 +0000 2020,,,,https://twitter.com/pacoelmag0/status/1233102749610500102,1233102749610500102,243332312
2020-02-27 18:50:20+00:00,pacoelmag0,,1,0,10,,,Thu Feb 27 18:50:20 +0000 2020,,,,https://twitter.com/pacoelmag0/status/1233102082191896576,1233102082191896576,243332312
2020-02-27 18:37:12+00:00,pacoelmag0,FLopezPieper,0,1,3,facundo tú tampoco tienes ni idea bro,,Thu Feb 27 18:37:12 +0000 2020,,,,https://twitter.com/pacoelmag0/status/1233098775062810625,1233098775062810625,243332312
2020-02-27 18:18:51+00:00,pacoelmag0,missxry,0,0,1,Inés ,,Thu Feb 27 18:18:51 +0000 2020,,,,https://twitter.com/pacoelmag0/status/1233094158098878464,1233094158098878464,243332312
2020-02-27 17:25:24+00:00,pacoelmag0,intolaura,0,0,1,a mierda de la buena,,Thu Feb 27 17:25:24 +0000 2020,,,,https://twitter.com/pacoelmag0/status/1233080705762156545,1233080705762156545,243332312
2020-02-27 17:03:44+00:00,pacoelmag0,BlackSnowblind,0,0,1,muchas gracias!,,Thu Feb 27 17:03:44 +0000 2020,,,,https://twitter.com/pacoelmag0/status/1233075254261669888,1233075254261669888,243332312
2020-02-27 17:03:38+00:00,pacoelmag0,,0,0,0,gracias ,,Thu Feb 27 17:03:38 +0000 2020,,,,https://twitter.com/pacoelmag0/status/1233075226608574464,1233075226608574464,243332312
2020-02-27 16:59:58+00:00,pacoelmag0,BlueRapsberry_,1,7,26,es difícil vivir con uno mismo,,Thu Feb 27 16:59:58 +0000 2020,,,https://twitter.com/BlueRapsberry_/status/1233059457434898432,https://twitter.com/pacoelmag0/status/1233074303756914690,1233074303756914690,243332312
