date,username,to,replies,retweets,favorites,text,mentions,formatted_date,geo,hashtags,urls,permalink,ID,author_id
2020-02-28 23:15:38+00:00,patlleixhani,ch0ppppppa,1,0,0,@MoBambii bohu brune te lutem,@MoBambii,Fri Feb 28 23:15:38 +0000 2020,,,,https://twitter.com/patlleixhani/status/1233531233235349504,1233531233235349504,1182661207062396928
2020-02-28 20:53:39+00:00,patlleixhani,,1,1,10,Po heq twitter-in nga night mode sepse kombinimi i vetem qe duhet ne jete eshte bardh e blu. #TIRONA ,,Fri Feb 28 20:53:39 +0000 2020,,#TIRONA,,https://twitter.com/patlleixhani/status/1233495500168536065,1233495500168536065,1182661207062396928
2020-02-27 18:15:31+00:00,patlleixhani,arnyshiaaa,0,0,0,Found her braids,,Thu Feb 27 18:15:31 +0000 2020,,,,https://twitter.com/patlleixhani/status/1233093318743031808,1233093318743031808,1182661207062396928
2020-02-26 23:37:46+00:00,patlleixhani,DurtnXhepa,1,0,0,“Mos i bejn me te ngusht kartonat ktej se andej” hahahahahahahahahahahahahah po i mbro egon,,Wed Feb 26 23:37:46 +0000 2020,,,,https://twitter.com/patlleixhani/status/1232812026692587522,1232812026692587522,1182661207062396928
2020-02-25 16:07:12+00:00,patlleixhani,,0,13,53,Gjeta kete perlen ne instagram,,Tue Feb 25 16:07:12 +0000 2020,,,,https://twitter.com/patlleixhani/status/1232336252080467971,1232336252080467971,1182661207062396928
2020-02-24 18:11:04+00:00,patlleixhani,kontemplatori,0,0,4,Mc kresha do fleje me rehat pasi ta lexoje kete,,Mon Feb 24 18:11:04 +0000 2020,,,,https://twitter.com/patlleixhani/status/1232005035980185600,1232005035980185600,1182661207062396928
2020-02-23 16:09:44+00:00,patlleixhani,2dopjoTequila,0,0,0,"HAHAHAHAHAHAHAHAHAAH. Komenti mas kalcetos ky, ul tu pi uj",,Sun Feb 23 16:09:44 +0000 2020,,,,https://twitter.com/patlleixhani/status/1231612113103310849,1231612113103310849,1182661207062396928
2020-02-22 18:52:04+00:00,patlleixhani,patlleixhani,1,0,0,DREAM MARKET http://5gc3hz66uifzzgwu.onion/?ai=2836071821 AGARTHA http://agarthaozozhidet.onion/register/652364334 APOLLON http://apollionih4ocqyd.onion/register.php?ref=15478 RAPTURE http://zsionvz2kfzttpv3.onion/?r=qcNVI TOCHKA http://pointgg344ghbo2s.onion/auth/register/ff87f6711b804eab4036e67bd38155e7,,Sat Feb 22 18:52:04 +0000 2020,,,"http://5gc3hz66uifzzgwu.onion/?ai=2836071821,http://agarthaozozhidet.onion/register/652364334,http://apollionih4ocqyd.onion/register.php?ref=15478,http://zsionvz2kfzttpv3.onion/?r=qcNVI,http://pointgg344ghbo2s.onion/auth/register/ff87f6711b804eab4036e67bd38155e7",https://twitter.com/patlleixhani/status/1231290576152166402,1231290576152166402,1182661207062396928
2020-02-22 18:51:50+00:00,patlleixhani,klarakami,1,0,0,"Download Tor (I don’t know if it’s allowed on your country, use a vpn if not) then check them out on one of the links below",,Sat Feb 22 18:51:50 +0000 2020,,,,https://twitter.com/patlleixhani/status/1231290519290044417,1231290519290044417,1182661207062396928
2020-02-22 15:04:39+00:00,patlleixhani,fitwhorye,0,0,0,- o ma a ke qime ne bythe ti? - po edhe kam ndonje. - epo qeke bythqime pra.,,Sat Feb 22 15:04:39 +0000 2020,,,,https://twitter.com/patlleixhani/status/1231233347227201536,1231233347227201536,1182661207062396928
2020-02-21 15:44:55+00:00,patlleixhani,,0,0,0,Ayyy gucci built his house in 1953.,,Fri Feb 21 15:44:55 +0000 2020,,,,https://twitter.com/patlleixhani/status/1230881090400923650,1230881090400923650,1182661207062396928
2020-02-20 17:18:46+00:00,patlleixhani,fitwhorye,0,0,0,Albanians don’t eat bread with potatoes. We eat bread with burek tho. Bugace elbasani,,Thu Feb 20 17:18:46 +0000 2020,,,,https://twitter.com/patlleixhani/status/1230542322418487296,1230542322418487296,1182661207062396928
2020-02-20 17:16:50+00:00,patlleixhani,2dopjoTequila,0,0,0,"Hahahahahaha thanks. Trynna build a pattern por skena kohe. Work to do, people to meet, places to be",,Thu Feb 20 17:16:50 +0000 2020,,,,https://twitter.com/patlleixhani/status/1230541833538850817,1230541833538850817,1182661207062396928
2020-02-20 17:14:43+00:00,patlleixhani,pikturojshtepia,0,0,1,"Me esht dasht te rekrutoj njerez ne pune shpesh, jam detyru ti shof si m shume se sa 1 grumbull dijesh qe kane dhe ta siguroj common sense eshte atributi me i rralle sepse e kerkoja gjith kohes",,Thu Feb 20 17:14:43 +0000 2020,,,,https://twitter.com/patlleixhani/status/1230541302581821440,1230541302581821440,1182661207062396928
2020-02-20 15:25:50+00:00,patlleixhani,pikturojshtepia,2,0,8,"Kultura internetit ket konsideron “woke”. S’eshte vec shqipria zhyt me kara. Fatkeqesisht ne kete portal te gjithe kan te drejte te shprehin karlliqet qe mendojne, pastaj zbulojne qe jane shume qe mendojne te njejta karlliqe e papritur jane komunitet.",,Thu Feb 20 15:25:50 +0000 2020,,,,https://twitter.com/patlleixhani/status/1230513901785296896,1230513901785296896,1182661207062396928
2020-02-17 23:55:55+00:00,patlleixhani,MoBambii,0,0,0,Ma dergo pak IBAN-in ti ndihmoje keta studente te lutem.,,Mon Feb 17 23:55:55 +0000 2020,,,,https://twitter.com/patlleixhani/status/1229555102140293122,1229555102140293122,1182661207062396928
2020-02-17 20:00:31+00:00,patlleixhani,,0,0,4, EKIPI ME I MODH NBOT ,,Mon Feb 17 20:00:31 +0000 2020,,,,https://twitter.com/patlleixhani/status/1229495863447293952,1229495863447293952,1182661207062396928
2020-02-17 19:59:13+00:00,patlleixhani,,0,0,3,Moli Ganiut > @MoBambii,@MoBambii,Mon Feb 17 19:59:13 +0000 2020,,,,https://twitter.com/patlleixhani/status/1229495535041642497,1229495535041642497,1182661207062396928
2020-02-17 18:55:25+00:00,patlleixhani,MoBambii,1,0,3,E bukra nenes,,Mon Feb 17 18:55:25 +0000 2020,,,,https://twitter.com/patlleixhani/status/1229479481808769031,1229479481808769031,1182661207062396928
2020-02-17 15:04:10+00:00,patlleixhani,Deni_Hoxha,0,0,2,"O deni rrofsh vlla, po ne shkolla publike shumica skemi qene prej qefit...",,Mon Feb 17 15:04:10 +0000 2020,,,,https://twitter.com/patlleixhani/status/1229421285194817542,1229421285194817542,1182661207062396928
2020-02-17 15:03:33+00:00,patlleixhani,majorwinters7,1,0,2,"Anne Hathaway seems pretty versatile also. Gary oldman, kevin spacey (qoft i xhehnetit)",,Mon Feb 17 15:03:33 +0000 2020,,,,https://twitter.com/patlleixhani/status/1229421128327794688,1229421128327794688,1182661207062396928
2020-02-17 09:20:03+00:00,patlleixhani,Deni_Hoxha,1,1,27,Faza nr 1: ji i pasur.,,Mon Feb 17 09:20:03 +0000 2020,,,https://twitter.com/Deni_Hoxha/status/1229220186143653888,https://twitter.com/patlleixhani/status/1229334686838743040,1229334686838743040,1182661207062396928
2020-02-16 23:18:16+00:00,patlleixhani,megzzziii,2,0,1,"Ore pse i bindesh twitterit kaq shum hahahahahahahh cado qe shkrujn kta je ti qe bindesh, je gati per tu pergjigj",,Sun Feb 16 23:18:16 +0000 2020,,,,https://twitter.com/patlleixhani/status/1229183241325858819,1229183241325858819,1182661207062396928
2020-02-16 17:20:55+00:00,patlleixhani,fitwhorye,0,0,0, like e ki,,Sun Feb 16 17:20:55 +0000 2020,,,,https://twitter.com/patlleixhani/status/1229093310884720640,1229093310884720640,1182661207062396928
2020-02-16 17:14:40+00:00,patlleixhani,fitwhorye,1,0,0,Ckemi... can we please consider 17cm also? Don’t want to feel excluded,,Sun Feb 16 17:14:40 +0000 2020,,,,https://twitter.com/patlleixhani/status/1229091739832639488,1229091739832639488,1182661207062396928
2020-02-16 15:09:58+00:00,patlleixhani,,0,0,4,I feel so smart on this app.,,Sun Feb 16 15:09:58 +0000 2020,,,,https://twitter.com/patlleixhani/status/1229060358213533698,1229060358213533698,1182661207062396928
2020-02-16 13:19:46+00:00,patlleixhani,pikturojshtepia,0,0,1,"Losing world wars* do shkote me shume. Historia gjithmone eshte e manipuluar per te mbeshtet fituesit dhe te fuqishmit. S’po them qe gjermania s’ishte kombi me robqir, por kur gjithe europa grabiste dhe mblidhte pasuri nga kolonite, keta shifnin te denuar prej 20 vitesh.",,Sun Feb 16 13:19:46 +0000 2020,,,,https://twitter.com/patlleixhani/status/1229032622384467968,1229032622384467968,1182661207062396928
2020-02-15 16:23:34+00:00,patlleixhani,megzzziii,0,0,0,@MoBambii i ka syt me te bukura,@MoBambii,Sat Feb 15 16:23:34 +0000 2020,,,,https://twitter.com/patlleixhani/status/1228716490045693953,1228716490045693953,1182661207062396928
2020-02-15 16:22:46+00:00,patlleixhani,katerqineizet,0,0,1,“Po jo o plak se e kam me merak veten se jam vra ca her keq e di sa dhem o semra”,,Sat Feb 15 16:22:46 +0000 2020,,,,https://twitter.com/patlleixhani/status/1228716290598146048,1228716290598146048,1182661207062396928
2020-02-15 15:16:11+00:00,patlleixhani,thesolesupplier,1,0,7,Kepuc kalcetosh,,Sat Feb 15 15:16:11 +0000 2020,,,https://twitter.com/thesolesupplier/status/1228118223410823169,https://twitter.com/patlleixhani/status/1228699534336970756,1228699534336970756,1182661207062396928
2020-02-15 15:11:52+00:00,patlleixhani,MoBambii,0,0,0,Paska tentu me i prish vibet ajo korva,,Sat Feb 15 15:11:52 +0000 2020,,,,https://twitter.com/patlleixhani/status/1228698444967141377,1228698444967141377,1182661207062396928
2020-02-15 15:10:53+00:00,patlleixhani,megzzziii,0,0,0,"I am Eixhan, destroyer of god",,Sat Feb 15 15:10:53 +0000 2020,,,,https://twitter.com/patlleixhani/status/1228698200799879173,1228698200799879173,1182661207062396928
2020-02-15 13:31:40+00:00,patlleixhani,2dopjoTequila,1,0,0,1 podcast bulizmi. Aq dum,,Sat Feb 15 13:31:40 +0000 2020,,,,https://twitter.com/patlleixhani/status/1228673229365137409,1228673229365137409,1182661207062396928
2020-02-15 13:23:18+00:00,patlleixhani,2dopjoTequila,1,0,1,Mezi po pres te leje politiken e te ket na 1 webshow te perjavshem,,Sat Feb 15 13:23:18 +0000 2020,,,,https://twitter.com/patlleixhani/status/1228671123879055366,1228671123879055366,1182661207062396928
2020-02-15 12:30:47+00:00,patlleixhani,,0,0,0,https://twitter.com/haziqashrofie/status/1228223928943828993,,Sat Feb 15 12:30:47 +0000 2020,,,https://twitter.com/haziqashrofie/status/1228223928943828993,https://twitter.com/patlleixhani/status/1228657908059123712,1228657908059123712,1182661207062396928
2020-02-14 19:13:25+00:00,patlleixhani,MoBambii,1,0,1,"Yallah yallah, cok guzel kucuk kizkardes",,Fri Feb 14 19:13:25 +0000 2020,,,,https://twitter.com/patlleixhani/status/1228396847926009856,1228396847926009856,1182661207062396928
2020-02-14 19:11:40+00:00,patlleixhani,pikturojshtepia,1,0,1,Po ose me sakte 君の名は。,,Fri Feb 14 19:11:40 +0000 2020,,,,https://twitter.com/patlleixhani/status/1228396408207790084,1228396408207790084,1182661207062396928
2020-02-14 18:49:51+00:00,patlleixhani,pikturojshtepia,1,0,6,Shifni “your name” njerez. Filmi me i mir per sot,,Fri Feb 14 18:49:51 +0000 2020,,,,https://twitter.com/patlleixhani/status/1228390918035734529,1228390918035734529,1182661207062396928
2020-02-14 18:49:07+00:00,patlleixhani,MoBambii,1,0,1,Lulet para syve i ke,,Fri Feb 14 18:49:07 +0000 2020,,,,https://twitter.com/patlleixhani/status/1228390733733941248,1228390733733941248,1182661207062396928
2020-02-13 22:38:06+00:00,patlleixhani,pikturojshtepia,1,0,1,Me pun dinjitoze vijn shperblime te denja,,Thu Feb 13 22:38:06 +0000 2020,,,,https://twitter.com/patlleixhani/status/1228085968399478785,1228085968399478785,1182661207062396928
2020-02-13 22:34:57+00:00,patlleixhani,bzztook,0,0,1,Ci qr presion kari ndaj karit qe na ka kriju shoqeria esht ky i performances. Te ect mbar,,Thu Feb 13 22:34:57 +0000 2020,,,,https://twitter.com/patlleixhani/status/1228085178712698881,1228085178712698881,1182661207062396928
2020-02-13 22:34:00+00:00,patlleixhani,pikturojshtepia,1,0,1,Un rri prej hallit se aty flej,,Thu Feb 13 22:34:00 +0000 2020,,,,https://twitter.com/patlleixhani/status/1228084936588120065,1228084936588120065,1182661207062396928
2020-02-13 21:02:36+00:00,patlleixhani,klarakami,0,0,0,"Po me plq tweet-et e tuja sot, normalisht do i beja like, por me pare the qe 1,78 is short kshu qr vk",,Thu Feb 13 21:02:36 +0000 2020,,,,https://twitter.com/patlleixhani/status/1228061935574376448,1228061935574376448,1182661207062396928
2020-02-13 21:01:03+00:00,patlleixhani,2dopjoTequila,1,0,0,"Tbh if she would’ve been turned off, I might’ve felt like shit and wouldn’t be sharing this story. But she kinda “helped”.",,Thu Feb 13 21:01:03 +0000 2020,,,,https://twitter.com/patlleixhani/status/1228061544585584670,1228061544585584670,1182661207062396928
2020-02-13 19:28:02+00:00,patlleixhani,MoBambii,0,0,0,,,Thu Feb 13 19:28:02 +0000 2020,,,,https://twitter.com/patlleixhani/status/1228038139584897024,1228038139584897024,1182661207062396928
2020-02-13 19:26:06+00:00,patlleixhani,MoBambii,0,0,0,U bo per tu fshi,,Thu Feb 13 19:26:06 +0000 2020,,,,https://twitter.com/patlleixhani/status/1228037651778998273,1228037651778998273,1182661207062396928
2020-02-13 19:25:23+00:00,patlleixhani,MoBambii,1,0,0,JO KE CLOSE FRIENDSAT,,Thu Feb 13 19:25:23 +0000 2020,,,,https://twitter.com/patlleixhani/status/1228037469100298240,1228037469100298240,1182661207062396928
2020-02-13 19:19:55+00:00,patlleixhani,Nec3ssary3vol,5,0,16,"After pussy detoxing all 2020 (until yesterday), no masturbation for a week, 1st round 45 seconds, 2nd round 50 seconds. She was very understanding and the next 4-5 rounds went fine.",,Thu Feb 13 19:19:55 +0000 2020,,,https://twitter.com/Nec3ssary3vol/status/1227274221706977282,https://twitter.com/patlleixhani/status/1228036094656163846,1228036094656163846,1182661207062396928
2020-02-12 18:59:25+00:00,patlleixhani,OoXhulio,0,0,1,Vec fakte.,,Wed Feb 12 18:59:25 +0000 2020,,,,https://twitter.com/patlleixhani/status/1227668548434132993,1227668548434132993,1182661207062396928
2020-02-12 14:05:13+00:00,patlleixhani,fitwhorye,0,0,1,I hate it here,,Wed Feb 12 14:05:13 +0000 2020,,,,https://twitter.com/patlleixhani/status/1227594512186429440,1227594512186429440,1182661207062396928
2020-02-12 12:49:09+00:00,patlleixhani,klarakami,0,0,0,Tbh duket sikur ka lexu 5 quotes te freudit ne instagram,,Wed Feb 12 12:49:09 +0000 2020,,,,https://twitter.com/patlleixhani/status/1227575367390638080,1227575367390638080,1182661207062396928
2020-02-12 12:39:40+00:00,patlleixhani,megzzziii,1,0,0,HAHAHAHAHAHAHAHAHAHAHAHAH nuk e di pse mkapi aq ne befasi,,Wed Feb 12 12:39:40 +0000 2020,,,,https://twitter.com/patlleixhani/status/1227572979187560452,1227572979187560452,1182661207062396928
2020-02-12 12:36:25+00:00,patlleixhani,megzzziii,1,0,1,I bite me shume se 4 foto,,Wed Feb 12 12:36:25 +0000 2020,,,,https://twitter.com/patlleixhani/status/1227572165018636292,1227572165018636292,1182661207062396928
2020-02-12 12:31:24+00:00,patlleixhani,katerqineizet,0,0,1,Friend from estonia ,,Wed Feb 12 12:31:24 +0000 2020,,,,https://twitter.com/patlleixhani/status/1227570901564170240,1227570901564170240,1182661207062396928
2020-02-12 12:31:07+00:00,patlleixhani,klarakami,0,0,0,Ta haj zemren ,,Wed Feb 12 12:31:07 +0000 2020,,,,https://twitter.com/patlleixhani/status/1227570831166988288,1227570831166988288,1182661207062396928
2020-02-12 12:27:19+00:00,patlleixhani,,3,1,5,"23 vjet te njejtin model, nderkohe viti i fundit... https://twitter.com/OnlyBaybay/status/1225864285026385920",,Wed Feb 12 12:27:19 +0000 2020,,,https://twitter.com/OnlyBaybay/status/1225864285026385920,https://twitter.com/patlleixhani/status/1227569872701394946,1227569872701394946,1182661207062396928
2020-02-12 09:38:51+00:00,patlleixhani,herbigharo24,0,0,0,As they should.,,Wed Feb 12 09:38:51 +0000 2020,,,,https://twitter.com/patlleixhani/status/1227527474944389120,1227527474944389120,1182661207062396928
2020-02-11 10:27:26+00:00,patlleixhani,2dopjoTequila,1,0,0,E dum.,,Tue Feb 11 10:27:26 +0000 2020,,,,https://twitter.com/patlleixhani/status/1227177316880732160,1227177316880732160,1182661207062396928
2020-02-10 22:09:26+00:00,patlleixhani,MoBambii,0,0,2,FULL PLATIN!!!!!!!!!,,Mon Feb 10 22:09:26 +0000 2020,,,,https://twitter.com/patlleixhani/status/1226991591455371265,1226991591455371265,1182661207062396928
2020-02-09 19:16:22+00:00,patlleixhani,mynamessymone,0,0,7,"Me, every time they play usher or chris brown at the club. Also the throwing hat gesture is a must.",,Sun Feb 09 19:16:22 +0000 2020,,,https://twitter.com/mynamessymone/status/1222593791510577152,https://twitter.com/patlleixhani/status/1226585651568611329,1226585651568611329,1182661207062396928
2020-02-09 19:13:59+00:00,patlleixhani,megzzziii,0,0,0,Also tirona 100 vjet kryeqytet kaq kisha,,Sun Feb 09 19:13:59 +0000 2020,,,,https://twitter.com/patlleixhani/status/1226585050604593152,1226585050604593152,1182661207062396928
2020-02-09 19:13:32+00:00,patlleixhani,megzzziii,0,0,0, ,,Sun Feb 09 19:13:32 +0000 2020,,,,https://twitter.com/patlleixhani/status/1226584939002503170,1226584939002503170,1182661207062396928
2020-02-09 19:12:52+00:00,patlleixhani,megzzziii,0,0,0, ,,Sun Feb 09 19:12:52 +0000 2020,,,,https://twitter.com/patlleixhani/status/1226584770425098241,1226584770425098241,1182661207062396928
2020-02-09 19:08:03+00:00,patlleixhani,herbigharo24,1,0,1,Kush je o tusho?,,Sun Feb 09 19:08:03 +0000 2020,,,https://twitter.com/herbigharo24/status/1226572985986899969,https://twitter.com/patlleixhani/status/1226583556798996482,1226583556798996482,1182661207062396928
2020-02-09 19:07:01+00:00,patlleixhani,katerqineizet,0,0,1,Shi sa tmir njerzit me mu,,Sun Feb 09 19:07:01 +0000 2020,,,,https://twitter.com/patlleixhani/status/1226583296131375105,1226583296131375105,1182661207062396928
2020-02-09 17:40:08+00:00,patlleixhani,pikturojshtepia,1,0,1,"Ej sa here te merzitesh per kto gjona, mendo qe ka njerez si une qe s’kane pa blade runner. Crushes are temporary, filmat e mire jane forever",,Sun Feb 09 17:40:08 +0000 2020,,,,https://twitter.com/patlleixhani/status/1226561433594466304,1226561433594466304,1182661207062396928
2020-02-09 17:26:25+00:00,patlleixhani,pikturojshtepia,1,0,0,Pse dukesh lowkey i zhgenjym?,,Sun Feb 09 17:26:25 +0000 2020,,,,https://twitter.com/patlleixhani/status/1226557982063890433,1226557982063890433,1182661207062396928
2020-02-09 17:16:37+00:00,patlleixhani,dreeamboat,0,0,1,HAAHHAHAHAHAHAAHHA bileta podgoric - berlin shume shpejt,,Sun Feb 09 17:16:37 +0000 2020,,,,https://twitter.com/patlleixhani/status/1226555512734539776,1226555512734539776,1182661207062396928
2020-02-06 17:57:36+00:00,patlleixhani,pikturojshtepia,0,0,2,Keq situata dhe ktej,,Thu Feb 06 17:57:36 +0000 2020,,,,https://twitter.com/patlleixhani/status/1225478662532845569,1225478662532845569,1182661207062396928
2020-02-06 17:50:26+00:00,patlleixhani,pikturojshtepia,1,0,2,Shif dokumentarin ne netflix “rise of empires: ottoman”. Ka me te plq. Ca info jane ndryshe nga ci kisha lexu/degju (historia e njerkes se mehmetit) por mu me terhoqi shume.,,Thu Feb 06 17:50:26 +0000 2020,,,,https://twitter.com/patlleixhani/status/1225476860106149889,1225476860106149889,1182661207062396928
2020-02-06 08:31:27+00:00,patlleixhani,ado1z,0,0,1,Mu me shume me pelqeu pjesa kur thane: ,,Thu Feb 06 08:31:27 +0000 2020,,,,https://twitter.com/patlleixhani/status/1225336186123755527,1225336186123755527,1182661207062396928
2020-02-03 19:14:45+00:00,patlleixhani,pikturojshtepia,1,0,2,"Un jam njeri i ceket me then te drejten, filmi doli ne 2019, ne 2019 sme pelqeu asnje me shume se ai dhe automatikisht hiqem sikur nga 2010-2018 s’ka pas filma te mire...",,Mon Feb 03 19:14:45 +0000 2020,,,,https://twitter.com/patlleixhani/status/1224410917267525633,1224410917267525633,1182661207062396928
2020-02-03 18:54:53+00:00,patlleixhani,patlleixhani,1,0,0,"Also, ckemi bena",,Mon Feb 03 18:54:53 +0000 2020,,,,https://twitter.com/patlleixhani/status/1224405914926620674,1224405914926620674,1182661207062396928
2020-02-03 18:54:33+00:00,patlleixhani,benabeqiri,1,0,1,ESHTE PERFEKT. 1 gje te keqe s’ka.,,Mon Feb 03 18:54:33 +0000 2020,,,,https://twitter.com/patlleixhani/status/1224405834295398400,1224405834295398400,1182661207062396928
2020-02-03 13:39:10+00:00,patlleixhani,MoBambii,0,0,0,,,Mon Feb 03 13:39:10 +0000 2020,,,,https://twitter.com/patlleixhani/status/1224326463027019777,1224326463027019777,1182661207062396928
2020-02-01 14:40:37+00:00,patlleixhani,benabeqiri,0,0,0,Hey there mamacita,,Sat Feb 01 14:40:37 +0000 2020,,,,https://twitter.com/patlleixhani/status/1223617153137594368,1223617153137594368,1182661207062396928
2020-02-01 14:40:16+00:00,patlleixhani,MoBambii,0,0,1,Sumçpumllikun e konfirmoj,,Sat Feb 01 14:40:16 +0000 2020,,,,https://twitter.com/patlleixhani/status/1223617066034483200,1223617066034483200,1182661207062396928
2020-02-01 11:50:50+00:00,patlleixhani,_elmagister,2,0,5,"Ti me verte mund te kishe te drejte, por kjo s’te jep mundesine te tregohesh arrogant me mua. Une jam e bute me ty sepse te kam shume perzemer, nuk ke pse e shfrytezon kete duke e ditur qe une s’dua te te humb.",,Sat Feb 01 11:50:50 +0000 2020,,,https://twitter.com/_elmagister/status/1223174963697537025,https://twitter.com/patlleixhani/status/1223574424869396485,1223574424869396485,1182661207062396928
2020-01-29 15:10:23+00:00,patlleixhani,tooliefie,0,0,1,"Biles as nuk e shkrujta, screenshot, ocr online, copy paste. U merzita qe su bente dot copy komenti ",,Wed Jan 29 15:10:23 +0000 2020,,,,https://twitter.com/patlleixhani/status/1222537479800094721,1222537479800094721,1182661207062396928
2020-01-29 12:41:29+00:00,patlleixhani,katerqineizet,0,0,2,Demokratik praj for muslim bradher,,Wed Jan 29 12:41:29 +0000 2020,,,,https://twitter.com/patlleixhani/status/1222500009842745346,1222500009842745346,1182661207062396928
2020-01-29 11:06:17+00:00,patlleixhani,katerqineizet,1,1,2,Sortie,,Wed Jan 29 11:06:17 +0000 2020,,,,https://twitter.com/patlleixhani/status/1222476047985401857,1222476047985401857,1182661207062396928
2020-01-29 10:31:36+00:00,patlleixhani,MoBambii,1,0,2,Korca dikur kishte pseudonimin Parisi vogel,,Wed Jan 29 10:31:36 +0000 2020,,,,https://twitter.com/patlleixhani/status/1222467320901226497,1222467320901226497,1182661207062396928
2020-01-28 17:13:11+00:00,patlleixhani,,0,0,8,The Poet The Poem https://twitter.com/mirxclealigner/status/1221496404905951233,,Tue Jan 28 17:13:11 +0000 2020,,,https://twitter.com/mirxclealigner/status/1221496404905951233,https://twitter.com/patlleixhani/status/1222205994081685515,1222205994081685515,1182661207062396928
2020-01-28 17:10:05+00:00,patlleixhani,pikturojshtepia,0,0,2,*flow si orgazem breshke*,,Tue Jan 28 17:10:05 +0000 2020,,,,https://twitter.com/patlleixhani/status/1222205214490603520,1222205214490603520,1182661207062396928
2020-01-28 16:59:31+00:00,patlleixhani,katerqineizet,2,0,3,"Thot “lluni blanco, mafiozo, grandiozo, flas italisht me theks anglisht se sdi as1 llaf pericoloso”",,Tue Jan 28 16:59:31 +0000 2020,,,,https://twitter.com/patlleixhani/status/1222202555440214018,1222202555440214018,1182661207062396928
2020-01-28 11:42:46+00:00,patlleixhani,,0,0,2,Petition to make Kobe Bryant the new NBA Logo,,Tue Jan 28 11:42:46 +0000 2020,,,http://chng.it/N7g7DGW45q,https://twitter.com/patlleixhani/status/1222122844932407296,1222122844932407296,1182661207062396928
2020-01-27 21:27:34+00:00,patlleixhani,MoBambii,1,0,0,ca cutie kjo,,Mon Jan 27 21:27:34 +0000 2020,,,,https://twitter.com/patlleixhani/status/1221907625958346752,1221907625958346752,1182661207062396928
2020-01-26 00:48:36+00:00,patlleixhani,,0,0,0,My possessed friend @MoBambii,@MoBambii,Sun Jan 26 00:48:36 +0000 2020,,,,https://twitter.com/patlleixhani/status/1221233439371857920,1221233439371857920,1182661207062396928
2020-01-24 16:18:39+00:00,patlleixhani,katerqineizet,1,0,1,o plak. Memecet mund te moaning se shumica kordat zanore i kan ne rregull. Shumica nuk flasin sepse jane shurdhe dhe skan msu kurre te flasin sdin me manipulu tingullin.,,Fri Jan 24 16:18:39 +0000 2020,,,,https://twitter.com/patlleixhani/status/1220742718814552064,1220742718814552064,1182661207062396928
2020-01-23 22:37:00+00:00,patlleixhani,fitwhorye,0,0,0,He doesn't have neither the juice nor the sauce.,,Thu Jan 23 22:37:00 +0000 2020,,,,https://twitter.com/patlleixhani/status/1220475546557128709,1220475546557128709,1182661207062396928
2020-01-20 14:13:04+00:00,patlleixhani,fitwhorye,1,0,0,,,Mon Jan 20 14:13:04 +0000 2020,,,,https://twitter.com/patlleixhani/status/1219261565641379845,1219261565641379845,1182661207062396928
2020-01-20 14:09:15+00:00,patlleixhani,patlleixhani,1,0,0,Falenderoje dhe nga ana ime,,Mon Jan 20 14:09:15 +0000 2020,,,,https://twitter.com/patlleixhani/status/1219260602650107904,1219260602650107904,1182661207062396928
2020-01-20 14:09:04+00:00,patlleixhani,fitwhorye,1,0,0,,,Mon Jan 20 14:09:04 +0000 2020,,,,https://twitter.com/patlleixhani/status/1219260556693196800,1219260556693196800,1182661207062396928
2020-01-17 19:11:24+00:00,patlleixhani,ounceofwater,1,0,0,You don’t have to hurt me like this ,,Fri Jan 17 19:11:24 +0000 2020,,,,https://twitter.com/patlleixhani/status/1218249477296922624,1218249477296922624,1182661207062396928
2020-01-17 19:08:47+00:00,patlleixhani,Johnnyy_2,0,0,0,I don’t know everyone’s lowkey jealous,,Fri Jan 17 19:08:47 +0000 2020,,,,https://twitter.com/patlleixhani/status/1218248820296953857,1218248820296953857,1182661207062396928
2020-01-17 14:56:04+00:00,patlleixhani,lalssido,1,0,0,I think ig means instagram,,Fri Jan 17 14:56:04 +0000 2020,,,,https://twitter.com/patlleixhani/status/1218185224275877889,1218185224275877889,1182661207062396928
2020-01-17 14:49:52+00:00,patlleixhani,lalssido,1,0,0,"That’s just a widely used term (not invented by her), especially around social media marketing",,Fri Jan 17 14:49:52 +0000 2020,,,,https://twitter.com/patlleixhani/status/1218183662598008833,1218183662598008833,1182661207062396928
2020-01-17 14:40:29+00:00,patlleixhani,lalssido,1,0,1,"I found this one through her profile just now, seems nice. Anyway “I” wasn’t intended for me and this exact situation. It was intended for a certain customer/target.",,Fri Jan 17 14:40:29 +0000 2020,,,,https://twitter.com/patlleixhani/status/1218181299934056448,1218181299934056448,1182661207062396928
2020-01-17 14:24:20+00:00,patlleixhani,eni_kaq,0,0,0,Sipas ktyre i bie mos me lexu kurr freudin se behesh kokains qe do seks me mamin?,,Fri Jan 17 14:24:20 +0000 2020,,,,https://twitter.com/patlleixhani/status/1218177237209567232,1218177237209567232,1182661207062396928
2020-01-17 14:19:45+00:00,patlleixhani,2dopjoTequila,0,0,0,Thank you ,,Fri Jan 17 14:19:45 +0000 2020,,,,https://twitter.com/patlleixhani/status/1218176081821339648,1218176081821339648,1182661207062396928
