date,username,to,replies,retweets,favorites,text,mentions,formatted_date,geo,hashtags,urls,permalink,ID,author_id
2020-02-28 19:35:57+00:00,PennyDaflos,Rob_Tarzwell,0,0,24,,,Fri Feb 28 19:35:57 +0000 2020,,,,https://twitter.com/PennyDaflos/status/1233475948420444162,1233475948420444162,18440301
2020-02-28 19:35:17+00:00,PennyDaflos,InominataD,11,13,3392,I like your style,,Fri Feb 28 19:35:17 +0000 2020,,,,https://twitter.com/PennyDaflos/status/1233475778131656704,1233475778131656704,18440301
2020-02-28 18:31:43+00:00,PennyDaflos,darren_butter,0,0,9,,,Fri Feb 28 18:31:43 +0000 2020,,,,https://twitter.com/PennyDaflos/status/1233459782314577921,1233459782314577921,18440301
2020-02-28 18:30:45+00:00,PennyDaflos,JFK_Canada,0,0,70,,,Fri Feb 28 18:30:45 +0000 2020,,,,https://twitter.com/PennyDaflos/status/1233459539871240193,1233459539871240193,18440301
2020-02-28 18:18:18+00:00,PennyDaflos,tvnewsjunkie,0,0,3,,,Fri Feb 28 18:18:18 +0000 2020,,,,https://twitter.com/PennyDaflos/status/1233456408441520130,1233456408441520130,18440301
2020-02-28 18:15:54+00:00,PennyDaflos,lithohedron,1,0,3,"That's @jarrettlunn! So jealous, he's so much fun",@jarrettlunn,Fri Feb 28 18:15:54 +0000 2020,,,,https://twitter.com/PennyDaflos/status/1233455804600274944,1233455804600274944,18440301
2020-02-28 17:58:54+00:00,PennyDaflos,kris_sims,2,1,243,,,Fri Feb 28 17:58:54 +0000 2020,,,,https://twitter.com/PennyDaflos/status/1233451524329811969,1233451524329811969,18440301
2020-02-28 17:06:47+00:00,PennyDaflos,DMGSilverthorne,1,0,11,,,Fri Feb 28 17:06:47 +0000 2020,,,,https://twitter.com/PennyDaflos/status/1233438410892644352,1233438410892644352,18440301
2020-02-28 17:04:55+00:00,PennyDaflos,Choppermurman,0,0,39,,,Fri Feb 28 17:04:55 +0000 2020,,,,https://twitter.com/PennyDaflos/status/1233437939624861697,1233437939624861697,18440301
2020-02-28 17:03:58+00:00,PennyDaflos,ianjamesyoung70,2,2,454,,,Fri Feb 28 17:03:58 +0000 2020,,,,https://twitter.com/PennyDaflos/status/1233437701619105793,1233437701619105793,18440301
2020-02-28 17:03:20+00:00,PennyDaflos,brian_wang,0,0,8,"Thanks, Brian! Hope you’re well",,Fri Feb 28 17:03:20 +0000 2020,,,,https://twitter.com/PennyDaflos/status/1233437541056929795,1233437541056929795,18440301
2020-02-28 15:01:49+00:00,PennyDaflos,,3416,89563,751826,Being a woman on twitter summarized in one handy image:,,Fri Feb 28 15:01:49 +0000 2020,,,,https://twitter.com/PennyDaflos/status/1233406961254723584,1233406961254723584,18440301
2020-02-28 05:05:46+00:00,PennyDaflos,Edlobster2,42,135,2877,I wrote it,,Fri Feb 28 05:05:46 +0000 2020,,,,https://twitter.com/PennyDaflos/status/1233256957475033093,1233256957475033093,18440301
2020-02-28 05:02:36+00:00,PennyDaflos,Edlobster2,7,7,775,"Dude, that’s what the article says",,Fri Feb 28 05:02:36 +0000 2020,,,,https://twitter.com/PennyDaflos/status/1233256162750918656,1233256162750918656,18440301
2020-02-28 05:00:44+00:00,PennyDaflos,ty_olsen,0,0,3,SO THEY’RE NOT JUST DOING IT TO ME! ,,Fri Feb 28 05:00:44 +0000 2020,,,,https://twitter.com/PennyDaflos/status/1233255692682743809,1233255692682743809,18440301
2020-02-28 02:11:35+00:00,PennyDaflos,CTVAndrew,3,5,61, ,,Fri Feb 28 02:11:35 +0000 2020,,,https://twitter.com/CTVAndrew/status/1233160788719865856,https://twitter.com/PennyDaflos/status/1233213124590702593,1233213124590702593,18440301
2020-02-27 18:24:13+00:00,PennyDaflos,Bernardo1130,1,0,2,Woah! What a blast from the past! That was such a special time,,Thu Feb 27 18:24:13 +0000 2020,,,,https://twitter.com/PennyDaflos/status/1233095507020570626,1233095507020570626,18440301
2020-02-27 18:08:32+00:00,PennyDaflos,maxfawcett,0,0,1,,,Thu Feb 27 18:08:32 +0000 2020,,,,https://twitter.com/PennyDaflos/status/1233091559735930880,1233091559735930880,18440301
2020-02-27 03:52:37+00:00,PennyDaflos,MeghanNeathway,0,0,2, ,,Thu Feb 27 03:52:37 +0000 2020,,,,https://twitter.com/PennyDaflos/status/1232876161425739778,1232876161425739778,18440301
2020-02-27 02:06:22+00:00,PennyDaflos,bmanphoto,0,0,3,,,Thu Feb 27 02:06:22 +0000 2020,,,,https://twitter.com/PennyDaflos/status/1232849424801419264,1232849424801419264,18440301
2020-02-27 00:12:57+00:00,PennyDaflos,vancolour,0,0,2,I'll be taking no further questions at this time,,Thu Feb 27 00:12:57 +0000 2020,,,,https://twitter.com/PennyDaflos/status/1232820883099734020,1232820883099734020,18440301
2020-02-26 23:48:43+00:00,PennyDaflos,zasa,1,0,2,"Thank you, I am very interesting and there is no proof I am an enthusiastic hand talker, no matter what @SeanEckford would have you believe.",@SeanEckford,Wed Feb 26 23:48:43 +0000 2020,,,,https://twitter.com/PennyDaflos/status/1232814783054974976,1232814783054974976,18440301
2020-02-26 21:24:36+00:00,PennyDaflos,vancolour,0,0,2,,,Wed Feb 26 21:24:36 +0000 2020,,,,https://twitter.com/PennyDaflos/status/1232778514077749250,1232778514077749250,18440301
2020-02-26 21:24:00+00:00,PennyDaflos,SeanEckford,1,0,2,,,Wed Feb 26 21:24:00 +0000 2020,,,,https://twitter.com/PennyDaflos/status/1232778364190105602,1232778364190105602,18440301
2020-02-26 21:22:58+00:00,PennyDaflos,TransitGeekJoe,1,0,2,Always happy to say hi! ,,Wed Feb 26 21:22:58 +0000 2020,,,,https://twitter.com/PennyDaflos/status/1232778102151041024,1232778102151041024,18440301
2020-02-26 18:33:32+00:00,PennyDaflos,,0,1,3,MORE: @vancouverpd say suspect in float plan theft is familiar with plane mechanics. They’re asking the aviation community in particular to see if they recognize him. Details:,@VancouverPD,Wed Feb 26 18:33:32 +0000 2020,,,https://bc.ctvnews.ca/who-s-behind-vancouver-s-seaplane-theft-police-release-suspect-photos-description-1.4828494,https://twitter.com/PennyDaflos/status/1232735465154994177,1232735465154994177,18440301
2020-02-26 17:48:18+00:00,PennyDaflos,vancolour,1,1,11,"What a great discussion! Huge thx to @vancolour for having me on his pod. We got into a lot of material that’s so challenging for journalists to deal with &amp; talk about. We mention my @CTVVancouver podcast a lot, listen here or wherever you get your pods: https://bc.ctvnews.ca/mobile/bts-podcast",@vancolour @CTVVancouver,Wed Feb 26 17:48:18 +0000 2020,,,"https://bc.ctvnews.ca/mobile/bts-podcast,https://twitter.com/vancolour/status/1232677976166162435",https://twitter.com/PennyDaflos/status/1232724079582597125,1232724079582597125,18440301
2020-02-26 16:42:21+00:00,PennyDaflos,,0,10,5,NEW: @VancouverPD have now released a suspect photo in connection with that bizarre float plane theft last week. Have a close look. Background here: https://bc.ctvnews.ca/suspect-steals-float-plane-crashes-it-into-another-aircraft-police-1.4821947 @CTVVancouver,@VancouverPD @CTVVancouver,Wed Feb 26 16:42:21 +0000 2020,,,https://bc.ctvnews.ca/suspect-steals-float-plane-crashes-it-into-another-aircraft-police-1.4821947,https://twitter.com/PennyDaflos/status/1232707482302210049,1232707482302210049,18440301
2020-02-25 20:40:56+00:00,PennyDaflos,,0,1,3,NEW: Demonstrators from @stopdisplacemnt and other groups have just removed their rail blockade in Abbotsford. More here: https://bc.ctvnews.ca/protesters-end-16-hour-abbotsford-rail-blockade-1.4827228 @CTVVancouver,@stopdisplacemnt @CTVVancouver,Tue Feb 25 20:40:56 +0000 2020,,,https://bc.ctvnews.ca/protesters-end-16-hour-abbotsford-rail-blockade-1.4827228,https://twitter.com/PennyDaflos/status/1232405138351980544,1232405138351980544,18440301
2020-02-25 19:06:38+00:00,PennyDaflos,marilyn28970731,1,0,2,The taxi industry has been actively lobbying for this for years,,Tue Feb 25 19:06:38 +0000 2020,,,,https://twitter.com/PennyDaflos/status/1232381405205803008,1232381405205803008,18440301
2020-02-25 18:23:16+00:00,PennyDaflos,kielrober,0,0,0,They’ve been fighting for this for years,,Tue Feb 25 18:23:16 +0000 2020,,,,https://twitter.com/PennyDaflos/status/1232370493195538437,1232370493195538437,18440301
2020-02-24 23:59:22+00:00,PennyDaflos,vancolour,0,1,5,Woot!,,Mon Feb 24 23:59:22 +0000 2020,,,,https://twitter.com/PennyDaflos/status/1232092688733921280,1232092688733921280,18440301
2020-02-24 20:49:24+00:00,PennyDaflos,,1,3,7,Ep. 61 of the BTS w @CTVVancouver is now live! @MelanieNagyCTV &amp; @AllisonM_Hurst join me to discuss the complexities around reporting on demonstrations and blockades in support of #Wetsuweten hereditary chiefs. Listen here or wherever you get your pods: https://bc.ctvnews.ca/mobile/bts-podcast,@CTVVancouver @MelanieNagyCTV @AllisonM_Hurst,Mon Feb 24 20:49:24 +0000 2020,,#Wetsuweten,https://bc.ctvnews.ca/mobile/bts-podcast,https://twitter.com/PennyDaflos/status/1232044881490538496,1232044881490538496,18440301
2020-02-24 00:32:31+00:00,PennyDaflos,vanbourse,1,0,1,There are no direct flights from Wuhan to Vancouver.,,Mon Feb 24 00:32:31 +0000 2020,,,,https://twitter.com/PennyDaflos/status/1231738641614958592,1231738641614958592,18440301
2020-02-24 00:18:37+00:00,PennyDaflos,picardonhealth,2,4,9,"This is a concerning new phase of the #coronavirus outbreak: The number of detected infections was rising rapidly on Sunday, with new cases reported virtually every hour. “The contagiousness of this virus is very strong and pretty virulent,” said Lombardy’s health chief.",,Mon Feb 24 00:18:37 +0000 2020,,#coronavirus,https://twitter.com/picardonhealth/status/1231729113351774208,https://twitter.com/PennyDaflos/status/1231735143741575168,1231735143741575168,18440301
2020-02-22 02:20:43+00:00,PennyDaflos,,0,0,6,"NEW: @TSBCanada aware of bizarre seaplane hit-and-run, won’t investigate until @vancouverpd determine if man at controls was trying to fly. Veteran pilots tell me they’ve little doubt he was and there’s no realistic chance of landing safely in dark. More:",@TSBCanada @VancouverPD,Sat Feb 22 02:20:43 +0000 2020,,,https://bc.ctvnews.ca/suspect-steals-float-plane-crashes-it-into-another-aircraft-police-1.4821947,https://twitter.com/PennyDaflos/status/1231041094672166912,1231041094672166912,18440301
2020-02-21 00:48:55+00:00,PennyDaflos,LauraBaziuk,0,0,1,,,Fri Feb 21 00:48:55 +0000 2020,,,,https://twitter.com/PennyDaflos/status/1230655604500332544,1230655604500332544,18440301
2020-02-20 17:57:53+00:00,PennyDaflos,OPSEUAmbDiv,2,0,3,"If it'd been me in that situation with my cognitively-impaired mother, who recently broke more bones and was screaming in pain I would be doing everything I could to get help there ASAP. This story isn't an attack on the profession, it's questioning the actions of 1 or 2 people.",,Thu Feb 20 17:57:53 +0000 2020,,,,https://twitter.com/PennyDaflos/status/1230552167351824384,1230552167351824384,18440301
2020-02-20 17:50:04+00:00,PennyDaflos,OPSEUAmbDiv,2,0,0,How is that the bigger question? This isn't a typical patient and it wasn't a typical incident. When someone calls 911 they have zero influence in who gets dispatched.,,Thu Feb 20 17:50:04 +0000 2020,,,,https://twitter.com/PennyDaflos/status/1230550200596541442,1230550200596541442,18440301
2020-02-19 23:48:11+00:00,PennyDaflos,dustinrgodfrey,1,0,1,,,Wed Feb 19 23:48:11 +0000 2020,,,,https://twitter.com/PennyDaflos/status/1230277931613728768,1230277931613728768,18440301
2020-02-19 18:06:50+00:00,PennyDaflos,CTVVancouver,1,2,4,MORE: @VancouverPD say this seizure is unrelated to another incident on Seymour street around the same time.,@VancouverPD,Wed Feb 19 18:06:50 +0000 2020,,,https://twitter.com/CTVVancouver/status/1230178355183603712,https://twitter.com/PennyDaflos/status/1230192030967586823,1230192030967586823,18440301
2020-02-19 17:33:24+00:00,PennyDaflos,CTVVancouver,0,0,3,"ICMI: Ambulances don’t typically transport patients with wheelchairs, which is something I didn’t know before. This veteran first responder says a paramedic also tried to kick him out of the hospital as he was trying to help nurses with his cognitively-impaired mother. More here:",,Wed Feb 19 17:33:24 +0000 2020,,,https://twitter.com/CTVVancouver/status/1229976446950629377,https://twitter.com/PennyDaflos/status/1230183617491398656,1230183617491398656,18440301
2020-02-19 04:52:32+00:00,PennyDaflos,CTVVancouver,1,1,8,"She is incredibly frail, having broken her hip and shoulder recently and her back three years ago. I think a lot of people will find the details in this story tough to stomach.",,Wed Feb 19 04:52:32 +0000 2020,,,https://twitter.com/CTVVancouver/status/1229976446950629377,https://twitter.com/PennyDaflos/status/1229992136738627584,1229992136738627584,18440301
2020-02-18 16:24:44+00:00,PennyDaflos,jonathansfrakes,0,0,3,Do tell ,,Tue Feb 18 16:24:44 +0000 2020,,,,https://twitter.com/PennyDaflos/status/1229803949953187846,1229803949953187846,18440301
2020-02-15 16:32:50+00:00,PennyDaflos,cfhorgan,0,0,1,Super tangy yoghurt is good for savoury dishes and tzatziki. If you like plain yoghurt without the tang I recommend Oikos ,,Sat Feb 15 16:32:50 +0000 2020,,,,https://twitter.com/PennyDaflos/status/1228718822867132416,1228718822867132416,18440301
2020-02-15 00:07:14+00:00,PennyDaflos,Adam_Stirling,1,1,6,"This is the most fiery radio segment I’ve heard in a long time! Huge respect to my colleague, @Adam_Stirling, for being so prepared with clips and excellent questions with kudos to @ben_isitt for addressing so many issues and staying longer than scheduled.",@Adam_Stirling @ben_isitt,Sat Feb 15 00:07:14 +0000 2020,,,https://twitter.com/Adam_Stirling/status/1228448945862406145,https://twitter.com/PennyDaflos/status/1228470789810208768,1228470789810208768,18440301
2020-02-14 00:18:46+00:00,PennyDaflos,,0,2,2,A coworker just sent me this picture. I don’t think I’ve ever seen a “@TransLink Critical Alert” before. Details on the West Coast Express shutdown here: https://bc.ctvnews.ca/west-coast-express-trains-cancelled-due-to-protests-on-cp-tracks-1.4811203 @CTVVancouver,@TransLink @CTVVancouver,Fri Feb 14 00:18:46 +0000 2020,,,https://bc.ctvnews.ca/west-coast-express-trains-cancelled-due-to-protests-on-cp-tracks-1.4811203,https://twitter.com/PennyDaflos/status/1228111300980551681,1228111300980551681,18440301
2020-02-13 23:33:28+00:00,PennyDaflos,CTVVancouver,1,3,2,"It's usually a 1hr 15min trip from downtown to Mission on the WCE, but this'll easily be 2 hours+ via skytrain and bus as @TransLink is advising. Protestors are definitely getting the general public to pay attention, but I don't think they're going to like the response.",@TransLink,Thu Feb 13 23:33:28 +0000 2020,,,https://twitter.com/CTVVancouver/status/1228097341913272320,https://twitter.com/PennyDaflos/status/1228099901248151554,1228099901248151554,18440301
2020-02-13 04:26:47+00:00,PennyDaflos,bmanphoto,0,0,0,Both with terrible brows,,Thu Feb 13 04:26:47 +0000 2020,,,,https://twitter.com/PennyDaflos/status/1227811329777364993,1227811329777364993,18440301
2020-02-13 04:16:17+00:00,PennyDaflos,,2,0,32,February 2010 was the most exhausting and rewarding month of my career. I’d start the day working on @CTVVancouver’s daily Olympic newscast and then go report for @CKNW. It felt so great to work on today’s 10th anniversary newscast with longtime coworkers like @ctv_stjohn.,@CTVVancouver @CKNW @ctv_stjohn,Thu Feb 13 04:16:17 +0000 2020,,,,https://twitter.com/PennyDaflos/status/1227808688678694912,1227808688678694912,18440301
2020-02-12 18:23:01+00:00,PennyDaflos,rhasegawaCTV,0,0,1,Aaaaaw!,,Wed Feb 12 18:23:01 +0000 2020,,,,https://twitter.com/PennyDaflos/status/1227659388049121280,1227659388049121280,18440301
2020-02-12 01:47:16+00:00,PennyDaflos,char_des,0,0,4,,,Wed Feb 12 01:47:16 +0000 2020,,,,https://twitter.com/PennyDaflos/status/1227408798341566464,1227408798341566464,18440301
2020-02-10 01:01:10+00:00,PennyDaflos,rhasegawaCTV,0,0,1,"Ugh, such a crappy feeling.",,Mon Feb 10 01:01:10 +0000 2020,,,,https://twitter.com/PennyDaflos/status/1226672420678963203,1226672420678963203,18440301
2020-02-09 23:31:02+00:00,PennyDaflos,rhasegawaCTV,1,1,4,I sincerely hope you made him feel as uncomfortable as possible,,Sun Feb 09 23:31:02 +0000 2020,,,,https://twitter.com/PennyDaflos/status/1226649740907073537,1226649740907073537,18440301
2020-02-08 04:14:57+00:00,PennyDaflos,CTVVancouver,0,0,5,"A Richmond startup is ready to take on Uber and Lyft in the #ridehailing battle, hoping to launch in Victoria and Kelowna before either of them. Kabu just became the first company to get a BC-wide licence and they’re offering incentives to lure drivers. Details: #bcpoli #vanpoli",,Sat Feb 08 04:14:57 +0000 2020,,#ridehailing #bcpoli #vanpoli,https://twitter.com/CTVVancouver/status/1225987554446659585,https://twitter.com/PennyDaflos/status/1225996414024634368,1225996414024634368,18440301
2020-02-07 20:04:18+00:00,PennyDaflos,KyleYeh1,0,0,2,Thanks! It's been a VERY eventful week on that front,,Fri Feb 07 20:04:18 +0000 2020,,,,https://twitter.com/PennyDaflos/status/1225872935937810432,1225872935937810432,18440301
2020-02-07 19:34:20+00:00,PennyDaflos,covertlycool,0,0,2,"Surrey didn't make a business licence available to apply for, which means provincial approval is all the companies need to operate. There's an inter-municipal licence in the works, which Uber says they will apply for as soon as it's possible to do so.",,Fri Feb 07 19:34:20 +0000 2020,,,,https://twitter.com/PennyDaflos/status/1225865394432495616,1225865394432495616,18440301
2020-02-07 18:18:15+00:00,PennyDaflos,,1,3,8,"MORE: “We’ve seen positive movement from [the city of] Surrey,” says Uber spox, who adds the city is a “very important part of our business.” https://twitter.com/PennyDaflos/status/1225838639994802176",,Fri Feb 07 18:18:15 +0000 2020,,,https://twitter.com/PennyDaflos/status/1225838639994802176,https://twitter.com/PennyDaflos/status/1225846248827228161,1225846248827228161,18440301
2020-02-07 17:57:09+00:00,PennyDaflos,PennyDaflos,1,2,2,"MORE: Brief statement from Surrey mayor Doug McCallum just sent to media reading, “Time to move on.” He says he’ll work w @TransLink on Mayor’s Council for regional business licence and “level playing field” for taxis. @CTVVancouver",@TransLink @CTVVancouver,Fri Feb 07 17:57:09 +0000 2020,,,https://twitter.com/PennyDaflos/status/1225838639994802176,https://twitter.com/PennyDaflos/status/1225840939392000005,1225840939392000005,18440301
2020-02-07 17:48:01+00:00,PennyDaflos,,14,23,91,"BREAKING: BC Supreme Court judge rules in favour of @Uber_Canada, ordering @CityofSurrey to stop fining drivers for operating without a business licence it hasn’t make available: “Surrey is trying to ride two horses at once.” My @CTVVancouver story here:",@Uber_Canada @CityofSurrey @CTVVancouver,Fri Feb 07 17:48:01 +0000 2020,,,https://bc.ctvnews.ca/bc-judge-orders-surrey-to-stop-fining-uber-drivers-1.4801943,https://twitter.com/PennyDaflos/status/1225838639994802176,1225838639994802176,18440301
2020-02-07 05:18:06+00:00,PennyDaflos,gurdipsahota,0,0,1,I referenced that comment here:,,Fri Feb 07 05:18:06 +0000 2020,,,https://bc.ctvnews.ca/mobile/taxi-industry-loses-big-as-b-c-judge-refuses-to-shut-down-ride-hailing-apps-1.4800243,https://twitter.com/PennyDaflos/status/1225649916669595651,1225649916669595651,18440301
2020-02-06 19:33:16+00:00,PennyDaflos,RyanJBlack,1,0,2,"I asked them about that today and they gave a convoluted answer, but it essentially sounds like they'd rather not go that route and lose their flag (roadside hailing) business, with TNS licences doesn't allow for.",,Thu Feb 06 19:33:16 +0000 2020,,,,https://twitter.com/PennyDaflos/status/1225502740165595137,1225502740165595137,18440301
2020-02-06 18:09:09+00:00,PennyDaflos,MarciaOnTheGo,1,0,1,That decision is coming down tomorrow morning and I’ll be in court covering it,,Thu Feb 06 18:09:09 +0000 2020,,,,https://twitter.com/PennyDaflos/status/1225481571282640896,1225481571282640896,18440301
2020-02-06 18:07:20+00:00,PennyDaflos,,13,4,4,"NEW: The Vancouver Taxi Assoc says despite judge suggesting the judicial review would fail, they’re continuing to fight because the drivers have families to support. Still talking about need for a “level playing field.” https://twitter.com/CTVVancouver/status/1225479257109008384",,Thu Feb 06 18:07:20 +0000 2020,,,https://twitter.com/CTVVancouver/status/1225479257109008384,https://twitter.com/PennyDaflos/status/1225481113461755904,1225481113461755904,18440301
2020-02-06 17:59:37+00:00,PennyDaflos,PennyDaflos,0,2,9,MORE: Madame Justice Jackson shot down virtually every argument the taxi assoc made. More here: https://bc.ctvnews.ca/mobile/b-c-judge-refuses-to-shut-down-ride-hailing-apps-1.4800243 @CTVVancouver,@CTVVancouver,Thu Feb 06 17:59:37 +0000 2020,,,"https://bc.ctvnews.ca/mobile/b-c-judge-refuses-to-shut-down-ride-hailing-apps-1.4800243,https://twitter.com/PennyDaflos/status/1225476852761997313",https://twitter.com/PennyDaflos/status/1225479171167674371,1225479171167674371,18440301
2020-02-06 17:50:24+00:00,PennyDaflos,,6,24,42,BREAKING: BC Supreme Court judge decides “the public interest favours maintaining the status quo” and refuses to shut down #ridehailing apps as the Vancouver Taxi Assoc had asked. @CTVVancouver,@CTVVancouver,Thu Feb 06 17:50:24 +0000 2020,,#ridehailing,,https://twitter.com/PennyDaflos/status/1225476852761997313,1225476852761997313,18440301
2020-02-06 04:24:01+00:00,PennyDaflos,,2,0,8,"If you’re looking for a summary of the latest #ridehailing developments in court, you can catch up in 2 mins with my @CTVVancouver story here. With my thanks to @JackHundial for his thoughts:",@CTVVancouver @JackHundial,Thu Feb 06 04:24:01 +0000 2020,,#ridehailing,https://bc.ctvnews.ca/mobile/video?clipId=1893951,https://twitter.com/PennyDaflos/status/1225273918342213632,1225273918342213632,18440301
2020-02-05 21:51:55+00:00,PennyDaflos,Nuttallreports,0,0,2,,,Wed Feb 05 21:51:55 +0000 2020,,,,https://twitter.com/PennyDaflos/status/1225175244954050563,1225175244954050563,18440301
2020-02-05 21:46:02+00:00,PennyDaflos,ianjamesyoung70,1,0,3,"I said ""one day""",,Wed Feb 05 21:46:02 +0000 2020,,,,https://twitter.com/PennyDaflos/status/1225173761474867201,1225173761474867201,18440301
2020-02-05 21:43:38+00:00,PennyDaflos,ianjamesyoung70,1,0,5,"Ian, I would like you to one day write my obit, pleaseandthankyou",,Wed Feb 05 21:43:38 +0000 2020,,,,https://twitter.com/PennyDaflos/status/1225173158271115265,1225173158271115265,18440301
2020-02-05 20:40:26+00:00,PennyDaflos,,1,6,9,"NEW: Judge says she’ll announce her decision on whether to block Surrey ticketing of ride-hail drivers on Friday at 9am via teleconference. Here’s more of her exchange with Surrey’s lawyer on the mayor’s comments, full article below: https://bc.ctvnews.ca/surrey-mayor-accused-of-illegitimate-posturing-as-uber-takes-city-to-b-c-supreme-court-1.4798547 @CTVVancouver",@CTVVancouver,Wed Feb 05 20:40:26 +0000 2020,,,https://bc.ctvnews.ca/surrey-mayor-accused-of-illegitimate-posturing-as-uber-takes-city-to-b-c-supreme-court-1.4798547,https://twitter.com/PennyDaflos/status/1225157254208462849,1225157254208462849,18440301
2020-02-05 20:21:35+00:00,PennyDaflos,dalmonteTC,2,0,4,"Dude, days like this I really wish cameras were allowed in Canadian courtrooms.",,Wed Feb 05 20:21:35 +0000 2020,,,,https://twitter.com/PennyDaflos/status/1225152510190440448,1225152510190440448,18440301
2020-02-05 20:07:28+00:00,PennyDaflos,CTVVancouver,5,12,40,"This is remarkable: @CityofSurrey lawyer telling the judge the mayor can’t speak for all of council, is voicing his own opinions and can’t issue business licences or not. “Does he know that?” asked the judge. Background here:",@CityofSurrey,Wed Feb 05 20:07:28 +0000 2020,,,https://twitter.com/CTVVancouver/status/1225134477472608257,https://twitter.com/PennyDaflos/status/1225148959842349058,1225148959842349058,18440301
2020-02-05 18:31:55+00:00,PennyDaflos,CTVVancouver,0,2,12,"MORE: @Uber_Canada lawyer, Michael Feder, now citing the premier and other politicians/officials all saying the company can operate in Surrey, despite what Feder calls “illegimate posturing” by Surrey mayor Doug McCallum. #ridehailing #bcpoli #surpoli",@Uber_Canada,Wed Feb 05 18:31:55 +0000 2020,,#ridehailing #bcpoli #surpoli,https://twitter.com/CTVVancouver/status/1225122304054702080,https://twitter.com/PennyDaflos/status/1225124914400780291,1225124914400780291,18440301
2020-02-05 00:16:14+00:00,PennyDaflos,CTVVancouver,0,2,4,NEW: The judge will decide whether to grant a stay (effectively halting ride hailing) on Thursday at 9am.,,Wed Feb 05 00:16:14 +0000 2020,,,https://twitter.com/CTVVancouver/status/1224828931309756416,https://twitter.com/PennyDaflos/status/1224849174052638720,1224849174052638720,18440301
2020-02-04 22:46:05+00:00,PennyDaflos,PennyDaflos,0,1,8,"NEW: @Uber_Canada lawyer says no credible evidence taxi drivers are making less $, he also points out the company has been operating around the world for years and no cities are now without taxi service. He adds taxi cos had 7 yrs to prepare. Details in my @CTVVancouver story:",@Uber_Canada @CTVVancouver,Tue Feb 04 22:46:05 +0000 2020,,,https://twitter.com/PennyDaflos/status/1224769188432109568,https://twitter.com/PennyDaflos/status/1224826487867674624,1224826487867674624,18440301
2020-02-04 20:50:32+00:00,PennyDaflos,0684Blade,0,0,1,The laws are different in each jurisdiction so the same arguments could *potentially* work here compared to somewhere else they’ve failed.,,Tue Feb 04 20:50:32 +0000 2020,,,,https://twitter.com/PennyDaflos/status/1224797409659637760,1224797409659637760,18440301
2020-02-04 20:12:00+00:00,PennyDaflos,PennyDaflos,1,1,4,MORE: Taxi industry’s lawyer says companies already suffered a significant drop in business at @yvrairport &amp; Vancouver hotel taxi stands within the first 2 days of #ridehailing operation. Lawyers for @Uber_Canada &amp; @lyft will make their arguments this afternoon. @CTVVancouver,@yvrairport @Uber_Canada @lyft @CTVVancouver,Tue Feb 04 20:12:00 +0000 2020,,#ridehailing,https://twitter.com/PennyDaflos/status/1224769188432109568,https://twitter.com/PennyDaflos/status/1224787709618769921,1224787709618769921,18440301
2020-02-04 18:58:24+00:00,PennyDaflos,,8,7,12,This is happening now and I’m covering developments for @CTVVancouver today. The #ridehailing court challenge so far:,@CTVVancouver,Tue Feb 04 18:58:24 +0000 2020,,#ridehailing,https://bc.ctvnews.ca/metro-vancouver-taxi-companies-begin-ride-hailing-challenge-in-court-1.4796946,https://twitter.com/PennyDaflos/status/1224769188432109568,1224769188432109568,18440301
2020-02-04 18:53:55+00:00,PennyDaflos,PissedOff911,0,0,1,,,Tue Feb 04 18:53:55 +0000 2020,,,,https://twitter.com/PennyDaflos/status/1224768061196197888,1224768061196197888,18440301
2020-02-02 07:46:33+00:00,PennyDaflos,DeniseTWong,0,0,1,"I already wanted to see it, but that’s another good reason! ",,Sun Feb 02 07:46:33 +0000 2020,,,,https://twitter.com/PennyDaflos/status/1223875335650828289,1223875335650828289,18440301
2020-02-02 07:43:55+00:00,PennyDaflos,DeniseTWong,1,0,2,Have you seen A Quiet Place? I legit had a tension headache after,,Sun Feb 02 07:43:55 +0000 2020,,,,https://twitter.com/PennyDaflos/status/1223874672741081088,1223874672741081088,18440301
2020-01-30 19:08:42+00:00,PennyDaflos,mattbooshell,1,3,17,Assuming this guy is now entertaining multiple offers in small to medium-sized markets,,Thu Jan 30 19:08:42 +0000 2020,,,https://twitter.com/mattbooshell/status/1222666717626818560,https://twitter.com/PennyDaflos/status/1222959840223301632,1222959840223301632,18440301
2020-01-26 20:04:47+00:00,PennyDaflos,edgarseeya,0,0,3,The typo doesn’t help,,Sun Jan 26 20:04:47 +0000 2020,,,,https://twitter.com/PennyDaflos/status/1221524402795212803,1221524402795212803,18440301
2020-01-26 19:23:39+00:00,PennyDaflos,vancolour,0,0,2,"Considering how many workplaces and orgs are incorporating yoga w many people experiencing the benefits (& seeing it’s not “hippy dippy”), I think this is a horrendous strategy. Unless he meant it in a “he does that and I do this” kind of way, which is possible but unlikely.",,Sun Jan 26 19:23:39 +0000 2020,,,,https://twitter.com/PennyDaflos/status/1221514053983461376,1221514053983461376,18440301
2020-01-26 06:36:11+00:00,PennyDaflos,NathanDavidowi1,1,0,0,"Totally disagree. I’ve tried apps & waiting on phone w results all over the place: sometimes good service but other times waiting on hold for 15 mins, then waiting 30. Apps have been horrendous. Once, taxi said he’d leave us at Canada line when I asked for closer route to YVR!",,Sun Jan 26 06:36:11 +0000 2020,,,,https://twitter.com/PennyDaflos/status/1221320914043731970,1221320914043731970,18440301
2020-01-26 01:47:38+00:00,PennyDaflos,sean_I_be,0,0,1,"They’re only serving as far south as 41st, plus YVR",,Sun Jan 26 01:47:38 +0000 2020,,,,https://twitter.com/PennyDaflos/status/1221248297135816704,1221248297135816704,18440301
2020-01-25 20:17:06+00:00,PennyDaflos,Jeff69_official,0,0,0,Those were the only options @uber gave me,@Uber,Sat Jan 25 20:17:06 +0000 2020,,,,https://twitter.com/PennyDaflos/status/1221165114461540352,1221165114461540352,18440301
2020-01-25 16:39:53+00:00,PennyDaflos,stephenbraverm1,0,0,1,Agreed! I was glad to see the production value and energy of Star Trek Discovery (which I also love and recommend) with the heart and depth from TNG.,,Sat Jan 25 16:39:53 +0000 2020,,,,https://twitter.com/PennyDaflos/status/1221110453847248897,1221110453847248897,18440301
2020-01-25 07:20:50+00:00,PennyDaflos,TheSpecialist4,2,0,0,"Comes with the territory, sadly",,Sat Jan 25 07:20:50 +0000 2020,,,,https://twitter.com/PennyDaflos/status/1220969761552515073,1220969761552515073,18440301
2020-01-25 03:42:17+00:00,PennyDaflos,,0,4,8,"Ep. 60 of the BTS with @CTVVancouver podcast is now available. @ctv_shannon joins me for an honest discussion of how difficult and humbling it is to cover a mass tragedy in ""Flight 752: Finding &amp; Telling the Victims' Stories""",@CTVVancouver @ctv_shannon,Sat Jan 25 03:42:17 +0000 2020,,,https://omny.fm/shows/bts-with-ctv-news-vancouver/flight-752-finding-telling-the-victims-stories,https://twitter.com/PennyDaflos/status/1220914761262563339,1220914761262563339,18440301
2020-01-25 02:57:14+00:00,PennyDaflos,raskalryan,1,0,0,What's really great is people now have the choice to leave their dollars wherever they like,,Sat Jan 25 02:57:14 +0000 2020,,,,https://twitter.com/PennyDaflos/status/1220903425078153216,1220903425078153216,18440301
2020-01-25 00:50:51+00:00,PennyDaflos,cindywilhelm,0,0,1,"Happy weekend to you, Cindy!",,Sat Jan 25 00:50:51 +0000 2020,,,,https://twitter.com/PennyDaflos/status/1220871620681781248,1220871620681781248,18440301
2020-01-24 21:21:32+00:00,PennyDaflos,sean_I_be,0,0,0,Working fine for me,,Fri Jan 24 21:21:32 +0000 2020,,,,https://twitter.com/PennyDaflos/status/1220818943511674880,1220818943511674880,18440301
2020-01-24 20:43:12+00:00,PennyDaflos,PhillenniumLine,0,0,0,"It was just a random destination for comparison, nothing more",,Fri Jan 24 20:43:12 +0000 2020,,,,https://twitter.com/PennyDaflos/status/1220809296423706624,1220809296423706624,18440301
2020-01-24 19:15:42+00:00,PennyDaflos,,0,0,3,Company spox Michael van Hemmen says as a result @Uber fares here have to be “attractive” for drivers.,@Uber,Fri Jan 24 19:15:42 +0000 2020,,,,https://twitter.com/PennyDaflos/status/1220787276541648896,1220787276541648896,18440301
2020-01-24 19:13:09+00:00,PennyDaflos,,1,7,6,NEW: @uber won’t tell us how many drivers they have approved but acknowledged it’s “not enough” for the metro Vancouver region. @lyft has 400+ approved. More details here: https://bc.ctvnews.ca/mobile/uber-to-begin-operations-in-metro-vancouver-friday-1.4781814 @CTVVancouver,@Uber @lyft @CTVVancouver,Fri Jan 24 19:13:09 +0000 2020,,,https://bc.ctvnews.ca/mobile/uber-to-begin-operations-in-metro-vancouver-friday-1.4781814,https://twitter.com/PennyDaflos/status/1220786636318920704,1220786636318920704,18440301
2020-01-24 17:07:12+00:00,PennyDaflos,eman_ekafa,1,0,0,Uber had told drivers they were launching at 11am and then suddenly activated at 8am so there would've been few (if any!) ready to go on a moment's notice,,Fri Jan 24 17:07:12 +0000 2020,,,,https://twitter.com/PennyDaflos/status/1220754939024232450,1220754939024232450,18440301
2020-01-24 16:35:22+00:00,PennyDaflos,,0,0,3,"MORE: @lyft is also up and running and celebrity chef Vikram Vij was the first official fare. He thinks ride hailing will be a big boost to the hospitality industry, especially at this slow time of year. Hear from him tonight on @CTVVancouver. https://twitter.com/PennyDaflos/status/1220735732303593474",@lyft @CTVVancouver,Fri Jan 24 16:35:22 +0000 2020,,,https://twitter.com/PennyDaflos/status/1220735732303593474,https://twitter.com/PennyDaflos/status/1220746927651737600,1220746927651737600,18440301
2020-01-24 15:50:53+00:00,PennyDaflos,,12,11,30,BREAKING: @Uber now says they’ve moved up their launch to 8am but the app is now active. Looks like taxi rates! Details here: https://bc.ctvnews.ca/mobile/uber-to-begin-operations-in-metro-vancouver-friday-1.4781814 @CTVVancouver,@Uber @CTVVancouver,Fri Jan 24 15:50:53 +0000 2020,,,https://bc.ctvnews.ca/mobile/uber-to-begin-operations-in-metro-vancouver-friday-1.4781814,https://twitter.com/PennyDaflos/status/1220735732303593474,1220735732303593474,18440301
