date,username,to,replies,retweets,favorites,text,mentions,formatted_date,geo,hashtags,urls,permalink,ID,author_id
2020-02-24 01:34:59+00:00,phranqueigh,BoingBoing,1,3,27,This is literally the only art I want in my home.,,Mon Feb 24 01:34:59 +0000 2020,,,https://twitter.com/BoingBoing/status/1227647659823058944,https://twitter.com/phranqueigh/status/1231754363414118401,1231754363414118401,16313155
2020-02-24 01:32:22+00:00,phranqueigh,,2,5,77,My target weight is my current weight plus whatever two orders of mozzarella sticks weighs.,,Mon Feb 24 01:32:22 +0000 2020,,,,https://twitter.com/phranqueigh/status/1231753702312235008,1231753702312235008,16313155
2020-02-19 22:33:02+00:00,phranqueigh,,0,2,28,All of my family and friends: Maybe try getting your act together? Me:,,Wed Feb 19 22:33:02 +0000 2020,,,,https://twitter.com/phranqueigh/status/1230259023406125057,1230259023406125057,16313155
2020-02-18 22:50:22+00:00,phranqueigh,pinkafloyda,2,4,28,Facing all my demons like:,,Tue Feb 18 22:50:22 +0000 2020,,,https://twitter.com/pinkafloyda/status/1229405403869581312,https://twitter.com/phranqueigh/status/1229900994647089154,1229900994647089154,16313155
2020-02-18 22:47:24+00:00,phranqueigh,,1,5,38,"I don’t know who needs to hear this, but no one has this range",,Tue Feb 18 22:47:24 +0000 2020,,,,https://twitter.com/phranqueigh/status/1229900247176024064,1229900247176024064,16313155
2020-02-15 14:12:21+00:00,phranqueigh,,0,3,28,"Happy Discount Candy Day, everyone!!!!!",,Sat Feb 15 14:12:21 +0000 2020,,,,https://twitter.com/phranqueigh/status/1228683469607309312,1228683469607309312,16313155
2020-02-14 01:06:14+00:00,phranqueigh,IGN,0,6,36,And yet still not fast enough.,,Fri Feb 14 01:06:14 +0000 2020,,,https://twitter.com/IGN/status/1227948302886408193,https://twitter.com/phranqueigh/status/1228123246429720576,1228123246429720576,16313155
2020-02-13 19:51:22+00:00,phranqueigh,nypost,1,2,54,Just when I was finally starting to feel like I could trust again...,,Thu Feb 13 19:51:22 +0000 2020,,,https://twitter.com/nypost/status/1227679566493290499,https://twitter.com/phranqueigh/status/1228044010398388235,1228044010398388235,16313155
2020-02-12 22:52:14+00:00,phranqueigh,,0,5,30,"Me, 5 minutes into anything:",,Wed Feb 12 22:52:14 +0000 2020,,,,https://twitter.com/phranqueigh/status/1227727138943651842,1227727138943651842,16313155
2020-02-12 22:32:33+00:00,phranqueigh,,1,6,50,"I have never in my life fully listened to a waiter describing the specials to me. There was, uh, one with duck, I think? But I nod. Oh, how I nod.",,Wed Feb 12 22:32:33 +0000 2020,,,,https://twitter.com/phranqueigh/status/1227722183096651777,1227722183096651777,16313155
2020-02-12 22:05:40+00:00,phranqueigh,,0,3,23,"Eating half a bag of Hershey’s kisses for dinner and the other half for dessert, so yeah, I consider myself a foodie.",,Wed Feb 12 22:05:40 +0000 2020,,,,https://twitter.com/phranqueigh/status/1227715420456673282,1227715420456673282,16313155
2020-02-12 01:31:44+00:00,phranqueigh,,3,2,51,To the 12th grader who went to grab something to eat for lunch and returned with two blocks of cheese and a whole rotisserie chicken - I salute you.,,Wed Feb 12 01:31:44 +0000 2020,,,,https://twitter.com/phranqueigh/status/1227404892010094593,1227404892010094593,16313155
2020-02-12 00:21:17+00:00,phranqueigh,realDonaldTrump,1,10,37,Children are going into debt to eat lunch at school.,,Wed Feb 12 00:21:17 +0000 2020,,,https://twitter.com/realDonaldTrump/status/1227224631754489857,https://twitter.com/phranqueigh/status/1227387160757755907,1227387160757755907,16313155
2020-02-12 00:20:27+00:00,phranqueigh,liquebot,1,0,1,Also why he married Maude.,,Wed Feb 12 00:20:27 +0000 2020,,,,https://twitter.com/phranqueigh/status/1227386950572822534,1227386950572822534,16313155
2020-02-10 19:31:45+00:00,phranqueigh,,1,3,42,Yet another year The Academy has snubbed my compelling performance as “person interested in hearing how your weekend went.”,,Mon Feb 10 19:31:45 +0000 2020,,,,https://twitter.com/phranqueigh/status/1226951911036854272,1226951911036854272,16313155
2020-02-08 20:04:37+00:00,phranqueigh,phranqueigh,0,0,1,"I totally agree with you that failure and loss are necessary tools to learn and grow, but not everyone gets a great mom like you to help navigate through that, and there’s nothing wrong with making kids feel good about themselves, every chance we can get.",,Sat Feb 08 20:04:37 +0000 2020,,,,https://twitter.com/phranqueigh/status/1226235406431277056,1226235406431277056,16313155
2020-02-08 20:03:15+00:00,phranqueigh,NurseNaive,1,0,2,"Right, yes. My point was way less about actual trophies than it was about people using this expression to mean “you’re soft because you didn’t fail enough as kid.” There are plenty of opportunities to learn u can’t always get what u want without the adults in ur life adding to it",,Sat Feb 08 20:03:15 +0000 2020,,,,https://twitter.com/phranqueigh/status/1226235061915332608,1226235061915332608,16313155
2020-02-08 19:46:03+00:00,phranqueigh,realDonaldTrump,0,2,27,"The news isn’t fake, buddy. The tan is.",,Sat Feb 08 19:46:03 +0000 2020,,,https://twitter.com/realDonaldTrump/status/1226222654019035142,https://twitter.com/phranqueigh/status/1226230732810526720,1226230732810526720,16313155
2020-02-08 18:09:48+00:00,phranqueigh,fruitvalelocal,1,0,3,"I would argue that all children are always trying their best, even if that sometimes looks like a tantrum or not wanting to do something. Being a person is really hard, especially when you haven’t yet learned ways to cope & excluding kids b/c they’re not “there” yet is wrong.",,Sat Feb 08 18:09:48 +0000 2020,,,,https://twitter.com/phranqueigh/status/1226206508846911494,1226206508846911494,16313155
2020-02-08 14:15:19+00:00,phranqueigh,,3,11,55,"Makeup Tutorial: When destroying the foundations of democracy, you must first ruin the foundation on your face.",,Sat Feb 08 14:15:19 +0000 2020,,,,https://twitter.com/phranqueigh/status/1226147500815474695,1226147500815474695,16313155
2020-02-08 07:31:06+00:00,phranqueigh,,3,1,40,Stop trying to “toughen kids up” to prepare them for the cruelty of the world. The world is cruel enough. Give them a safe space to feel loved and accepted and possible. Encourage them to show up and try. Teach them that that’s what champions are.,,Sat Feb 08 07:31:06 +0000 2020,,,,https://twitter.com/phranqueigh/status/1226045774271778816,1226045774271778816,16313155
2020-02-08 07:26:01+00:00,phranqueigh,,1,3,35,"Making kids feel bad about themselves does not produce successful adults, and if you believe that it does because that’s the way YOU were raised, you’re kind of proving the point.",,Sat Feb 08 07:26:01 +0000 2020,,,,https://twitter.com/phranqueigh/status/1226044496137330688,1226044496137330688,16313155
2020-02-08 07:24:37+00:00,phranqueigh,,4,4,53,"Heck yeah our whole generation got trophies, because showing up and trying your best is the hardest and most important thing you can do as a human being, and it deserves to be recognized early and often.",,Sat Feb 08 07:24:37 +0000 2020,,,,https://twitter.com/phranqueigh/status/1226044146328231936,1226044146328231936,16313155
2020-02-07 22:32:01+00:00,phranqueigh,,3,6,62,Pleased to announce I’m back in my pajamas.,,Fri Feb 07 22:32:01 +0000 2020,,,,https://twitter.com/phranqueigh/status/1225910111065034752,1225910111065034752,16313155
2020-02-07 21:54:57+00:00,phranqueigh,,3,7,55,When I overhear someone saying they have tea to spill:,,Fri Feb 07 21:54:57 +0000 2020,,,,https://twitter.com/phranqueigh/status/1225900784602275842,1225900784602275842,16313155
2020-02-05 12:13:22+00:00,phranqueigh,,1,5,55,"Some mornings you just gotta be like “Listen, body, you could have been sleeping for 8 hours, but instead you decided to stay up late and have an anxiety party, so this is on you” and then drag that thing out of bed.",,Wed Feb 05 12:13:22 +0000 2020,,,,https://twitter.com/phranqueigh/status/1225029647324401664,1225029647324401664,16313155
2020-02-05 01:08:33+00:00,phranqueigh,,3,3,64,"At this point, we should probably elect our new president by putting our heads down on our desks and raising our hands when we hear the name of the person we want to vote for. No feelings get hurt. No controversy. My second grade teacher, Miss Wilson, can count for us.",,Wed Feb 05 01:08:33 +0000 2020,,,,https://twitter.com/phranqueigh/status/1224862339448606720,1224862339448606720,16313155
2020-02-04 22:30:28+00:00,phranqueigh,CNN,0,11,47,Or maybe - and stay with me here - maybe rich people could be forced to pay their taxes so our children wouldn’t have to starve? That’s the heartwarming tale I’m ready for.,,Tue Feb 04 22:30:28 +0000 2020,,,https://twitter.com/CNN/status/1224683426810384386,https://twitter.com/phranqueigh/status/1224822558501019648,1224822558501019648,16313155
2020-02-04 01:10:24+00:00,phranqueigh,,1,2,39,"You ever just scroll through all of the photos on your phone and wonder what your life is? Like, good thing I’ve been holding on to this pic of a sandwich I ate 6 years ago. Wouldn’t want to lose that moment in time.",,Tue Feb 04 01:10:24 +0000 2020,,,,https://twitter.com/phranqueigh/status/1224500416274141185,1224500416274141185,16313155
2020-02-04 00:49:49+00:00,phranqueigh,,0,7,62,"You know how our parents all told us “You’ll understand when you’re older”? That was just a straight up lie, right? Because I understand nothing.",,Tue Feb 04 00:49:49 +0000 2020,,,,https://twitter.com/phranqueigh/status/1224495240234569730,1224495240234569730,16313155
2020-02-03 22:38:46+00:00,phranqueigh,,0,0,28,Weird how the 90s are back but my ability to stay awake past 9pm is not.,,Mon Feb 03 22:38:46 +0000 2020,,,,https://twitter.com/phranqueigh/status/1224462257494659072,1224462257494659072,16313155
2020-02-01 23:53:25+00:00,phranqueigh,,4,3,43,My cat just got diagnosed with asthma and now I have to go smuggle in cheap meds from Canada for him and I’m pretty sure this is the beginning of Breaking Bad 2.,,Sat Feb 01 23:53:25 +0000 2020,,,,https://twitter.com/phranqueigh/status/1223756270915608576,1223756270915608576,16313155
2020-02-01 15:50:42+00:00,phranqueigh,smoothmommy,0,1,8,"If you didn’t Kombucha girl meme when you saw this, you’re lying.",,Sat Feb 01 15:50:42 +0000 2020,,,https://twitter.com/smoothmommy/status/1223006110136668160,https://twitter.com/phranqueigh/status/1223634787887472640,1223634787887472640,16313155
2020-02-01 14:11:01+00:00,phranqueigh,,0,3,14,"See you in hell, January 2020.",,Sat Feb 01 14:11:01 +0000 2020,,,,https://twitter.com/phranqueigh/status/1223609702174674945,1223609702174674945,16313155
2020-02-01 13:22:40+00:00,phranqueigh,StephenKing,2,0,15,I quit a few weeks ago and am clearly the original trendsetter. ,,Sat Feb 01 13:22:40 +0000 2020,,,https://twitter.com/StephenKing/status/1223425267831574534,https://twitter.com/phranqueigh/status/1223597537145368576,1223597537145368576,16313155
2020-02-01 13:18:35+00:00,phranqueigh,laurenjxixi,1,3,42,Finally a duo I’m excited to vote for in 2020,,Sat Feb 01 13:18:35 +0000 2020,,,https://twitter.com/laurenjxixi/status/1223102786235031552,https://twitter.com/phranqueigh/status/1223596508945231872,1223596508945231872,16313155
2020-02-01 11:54:08+00:00,phranqueigh,chuuzus,0,2,13,It’s been a long year.,,Sat Feb 01 11:54:08 +0000 2020,,,https://twitter.com/chuuzus/status/1223268703640457216,https://twitter.com/phranqueigh/status/1223575255559610368,1223575255559610368,16313155
2020-01-31 01:52:21+00:00,phranqueigh,,0,13,62,"You see, kids, everyone in the house had to share one immovable computer and the room it was kept in became known as “the computer room.”",,Fri Jan 31 01:52:21 +0000 2020,,,,https://twitter.com/phranqueigh/status/1223061422730555393,1223061422730555393,16313155
2020-01-31 01:10:51+00:00,phranqueigh,,0,4,20,"Oh, you’re here for a good time, not a long time? Well not me, my dude. I’m gonna be miserable forever.",,Fri Jan 31 01:10:51 +0000 2020,,,,https://twitter.com/phranqueigh/status/1223050981644152838,1223050981644152838,16313155
2020-01-31 00:25:07+00:00,phranqueigh,,0,3,26,Weird how no one on this bus seems to be acknowledging the fact that I've been retweeted literally dozens of times.,,Fri Jan 31 00:25:07 +0000 2020,,,,https://twitter.com/phranqueigh/status/1223039470645194754,1223039470645194754,16313155
2020-01-29 23:54:44+00:00,phranqueigh,,0,9,44,"Today a teen told me the world is gonna end in 30 years and I was like “cool, cause that’s my entire retirement plan.”",,Wed Jan 29 23:54:44 +0000 2020,,,,https://twitter.com/phranqueigh/status/1222669436852764676,1222669436852764676,16313155
2020-01-29 22:34:53+00:00,phranqueigh,Renegade_Sailor,1,3,35,“No woman has ever enjoyed taking with me.”,,Wed Jan 29 22:34:53 +0000 2020,,,https://twitter.com/Renegade_Sailor/status/1222235481905123328,https://twitter.com/phranqueigh/status/1222649342017900544,1222649342017900544,16313155
2020-01-28 23:41:11+00:00,phranqueigh,,0,9,42,"Anyone: Hey, do you have a quick minute to talk? Me:",,Tue Jan 28 23:41:11 +0000 2020,,,,https://twitter.com/phranqueigh/status/1222303639479431168,1222303639479431168,16313155
2020-01-28 02:31:44+00:00,phranqueigh,,1,2,31,Me realizing I’ve opened and closed the same app six times in a row without thinking:,,Tue Jan 28 02:31:44 +0000 2020,,,,https://twitter.com/phranqueigh/status/1221984172153151491,1221984172153151491,16313155
2020-01-28 02:24:01+00:00,phranqueigh,,1,4,52,"Say what you will about pity parties, but there’s no denying they always have the best snacks.",,Tue Jan 28 02:24:01 +0000 2020,,,,https://twitter.com/phranqueigh/status/1221982231230586880,1221982231230586880,16313155
2020-01-28 02:14:21+00:00,phranqueigh,Andrew_Ervin,1,0,1,I did the same a few weeks ago and let me just say it is LIBERATING ,,Tue Jan 28 02:14:21 +0000 2020,,,,https://twitter.com/phranqueigh/status/1221979795287871488,1221979795287871488,16313155
2020-01-26 22:13:44+00:00,phranqueigh,,0,6,47,Stop telling people how to feel their grief.,,Sun Jan 26 22:13:44 +0000 2020,,,,https://twitter.com/phranqueigh/status/1221556855807381506,1221556855807381506,16313155
2020-01-26 21:37:44+00:00,phranqueigh,,0,5,33,“There’s still time. There’s still time.” ~ Sunday afternoon mantra,,Sun Jan 26 21:37:44 +0000 2020,,,,https://twitter.com/phranqueigh/status/1221547795376746496,1221547795376746496,16313155
2020-01-26 19:24:47+00:00,phranqueigh,,0,1,15,the poet the poem,,Sun Jan 26 19:24:47 +0000 2020,,,,https://twitter.com/phranqueigh/status/1221514336088346624,1221514336088346624,16313155
2020-01-26 18:00:50+00:00,phranqueigh,,0,0,21,Me looking at a full priced sweater: I’d never wear that. Totally not my style. Me looking at the exact same sweater marked 5 cents off: I’m sure I can find an outfit to pair this with. I’ll take 3.,,Sun Jan 26 18:00:50 +0000 2020,,,,https://twitter.com/phranqueigh/status/1221493210519887874,1221493210519887874,16313155
2020-01-26 17:37:20+00:00,phranqueigh,House_Feminist,0,0,5, ,,Sun Jan 26 17:37:20 +0000 2020,,,,https://twitter.com/phranqueigh/status/1221487296110833665,1221487296110833665,16313155
2020-01-25 23:49:38+00:00,phranqueigh,ericalayser,1,0,1,Lamination is forever.,,Sat Jan 25 23:49:38 +0000 2020,,,,https://twitter.com/phranqueigh/status/1221218600423436288,1221218600423436288,16313155
2020-01-25 23:43:02+00:00,phranqueigh,liquebot,2,0,2,This dog is more successful than I am. NBD.,,Sat Jan 25 23:43:02 +0000 2020,,,,https://twitter.com/phranqueigh/status/1221216941236420610,1221216941236420610,16313155
2020-01-25 22:56:18+00:00,phranqueigh,brittanys,0,8,55,Same.,,Sat Jan 25 22:56:18 +0000 2020,,,https://twitter.com/brittanys/status/1221173558002561028,https://twitter.com/phranqueigh/status/1221205182039699462,1221205182039699462,16313155
2020-01-24 01:45:15+00:00,phranqueigh,thehill,3,0,34,How cool that the person in charge of education for a whole country has clearly never read a single book.,,Fri Jan 24 01:45:15 +0000 2020,,,https://twitter.com/thehill/status/1220489928431296512,https://twitter.com/phranqueigh/status/1220522923561226240,1220522923561226240,16313155
2020-01-24 00:51:34+00:00,phranqueigh,,1,32,150,"People think adulthood is nothing but feeling tired all the time, but that's just not true. There's also a ton of fear and anxiety and self-loathing.",,Fri Jan 24 00:51:34 +0000 2020,,,,https://twitter.com/phranqueigh/status/1220509414249181184,1220509414249181184,16313155
2020-01-23 01:16:58+00:00,phranqueigh,,5,1,88,"Eating an entire sleeve of Thin Mints didn't fill my emotional void, so I'll try again in 20 minutes.",,Thu Jan 23 01:16:58 +0000 2020,,,,https://twitter.com/phranqueigh/status/1220153416804159488,1220153416804159488,16313155
2020-01-22 22:57:27+00:00,phranqueigh,,0,0,12,"Where were you when you learned that Mr. Peanut died? I was sitting in my therapist’s waiting room, which feels apt.",,Wed Jan 22 22:57:27 +0000 2020,,,,https://twitter.com/phranqueigh/status/1220118306146877440,1220118306146877440,16313155
2020-01-22 19:12:48+00:00,phranqueigh,Valuck,1,0,1,I have a new style icon and it is you in this photo exclusively.,,Wed Jan 22 19:12:48 +0000 2020,,,,https://twitter.com/phranqueigh/status/1220061770074796032,1220061770074796032,16313155
2020-01-22 19:11:45+00:00,phranqueigh,,3,0,18,"Woah, this episode sounds lit.",,Wed Jan 22 19:11:45 +0000 2020,,,,https://twitter.com/phranqueigh/status/1220061505749704704,1220061505749704704,16313155
2020-01-21 23:42:00+00:00,phranqueigh,,0,3,24,My love language is complaining.,,Tue Jan 21 23:42:00 +0000 2020,,,,https://twitter.com/phranqueigh/status/1219767127441334278,1219767127441334278,16313155
2020-01-21 23:37:15+00:00,phranqueigh,,0,5,37,Happy Hour ,,Tue Jan 21 23:37:15 +0000 2020,,,,https://twitter.com/phranqueigh/status/1219765935332102144,1219765935332102144,16313155
2020-01-21 23:23:53+00:00,phranqueigh,,0,0,14,That three day weekend was about 6 weeks too short.,,Tue Jan 21 23:23:53 +0000 2020,,,,https://twitter.com/phranqueigh/status/1219762572309803009,1219762572309803009,16313155
2020-01-18 15:24:39+00:00,phranqueigh,TwitterMovies,0,0,9,Movies are pretty good. Don’t @me.,,Sat Jan 18 15:24:39 +0000 2020,,,https://twitter.com/TwitterMovies/status/1217531520786796546,https://twitter.com/phranqueigh/status/1218554803166633984,1218554803166633984,16313155
2020-01-18 13:39:51+00:00,phranqueigh,SpaceForceDoD,2,0,35,Good thing it’s camo so the aliens won’t be able to see us coming.,,Sat Jan 18 13:39:51 +0000 2020,,,https://twitter.com/SpaceForceDoD/status/1218335200964464650,https://twitter.com/phranqueigh/status/1218528431287296001,1218528431287296001,16313155
2020-01-14 22:10:28+00:00,phranqueigh,,2,15,74,"Remember twenty years ago when this week started? We were so young then, so innocent.",,Tue Jan 14 22:10:28 +0000 2020,,,,https://twitter.com/phranqueigh/status/1217207381278457859,1217207381278457859,16313155
2020-01-14 12:29:20+00:00,phranqueigh,DNealeColorado,0,0,41,Whatever with the royal family. This is my new Queen.,,Tue Jan 14 12:29:20 +0000 2020,,,https://twitter.com/DNealeColorado/status/1216761099871080448,https://twitter.com/phranqueigh/status/1217061130964815872,1217061130964815872,16313155
2020-01-14 00:52:44+00:00,phranqueigh,,0,2,23,"Damn, Academy Awards, are you society since the beginning of time? Because you forgot to acknowledge any of the contributions talented women have made.",,Tue Jan 14 00:52:44 +0000 2020,,,,https://twitter.com/phranqueigh/status/1216885826459701255,1216885826459701255,16313155
2020-01-13 22:23:49+00:00,phranqueigh,,2,5,40,If only the bags under my eyes had snacks in them.,,Mon Jan 13 22:23:49 +0000 2020,,,,https://twitter.com/phranqueigh/status/1216848351381073920,1216848351381073920,16313155
2020-01-12 15:50:10+00:00,phranqueigh,,0,8,39,“i” before “e” except after “c” and literally nothing before at least two cups of coffee.,,Sun Jan 12 15:50:10 +0000 2020,,,,https://twitter.com/phranqueigh/status/1216386899595669505,1216386899595669505,16313155
2020-01-11 16:32:21+00:00,phranqueigh,,5,9,78,Proud to announce that it’s not even noon yet and I have already moved from the bed to the couch.,,Sat Jan 11 16:32:21 +0000 2020,,,,https://twitter.com/phranqueigh/status/1216035124598407169,1216035124598407169,16313155
2020-01-08 00:18:30+00:00,phranqueigh,liquebot,1,0,1,Congratulations!!!!,,Wed Jan 08 00:18:30 +0000 2020,,,,https://twitter.com/phranqueigh/status/1214702884778065923,1214702884778065923,16313155
2020-01-07 00:07:22+00:00,phranqueigh,,2,9,37,Me trying to get rid of my bad habits: https://twitter.com/evilbart24/status/1214298348343173120/video/1,,Tue Jan 07 00:07:22 +0000 2020,,,https://twitter.com/evilbart24/status/1214298348343173120/video/1,https://twitter.com/phranqueigh/status/1214337693905227776,1214337693905227776,16313155
2020-01-06 23:48:48+00:00,phranqueigh,,2,9,68,Pretty rude of all my problems to follow me into the new year.,,Mon Jan 06 23:48:48 +0000 2020,,,,https://twitter.com/phranqueigh/status/1214333024806027264,1214333024806027264,16313155
2020-01-06 01:42:43+00:00,phranqueigh,realDonaldTrump,2,8,51,Fun fact: Two trillion dollars could end world hunger for over 60 years.,,Mon Jan 06 01:42:43 +0000 2020,,,https://twitter.com/realDonaldTrump/status/1213689342272659456,https://twitter.com/phranqueigh/status/1213999304261722112,1213999304261722112,16313155
2020-01-04 02:53:40+00:00,phranqueigh,,1,37,112,Pretty cool how we can afford to fund a whole war but somehow let 6 year olds go into debt for school lunches.,,Sat Jan 04 02:53:40 +0000 2020,,,,https://twitter.com/phranqueigh/status/1213292383862964225,1213292383862964225,16313155
2020-01-03 12:30:58+00:00,phranqueigh,,0,14,79,Good morning to everyone who didn’t start a war with Iran.,,Fri Jan 03 12:30:58 +0000 2020,,,,https://twitter.com/phranqueigh/status/1213075274784530432,1213075274784530432,16313155
2020-01-02 23:32:46+00:00,phranqueigh,,3,54,467,"*opens fridge* Ah, just as I suspected, I have not bought any food.",,Thu Jan 02 23:32:46 +0000 2020,,,,https://twitter.com/phranqueigh/status/1212879434983911425,1212879434983911425,16313155
