date,username,to,replies,retweets,favorites,text,mentions,formatted_date,geo,hashtags,urls,permalink,ID,author_id
2020-02-28 20:56:52+00:00,rahm3sh,,3,4,113,She really thought she could stop a horse that probably weighs a good 1300-2000 pounds running full speed ,,Fri Feb 28 20:56:52 +0000 2020,,,,https://twitter.com/rahm3sh/status/1233496309195329539,1233496309195329539,424419524
2020-02-28 20:45:27+00:00,rahm3sh,betchvideo,0,0,9,This is scary just a lil lmao,,Fri Feb 28 20:45:27 +0000 2020,,,,https://twitter.com/rahm3sh/status/1233493437443379202,1233493437443379202,424419524
2020-02-28 20:39:58+00:00,rahm3sh,,349,1589,5640,Now she knew damn well.... ,,Fri Feb 28 20:39:58 +0000 2020,,,,https://twitter.com/rahm3sh/status/1233492059975307266,1233492059975307266,424419524
2020-02-28 16:32:32+00:00,rahm3sh,,136,2694,8954,Y’all wanna see a magic trick ,,Fri Feb 28 16:32:32 +0000 2020,,,,https://twitter.com/rahm3sh/status/1233429788393693186,1233429788393693186,424419524
2020-02-28 02:28:55+00:00,rahm3sh,,0,9,66,"I curse if it’s a medium pothole, if I hit a big ole one that’s when I scream ",,Fri Feb 28 02:28:55 +0000 2020,,,,https://twitter.com/rahm3sh/status/1233217486084067328,1233217486084067328,424419524
2020-02-28 02:22:53+00:00,rahm3sh,,200,60,680,When you hit a pothole do you scream or curse ?,,Fri Feb 28 02:22:53 +0000 2020,,,,https://twitter.com/rahm3sh/status/1233215968484171777,1233215968484171777,424419524
2020-02-28 01:47:47+00:00,rahm3sh,,1,8,155,Video Creds: https://www.facebook.com/samgotta.williams,,Fri Feb 28 01:47:47 +0000 2020,,,https://www.facebook.com/samgotta.williams,https://twitter.com/rahm3sh/status/1233207134608928769,1233207134608928769,424419524
2020-02-28 01:32:21+00:00,rahm3sh,,855,57360,239932,That toy should be arrested for hurting her feelings ,,Fri Feb 28 01:32:21 +0000 2020,,,,https://twitter.com/rahm3sh/status/1233203248951169024,1233203248951169024,424419524
2020-02-28 01:16:27+00:00,rahm3sh,,0,0,0,Video credits: https://instagram.com/lawrencesmith27?igshid=tyx1jeurrjzm,,Fri Feb 28 01:16:27 +0000 2020,,,https://instagram.com/lawrencesmith27?igshid=tyx1jeurrjzm,https://twitter.com/rahm3sh/status/1233199247648002053,1233199247648002053,424419524
2020-02-27 19:16:43+00:00,rahm3sh,,16,142,486,Screw a heartbreak y’all ever waved at someone who wasn’t waving at you ,,Thu Feb 27 19:16:43 +0000 2020,,,,https://twitter.com/rahm3sh/status/1233108719082360832,1233108719082360832,424419524
2020-02-27 17:54:38+00:00,rahm3sh,,0,0,1,Vid Creds : https://www.facebook.com/brandon.reap,,Thu Feb 27 17:54:38 +0000 2020,,,https://www.facebook.com/brandon.reap,https://twitter.com/rahm3sh/status/1233088062202273792,1233088062202273792,424419524
2020-02-27 17:11:10+00:00,rahm3sh,,30,314,1142,Dude really took off his leg when he seen Alexis Skyy ,,Thu Feb 27 17:11:10 +0000 2020,,,,https://twitter.com/rahm3sh/status/1233077125185507328,1233077125185507328,424419524
2020-02-27 14:44:09+00:00,rahm3sh,,1750,61768,241983,I’d have to quit after this ,,Thu Feb 27 14:44:09 +0000 2020,,,,https://twitter.com/rahm3sh/status/1233040126806282240,1233040126806282240,424419524
2020-02-27 04:13:56+00:00,rahm3sh,,0,5,57,Vid Creds: https://www.facebook.com/unique.wisdom.7,,Thu Feb 27 04:13:56 +0000 2020,,,https://www.facebook.com/unique.wisdom.7,https://twitter.com/rahm3sh/status/1232881525781389312,1232881525781389312,424419524
2020-02-27 03:32:04+00:00,rahm3sh,,1230,25375,113085,“I said shut up” he was fed up with her LMFAOOOOOO ,,Thu Feb 27 03:32:04 +0000 2020,,,,https://twitter.com/rahm3sh/status/1232870991006720006,1232870991006720006,424419524
2020-02-27 01:47:36+00:00,rahm3sh,,69,1548,4691,Now why would they do this ,,Thu Feb 27 01:47:36 +0000 2020,,,,https://twitter.com/rahm3sh/status/1232844701381877761,1232844701381877761,424419524
2020-02-26 23:12:30+00:00,rahm3sh,,63,577,2062,I wonder if they continued shooting after this ,,Wed Feb 26 23:12:30 +0000 2020,,,,https://twitter.com/rahm3sh/status/1232805668022898688,1232805668022898688,424419524
2020-02-26 21:55:19+00:00,rahm3sh,,1,0,7,Vid Creds: https://www.facebook.com/Johnika4Short,,Wed Feb 26 21:55:19 +0000 2020,,,https://www.facebook.com/Johnika4Short,https://twitter.com/rahm3sh/status/1232786246604333057,1232786246604333057,424419524
2020-02-26 19:05:54+00:00,rahm3sh,,23,312,1411,The internet is undefeated ,,Wed Feb 26 19:05:54 +0000 2020,,,,https://twitter.com/rahm3sh/status/1232743611420348416,1232743611420348416,424419524
2020-02-26 17:36:15+00:00,rahm3sh,,0,3,7,Video Creds: https://www.facebook.com/asia.childs.3517,,Wed Feb 26 17:36:15 +0000 2020,,,https://www.facebook.com/asia.childs.3517,https://twitter.com/rahm3sh/status/1232721050498215938,1232721050498215938,424419524
2020-02-26 16:45:44+00:00,rahm3sh,,105,28157,101820,If “n*gga back tf up” was a person ,,Wed Feb 26 16:45:44 +0000 2020,,,,https://twitter.com/rahm3sh/status/1232708335067181056,1232708335067181056,424419524
2020-02-26 16:39:57+00:00,rahm3sh,,0,3,43,Follow him on here @Jr_Chronicles,@Jr_Chronicles,Wed Feb 26 16:39:57 +0000 2020,,,,https://twitter.com/rahm3sh/status/1232706878242787335,1232706878242787335,424419524
2020-02-26 15:40:09+00:00,rahm3sh,,20,20,595,They holding it at the end like they gon fix it with tape for something ,,Wed Feb 26 15:40:09 +0000 2020,,,,https://twitter.com/rahm3sh/status/1232691831256887297,1232691831256887297,424419524
2020-02-26 15:36:23+00:00,rahm3sh,,277,1143,5134,At this point black people we gotta start releasing doves at funerals from individual cages cuz wtf ,,Wed Feb 26 15:36:23 +0000 2020,,,,https://twitter.com/rahm3sh/status/1232690882341720066,1232690882341720066,424419524
2020-02-26 13:17:20+00:00,rahm3sh,,3,11,90,Check out his YouTube channel !!,,Wed Feb 26 13:17:20 +0000 2020,,,https://www.youtube.com/channel/UCVIg4ufx68sc7--IoVCWkUA,https://twitter.com/rahm3sh/status/1232655890676899841,1232655890676899841,424419524
2020-02-26 03:24:29+00:00,rahm3sh,,1969,1041,9973,"You are offered $80,000 a week for the rest of your life but you must cut off all family members, wyd ?",,Wed Feb 26 03:24:29 +0000 2020,,,,https://twitter.com/rahm3sh/status/1232506692732059650,1232506692732059650,424419524
2020-02-26 00:24:11+00:00,rahm3sh,,385,26555,69351,When he mocked her laugh I fell out ,,Wed Feb 26 00:24:11 +0000 2020,,,,https://twitter.com/rahm3sh/status/1232461319690829824,1232461319690829824,424419524
2020-02-25 20:43:38+00:00,rahm3sh,,99,1558,6873,Here’s a way to stop any girl from crying ,,Tue Feb 25 20:43:38 +0000 2020,,,,https://twitter.com/rahm3sh/status/1232405816231239681,1232405816231239681,424419524
2020-02-25 17:52:13+00:00,rahm3sh,,0,1,55,This clearly was the girl with the braids idea ,,Tue Feb 25 17:52:13 +0000 2020,,,,https://twitter.com/rahm3sh/status/1232362680364806146,1232362680364806146,424419524
2020-02-25 17:19:37+00:00,rahm3sh,Iewislewinsky,1,0,94,This tweet got my dogs attention ,,Tue Feb 25 17:19:37 +0000 2020,,,,https://twitter.com/rahm3sh/status/1232354474108375040,1232354474108375040,424419524
2020-02-25 00:38:23+00:00,rahm3sh,,120,3888,10572,Kids don’t sugarcoat anything for nothing ,,Tue Feb 25 00:38:23 +0000 2020,,,,https://twitter.com/rahm3sh/status/1232102507272396800,1232102507272396800,424419524
2020-02-24 23:53:45+00:00,rahm3sh,,30,711,2180,Everyone needs to listen to this ,,Mon Feb 24 23:53:45 +0000 2020,,,,https://twitter.com/rahm3sh/status/1232091272321675266,1232091272321675266,424419524
2020-02-24 23:07:34+00:00,rahm3sh,,8,28,428,He chilling ,,Mon Feb 24 23:07:34 +0000 2020,,,,https://twitter.com/rahm3sh/status/1232079652048515072,1232079652048515072,424419524
2020-02-24 21:15:28+00:00,rahm3sh,,1,1,12,Vid Creds : https://www.facebook.com/danielle.patrice.988,,Mon Feb 24 21:15:28 +0000 2020,,,https://www.facebook.com/danielle.patrice.988,https://twitter.com/rahm3sh/status/1232051438777491456,1232051438777491456,424419524
2020-02-24 21:06:31+00:00,rahm3sh,,420,2030,7456,Seeing this made me wary about going to movie theaters now ,,Mon Feb 24 21:06:31 +0000 2020,,,,https://twitter.com/rahm3sh/status/1232049188441141254,1232049188441141254,424419524
2020-02-24 20:00:32+00:00,rahm3sh,,69,497,1726,The best blood alcohol test I’ve ever seen ,,Mon Feb 24 20:00:32 +0000 2020,,,,https://twitter.com/rahm3sh/status/1232032582864375808,1232032582864375808,424419524
2020-02-24 18:30:18+00:00,rahm3sh,DenieceNova,0,1,18,At all ,,Mon Feb 24 18:30:18 +0000 2020,,,,https://twitter.com/rahm3sh/status/1232009875556835329,1232009875556835329,424419524
2020-02-24 18:30:09+00:00,rahm3sh,,0,0,4,Video Creds: https://www.facebook.com/jamie.sheppard.98,,Mon Feb 24 18:30:09 +0000 2020,,,https://www.facebook.com/jamie.sheppard.98,https://twitter.com/rahm3sh/status/1232009836151308288,1232009836151308288,424419524
2020-02-24 18:21:01+00:00,rahm3sh,,58,1852,6304,When a trip to visit grandma at the hospital doesn’t go as planned LMFAOOOOO ,,Mon Feb 24 18:21:01 +0000 2020,,,,https://twitter.com/rahm3sh/status/1232007538234793985,1232007538234793985,424419524
2020-02-24 03:22:11+00:00,rahm3sh,,0,7,108,Vid Creds: https://www.facebook.com/abby.lopez.524 https://www.facebook.com/keyshayw https://www.facebook.com/mary.asha.1,,Mon Feb 24 03:22:11 +0000 2020,,,"https://www.facebook.com/abby.lopez.524,https://www.facebook.com/keyshayw,https://www.facebook.com/mary.asha.1",https://twitter.com/rahm3sh/status/1231781340296687616,1231781340296687616,424419524
2020-02-24 03:09:43+00:00,rahm3sh,,1073,47831,202390,"The "" GAAAAAAAH DAYUUUUM"" is really sending me ",,Mon Feb 24 03:09:43 +0000 2020,,,,https://twitter.com/rahm3sh/status/1231778201631850496,1231778201631850496,424419524
2020-02-24 00:27:00+00:00,rahm3sh,,0,0,2,Vid Creds: https://www.facebook.com/dante.allen.7524,,Mon Feb 24 00:27:00 +0000 2020,,,https://www.facebook.com/dante.allen.7524,https://twitter.com/rahm3sh/status/1231737254093164546,1231737254093164546,424419524
2020-02-23 23:12:53+00:00,rahm3sh,,77,735,2651,Why somebody say he got goat hind legs ,,Sun Feb 23 23:12:53 +0000 2020,,,,https://twitter.com/rahm3sh/status/1231718603457781767,1231718603457781767,424419524
2020-02-23 22:38:51+00:00,rahm3sh,,2,2,69,Vid Creds: https://www.facebook.com/shaquaylagottemhaten.wylie,,Sun Feb 23 22:38:51 +0000 2020,,,https://www.facebook.com/shaquaylagottemhaten.wylie,https://twitter.com/rahm3sh/status/1231710036247924743,1231710036247924743,424419524
2020-02-23 22:25:06+00:00,rahm3sh,,1231,60360,262248,All their momma wanted was a simple picture ,,Sun Feb 23 22:25:06 +0000 2020,,,,https://twitter.com/rahm3sh/status/1231706575749963776,1231706575749963776,424419524
2020-02-23 21:00:26+00:00,rahm3sh,,8,25,300,Seafood and soul food ,,Sun Feb 23 21:00:26 +0000 2020,,,,https://twitter.com/rahm3sh/status/1231685268438241286,1231685268438241286,424419524
2020-02-23 20:58:56+00:00,rahm3sh,,614,169,1005,"You can only eat two of these foods for the rest of your life, which ones you pick ?",,Sun Feb 23 20:58:56 +0000 2020,,,,https://twitter.com/rahm3sh/status/1231684892322418699,1231684892322418699,424419524
2020-02-23 19:17:25+00:00,rahm3sh,,3,375,1365,“Yeah I’m f*cked” ,,Sun Feb 23 19:17:25 +0000 2020,,,,https://twitter.com/rahm3sh/status/1231659342644088834,1231659342644088834,424419524
2020-02-23 17:32:23+00:00,rahm3sh,4TheCulture____,1,0,6, ,,Sun Feb 23 17:32:23 +0000 2020,,,,https://twitter.com/rahm3sh/status/1231632911776047107,1231632911776047107,424419524
2020-02-23 17:26:34+00:00,rahm3sh,,0,0,15,Vid Creds:,,Sun Feb 23 17:26:34 +0000 2020,,,https://vm.tiktok.com/b5ABVK/,https://twitter.com/rahm3sh/status/1231631449796857859,1231631449796857859,424419524
2020-02-23 17:08:45+00:00,rahm3sh,,8,95,1941,She fell so hard the dishwasher said “damn” ,,Sun Feb 23 17:08:45 +0000 2020,,,,https://twitter.com/rahm3sh/status/1231626962654965766,1231626962654965766,424419524
2020-02-23 16:53:46+00:00,rahm3sh,,0,1,32,Video Creds: https://www.facebook.com/shontarria.couvillion.5,,Sun Feb 23 16:53:46 +0000 2020,,,https://www.facebook.com/shontarria.couvillion.5,https://twitter.com/rahm3sh/status/1231623195008081921,1231623195008081921,424419524
2020-02-23 16:51:04+00:00,rahm3sh,,24,60,3921,Pretty Girl Malayah Pic Creds: mom @DiorLashaay,@DiorLashaay,Sun Feb 23 16:51:04 +0000 2020,,,,https://twitter.com/rahm3sh/status/1231622514369081345,1231622514369081345,424419524
2020-02-23 16:42:03+00:00,rahm3sh,,781,13261,44363,Her soul was hurt after this one ,,Sun Feb 23 16:42:03 +0000 2020,,,,https://twitter.com/rahm3sh/status/1231620243451207681,1231620243451207681,424419524
2020-02-23 15:24:35+00:00,rahm3sh,,1,2,82,Here’s dads twitter: @DougDimadome438,,Sun Feb 23 15:24:35 +0000 2020,,,,https://twitter.com/rahm3sh/status/1231600750461095937,1231600750461095937,424419524
2020-02-23 10:28:41+00:00,rahm3sh,,2,2,122,Follow mom on here @DiorLashaay,@DiorLashaay,Sun Feb 23 10:28:41 +0000 2020,,,,https://twitter.com/rahm3sh/status/1231526285446459392,1231526285446459392,424419524
2020-02-23 00:00:07+00:00,rahm3sh,,2,151,8427,"Momma was over there expecting her to cry for the second one at least, peep how she looks at her ",,Sun Feb 23 00:00:07 +0000 2020,,,,https://twitter.com/rahm3sh/status/1231368100676882433,1231368100676882433,424419524
2020-02-22 23:51:10+00:00,rahm3sh,,4,5,168,Video Creds: https://www.facebook.com/LILTRE1,,Sat Feb 22 23:51:10 +0000 2020,,,https://www.facebook.com/LILTRE1,https://twitter.com/rahm3sh/status/1231365845953196032,1231365845953196032,424419524
2020-02-22 23:46:37+00:00,rahm3sh,,1891,99815,530756,Oh she’s gonna be trouble ,,Sat Feb 22 23:46:37 +0000 2020,,,,https://twitter.com/rahm3sh/status/1231364703269642241,1231364703269642241,424419524
2020-02-22 22:57:50+00:00,rahm3sh,,65,26,235,"Imagine waking up one morning with a extra pupil in both eyes, wyd ?",,Sat Feb 22 22:57:50 +0000 2020,,,,https://twitter.com/rahm3sh/status/1231352426600505345,1231352426600505345,424419524
2020-02-22 22:20:14+00:00,rahm3sh,,47,1019,3330,WEAKKKK ,,Sat Feb 22 22:20:14 +0000 2020,,,,https://twitter.com/rahm3sh/status/1231342964263309318,1231342964263309318,424419524
2020-02-22 18:21:54+00:00,rahm3sh,,49,612,2156,He is so wrong for this ,,Sat Feb 22 18:21:54 +0000 2020,,,,https://twitter.com/rahm3sh/status/1231282984344588289,1231282984344588289,424419524
2020-02-22 06:48:55+00:00,rahm3sh,,0,3,26,Creds:,,Sat Feb 22 06:48:55 +0000 2020,,,https://youtu.be/JxyYCaCyLWQ,https://twitter.com/rahm3sh/status/1231108588757757952,1231108588757757952,424419524
2020-02-22 05:22:51+00:00,rahm3sh,,127,1069,3579,He reviewed Erykah Badu’s P*ssy incense and I—,,Sat Feb 22 05:22:51 +0000 2020,,,,https://twitter.com/rahm3sh/status/1231086930097471489,1231086930097471489,424419524
2020-02-22 05:08:40+00:00,rahm3sh,,0,0,1,Video: https://www.facebook.com/kentrell.love.12,,Sat Feb 22 05:08:40 +0000 2020,,,https://www.facebook.com/kentrell.love.12,https://twitter.com/rahm3sh/status/1231083362766479361,1231083362766479361,424419524
2020-02-22 04:41:57+00:00,rahm3sh,,57,605,2309,Now this is toxic ,,Sat Feb 22 04:41:57 +0000 2020,,,,https://twitter.com/rahm3sh/status/1231076637594263552,1231076637594263552,424419524
2020-02-22 04:19:11+00:00,rahm3sh,,18,100,514,Shower goals even though I’d burn myself trying to use this,,Sat Feb 22 04:19:11 +0000 2020,,,,https://twitter.com/rahm3sh/status/1231070909026402305,1231070909026402305,424419524
2020-02-22 01:21:39+00:00,rahm3sh,,63,463,2068,“WTF News.. What joint is this” Sent me ,,Sat Feb 22 01:21:39 +0000 2020,,,,https://twitter.com/rahm3sh/status/1231026231300296705,1231026231300296705,424419524
2020-02-22 00:49:52+00:00,rahm3sh,,0,0,5,Video Creds: https://www.facebook.com/tizzy.baez,,Sat Feb 22 00:49:52 +0000 2020,,,https://www.facebook.com/tizzy.baez,https://twitter.com/rahm3sh/status/1231018231709741056,1231018231709741056,424419524
2020-02-21 23:36:42+00:00,rahm3sh,AlmuhawasT,0,2,142,She’s a old English sheepdog,,Fri Feb 21 23:36:42 +0000 2020,,,,https://twitter.com/rahm3sh/status/1230999817482100736,1230999817482100736,424419524
2020-02-21 23:26:19+00:00,rahm3sh,,138,21115,82871,She dropped the ball like “ok it’s not funny any more “ ,,Fri Feb 21 23:26:19 +0000 2020,,,,https://twitter.com/rahm3sh/status/1230997204975935489,1230997204975935489,424419524
2020-02-21 18:28:34+00:00,rahm3sh,,27,840,2639,Her kids did her dirty LMFAOOOO ,,Fri Feb 21 18:28:34 +0000 2020,,,,https://twitter.com/rahm3sh/status/1230922275081347073,1230922275081347073,424419524
2020-02-21 16:26:18+00:00,rahm3sh,,364,29712,95400,Clearly the grass wasn’t enough ,,Fri Feb 21 16:26:18 +0000 2020,,,,https://twitter.com/rahm3sh/status/1230891506405380097,1230891506405380097,424419524
2020-02-21 15:57:56+00:00,rahm3sh,,3,50,394,Source:,,Fri Feb 21 15:57:56 +0000 2020,,,https://youtu.be/L7UXL_lJ0BA,https://twitter.com/rahm3sh/status/1230884368983429127,1230884368983429127,424419524
2020-02-21 15:10:34+00:00,rahm3sh,,1598,38725,137134,Take a look at this man smoking weed for the first time ,,Fri Feb 21 15:10:34 +0000 2020,,,,https://twitter.com/rahm3sh/status/1230872447093792775,1230872447093792775,424419524
2020-02-21 10:42:57+00:00,rahm3sh,,37,694,2589,She told him how tf she was feeling ,,Fri Feb 21 10:42:57 +0000 2020,,,,https://twitter.com/rahm3sh/status/1230805097556434944,1230805097556434944,424419524
2020-02-21 02:45:17+00:00,rahm3sh,,1,0,24,I’d name her greycie,,Fri Feb 21 02:45:17 +0000 2020,,,,https://twitter.com/rahm3sh/status/1230684889210609664,1230684889210609664,424419524
2020-02-21 02:38:25+00:00,rahm3sh,,84,67,719,What y’all naming her ?,,Fri Feb 21 02:38:25 +0000 2020,,,,https://twitter.com/rahm3sh/status/1230683162243715072,1230683162243715072,424419524
2020-02-21 02:14:02+00:00,rahm3sh,,27,482,1583,What she do to AJ ,,Fri Feb 21 02:14:02 +0000 2020,,,,https://twitter.com/rahm3sh/status/1230677025649758208,1230677025649758208,424419524
2020-02-21 00:44:28+00:00,rahm3sh,,0,8,400,Follow dad on here: @TheTimFordJr,,Fri Feb 21 00:44:28 +0000 2020,,,,https://twitter.com/rahm3sh/status/1230654486072496131,1230654486072496131,424419524
2020-02-21 00:32:16+00:00,rahm3sh,Krakoan4Life,0,0,4,ayo ,,Fri Feb 21 00:32:16 +0000 2020,,,,https://twitter.com/rahm3sh/status/1230651416521400320,1230651416521400320,424419524
2020-02-21 00:22:51+00:00,rahm3sh,,0,0,2,Video Creds: https://www.facebook.com/QueenNandi08,,Fri Feb 21 00:22:51 +0000 2020,,,https://www.facebook.com/QueenNandi08,https://twitter.com/rahm3sh/status/1230649047414923265,1230649047414923265,424419524
2020-02-20 22:49:12+00:00,rahm3sh,,37,310,1539,Y’all peep the second cops feet as he ran after dude LMFAOOOOOO ,,Thu Feb 20 22:49:12 +0000 2020,,,,https://twitter.com/rahm3sh/status/1230625478463098881,1230625478463098881,424419524
2020-02-20 20:41:36+00:00,rahm3sh,,0,1,11,Video Creds:,,Thu Feb 20 20:41:36 +0000 2020,,,https://vm.tiktok.com/bYcfbT/,https://twitter.com/rahm3sh/status/1230593365328224257,1230593365328224257,424419524
2020-02-20 20:16:41+00:00,rahm3sh,,3,10,310,Vid Creds: https://www.facebook.com/tim.k.ford,,Thu Feb 20 20:16:41 +0000 2020,,,https://www.facebook.com/tim.k.ford,https://twitter.com/rahm3sh/status/1230587097469288448,1230587097469288448,424419524
2020-02-20 20:07:43+00:00,rahm3sh,,2390,157210,613776,Once that flavor kicked in it was over ,,Thu Feb 20 20:07:43 +0000 2020,,,,https://twitter.com/rahm3sh/status/1230584840384327680,1230584840384327680,424419524
2020-02-20 15:48:57+00:00,rahm3sh,,126,8397,26633,Well they say the apple doesn’t fall far from the tree ,,Thu Feb 20 15:48:57 +0000 2020,,,,https://twitter.com/rahm3sh/status/1230519716852183042,1230519716852183042,424419524
2020-02-20 01:29:40+00:00,rahm3sh,,8,16,1004,Song by @MoneyBaggYo,@MoneyBaggYo,Thu Feb 20 01:29:40 +0000 2020,,,,https://twitter.com/rahm3sh/status/1230303474115588096,1230303474115588096,424419524
2020-02-20 01:00:12+00:00,rahm3sh,,6,27,852,Video Creds: https://www.facebook.com/dominique.buyck.5,,Thu Feb 20 01:00:12 +0000 2020,,,https://www.facebook.com/dominique.buyck.5,https://twitter.com/rahm3sh/status/1230296059005591552,1230296059005591552,424419524
2020-02-20 00:53:54+00:00,rahm3sh,,3891,200604,697899,I thought she was gone be on that bullsh*t boy was I wrong LMFAOOOO,,Thu Feb 20 00:53:54 +0000 2020,,,,https://twitter.com/rahm3sh/status/1230294471428001799,1230294471428001799,424419524
2020-02-19 22:58:24+00:00,rahm3sh,,351,4489,24117,What way to start your morning ,,Wed Feb 19 22:58:24 +0000 2020,,,,https://twitter.com/rahm3sh/status/1230265405803024385,1230265405803024385,424419524
2020-02-19 22:50:17+00:00,rahm3sh,ceeprivyy,1,0,48,This is cringe,,Wed Feb 19 22:50:17 +0000 2020,,,,https://twitter.com/rahm3sh/status/1230263364301082627,1230263364301082627,424419524
2020-02-19 19:57:16+00:00,rahm3sh,,0,1,4,Video Creds: https://www.facebook.com/sweetjamestxds,,Wed Feb 19 19:57:16 +0000 2020,,,https://www.facebook.com/sweetjamestxds,https://twitter.com/rahm3sh/status/1230219821121507328,1230219821121507328,424419524
2020-02-19 19:49:00+00:00,rahm3sh,,36,382,1546,This is why I wouldn’t work at a warehouse ,,Wed Feb 19 19:49:00 +0000 2020,,,,https://twitter.com/rahm3sh/status/1230217741795241985,1230217741795241985,424419524
2020-02-19 18:29:17+00:00,rahm3sh,,1,7,305,Video Creds:,,Wed Feb 19 18:29:17 +0000 2020,,,https://vm.tiktok.com/bR8Rhn/,https://twitter.com/rahm3sh/status/1230197677918445568,1230197677918445568,424419524
2020-02-19 18:04:26+00:00,rahm3sh,,126,101,572,"Your Uber/Lyft pulls up, you open the door and see him as the driver, wyd ?",,Wed Feb 19 18:04:26 +0000 2020,,,,https://twitter.com/rahm3sh/status/1230191424563556354,1230191424563556354,424419524
2020-02-19 15:15:51+00:00,rahm3sh,,5,77,303,I never understood how someone could feel comfortable enough to take a life that they didn’t give,,Wed Feb 19 15:15:51 +0000 2020,,,,https://twitter.com/rahm3sh/status/1230149000730435584,1230149000730435584,424419524
2020-02-19 14:38:26+00:00,rahm3sh,,5,111,252,2020 has been canceled since it started,,Wed Feb 19 14:38:26 +0000 2020,,,,https://twitter.com/rahm3sh/status/1230139585293844486,1230139585293844486,424419524
2020-02-19 04:57:59+00:00,rahm3sh,,0,2,50,He was rudely awoken from a good nap ,,Wed Feb 19 04:57:59 +0000 2020,,,,https://twitter.com/rahm3sh/status/1229993508951527424,1229993508951527424,424419524
2020-02-19 04:43:30+00:00,rahm3sh,,35,370,1534,He said enough is enough ,,Wed Feb 19 04:43:30 +0000 2020,,,,https://twitter.com/rahm3sh/status/1229989864239763457,1229989864239763457,424419524
