date,username,to,replies,retweets,favorites,text,mentions,formatted_date,geo,hashtags,urls,permalink,ID,author_id
2020-02-28 19:53:30+00:00,Rinawbu,,0,3,14,AY THIS SHIT BUSSIN,,Fri Feb 28 19:53:30 +0000 2020,,,,https://twitter.com/Rinawbu/status/1233480362652831747,1233480362652831747,2440304586
2020-02-28 19:08:27+00:00,Rinawbu,jaealissa_,0,0,13,Well shit,,Fri Feb 28 19:08:27 +0000 2020,,,https://twitter.com/jaealissa_/status/1233401511616696320,https://twitter.com/Rinawbu/status/1233469026619314177,1233469026619314177,2440304586
2020-02-28 17:33:34+00:00,Rinawbu,,0,92,172,Whatever life throwing at me At least I’m pretty,,Fri Feb 28 17:33:34 +0000 2020,,,,https://twitter.com/Rinawbu/status/1233445149897719808,1233445149897719808,2440304586
2020-02-28 16:48:08+00:00,Rinawbu,,0,16,50,Fuck all the retrograde emotions I’m back in full focus mode,,Fri Feb 28 16:48:08 +0000 2020,,,,https://twitter.com/Rinawbu/status/1233433715310645248,1233433715310645248,2440304586
2020-02-28 07:59:32+00:00,Rinawbu,MomoCuccitini,0,118,608,Me watching my girl prosper and venture out into everything she speaks on,,Fri Feb 28 07:59:32 +0000 2020,,,https://twitter.com/MomoCuccitini/status/1229004400838008832,https://twitter.com/Rinawbu/status/1233300690379739137,1233300690379739137,2440304586
2020-02-28 04:57:44+00:00,Rinawbu,,0,0,5,Good horror movies on Netflix?,,Fri Feb 28 04:57:44 +0000 2020,,,,https://twitter.com/Rinawbu/status/1233254936525209600,1233254936525209600,2440304586
2020-02-28 03:22:05+00:00,Rinawbu,,0,1,24,Currently missing those mini corn dogs from elementary... go ahead and judge me,,Fri Feb 28 03:22:05 +0000 2020,,,,https://twitter.com/Rinawbu/status/1233230866475708416,1233230866475708416,2440304586
2020-02-27 20:47:42+00:00,Rinawbu,,0,15,94,For the past 2 days I’ve been crying even when I’m HIGH this retrograde ain’t gon get to me I stg foo,,Thu Feb 27 20:47:42 +0000 2020,,,,https://twitter.com/Rinawbu/status/1233131616744005633,1233131616744005633,2440304586
2020-02-27 20:07:39+00:00,Rinawbu,,0,0,11,Squirt from a bottle is just...superior,,Thu Feb 27 20:07:39 +0000 2020,,,,https://twitter.com/Rinawbu/status/1233121535830810624,1233121535830810624,2440304586
2020-02-27 09:45:03+00:00,Rinawbu,nautalii,2,7,149,My@mouth is watering for the nectar,,Thu Feb 27 09:45:03 +0000 2020,,,https://twitter.com/nautalii/status/1232935219860164608,https://twitter.com/Rinawbu/status/1232964855788781568,1232964855788781568,2440304586
2020-02-27 07:35:23+00:00,Rinawbu,,0,0,6,,,Thu Feb 27 07:35:23 +0000 2020,,,https://soundcloud.com/lil_peep/nose-ring-prod-cian-p,https://twitter.com/Rinawbu/status/1232932222358806528,1232932222358806528,2440304586
2020-02-27 04:58:07+00:00,Rinawbu,,0,0,5,If u need me I’ll be listening to Peripheral Vision on repeat,,Thu Feb 27 04:58:07 +0000 2020,,,,https://twitter.com/Rinawbu/status/1232892645497638912,1232892645497638912,2440304586
2020-02-27 02:40:50+00:00,Rinawbu,,1,1,14,Not surprised ⁦@inglewoodSiR⁩,@inglewoodSiR,Thu Feb 27 02:40:50 +0000 2020,,,,https://twitter.com/Rinawbu/status/1232858097560850432,1232858097560850432,2440304586
2020-02-27 00:26:53+00:00,Rinawbu,,0,1,4,,,Thu Feb 27 00:26:53 +0000 2020,,,https://open.spotify.com/track/60wwxj6Dd9NJlirf84wr2c?si=hJZCoaVeTUatSr_Ov5yrGw,https://twitter.com/Rinawbu/status/1232824387402776577,1232824387402776577,2440304586
2020-02-27 00:17:30+00:00,Rinawbu,,0,2,5, ,,Thu Feb 27 00:17:30 +0000 2020,,,,https://twitter.com/Rinawbu/status/1232822028165505024,1232822028165505024,2440304586
2020-02-26 21:53:51+00:00,Rinawbu,,0,5,5,Type day,,Wed Feb 26 21:53:51 +0000 2020,,,https://soundcloud.com/periscplushiono/03-greedo-sweet-lady,https://twitter.com/Rinawbu/status/1232785873885790208,1232785873885790208,2440304586
2020-02-26 21:46:32+00:00,Rinawbu,Rinawbu,0,0,7,Was driving to this song w the windows down and for a moment I felt peace hahahah,,Wed Feb 26 21:46:32 +0000 2020,,,https://twitter.com/Rinawbu/status/1232529495153758209,https://twitter.com/Rinawbu/status/1232784034494681088,1232784034494681088,2440304586
2020-02-26 20:25:25+00:00,Rinawbu,,1,3,22,Damn tech decks used to be the shit,,Wed Feb 26 20:25:25 +0000 2020,,,,https://twitter.com/Rinawbu/status/1232763619168776192,1232763619168776192,2440304586
2020-02-26 19:05:56+00:00,Rinawbu,Tooooorrii,1,0,1,Happy birthday sis!,,Wed Feb 26 19:05:56 +0000 2020,,,,https://twitter.com/Rinawbu/status/1232743620198797312,1232743620198797312,2440304586
2020-02-26 18:36:37+00:00,Rinawbu,,1,7,24,Anybody else wake up feeling super good?,,Wed Feb 26 18:36:37 +0000 2020,,,,https://twitter.com/Rinawbu/status/1232736242355171328,1232736242355171328,2440304586
2020-02-26 05:22:25+00:00,Rinawbu,,0,0,2,The 3 songs I posted prove how fast my mood changes w music lmao,,Wed Feb 26 05:22:25 +0000 2020,,,,https://twitter.com/Rinawbu/status/1232536371643871233,1232536371643871233,2440304586
2020-02-26 05:16:36+00:00,Rinawbu,,0,0,2,Yfm,,Wed Feb 26 05:16:36 +0000 2020,,,https://soundcloud.com/spookycorbin/bobby-raps-corbin-blame-the-internet-feat-izell-pyramid,https://twitter.com/Rinawbu/status/1232534910709092352,1232534910709092352,2440304586
2020-02-26 05:15:19+00:00,Rinawbu,,1,1,5,Couch potato will always go so fucking hard that whole album,,Wed Feb 26 05:15:19 +0000 2020,,,,https://twitter.com/Rinawbu/status/1232534586778767361,1232534586778767361,2440304586
2020-02-26 05:06:55+00:00,Rinawbu,,0,0,0,,,Wed Feb 26 05:06:55 +0000 2020,,,https://soundcloud.com/riggiandpiros/steve-forte-rio-slumber-riggi-piros,https://twitter.com/Rinawbu/status/1232532474317590529,1232532474317590529,2440304586
2020-02-26 04:55:05+00:00,Rinawbu,,0,4,9, ,,Wed Feb 26 04:55:05 +0000 2020,,,https://soundcloud.com/kendricktrax/young-thug-power-prod-by-london-on-the-track-digitaldrippedcom,https://twitter.com/Rinawbu/status/1232529495153758209,1232529495153758209,2440304586
2020-02-26 04:27:49+00:00,Rinawbu,nautalii,0,3,75,YUP THATS MEEEEE,,Wed Feb 26 04:27:49 +0000 2020,,,https://twitter.com/nautalii/status/1232511853214879744,https://twitter.com/Rinawbu/status/1232522632462880768,1232522632462880768,2440304586
2020-02-26 04:23:48+00:00,Rinawbu,veronii_x,0,21,80,Don’t even have to be in order either,,Wed Feb 26 04:23:48 +0000 2020,,,https://twitter.com/veronii_x/status/1232450970522537984,https://twitter.com/Rinawbu/status/1232521621262323712,1232521621262323712,2440304586
2020-02-26 03:03:26+00:00,Rinawbu,nautalii,0,0,0,Omg no way cause I’ve been plotting on u for a min but,,Wed Feb 26 03:03:26 +0000 2020,,,,https://twitter.com/Rinawbu/status/1232501395808387072,1232501395808387072,2440304586
2020-02-26 01:56:59+00:00,Rinawbu,,3,10,71,I think my biggest pet peeve is putting dishes away sum abt it boils my blood,,Wed Feb 26 01:56:59 +0000 2020,,,,https://twitter.com/Rinawbu/status/1232484673994948608,1232484673994948608,2440304586
2020-02-25 21:38:32+00:00,Rinawbu,,0,102,303,The older I get the more I enjoy smoking by myself,,Tue Feb 25 21:38:32 +0000 2020,,,,https://twitter.com/Rinawbu/status/1232419632746659841,1232419632746659841,2440304586
2020-02-25 20:05:01+00:00,Rinawbu,,0,96,280,,,Tue Feb 25 20:05:01 +0000 2020,,,,https://twitter.com/Rinawbu/status/1232396101069619200,1232396101069619200,2440304586
2020-02-25 19:49:14+00:00,Rinawbu,nautalii,0,0,7,False advertising I don’t snore ,,Tue Feb 25 19:49:14 +0000 2020,,,https://twitter.com/nautalii/status/1232266333301047296,https://twitter.com/Rinawbu/status/1232392127557980160,1232392127557980160,2440304586
2020-02-25 10:43:07+00:00,Rinawbu,,0,5,25,This period is kicking my ass on g,,Tue Feb 25 10:43:07 +0000 2020,,,,https://twitter.com/Rinawbu/status/1232254692542992384,1232254692542992384,2440304586
2020-02-25 02:39:10+00:00,Rinawbu,,0,1,6,Still crying ngl,,Tue Feb 25 02:39:10 +0000 2020,,,,https://twitter.com/Rinawbu/status/1232132900339847170,1232132900339847170,2440304586
2020-02-25 00:19:38+00:00,Rinawbu,,0,12,68,She looks so good today I shed a tear... LITERALLY,,Tue Feb 25 00:19:38 +0000 2020,,,,https://twitter.com/Rinawbu/status/1232097788323745794,1232097788323745794,2440304586
2020-02-25 00:15:04+00:00,Rinawbu,,0,2,13,No sucka shit,,Tue Feb 25 00:15:04 +0000 2020,,,,https://twitter.com/Rinawbu/status/1232096637700333569,1232096637700333569,2440304586
2020-02-24 21:04:06+00:00,Rinawbu,,1,494,799,Feelin kinda :/ but we pushin thru,,Mon Feb 24 21:04:06 +0000 2020,,,,https://twitter.com/Rinawbu/status/1232048578253639680,1232048578253639680,2440304586
2020-02-24 19:40:42+00:00,Rinawbu,,0,20,118,Chewing gum then drinking a crisp ass water >>>,,Mon Feb 24 19:40:42 +0000 2020,,,,https://twitter.com/Rinawbu/status/1232027592296816641,1232027592296816641,2440304586
2020-02-24 18:55:16+00:00,Rinawbu,grace_lizete,0,0,0,Happy birthday sis! We need to link and smoke ASAP,,Mon Feb 24 18:55:16 +0000 2020,,,,https://twitter.com/Rinawbu/status/1232016158494056450,1232016158494056450,2440304586
2020-02-24 18:36:22+00:00,Rinawbu,kylashaii,0,7,21,Bozo behavior,,Mon Feb 24 18:36:22 +0000 2020,,,https://twitter.com/kylashaii/status/1231681951138025474,https://twitter.com/Rinawbu/status/1232011400286855170,1232011400286855170,2440304586
2020-02-24 18:32:45+00:00,Rinawbu,,0,5,8,Been waking up determined,,Mon Feb 24 18:32:45 +0000 2020,,,,https://twitter.com/Rinawbu/status/1232010491423182848,1232010491423182848,2440304586
2020-02-24 18:31:05+00:00,Rinawbu,nikkiluhvii,0,0,1,BITCH THE TEARS ARE FLOWINNNNG,,Mon Feb 24 18:31:05 +0000 2020,,,,https://twitter.com/Rinawbu/status/1232010072533790720,1232010072533790720,2440304586
2020-02-24 18:27:35+00:00,Rinawbu,,0,21,44,*starts singing soulmate by Mac Miller*,,Mon Feb 24 18:27:35 +0000 2020,,,,https://twitter.com/Rinawbu/status/1232009190584901635,1232009190584901635,2440304586
2020-02-24 01:29:02+00:00,Rinawbu,,19,13,106,Do Taurus and cancer friendships even exist?,,Mon Feb 24 01:29:02 +0000 2020,,,,https://twitter.com/Rinawbu/status/1231752863484801024,1231752863484801024,2440304586
2020-02-23 20:09:50+00:00,Rinawbu,prettyplsdaddy,1,0,1,Man they be hittin,,Sun Feb 23 20:09:50 +0000 2020,,,,https://twitter.com/Rinawbu/status/1231672536003313664,1231672536003313664,2440304586
2020-02-23 20:08:07+00:00,Rinawbu,,4,9,68,Can’t believe imma say dis... I want another PUFF bar ,,Sun Feb 23 20:08:07 +0000 2020,,,,https://twitter.com/Rinawbu/status/1231672103125934080,1231672103125934080,2440304586
2020-02-23 19:08:00+00:00,Rinawbu,,0,5,13,Can’t wait to do it big !,,Sun Feb 23 19:08:00 +0000 2020,,,,https://twitter.com/Rinawbu/status/1231656974569230336,1231656974569230336,2440304586
2020-02-23 19:02:49+00:00,Rinawbu,,0,1,7,Damn almost caught myself slacking by getting sick smh,,Sun Feb 23 19:02:49 +0000 2020,,,,https://twitter.com/Rinawbu/status/1231655668597133312,1231655668597133312,2440304586
2020-02-23 02:16:42+00:00,Rinawbu,,0,20,42,In bed by 6pm on a Saturday,,Sun Feb 23 02:16:42 +0000 2020,,,,https://twitter.com/Rinawbu/status/1231402472490487808,1231402472490487808,2440304586
2020-02-23 01:57:37+00:00,Rinawbu,,0,0,4,Awww my sisters are getting so big ):,,Sun Feb 23 01:57:37 +0000 2020,,,,https://twitter.com/Rinawbu/status/1231397668787634176,1231397668787634176,2440304586
2020-02-23 01:20:41+00:00,Rinawbu,,0,0,1,No more self infliction Let’s stick around,,Sun Feb 23 01:20:41 +0000 2020,,,,https://twitter.com/Rinawbu/status/1231388376063934464,1231388376063934464,2440304586
2020-02-23 00:53:41+00:00,Rinawbu,,0,69,148,Everybody don’t love u Just get richer,,Sun Feb 23 00:53:41 +0000 2020,,,,https://twitter.com/Rinawbu/status/1231381582331568128,1231381582331568128,2440304586
2020-02-22 20:44:33+00:00,Rinawbu,,0,0,1,,,Sat Feb 22 20:44:33 +0000 2020,,,https://open.spotify.com/track/4IT8cyPERtywwT4AmuL0Zd?si=ISENekr2TCOV3oZgCNMFnw,https://twitter.com/Rinawbu/status/1231318884252172288,1231318884252172288,2440304586
2020-02-22 07:14:50+00:00,Rinawbu,,0,122,438,How I sleep when I’m next to my girl,,Sat Feb 22 07:14:50 +0000 2020,,,,https://twitter.com/Rinawbu/status/1231115111516925953,1231115111516925953,2440304586
2020-02-22 02:32:38+00:00,Rinawbu,,0,110,168,Even if I fall off imma always bounce back,,Sat Feb 22 02:32:38 +0000 2020,,,,https://twitter.com/Rinawbu/status/1231044092924026881,1231044092924026881,2440304586
2020-02-22 01:16:33+00:00,Rinawbu,,0,7,4,Claiming it all,,Sat Feb 22 01:16:33 +0000 2020,,,,https://twitter.com/Rinawbu/status/1231024946345734145,1231024946345734145,2440304586
2020-02-22 01:06:13+00:00,Rinawbu,,0,3,8,Majid Jordan weather ,,Sat Feb 22 01:06:13 +0000 2020,,,,https://twitter.com/Rinawbu/status/1231022346200182784,1231022346200182784,2440304586
2020-02-21 20:44:40+00:00,Rinawbu,,1,1,8,,,Fri Feb 21 20:44:40 +0000 2020,,,https://open.spotify.com/track/7aAEJfIzJUUSRXQNz2JzfO?si=8SkA0tkWSLGeNzy29-8UvQ,https://twitter.com/Rinawbu/status/1230956526136786944,1230956526136786944,2440304586
2020-02-21 19:31:39+00:00,Rinawbu,nautalii,1,1,6, I miss my baby fuck,,Fri Feb 21 19:31:39 +0000 2020,,,https://twitter.com/nautalii/status/1230817732053987328,https://twitter.com/Rinawbu/status/1230938152409321472,1230938152409321472,2440304586
2020-02-21 19:30:54+00:00,Rinawbu,,0,22,32,Ain’t worried abt no Mfs who ain’t bringing me a check,,Fri Feb 21 19:30:54 +0000 2020,,,,https://twitter.com/Rinawbu/status/1230937961622953984,1230937961622953984,2440304586
2020-02-21 19:16:34+00:00,Rinawbu,,0,0,6,Alaskan thunder fuck in the wood ,,Fri Feb 21 19:16:34 +0000 2020,,,,https://twitter.com/Rinawbu/status/1230934355175886849,1230934355175886849,2440304586
2020-02-21 19:16:03+00:00,Rinawbu,,0,8,41,Old trippie reminds me of such a specific time in my life I was rlly on my shit,,Fri Feb 21 19:16:03 +0000 2020,,,,https://twitter.com/Rinawbu/status/1230934223604744192,1230934223604744192,2440304586
2020-02-21 18:42:15+00:00,Rinawbu,,0,27,38,Keep the faith in yourself,,Fri Feb 21 18:42:15 +0000 2020,,,,https://twitter.com/Rinawbu/status/1230925718709657601,1230925718709657601,2440304586
2020-02-21 05:26:54+00:00,Rinawbu,,4,239,2290,Winning as long as I’m w u,,Fri Feb 21 05:26:54 +0000 2020,,,,https://twitter.com/Rinawbu/status/1230725561334431744,1230725561334431744,2440304586
2020-02-21 05:07:06+00:00,Rinawbu,,0,21,429,Feelin like me again,,Fri Feb 21 05:07:06 +0000 2020,,,,https://twitter.com/Rinawbu/status/1230720578241191937,1230720578241191937,2440304586
2020-02-21 03:01:19+00:00,Rinawbu,,1,133,207,Everything is gonna work out,,Fri Feb 21 03:01:19 +0000 2020,,,,https://twitter.com/Rinawbu/status/1230688926446149632,1230688926446149632,2440304586
2020-02-21 02:05:40+00:00,Rinawbu,,0,0,5,Oh naaa I caught my bro listening to baby smoove I play his music too much,,Fri Feb 21 02:05:40 +0000 2020,,,,https://twitter.com/Rinawbu/status/1230674918246739970,1230674918246739970,2440304586
2020-02-21 00:53:39+00:00,Rinawbu,,0,1,4,Nostalgic,,Fri Feb 21 00:53:39 +0000 2020,,,https://soundcloud.com/teamsesh/bones-rocks-prod-by-vegard-veslelia,https://twitter.com/Rinawbu/status/1230656796102017025,1230656796102017025,2440304586
2020-02-20 23:03:52+00:00,Rinawbu,,2,2,12,Need a workout playlist,,Thu Feb 20 23:03:52 +0000 2020,,,,https://twitter.com/Rinawbu/status/1230629167353352192,1230629167353352192,2440304586
2020-02-20 22:41:31+00:00,Rinawbu,,0,0,0,,,Thu Feb 20 22:41:31 +0000 2020,,,https://open.spotify.com/track/0fhyEKQIXdk8HJv1nh4sWn?si=9VhfI2kPQpOhn_8pQ2N_sA,https://twitter.com/Rinawbu/status/1230623542900772866,1230623542900772866,2440304586
2020-02-20 22:39:01+00:00,Rinawbu,,0,8,11,Interesting.,,Thu Feb 20 22:39:01 +0000 2020,,,,https://twitter.com/Rinawbu/status/1230622915894239232,1230622915894239232,2440304586
2020-02-20 22:30:46+00:00,Rinawbu,,0,4,29,Deep cleaning + working out heavy today,,Thu Feb 20 22:30:46 +0000 2020,,,,https://twitter.com/Rinawbu/status/1230620838010871808,1230620838010871808,2440304586
2020-02-20 18:04:29+00:00,Rinawbu,,0,144,521,,,Thu Feb 20 18:04:29 +0000 2020,,,,https://twitter.com/Rinawbu/status/1230553827016790016,1230553827016790016,2440304586
2020-02-20 17:47:57+00:00,Rinawbu,Rinawbu,0,0,8,"I recommend everyone to try it at least once, it’s so refreshing bro",,Thu Feb 20 17:47:57 +0000 2020,,,https://twitter.com/Rinawbu/status/1230549381977214982,https://twitter.com/Rinawbu/status/1230549667831668738,1230549667831668738,2440304586
2020-02-20 17:46:49+00:00,Rinawbu,,0,0,5,I actually miss yoga classes,,Thu Feb 20 17:46:49 +0000 2020,,,,https://twitter.com/Rinawbu/status/1230549381977214982,1230549381977214982,2440304586
2020-02-20 17:32:13+00:00,Rinawbu,,0,8,31,Wake n bake ,,Thu Feb 20 17:32:13 +0000 2020,,,,https://twitter.com/Rinawbu/status/1230545704919027712,1230545704919027712,2440304586
2020-02-20 06:01:46+00:00,Rinawbu,,0,3,13,Bettaaaa stay consistent w working out again cause I’m lookin thicc,,Thu Feb 20 06:01:46 +0000 2020,,,,https://twitter.com/Rinawbu/status/1230371950838439937,1230371950838439937,2440304586
2020-02-20 05:58:52+00:00,Rinawbu,,0,0,2,Feels nice,,Thu Feb 20 05:58:52 +0000 2020,,,,https://twitter.com/Rinawbu/status/1230371220538789889,1230371220538789889,2440304586
2020-02-20 05:58:40+00:00,Rinawbu,nautalii,1,0,47,Allll of a sudden she knows what she wants to eat ... a scam,,Thu Feb 20 05:58:40 +0000 2020,,,https://twitter.com/nautalii/status/1230369517521399810,https://twitter.com/Rinawbu/status/1230371170580516866,1230371170580516866,2440304586
2020-02-20 05:50:03+00:00,Rinawbu,,0,25,80,*Listening to meet me halfway by The black eyed peas *,,Thu Feb 20 05:50:03 +0000 2020,,,,https://twitter.com/Rinawbu/status/1230368999235436546,1230368999235436546,2440304586
2020-02-20 05:25:57+00:00,Rinawbu,nautalii,1,6,89,U deserve the best + more ,,Thu Feb 20 05:25:57 +0000 2020,,,https://twitter.com/nautalii/status/1230361118607937536,https://twitter.com/Rinawbu/status/1230362936096354310,1230362936096354310,2440304586
2020-02-20 04:01:07+00:00,Rinawbu,,0,219,363,Thinkin bout u all the time,,Thu Feb 20 04:01:07 +0000 2020,,,,https://twitter.com/Rinawbu/status/1230341584488546304,1230341584488546304,2440304586
2020-02-20 03:52:54+00:00,Rinawbu,,0,2,8,Abundance,,Thu Feb 20 03:52:54 +0000 2020,,,,https://twitter.com/Rinawbu/status/1230339517657141249,1230339517657141249,2440304586
2020-02-20 03:52:05+00:00,Rinawbu,,1,0,22,Y’all my sister is high at Jamba Juice and she’s LOVIN the açaí bowls rn ,,Thu Feb 20 03:52:05 +0000 2020,,,,https://twitter.com/Rinawbu/status/1230339312849305601,1230339312849305601,2440304586
2020-02-20 01:42:02+00:00,Rinawbu,samsamthankumam,0,3,9,Lmao whattttt ,,Thu Feb 20 01:42:02 +0000 2020,,,https://twitter.com/samsamthankumam/status/1229378033552773121,https://twitter.com/Rinawbu/status/1230306582946185216,1230306582946185216,2440304586
2020-02-20 01:18:25+00:00,Rinawbu,,0,4,12,Bitch I don’t do bluffin’,,Thu Feb 20 01:18:25 +0000 2020,,,,https://twitter.com/Rinawbu/status/1230300640200384512,1230300640200384512,2440304586
2020-02-20 01:14:23+00:00,Rinawbu,nautalii,1,2,7, ,,Thu Feb 20 01:14:23 +0000 2020,,,https://twitter.com/nautalii/status/1229329458567340033,https://twitter.com/Rinawbu/status/1230299625258536960,1230299625258536960,2440304586
2020-02-19 21:42:42+00:00,Rinawbu,nautalii,1,17,226,My dick is hard all over again,,Wed Feb 19 21:42:42 +0000 2020,,,https://twitter.com/nautalii/status/1230000521945088000,https://twitter.com/Rinawbu/status/1230246356658212864,1230246356658212864,2440304586
2020-02-19 21:40:41+00:00,Rinawbu,idkdudeimtired,0,0,1,KEEP IT THE FUCK UP SIS THASSS RIGHT!,,Wed Feb 19 21:40:41 +0000 2020,,,,https://twitter.com/Rinawbu/status/1230245846995783680,1230245846995783680,2440304586
2020-02-19 20:47:09+00:00,Rinawbu,DJZeeti,0,0,8,.,,Wed Feb 19 20:47:09 +0000 2020,,,https://twitter.com/DJZeeti/status/1230139300974596099,https://twitter.com/Rinawbu/status/1230232376212504576,1230232376212504576,2440304586
2020-02-19 00:42:59+00:00,Rinawbu,_madielenae_,1,0,1,Praying for u bro ,,Wed Feb 19 00:42:59 +0000 2020,,,,https://twitter.com/Rinawbu/status/1229929338264416257,1229929338264416257,2440304586
2020-02-18 22:30:41+00:00,Rinawbu,Kiarah_xo,2,1,10,Gemini and Taurus I’m a libra ,,Tue Feb 18 22:30:41 +0000 2020,,,https://twitter.com/Kiarah_xo/status/1228901705238110208,https://twitter.com/Rinawbu/status/1229896040435728386,1229896040435728386,2440304586
2020-02-18 21:40:48+00:00,Rinawbu,,0,2,44,Nat is mad I smoked without her all dramatic “this is what my life is like being left out”,,Tue Feb 18 21:40:48 +0000 2020,,,,https://twitter.com/Rinawbu/status/1229883487282270209,1229883487282270209,2440304586
2020-02-18 21:24:27+00:00,Rinawbu,espnmma,0,0,5,Just make this fight happen to get it over w,,Tue Feb 18 21:24:27 +0000 2020,,,https://twitter.com/espnmma/status/1229549631920574464,https://twitter.com/Rinawbu/status/1229879374226149377,1229879374226149377,2440304586
2020-02-18 21:22:01+00:00,Rinawbu,XavierWulf,0,1,15,This goes harddddd,,Tue Feb 18 21:22:01 +0000 2020,,,https://twitter.com/XavierWulf/status/1229878467535065088,https://twitter.com/Rinawbu/status/1229878761543233536,1229878761543233536,2440304586
2020-02-18 21:17:12+00:00,Rinawbu,,0,5,21,Y’all claimin hoods u ain’t even from...weirdos,,Tue Feb 18 21:17:12 +0000 2020,,,,https://twitter.com/Rinawbu/status/1229877549515210752,1229877549515210752,2440304586
2020-02-18 04:22:28+00:00,Rinawbu,,0,101,208,The way some people think makes me fucking sick,,Tue Feb 18 04:22:28 +0000 2020,,,,https://twitter.com/Rinawbu/status/1229622185511116801,1229622185511116801,2440304586
2020-02-18 02:28:05+00:00,Rinawbu,angie_wbu,1,0,2,Quiter *,,Tue Feb 18 02:28:05 +0000 2020,,,https://twitter.com/angie_wbu/status/1229593012390379520,https://twitter.com/Rinawbu/status/1229593396194340864,1229593396194340864,2440304586
2020-02-18 02:07:18+00:00,Rinawbu,camz10a,1,0,1,Bro I tried adrenaline shoc today and that shit had me twacked ,,Tue Feb 18 02:07:18 +0000 2020,,,,https://twitter.com/Rinawbu/status/1229588169688961024,1229588169688961024,2440304586
2020-02-17 12:23:07+00:00,Rinawbu,,0,0,1,,,Mon Feb 17 12:23:07 +0000 2020,,,https://open.spotify.com/track/4WqbpRNAcjRq256ExCTR59?si=M5pnkj4pTgWWLHjxPv9XZA,https://twitter.com/Rinawbu/status/1229380755182120960,1229380755182120960,2440304586
