date,username,to,replies,retweets,favorites,text,mentions,formatted_date,geo,hashtags,urls,permalink,ID,author_id
2020-02-28 18:40:18+00:00,servisifemrave,specicuori,1,0,1,Simping hard,,Fri Feb 28 18:40:18 +0000 2020,,,,https://twitter.com/servisifemrave/status/1233461944931291136,1233461944931291136,1140954891495575553
2020-02-28 15:12:23+00:00,servisifemrave,baziingaaaaaa,0,0,0,Matchy :/,,Fri Feb 28 15:12:23 +0000 2020,,,,https://twitter.com/servisifemrave/status/1233409619130802176,1233409619130802176,1140954891495575553
2020-02-28 14:03:45+00:00,servisifemrave,,1,0,23,I be asking everyone in that recent ask me stories about the happiest day of their lives just to see if they have one or Im the only one who cant relate a specific date to that shit,,Fri Feb 28 14:03:45 +0000 2020,,,,https://twitter.com/servisifemrave/status/1233392348735864832,1233392348735864832,1140954891495575553
2020-02-27 22:35:08+00:00,servisifemrave,fabbbbbbb_,0,0,0,"As un plak, kot e pash qe e kishit hedh vk thash dal ta hedh dhe un",,Thu Feb 27 22:35:08 +0000 2020,,,,https://twitter.com/servisifemrave/status/1233158651604611079,1233158651604611079,1140954891495575553
2020-02-27 22:30:46+00:00,servisifemrave,baziingaaaaaa,1,0,1,Ghahahaha ka fol ,,Thu Feb 27 22:30:46 +0000 2020,,,,https://twitter.com/servisifemrave/status/1233157552973594625,1233157552973594625,1140954891495575553
2020-02-27 22:29:04+00:00,servisifemrave,SethM4cfarlane,1,0,0,"Ku di gje un, thjesht me pelq ideja",,Thu Feb 27 22:29:04 +0000 2020,,,,https://twitter.com/servisifemrave/status/1233157124928278528,1233157124928278528,1140954891495575553
2020-02-27 22:18:44+00:00,servisifemrave,,3,0,20,Njeri merzitet kur e kalon kohen vetem kur nuk e ka kerkon afer bash munohesh mi pas dikon afer amo bash qaj nuk osht me ta hek merzin qe e ki piken n‘zemer.,,Thu Feb 27 22:18:44 +0000 2020,,,,https://twitter.com/servisifemrave/status/1233154524321284101,1233154524321284101,1140954891495575553
2020-02-27 22:17:25+00:00,servisifemrave,lesbicalizeitt,1,0,1,@thugstools__ shih sa t bukur i ka thonjt,@thugstools__,Thu Feb 27 22:17:25 +0000 2020,,,,https://twitter.com/servisifemrave/status/1233154193822752768,1233154193822752768,1140954891495575553
2020-02-27 21:43:39+00:00,servisifemrave,llorajuaj,1,0,0,Ska me ngrenie bythe u pa puna,,Thu Feb 27 21:43:39 +0000 2020,,,,https://twitter.com/servisifemrave/status/1233145695693103106,1233145695693103106,1140954891495575553
2020-02-27 21:41:37+00:00,servisifemrave,llorajuaj,1,0,0,Si dreqin??,,Thu Feb 27 21:41:37 +0000 2020,,,,https://twitter.com/servisifemrave/status/1233145186122977280,1233145186122977280,1140954891495575553
2020-02-27 21:36:38+00:00,servisifemrave,,1,1,32,Pra ti po me thua qe ajo superbyth pjerdh?,,Thu Feb 27 21:36:38 +0000 2020,,,,https://twitter.com/servisifemrave/status/1233143930822283264,1233143930822283264,1140954891495575553
2020-02-27 21:19:47+00:00,servisifemrave,MyslymitG,0,0,0,Une di te te them qe psh nqs nje person normal me nje pun normale peson atak kardiak dhe duhet te bej bypass te zemres nqs ska siguracion e paguan vet operacionin,,Thu Feb 27 21:19:47 +0000 2020,,,,https://twitter.com/servisifemrave/status/1233139690217386000,1233139690217386000,1140954891495575553
2020-02-27 21:14:56+00:00,servisifemrave,MyslymitG,1,0,0,"Shumica e punve jo, je i detyruar te paguash siguracionin me vete",,Thu Feb 27 21:14:56 +0000 2020,,,,https://twitter.com/servisifemrave/status/1233138469427437568,1233138469427437568,1140954891495575553
2020-02-27 20:57:47+00:00,servisifemrave,HazelGrejs,0,0,1,Sipas mendimit tim tradhetia esht nje dhe e vetme ska forma te tjera jo leva jo iksi jo andej ktej. Nqs nj njeri e do me te vertet nuk ja lejon vetes ta zhgenjesh per asnje lloj arsye.,,Thu Feb 27 20:57:47 +0000 2020,,,,https://twitter.com/servisifemrave/status/1233134152746176512,1233134152746176512,1140954891495575553
2020-02-27 20:49:32+00:00,servisifemrave,aaaarevani,0,0,0,"Po clidhje ka o plak, po gjith ato shtete ne europe qe e kan sherbimin mjekesor falas",,Thu Feb 27 20:49:32 +0000 2020,,,,https://twitter.com/servisifemrave/status/1233132079719817219,1233132079719817219,1140954891495575553
2020-02-27 20:43:09+00:00,servisifemrave,thugstools__,0,0,0,Koronavirus,,Thu Feb 27 20:43:09 +0000 2020,,,,https://twitter.com/servisifemrave/status/1233130469623050261,1233130469623050261,1140954891495575553
2020-02-27 19:59:55+00:00,servisifemrave,redhairenergy,1,0,0,T thit ,,Thu Feb 27 19:59:55 +0000 2020,,,,https://twitter.com/servisifemrave/status/1233119589988536320,1233119589988536320,1140954891495575553
2020-02-27 19:55:45+00:00,servisifemrave,redhairenergy,1,0,1,Kendshem cica by the way,,Thu Feb 27 19:55:45 +0000 2020,,,,https://twitter.com/servisifemrave/status/1233118543400620033,1233118543400620033,1140954891495575553
2020-02-27 13:34:20+00:00,servisifemrave,kaclali,1,0,2,Give this woman a crown,,Thu Feb 27 13:34:20 +0000 2020,,,,https://twitter.com/servisifemrave/status/1233022557894385664,1233022557894385664,1140954891495575553
2020-02-27 13:29:56+00:00,servisifemrave,diorChristiannn,0,0,1,Po nuk diskutohet fare shqiperia,,Thu Feb 27 13:29:56 +0000 2020,,,,https://twitter.com/servisifemrave/status/1233021447607549953,1233021447607549953,1140954891495575553
2020-02-27 13:28:42+00:00,servisifemrave,TheDirtyDEVL,1,0,1,"Where did u got all that bullshit data? I have my relatives there working decent jobs like economists and engineers, and only if you work for federal government or in rare cases in big companies you have these healthcare benefits. In other cases you end up paying minimum 3k$a y",,Thu Feb 27 13:28:42 +0000 2020,,,,https://twitter.com/servisifemrave/status/1233021140353867778,1233021140353867778,1140954891495575553
2020-02-27 11:49:57+00:00,servisifemrave,majorwinters7,0,0,2,Kjo esht ironia,,Thu Feb 27 11:49:57 +0000 2020,,,,https://twitter.com/servisifemrave/status/1232996285801693184,1232996285801693184,1140954891495575553
2020-02-27 10:46:36+00:00,servisifemrave,herbigharo24,0,0,1,"Sad how people get fooled by watching youtubers or other social media people living their ""dream life""",,Thu Feb 27 10:46:36 +0000 2020,,,,https://twitter.com/servisifemrave/status/1232980344707731456,1232980344707731456,1140954891495575553
2020-02-27 10:43:20+00:00,servisifemrave,,7,0,84,"Nuk e kuptoj se ca sistemi kari ka US, paguan nje thes me taksa dhe kur vin puna duhet te paguash edhe mijra $te tjer per te patur nje siguracion jete sepse sistemi shendetesor nuk ofron asgje pa pages. Enderr amerikane? More like skllaveri amerikane..",,Thu Feb 27 10:43:20 +0000 2020,,,,https://twitter.com/servisifemrave/status/1232979524037545984,1232979524037545984,1140954891495575553
2020-02-26 20:57:27+00:00,servisifemrave,katerqineizet,1,0,1,"Hahahaha o plak shum trippy kjo videoja, do e shoh prap kur t jem spat",,Wed Feb 26 20:57:27 +0000 2020,,,,https://twitter.com/servisifemrave/status/1232771681850208256,1232771681850208256,1140954891495575553
2020-02-26 20:47:16+00:00,servisifemrave,katerqineizet,1,0,0,Kti i jan dashur 24or per te numeruar deri ne 100'000 qe dmth qe per te numeruar deri ne 1mln do duhen 10 dit,,Wed Feb 26 20:47:16 +0000 2020,,,https://youtu.be/xWcldHxHFpo,https://twitter.com/servisifemrave/status/1232769118409052161,1232769118409052161,1140954891495575553
2020-02-26 19:37:43+00:00,servisifemrave,,0,0,0,Also nqs doni ta shihni po u le linkun se qe interesante :,,Wed Feb 26 19:37:43 +0000 2020,,,https://youtu.be/lE3rRoMk9zo,https://twitter.com/servisifemrave/status/1232751615582580737,1232751615582580737,1140954891495575553
2020-02-26 19:37:18+00:00,servisifemrave,,2,0,17,Algoritmi i youtube godet serish,,Wed Feb 26 19:37:18 +0000 2020,,,,https://twitter.com/servisifemrave/status/1232751511979118592,1232751511979118592,1140954891495575553
2020-02-26 18:32:56+00:00,servisifemrave,jarimebotin,1,0,2,Aaa me maska borgjeze jari,,Wed Feb 26 18:32:56 +0000 2020,,,,https://twitter.com/servisifemrave/status/1232735312159420417,1232735312159420417,1140954891495575553
2020-02-26 17:45:42+00:00,servisifemrave,jarimebotin,1,0,1,Beje te shpetosh nga coronavirusi,,Wed Feb 26 17:45:42 +0000 2020,,,,https://twitter.com/servisifemrave/status/1232723427523469317,1232723427523469317,1140954891495575553
2020-02-26 17:42:49+00:00,servisifemrave,,0,1,40,#NewProfilePic 2020 kind of vibe,,Wed Feb 26 17:42:49 +0000 2020,,#NewProfilePic,,https://twitter.com/servisifemrave/status/1232722702592548864,1232722702592548864,1140954891495575553
2020-02-26 17:32:04+00:00,servisifemrave,DurtnXhepa,1,0,1,Si mund tja lesh like msg Luis Pashait,,Wed Feb 26 17:32:04 +0000 2020,,,,https://twitter.com/servisifemrave/status/1232719995169316866,1232719995169316866,1140954891495575553
2020-02-26 17:28:38+00:00,servisifemrave,kaclali,0,0,1,Epo qnkam un bole qe su jam adaptuar ktyre menyrave,,Wed Feb 26 17:28:38 +0000 2020,,,,https://twitter.com/servisifemrave/status/1232719130903576577,1232719130903576577,1140954891495575553
2020-02-26 17:27:35+00:00,servisifemrave,kaclali,2,0,2,"Nuk funksionon, ta them si former waiter mua sm hante kari per faqen e lokalit as e kisha as m kish",,Wed Feb 26 17:27:35 +0000 2020,,,,https://twitter.com/servisifemrave/status/1232718868508004353,1232718868508004353,1140954891495575553
2020-02-26 17:26:28+00:00,servisifemrave,pikturojshtepia,0,0,7,Fight club for sure,,Wed Feb 26 17:26:28 +0000 2020,,,,https://twitter.com/servisifemrave/status/1232718585899950081,1232718585899950081,1140954891495575553
2020-02-26 17:26:08+00:00,servisifemrave,tequilisa,1,0,0,Qa pilli,,Wed Feb 26 17:26:08 +0000 2020,,,,https://twitter.com/servisifemrave/status/1232718503154720769,1232718503154720769,1140954891495575553
2020-02-26 13:23:28+00:00,servisifemrave,SethM4cfarlane,1,0,1,Mjaft qart,,Wed Feb 26 13:23:28 +0000 2020,,,,https://twitter.com/servisifemrave/status/1232657434042302465,1232657434042302465,1140954891495575553
2020-02-26 13:20:24+00:00,servisifemrave,,1,0,11,14:20,,Wed Feb 26 13:20:24 +0000 2020,,,,https://twitter.com/servisifemrave/status/1232656660574986242,1232656660574986242,1140954891495575553
2020-02-26 11:58:36+00:00,servisifemrave,kaclali,0,0,1,Dhe pas ndryshimit te vin 300 warnings dhe 50 errore dhe te del situata nga kontrolli,,Wed Feb 26 11:58:36 +0000 2020,,,,https://twitter.com/servisifemrave/status/1232636076273152001,1232636076273152001,1140954891495575553
2020-02-26 11:57:29+00:00,servisifemrave,kaclali,0,0,0,Ja te kaloj koronavirusi dhe erdha,,Wed Feb 26 11:57:29 +0000 2020,,,,https://twitter.com/servisifemrave/status/1232635796290777088,1232635796290777088,1140954891495575553
2020-02-26 11:52:26+00:00,servisifemrave,kaclali,2,0,1,Mengjes i frykshem,,Wed Feb 26 11:52:26 +0000 2020,,,,https://twitter.com/servisifemrave/status/1232634523277459457,1232634523277459457,1140954891495575553
2020-02-26 11:48:32+00:00,servisifemrave,,0,0,7,Sikur te kishte nje mundesi ngjitjeje te virusit nga telefoni do me binin veshet ne qetesi per ca kohe nga call centerat,,Wed Feb 26 11:48:32 +0000 2020,,,,https://twitter.com/servisifemrave/status/1232633541982289920,1232633541982289920,1140954891495575553
2020-02-26 11:48:32+00:00,servisifemrave,,1,0,30,"Erdhi boti do me cante karin me oferten promocionale te tim, sa i thash jam me coronavirus avulloi",,Wed Feb 26 11:48:32 +0000 2020,,,,https://twitter.com/servisifemrave/status/1232633540787023872,1232633540787023872,1140954891495575553
2020-02-25 22:44:35+00:00,servisifemrave,,0,0,1, — Marvins Room,,Tue Feb 25 22:44:35 +0000 2020,,,https://curiouscat.me/babshampanja/post/1061345683?t=1582670675,https://twitter.com/servisifemrave/status/1232436254190424064,1232436254190424064,1140954891495575553
2020-02-25 21:18:09+00:00,servisifemrave,,0,0,7,"Tip 1/2 100% info, max bet, you can play your house",,Tue Feb 25 21:18:09 +0000 2020,,,,https://twitter.com/servisifemrave/status/1232414502697783298,1232414502697783298,1140954891495575553
2020-02-25 21:17:11+00:00,servisifemrave,,0,0,0,Google translate,,Tue Feb 25 21:17:11 +0000 2020,,,,https://twitter.com/servisifemrave/status/1232414262531891206,1232414262531891206,1140954891495575553
2020-02-25 20:59:53+00:00,servisifemrave,yjesia,1,0,0,Po jo m se po shoh ndeshjen ca lesh porno,,Tue Feb 25 20:59:53 +0000 2020,,,,https://twitter.com/servisifemrave/status/1232409905509912583,1232409905509912583,1140954891495575553
2020-02-25 20:57:06+00:00,servisifemrave,yjesia,1,0,0,Jo jo sesht ashtu sic duket,,Tue Feb 25 20:57:06 +0000 2020,,,,https://twitter.com/servisifemrave/status/1232409208282370049,1232409208282370049,1140954891495575553
2020-02-25 20:55:41+00:00,servisifemrave,adoratemi,0,0,0,Gente malata,,Tue Feb 25 20:55:41 +0000 2020,,,,https://twitter.com/servisifemrave/status/1232408850562736128,1232408850562736128,1140954891495575553
2020-02-25 20:54:31+00:00,servisifemrave,,2,2,15,Pidh i shëndoshë,,Tue Feb 25 20:54:31 +0000 2020,,,,https://twitter.com/servisifemrave/status/1232408557158621186,1232408557158621186,1140954891495575553
2020-02-25 20:24:03+00:00,servisifemrave,ohthecasey,1,0,1,Kendshem,,Tue Feb 25 20:24:03 +0000 2020,,,,https://twitter.com/servisifemrave/status/1232400887412293639,1232400887412293639,1140954891495575553
2020-02-25 20:04:18+00:00,servisifemrave,21gjonax,0,0,1,Rrofsh plak,,Tue Feb 25 20:04:18 +0000 2020,,,,https://twitter.com/servisifemrave/status/1232395916696576002,1232395916696576002,1140954891495575553
2020-02-25 19:59:02+00:00,servisifemrave,,2,0,17,Me jepni nje link per te par championsin se po me iken zari,,Tue Feb 25 19:59:02 +0000 2020,,,,https://twitter.com/servisifemrave/status/1232394591699132416,1232394591699132416,1140954891495575553
2020-02-25 14:39:42+00:00,servisifemrave,,1,2,127,Coronavirus : Hey Gocat e babit me lek :,,Tue Feb 25 14:39:42 +0000 2020,,,,https://twitter.com/servisifemrave/status/1232314230092767232,1232314230092767232,1140954891495575553
2020-02-25 13:36:49+00:00,servisifemrave,,0,0,2, — Every time https://curiouscat.me/babshampanja/post/1061345388?t=1582637809,,Tue Feb 25 13:36:49 +0000 2020,,,https://curiouscat.me/babshampanja/post/1061345388?t=1582637809,https://twitter.com/servisifemrave/status/1232298404170158080,1232298404170158080,1140954891495575553
2020-02-25 10:04:22+00:00,servisifemrave,,3,0,28,Askush : Sugjerimet e youtube :,,Tue Feb 25 10:04:22 +0000 2020,,,,https://twitter.com/servisifemrave/status/1232244940710825984,1232244940710825984,1140954891495575553
2020-02-25 09:16:28+00:00,servisifemrave,broncothegoat,0,0,1,,,Tue Feb 25 09:16:28 +0000 2020,,,https://twitter.com/servisifemrave/status/1232056764767625216?s=19,https://twitter.com/servisifemrave/status/1232232888013332481,1232232888013332481,1140954891495575553
2020-02-24 21:53:52+00:00,servisifemrave,,0,0,0,Voulez vous coucher avec moi ?,,Mon Feb 24 21:53:52 +0000 2020,,,,https://twitter.com/servisifemrave/status/1232061102474878976,1232061102474878976,1140954891495575553
2020-02-24 21:45:57+00:00,servisifemrave,redhairenergy,1,0,0,Cagneee,,Mon Feb 24 21:45:57 +0000 2020,,,,https://twitter.com/servisifemrave/status/1232059113724633088,1232059113724633088,1140954891495575553
2020-02-24 21:44:45+00:00,servisifemrave,redhairenergy,1,0,0,"E kam fjalen per femrat, se vai in discoteca non n'è esci fuori senza scopà",,Mon Feb 24 21:44:45 +0000 2020,,,,https://twitter.com/servisifemrave/status/1232058808618356736,1232058808618356736,1140954891495575553
2020-02-24 21:43:14+00:00,servisifemrave,redhairenergy,1,0,0,Italians are freaks,,Mon Feb 24 21:43:14 +0000 2020,,,,https://twitter.com/servisifemrave/status/1232058428144660480,1232058428144660480,1140954891495575553
2020-02-24 21:41:46+00:00,servisifemrave,redhairenergy,1,0,0,Varet nga shum faktor,,Mon Feb 24 21:41:46 +0000 2020,,,,https://twitter.com/servisifemrave/status/1232058058903367680,1232058058903367680,1140954891495575553
2020-02-24 21:36:37+00:00,servisifemrave,,1,0,10,Ose thjesht po tall pidhin,,Mon Feb 24 21:36:37 +0000 2020,,,,https://twitter.com/servisifemrave/status/1232056764767625216,1232056764767625216,1140954891495575553
2020-02-24 21:36:37+00:00,servisifemrave,hnimsyrahh,3,4,66,If the eye contact game is strong she wants the d,,Mon Feb 24 21:36:37 +0000 2020,,,https://twitter.com/hnimsyrahh/status/1229744819188060160,https://twitter.com/servisifemrave/status/1232056763282870277,1232056763282870277,1140954891495575553
2020-02-24 21:30:47+00:00,servisifemrave,adoratemi,1,0,0,Neanch'io,,Mon Feb 24 21:30:47 +0000 2020,,,,https://twitter.com/servisifemrave/status/1232055296438259712,1232055296438259712,1140954891495575553
2020-02-24 21:19:12+00:00,servisifemrave,adoratemi,1,0,1,Idolo,,Mon Feb 24 21:19:12 +0000 2020,,,,https://twitter.com/servisifemrave/status/1232052381807972353,1232052381807972353,1140954891495575553
2020-02-24 21:17:25+00:00,servisifemrave,zonjakuajve,1,0,1,@specidjegss ja paske fut semundjen,,Mon Feb 24 21:17:25 +0000 2020,,,,https://twitter.com/servisifemrave/status/1232051933109784576,1232051933109784576,1140954891495575553
2020-02-24 20:56:24+00:00,servisifemrave,aarushaaa,0,0,1,E pash per nja 3min me vemendje po thoja ca karin,,Mon Feb 24 20:56:24 +0000 2020,,,,https://twitter.com/servisifemrave/status/1232046640627933186,1232046640627933186,1140954891495575553
2020-02-24 20:53:29+00:00,servisifemrave,,1,1,17,Ropt ne pidh vetem mua mu duken si kemb te hapura qe mungonte pidhi ne mes apo jam nje manjak i semur? Anonim te lutem se na ndau gruaja https://twitter.com/aarushaaa/status/1232036335558504448,,Mon Feb 24 20:53:29 +0000 2020,,,https://twitter.com/aarushaaa/status/1232036335558504448,https://twitter.com/servisifemrave/status/1232045908424040452,1232045908424040452,1140954891495575553
2020-02-24 20:47:07+00:00,servisifemrave,specicuori,1,0,2,Nderkoh pronaret e supermarketeve :,,Mon Feb 24 20:47:07 +0000 2020,,,,https://twitter.com/servisifemrave/status/1232044306426454017,1232044306426454017,1140954891495575553
2020-02-24 20:38:56+00:00,servisifemrave,comjangaferri,0,0,1,Kualtiteti i vertet esht tek shijet muzikore dhe pidhlleku i shfaqur,,Mon Feb 24 20:38:56 +0000 2020,,,,https://twitter.com/servisifemrave/status/1232042247396503554,1232042247396503554,1140954891495575553
2020-02-24 20:24:38+00:00,servisifemrave,skskskskskxh,1,0,0,Edhe 100 yll,,Mon Feb 24 20:24:38 +0000 2020,,,,https://twitter.com/servisifemrave/status/1232038649530912773,1232038649530912773,1140954891495575553
2020-02-24 16:56:13+00:00,servisifemrave,,1,3,50,Po kemi per te vdekur te vdesim vk,,Mon Feb 24 16:56:13 +0000 2020,,,,https://twitter.com/servisifemrave/status/1231986198220091393,1231986198220091393,1140954891495575553
2020-02-24 13:39:22+00:00,servisifemrave,kaclali,2,0,1,Hape gojen zmr,,Mon Feb 24 13:39:22 +0000 2020,,,,https://twitter.com/servisifemrave/status/1231936658817331202,1231936658817331202,1140954891495575553
2020-02-24 13:37:13+00:00,servisifemrave,specicuori,0,5,70,Ajo : pse ndalove kaq shpejt? Une :,,Mon Feb 24 13:37:13 +0000 2020,,,https://twitter.com/specicuori/status/1231674088776749057,https://twitter.com/servisifemrave/status/1231936119912247296,1231936119912247296,1140954891495575553
2020-02-24 13:35:00+00:00,servisifemrave,danjogetmoney,0,0,0,Sport still the best choice,,Mon Feb 24 13:35:00 +0000 2020,,,,https://twitter.com/servisifemrave/status/1231935560723435523,1231935560723435523,1140954891495575553
2020-02-24 13:34:00+00:00,servisifemrave,zonjakuajve,1,0,1,Po m kur te duash edhe nxirje te tjera po deshe,,Mon Feb 24 13:34:00 +0000 2020,,,,https://twitter.com/servisifemrave/status/1231935306888339456,1231935306888339456,1140954891495575553
2020-02-24 13:29:46+00:00,servisifemrave,,0,6,44,Une kur shoh ndonje tweet idiot me 7420 like dhe 697 rt :,,Mon Feb 24 13:29:46 +0000 2020,,,,https://twitter.com/servisifemrave/status/1231934242520752129,1231934242520752129,1140954891495575553
2020-02-24 10:57:27+00:00,servisifemrave,specicuori,1,0,0,"Op ndaj thash in my opinion, po aty nga ju u mbyllen shkollat?",,Mon Feb 24 10:57:27 +0000 2020,,,,https://twitter.com/servisifemrave/status/1231895912747847682,1231895912747847682,1140954891495575553
2020-02-24 10:56:29+00:00,servisifemrave,SethM4cfarlane,1,0,0,Booo sa cringe ajo pergj e dyt,,Mon Feb 24 10:56:29 +0000 2020,,,,https://twitter.com/servisifemrave/status/1231895668161163265,1231895668161163265,1140954891495575553
2020-02-24 10:55:36+00:00,servisifemrave,specicuori,1,0,0,"Sm pelq gjerat qe rrin te gjera, sduket asnj linj so it doesnt make sense",,Mon Feb 24 10:55:36 +0000 2020,,,,https://twitter.com/servisifemrave/status/1231895446240530434,1231895446240530434,1140954891495575553
2020-02-24 10:53:16+00:00,servisifemrave,specicuori,1,0,2,Duket sikur ja ka marr plakut dhe e ka lyer,,Mon Feb 24 10:53:16 +0000 2020,,,,https://twitter.com/servisifemrave/status/1231894858664742912,1231894858664742912,1140954891495575553
2020-02-24 08:57:27+00:00,servisifemrave,herbigharo24,0,0,1,Aaa kshu po,,Mon Feb 24 08:57:27 +0000 2020,,,,https://twitter.com/servisifemrave/status/1231865710873391104,1231865710873391104,1140954891495575553
2020-02-23 22:16:16+00:00,servisifemrave,ellushi89,0,0,2,What a cic,,Sun Feb 23 22:16:16 +0000 2020,,,,https://twitter.com/servisifemrave/status/1231704354903789576,1231704354903789576,1140954891495575553
2020-02-23 22:09:17+00:00,servisifemrave,Jesuscondom_,1,0,0,Fare,,Sun Feb 23 22:09:17 +0000 2020,,,,https://twitter.com/servisifemrave/status/1231702595300921345,1231702595300921345,1140954891495575553
2020-02-23 22:07:33+00:00,servisifemrave,herbigharo24,2,0,28,Une para se te qi nanj 17 vjecare :,,Sun Feb 23 22:07:33 +0000 2020,,,https://twitter.com/herbigharo24/status/1231621260133703689,https://twitter.com/servisifemrave/status/1231702159076536328,1231702159076536328,1140954891495575553
2020-02-23 21:06:05+00:00,servisifemrave,redhairenergy,0,0,1,Ky esht problemi qe sma prish njeri ,,Sun Feb 23 21:06:05 +0000 2020,,,,https://twitter.com/servisifemrave/status/1231686692295315456,1231686692295315456,1140954891495575553
2020-02-23 21:03:46+00:00,servisifemrave,redhairenergy,1,0,0,"Nqs behet fjal per kuqe po, definitely",,Sun Feb 23 21:03:46 +0000 2020,,,,https://twitter.com/servisifemrave/status/1231686107521257472,1231686107521257472,1140954891495575553
2020-02-23 21:02:28+00:00,servisifemrave,redhairenergy,1,0,2,Now its better edhe pse cicat si kam ber mir,,Sun Feb 23 21:02:28 +0000 2020,,,,https://twitter.com/servisifemrave/status/1231685780302651395,1231685780302651395,1140954891495575553
2020-02-23 20:42:37+00:00,servisifemrave,redhairenergy,3,0,4,Pse ke nje bile te vogel?,,Sun Feb 23 20:42:37 +0000 2020,,,,https://twitter.com/servisifemrave/status/1231680786941779970,1231680786941779970,1140954891495575553
2020-02-23 19:41:27+00:00,servisifemrave,herbigharo24,1,0,1,Why,,Sun Feb 23 19:41:27 +0000 2020,,,,https://twitter.com/servisifemrave/status/1231665391270846464,1231665391270846464,1140954891495575553
2020-02-23 19:41:07+00:00,servisifemrave,SethM4cfarlane,1,0,1,Kta recently pa tani ska vdek ndonje,,Sun Feb 23 19:41:07 +0000 2020,,,,https://twitter.com/servisifemrave/status/1231665306961154048,1231665306961154048,1140954891495575553
2020-02-23 19:35:28+00:00,servisifemrave,,1,0,31,"Ore ngelen duke vdek ter kta kengetar, justin biberit kan 10 vjet qe ja taksin e svdes i qj",,Sun Feb 23 19:35:28 +0000 2020,,,,https://twitter.com/servisifemrave/status/1231663885335384069,1231663885335384069,1140954891495575553
2020-02-23 17:18:08+00:00,servisifemrave,,0,0,3,Po si sdoli njera te thoshte ta zgjidh un hallin ncncncnc,,Sun Feb 23 17:18:08 +0000 2020,,,,https://twitter.com/servisifemrave/status/1231629326757568514,1231629326757568514,1140954891495575553
2020-02-23 16:15:29+00:00,servisifemrave,colevsthewrld,1,3,53,That Im still a virgin ,,Sun Feb 23 16:15:29 +0000 2020,,,https://twitter.com/colevsthewrld/status/1230907356860633089,https://twitter.com/servisifemrave/status/1231613560272408578,1231613560272408578,1140954891495575553
2020-02-23 16:08:06+00:00,servisifemrave,,0,0,6,Shfryva cik se vk si dihet jemi a sjemi me deri neser,,Sun Feb 23 16:08:06 +0000 2020,,,,https://twitter.com/servisifemrave/status/1231611702795476995,1231611702795476995,1140954891495575553
2020-02-23 16:08:06+00:00,servisifemrave,logansxnders,1,1,22,"Ato motrat mu ne pidh atyre kinezve te karit qe na futen ne kte situat ropqire, hajde ropt mu ne pidh dhe ktyre pidhmotrave qe perfitojn nga rasti dhe bejn biznes ne kte situat",,Sun Feb 23 16:08:06 +0000 2020,,,https://twitter.com/logansxnders/status/1231500148745949184,https://twitter.com/servisifemrave/status/1231611700429893633,1231611700429893633,1140954891495575553
2020-02-23 14:08:00+00:00,servisifemrave,,0,0,1,3 kembshi elbasanlli,,Sun Feb 23 14:08:00 +0000 2020,,,,https://twitter.com/servisifemrave/status/1231581478590570496,1231581478590570496,1140954891495575553
2020-02-23 10:08:03+00:00,servisifemrave,ninateresa22,0,0,2,Edhe koronavirusi,,Sun Feb 23 10:08:03 +0000 2020,,,,https://twitter.com/servisifemrave/status/1231521090998018048,1231521090998018048,1140954891495575553
2020-02-23 10:07:30+00:00,servisifemrave,kaclali,0,0,2,Oj m ska shans t refuzoj kuqe un,,Sun Feb 23 10:07:30 +0000 2020,,,,https://twitter.com/servisifemrave/status/1231520952854499329,1231520952854499329,1140954891495575553
