date,username,to,replies,retweets,favorites,text,mentions,formatted_date,geo,hashtags,urls,permalink,ID,author_id
2020-02-28 23:43:31+00:00,shannonmstirone,kvanaren,0,0,1,Yay!! Omg I’ve been wondering this.,,Fri Feb 28 23:43:31 +0000 2020,,,,https://twitter.com/shannonmstirone/status/1233538250435772416,1233538250435772416,2707961760
2020-02-28 21:55:08+00:00,shannonmstirone,GreatDismal,0,0,10,"Ahh, Gibson didn't say this but still a great quote.",,Fri Feb 28 21:55:08 +0000 2020,,,https://twitter.com/GreatDismal/status/1233484600774733824?s=20,https://twitter.com/shannonmstirone/status/1233510973329281031,1233510973329281031,2707961760
2020-02-28 18:58:08+00:00,shannonmstirone,,0,3,19,Local bookseller put it in a place of honor ,,Fri Feb 28 18:58:08 +0000 2020,,,,https://twitter.com/shannonmstirone/status/1233466431435616257,1233466431435616257,2707961760
2020-02-28 18:03:06+00:00,shannonmstirone,,7,26,148,"""When you want to know how things really work, study them when they're coming apart.” -William Gibson @GreatDismal",@GreatDismal,Fri Feb 28 18:03:06 +0000 2020,,,,https://twitter.com/shannonmstirone/status/1233452582384762880,1233452582384762880,2707961760
2020-02-28 07:25:58+00:00,shannonmstirone,OliviaMesser,0,0,0,I watched it. Wow,,Fri Feb 28 07:25:58 +0000 2020,,,,https://twitter.com/shannonmstirone/status/1233292242250387458,1233292242250387458,2707961760
2020-02-28 04:30:59+00:00,shannonmstirone,rappolee,1,0,2,Agreed!,,Fri Feb 28 04:30:59 +0000 2020,,,,https://twitter.com/shannonmstirone/status/1233248206487576576,1233248206487576576,2707961760
2020-02-28 02:59:23+00:00,shannonmstirone,,1,26,79,The MarCO cubesats officially completed their mission today. They played a significant role in the future of exploration. My old but still relevant story on this mission for ⁦@NYTScience⁩ via @NYTimes,@NYTScience @nytimes,Fri Feb 28 02:59:23 +0000 2020,,,https://www.nytimes.com/2019/03/18/science/cubesats-marco-mars.html?referringSource=articleShare,https://twitter.com/shannonmstirone/status/1233225151627452417,1233225151627452417,2707961760
2020-02-28 02:26:22+00:00,shannonmstirone,,2,0,16,Crazy Berkeley sunset,,Fri Feb 28 02:26:22 +0000 2020,,,,https://twitter.com/shannonmstirone/status/1233216843411623936,1233216843411623936,2707961760
2020-02-28 02:12:26+00:00,shannonmstirone,,1,0,34,A real benefit of traffic on the Richmond Bridge,,Fri Feb 28 02:12:26 +0000 2020,,,,https://twitter.com/shannonmstirone/status/1233213340060549120,1233213340060549120,2707961760
2020-02-28 00:07:12+00:00,shannonmstirone,JasonAdamK,1,0,0,Amelie,,Fri Feb 28 00:07:12 +0000 2020,,,,https://twitter.com/shannonmstirone/status/1233181822747459585,1233181822747459585,2707961760
2020-02-27 23:42:04+00:00,shannonmstirone,SmithDanaG,0,0,1,By the brilliant hand of @jjjjjjjjjjohn Skelly is my fav,@jjjjjjjjjjohn,Thu Feb 27 23:42:04 +0000 2020,,,,https://twitter.com/shannonmstirone/status/1233175497284018176,1233175497284018176,2707961760
2020-02-27 23:25:46+00:00,shannonmstirone,SmithDanaG,1,0,1,All the freelancers,,Thu Feb 27 23:25:46 +0000 2020,,,,https://twitter.com/shannonmstirone/status/1233171393384050688,1233171393384050688,2707961760
2020-02-27 23:06:00+00:00,shannonmstirone,raminskibba,0,0,1,"I'm glad he wrote this, I'm also glad for his sake he's a man because he'll be in less danger but yeah, the army is real.",,Thu Feb 27 23:06:00 +0000 2020,,,,https://twitter.com/shannonmstirone/status/1233166422143983616,1233166422143983616,2707961760
2020-02-27 23:00:31+00:00,shannonmstirone,raminskibba,1,1,3,If a woman wrote this article she'd be getting death threats,,Thu Feb 27 23:00:31 +0000 2020,,,,https://twitter.com/shannonmstirone/status/1233165042478043136,1233165042478043136,2707961760
2020-02-27 22:48:21+00:00,shannonmstirone,SamuelAAdams,4,10,378,We shall inherit the Earth,,Thu Feb 27 22:48:21 +0000 2020,,,,https://twitter.com/shannonmstirone/status/1233161978253692929,1233161978253692929,2707961760
2020-02-27 22:42:56+00:00,shannonmstirone,SamuelAAdams,0,2,23,BINGO,,Thu Feb 27 22:42:56 +0000 2020,,,https://twitter.com/SamuelAAdams/status/1233147524900380676,https://twitter.com/shannonmstirone/status/1233160614953938946,1233160614953938946,2707961760
2020-02-27 21:47:34+00:00,shannonmstirone,GlobalEcoGuy,0,0,1,I’ve heard good things,,Thu Feb 27 21:47:34 +0000 2020,,,,https://twitter.com/shannonmstirone/status/1233146683917078528,1233146683917078528,2707961760
2020-02-27 21:47:24+00:00,shannonmstirone,DwayneFuhlhage,2,0,0,Lol these just get better,,Thu Feb 27 21:47:24 +0000 2020,,,,https://twitter.com/shannonmstirone/status/1233146639616839680,1233146639616839680,2707961760
2020-02-27 21:29:47+00:00,shannonmstirone,carlfranzen,0,0,1,Montreal is nice and I like the heat. It was pretty damn hot when I was there last.,,Thu Feb 27 21:29:47 +0000 2020,,,,https://twitter.com/shannonmstirone/status/1233142206451474432,1233142206451474432,2707961760
2020-02-27 21:27:22+00:00,shannonmstirone,kevinmgill,1,0,1,,,Thu Feb 27 21:27:22 +0000 2020,,,,https://twitter.com/shannonmstirone/status/1233141598231261184,1233141598231261184,2707961760
2020-02-27 21:26:44+00:00,shannonmstirone,carlfranzen,5,0,2,"Michigan, Minnesota, maybe Illinois and also hiding in Europe.",,Thu Feb 27 21:26:44 +0000 2020,,,,https://twitter.com/shannonmstirone/status/1233141440743534592,1233141440743534592,2707961760
2020-02-27 21:25:40+00:00,shannonmstirone,kevinmgill,2,0,1,"I don't want to live in a world without cheese, what is the point?",,Thu Feb 27 21:25:40 +0000 2020,,,,https://twitter.com/shannonmstirone/status/1233141170194173952,1233141170194173952,2707961760
2020-02-27 21:20:00+00:00,shannonmstirone,kevinmgill,4,0,13,I'll be hiding out in Europe by then with my true love––cheese.,,Thu Feb 27 21:20:00 +0000 2020,,,,https://twitter.com/shannonmstirone/status/1233139744600518656,1233139744600518656,2707961760
2020-02-27 21:17:36+00:00,shannonmstirone,,11,9,63,"Part of modern life is having conversations with your friends about where we'll be able to live when we're older because of climate change, taking into consideration cost of living and potential hazardous weather.",,Thu Feb 27 21:17:36 +0000 2020,,,,https://twitter.com/shannonmstirone/status/1233139142948614144,1233139142948614144,2707961760
2020-02-27 20:28:38+00:00,shannonmstirone,johnwenz,1,1,10,I wonder what tech would arise from these planets as a result of not being able to leave? Would they blast out radio transmissions like crazy to tell the universe they are there? What a strange thing to never have the perspective of seeing their planet either.,,Thu Feb 27 20:28:38 +0000 2020,,,,https://twitter.com/shannonmstirone/status/1233126819047464961,1233126819047464961,2707961760
2020-02-27 19:06:32+00:00,shannonmstirone,acrezo,1,0,2,"I am currently listening to Circe while I pack, but in my audiobook cart I have Frankenstein which I was just told was really fun to listen to on audio.",,Thu Feb 27 19:06:32 +0000 2020,,,,https://twitter.com/shannonmstirone/status/1233106158354722817,1233106158354722817,2707961760
2020-02-27 19:01:26+00:00,shannonmstirone,,1,0,3,"There are Frenchmen in the coffee shop, music to my ears",,Thu Feb 27 19:01:26 +0000 2020,,,,https://twitter.com/shannonmstirone/status/1233104875325575170,1233104875325575170,2707961760
2020-02-27 18:45:29+00:00,shannonmstirone,acrezo,1,0,1,"Well it skipped him and got to you, I can attest to that.",,Thu Feb 27 18:45:29 +0000 2020,,,,https://twitter.com/shannonmstirone/status/1233100858302160896,1233100858302160896,2707961760
2020-02-27 18:38:29+00:00,shannonmstirone,acrezo,1,0,1,"I love it! My exes family are elders in the tribe and get sent all the best salmon from the Yukon, that and fry bread is *so* good. You come from seriously cool people, this makes sense :)",,Thu Feb 27 18:38:29 +0000 2020,,,,https://twitter.com/shannonmstirone/status/1233099098883903488,1233099098883903488,2707961760
2020-02-27 18:33:27+00:00,shannonmstirone,acrezo,1,0,1,Wow she is cool!,,Thu Feb 27 18:33:27 +0000 2020,,,,https://twitter.com/shannonmstirone/status/1233097831914733568,1233097831914733568,2707961760
2020-02-27 18:11:57+00:00,shannonmstirone,johnwenz,2,0,2,"The dubious claims are bad, but ex husband is very white and also a good portion native american but I see the issue here.",,Thu Feb 27 18:11:57 +0000 2020,,,,https://twitter.com/shannonmstirone/status/1233092418867589121,1233092418867589121,2707961760
2020-02-27 17:53:49+00:00,shannonmstirone,erinbiba,2,1,5,"Amazing, I am shocked.",,Thu Feb 27 17:53:49 +0000 2020,,,,https://twitter.com/shannonmstirone/status/1233087859231346688,1233087859231346688,2707961760
2020-02-27 17:23:42+00:00,shannonmstirone,janetsomerville,0,0,0,She’s getting so big! This photo is fantastic ,,Thu Feb 27 17:23:42 +0000 2020,,,,https://twitter.com/shannonmstirone/status/1233080278907682817,1233080278907682817,2707961760
2020-02-27 17:09:44+00:00,shannonmstirone,mrvndn,1,9,35,I am dead,,Thu Feb 27 17:09:44 +0000 2020,,,https://twitter.com/mrvndn/status/1233042201288093696,https://twitter.com/shannonmstirone/status/1233076763917307904,1233076763917307904,2707961760
2020-02-27 05:38:43+00:00,shannonmstirone,johnwenz,0,0,0,This mess (Hi it’s me) is here for you always. You got this friend ,,Thu Feb 27 05:38:43 +0000 2020,,,,https://twitter.com/shannonmstirone/status/1232902861408718849,1232902861408718849,2707961760
2020-02-27 05:09:34+00:00,shannonmstirone,OliviaMesser,0,0,1,Hard same,,Thu Feb 27 05:09:34 +0000 2020,,,,https://twitter.com/shannonmstirone/status/1232895529220096000,1232895529220096000,2707961760
2020-02-27 03:29:59+00:00,shannonmstirone,rachsyme,1,0,4,Mine feels that way too sometimes. Usually it’s sharp pains in my heart/chest but sometimes my sternum feels tender. My dr told me to keep an eye on it since women can have heart issues that are harder to diagnose. Also stress is bad.,,Thu Feb 27 03:29:59 +0000 2020,,,,https://twitter.com/shannonmstirone/status/1232870467280633856,1232870467280633856,2707961760
2020-02-27 03:27:43+00:00,shannonmstirone,rachsyme,1,0,4,"Yep, for the last two months. And sternum punching is a perfect description. I’ve seen a heart dr too and have been told it’s stress related.",,Thu Feb 27 03:27:43 +0000 2020,,,,https://twitter.com/shannonmstirone/status/1232869897077583873,1232869897077583873,2707961760
2020-02-27 03:14:00+00:00,shannonmstirone,jdesmondharris,0,0,1,Lol your mom is on the hot tip,,Thu Feb 27 03:14:00 +0000 2020,,,,https://twitter.com/shannonmstirone/status/1232866442841714688,1232866442841714688,2707961760
2020-02-27 03:13:11+00:00,shannonmstirone,ScolesSarah,0,0,1,Right? I wish they’d actually cast a genuinely mixed group of people.,,Thu Feb 27 03:13:11 +0000 2020,,,,https://twitter.com/shannonmstirone/status/1232866238226812928,1232866238226812928,2707961760
2020-02-27 03:06:15+00:00,shannonmstirone,lyzl,0,0,3,Five! FIVE oh hell no,,Thu Feb 27 03:06:15 +0000 2020,,,,https://twitter.com/shannonmstirone/status/1232864494834991104,1232864494834991104,2707961760
2020-02-27 03:04:36+00:00,shannonmstirone,LeapingRobot,0,0,1,Wow this is fascinating,,Thu Feb 27 03:04:36 +0000 2020,,,,https://twitter.com/shannonmstirone/status/1232864080160886784,1232864080160886784,2707961760
2020-02-27 03:00:24+00:00,shannonmstirone,,3,5,21,This story is absolutely bonkers. Down on the Farm That Harvests Metal From Plants https://nyti.ms/2VnMQRH @NYTScience,@NYTScience,Thu Feb 27 03:00:24 +0000 2020,,,https://nyti.ms/2VnMQRH,https://twitter.com/shannonmstirone/status/1232863020075778050,1232863020075778050,2707961760
2020-02-27 02:14:43+00:00,shannonmstirone,brianwolven,0,0,3,Yes it is!,,Thu Feb 27 02:14:43 +0000 2020,,,,https://twitter.com/shannonmstirone/status/1232851523740110850,1232851523740110850,2707961760
2020-02-27 01:06:33+00:00,shannonmstirone,wudanyan,1,0,1,Books are so expensive to ship,,Thu Feb 27 01:06:33 +0000 2020,,,,https://twitter.com/shannonmstirone/status/1232834370693525505,1232834370693525505,2707961760
2020-02-27 00:51:03+00:00,shannonmstirone,susanbellair,3,0,2,Well I’ve officially found my new residence,,Thu Feb 27 00:51:03 +0000 2020,,,,https://twitter.com/shannonmstirone/status/1232830468745154560,1232830468745154560,2707961760
2020-02-27 00:45:10+00:00,shannonmstirone,,22,4,177,I'm putting my entire life in a storage unit and it's fair to say that my entire life consists of a hell of a lot of books.,,Thu Feb 27 00:45:10 +0000 2020,,,,https://twitter.com/shannonmstirone/status/1232828990181691394,1232828990181691394,2707961760
2020-02-27 00:16:39+00:00,shannonmstirone,acrezo,1,0,2,Wow,,Thu Feb 27 00:16:39 +0000 2020,,,,https://twitter.com/shannonmstirone/status/1232821814650232832,1232821814650232832,2707961760
2020-02-26 23:49:24+00:00,shannonmstirone,libcasey,2,0,14,"But this doesn’t say where? I’ll just stay inside and write, this is fine.",,Wed Feb 26 23:49:24 +0000 2020,,,https://twitter.com/libcasey/status/1232813576483680257,https://twitter.com/shannonmstirone/status/1232814955440693248,1232814955440693248,2707961760
2020-02-26 23:31:10+00:00,shannonmstirone,HaggardHawks,3,6,35,If anyone needs me I’ll either be at Disappointment or Moody.,,Wed Feb 26 23:31:10 +0000 2020,,,https://twitter.com/HaggardHawks/status/1232135627459530753,https://twitter.com/shannonmstirone/status/1232810364393283585,1232810364393283585,2707961760
2020-02-26 22:48:27+00:00,shannonmstirone,heroinebook,1,0,2,"Rilke said, no feeling is final. Also the poppies are blooming and they made me think of you. I’ll send you a photo",,Wed Feb 26 22:48:27 +0000 2020,,,,https://twitter.com/shannonmstirone/status/1232799617508507648,1232799617508507648,2707961760
2020-02-26 22:44:59+00:00,shannonmstirone,andreitr,0,0,1,It me,,Wed Feb 26 22:44:59 +0000 2020,,,,https://twitter.com/shannonmstirone/status/1232798743369416706,1232798743369416706,2707961760
2020-02-26 22:24:21+00:00,shannonmstirone,johnwenz,0,0,1,HOW DARE THEY,,Wed Feb 26 22:24:21 +0000 2020,,,,https://twitter.com/shannonmstirone/status/1232793552041627648,1232793552041627648,2707961760
2020-02-26 22:21:53+00:00,shannonmstirone,johnwenz,1,0,0,John,,Wed Feb 26 22:21:53 +0000 2020,,,,https://twitter.com/shannonmstirone/status/1232792930999357440,1232792930999357440,2707961760
2020-02-26 20:11:38+00:00,shannonmstirone,jaimealyse,0,0,0,"Well damn, aren't these others checked too? I don't get it",,Wed Feb 26 20:11:38 +0000 2020,,,,https://twitter.com/shannonmstirone/status/1232760152803004417,1232760152803004417,2707961760
2020-02-26 20:08:55+00:00,shannonmstirone,jaimealyse,1,0,0,"You're right though, maybe columnists are charged with self fact checking?",,Wed Feb 26 20:08:55 +0000 2020,,,,https://twitter.com/shannonmstirone/status/1232759470465241088,1232759470465241088,2707961760
2020-02-26 20:07:45+00:00,shannonmstirone,jaimealyse,1,0,0,"Ugh yeah, both of mine were fact checked fwiw? This sucks though.",,Wed Feb 26 20:07:45 +0000 2020,,,,https://twitter.com/shannonmstirone/status/1232759176100638720,1232759176100638720,2707961760
2020-02-26 20:06:35+00:00,shannonmstirone,GlobalEcoGuy,0,0,0,Thank you :),,Wed Feb 26 20:06:35 +0000 2020,,,,https://twitter.com/shannonmstirone/status/1232758880712581120,1232758880712581120,2707961760
2020-02-26 19:37:00+00:00,shannonmstirone,GlobalEcoGuy,2,0,1,"Yeah I am giving all of that stuff up, it's easier than even talking about it. People fight about *everything*",,Wed Feb 26 19:37:00 +0000 2020,,,,https://twitter.com/shannonmstirone/status/1232751435533537280,1232751435533537280,2707961760
2020-02-26 18:52:30+00:00,shannonmstirone,CraigAWelch,1,0,1,"Thank you Craig! More than once, aw shucks ",,Wed Feb 26 18:52:30 +0000 2020,,,,https://twitter.com/shannonmstirone/status/1232740237366816768,1232740237366816768,2707961760
2020-02-26 18:47:01+00:00,shannonmstirone,CraigAWelch,1,1,11,There’s a shiny new green book in this stack with a story of mine. Never ever gets old cc @jaimealyse,@jaimealyse,Wed Feb 26 18:47:01 +0000 2020,,,https://twitter.com/CraigAWelch/status/1232701330763862016,https://twitter.com/shannonmstirone/status/1232738856434167808,1232738856434167808,2707961760
2020-02-26 18:25:52+00:00,shannonmstirone,erinbiba,0,0,1,We need to chat about your skincare routine,,Wed Feb 26 18:25:52 +0000 2020,,,,https://twitter.com/shannonmstirone/status/1232733535993118720,1232733535993118720,2707961760
2020-02-26 18:24:23+00:00,shannonmstirone,erinbiba,0,0,1,Girl that was one of the first things I said to you when I saw you last because your skin IS amazing.,,Wed Feb 26 18:24:23 +0000 2020,,,,https://twitter.com/shannonmstirone/status/1232733162423255040,1232733162423255040,2707961760
2020-02-26 18:11:07+00:00,shannonmstirone,_Astro_Nerd_,1,0,13,"Meh, you gotta laugh or the whole thing gets too depressing.",,Wed Feb 26 18:11:07 +0000 2020,,,,https://twitter.com/shannonmstirone/status/1232729825128767488,1232729825128767488,2707961760
2020-02-26 18:02:28+00:00,shannonmstirone,andreitr,0,0,1,lol nope that works,,Wed Feb 26 18:02:28 +0000 2020,,,,https://twitter.com/shannonmstirone/status/1232727646749908992,1232727646749908992,2707961760
2020-02-26 16:14:14+00:00,shannonmstirone,dwbwriter,1,0,1,@BCDreyer it’s your moment,@BCDreyer,Wed Feb 26 16:14:14 +0000 2020,,,,https://twitter.com/shannonmstirone/status/1232700407077433345,1232700407077433345,2707961760
2020-02-26 05:28:25+00:00,shannonmstirone,dsfpspacefl1ght,1,0,1,It’s certainly not easy,,Wed Feb 26 05:28:25 +0000 2020,,,,https://twitter.com/shannonmstirone/status/1232537883765964801,1232537883765964801,2707961760
2020-02-26 03:30:15+00:00,shannonmstirone,DownHereOnEarth,0,0,0,It’s at the cleaners,,Wed Feb 26 03:30:15 +0000 2020,,,,https://twitter.com/shannonmstirone/status/1232508145198436353,1232508145198436353,2707961760
2020-02-26 03:00:17+00:00,shannonmstirone,Wikipedia,2,1,5,The color of royalty. When you see those fur capes all Tyrian purple..it’s insane how many snails they used to get that much dye.,,Wed Feb 26 03:00:17 +0000 2020,,,,https://twitter.com/shannonmstirone/status/1232500603399487488,1232500603399487488,2707961760
2020-02-26 02:47:59+00:00,shannonmstirone,PlanetaryKeri,0,0,3,That’s so sweet of them,,Wed Feb 26 02:47:59 +0000 2020,,,,https://twitter.com/shannonmstirone/status/1232497509852827649,1232497509852827649,2707961760
2020-02-26 02:41:06+00:00,shannonmstirone,JPMajor,0,0,8,Jason omg!! I’m so sorry but so glad you’re ok!,,Wed Feb 26 02:41:06 +0000 2020,,,,https://twitter.com/shannonmstirone/status/1232495777903042560,1232495777903042560,2707961760
2020-02-26 02:39:52+00:00,shannonmstirone,PlanetaryKeri,1,0,5,Omg that sounds amazing. The upside is having these funny conversations with people.,,Wed Feb 26 02:39:52 +0000 2020,,,,https://twitter.com/shannonmstirone/status/1232495465460948992,1232495465460948992,2707961760
2020-02-26 02:39:18+00:00,shannonmstirone,jenwebs,1,0,1,"I’m sorry to hear that but glad it’s less legal, for your sake",,Wed Feb 26 02:39:18 +0000 2020,,,,https://twitter.com/shannonmstirone/status/1232495324779859968,1232495324779859968,2707961760
2020-02-26 02:33:48+00:00,shannonmstirone,doug_ellison,0,0,2,"Lol yeah, they wont even give me insurance on my own because April 1 I no longer have an address. Going off the grid is my only answer now.",,Wed Feb 26 02:33:48 +0000 2020,,,,https://twitter.com/shannonmstirone/status/1232493939627679744,1232493939627679744,2707961760
2020-02-26 02:26:27+00:00,shannonmstirone,,7,1,107,"Yesterday I talked to health insurance, some guy from Texas, ""did the bastard break your heart or what, is your dad gonna kill him?"" Truly these conversations are hilarious. It could be a small self help book, Customer Service Conversations, a divorced womans guide to laughter.",,Wed Feb 26 02:26:27 +0000 2020,,,,https://twitter.com/shannonmstirone/status/1232492089306337280,1232492089306337280,2707961760
2020-02-26 02:24:50+00:00,shannonmstirone,,14,3,144,"One of the most comedic things about getting a divorce is having to call every service we share. i,e Geico -Mam, why are you getting a new policy? -I'm getting a divorce -Is it final? -Why do you need to know that -I don't -This is fun for me, is it fun for you? -Um, no mam",,Wed Feb 26 02:24:50 +0000 2020,,,,https://twitter.com/shannonmstirone/status/1232491682983075841,1232491682983075841,2707961760
2020-02-26 01:42:43+00:00,shannonmstirone,nascom1,1,0,4,Follow the sun has some seriously cool benefits,,Wed Feb 26 01:42:43 +0000 2020,,,,https://twitter.com/shannonmstirone/status/1232481083213565952,1232481083213565952,2707961760
2020-02-26 01:42:19+00:00,shannonmstirone,nascom1,1,6,62, Both Voyagers are calling home!! https://eyes.nasa.gov/dsn/dsn.html,,Wed Feb 26 01:42:19 +0000 2020,,,"https://eyes.nasa.gov/dsn/dsn.html,https://twitter.com/nascom1/status/1232479218576945153",https://twitter.com/shannonmstirone/status/1232480983439437824,1232480983439437824,2707961760
2020-02-26 00:27:18+00:00,shannonmstirone,shanpalus,0,0,7,I feel better after reading this,,Wed Feb 26 00:27:18 +0000 2020,,,,https://twitter.com/shannonmstirone/status/1232462106789724161,1232462106789724161,2707961760
2020-02-25 23:26:05+00:00,shannonmstirone,dwbwriter,0,0,1,Oh god,,Tue Feb 25 23:26:05 +0000 2020,,,,https://twitter.com/shannonmstirone/status/1232446697164308483,1232446697164308483,2707961760
2020-02-25 21:53:21+00:00,shannonmstirone,sfchronicle,1,1,5,"Cool, cool.",,Tue Feb 25 21:53:21 +0000 2020,,,https://twitter.com/sfchronicle/status/1232421784047292424,https://twitter.com/shannonmstirone/status/1232423363710074881,1232423363710074881,2707961760
2020-02-25 21:50:33+00:00,shannonmstirone,acrezo,1,0,1,"Circe is on my nightstand right now, I will start there. Adding all of these to the list, thank you <3",,Tue Feb 25 21:50:33 +0000 2020,,,,https://twitter.com/shannonmstirone/status/1232422655669616640,1232422655669616640,2707961760
2020-02-25 21:49:47+00:00,shannonmstirone,rachsyme,0,0,1,"I've heard about her but never read this, adding it to my list.",,Tue Feb 25 21:49:47 +0000 2020,,,,https://twitter.com/shannonmstirone/status/1232422464400920576,1232422464400920576,2707961760
2020-02-25 21:49:30+00:00,shannonmstirone,mcareynj,0,0,1,Working on it,,Tue Feb 25 21:49:30 +0000 2020,,,,https://twitter.com/shannonmstirone/status/1232422391432638464,1232422391432638464,2707961760
2020-02-25 21:40:22+00:00,shannonmstirone,rachsyme,5,0,4,I need a book about a woman who lost everything and achieved her dreams anyway and looked fabulous doing it and also destroyed all of her enemies in the process,,Tue Feb 25 21:40:22 +0000 2020,,,,https://twitter.com/shannonmstirone/status/1232420094753423360,1232420094753423360,2707961760
2020-02-25 20:31:25+00:00,shannonmstirone,rapscallison,2,0,17,"""In a hole in the ground, there lived a Hot Pockets heiress.""",,Tue Feb 25 20:31:25 +0000 2020,,,https://twitter.com/rapscallison/status/1232394716072808448,https://twitter.com/shannonmstirone/status/1232402743127490560,1232402743127490560,2707961760
2020-02-25 20:15:47+00:00,shannonmstirone,,0,1,15,,,Tue Feb 25 20:15:47 +0000 2020,,,,https://twitter.com/shannonmstirone/status/1232398806911598592,1232398806911598592,2707961760
2020-02-25 05:28:31+00:00,shannonmstirone,susanthesquark,0,0,1,I’m reading it now and I’m still processing how intense this story is.,,Tue Feb 25 05:28:31 +0000 2020,,,,https://twitter.com/shannonmstirone/status/1232175519023501313,1232175519023501313,2707961760
2020-02-25 05:14:32+00:00,shannonmstirone,erinbiba,0,0,1,LOVE YOU RIGHT BACK ,,Tue Feb 25 05:14:32 +0000 2020,,,,https://twitter.com/shannonmstirone/status/1232171999763369985,1232171999763369985,2707961760
2020-02-25 05:14:06+00:00,shannonmstirone,DrShaena,0,0,0,It’s so good. I told myself I would wait for five bylines before I was allowed to buy a tote but it’s a damn good tote I tell you what.,,Tue Feb 25 05:14:06 +0000 2020,,,,https://twitter.com/shannonmstirone/status/1232171894561886208,1232171894561886208,2707961760
2020-02-25 05:13:15+00:00,shannonmstirone,,12,33,302,I’m sharing this text from my mom for anyone else who needs to hear this message tonight.,,Tue Feb 25 05:13:15 +0000 2020,,,,https://twitter.com/shannonmstirone/status/1232171679620616193,1232171679620616193,2707961760
2020-02-25 05:09:37+00:00,shannonmstirone,DrShaena,1,0,1,I have the New Yorker and bought a NYT because I’m a nerd. I want the NPR tote next :),,Tue Feb 25 05:09:37 +0000 2020,,,,https://twitter.com/shannonmstirone/status/1232170764180213760,1232170764180213760,2707961760
2020-02-24 23:44:30+00:00,shannonmstirone,danfalk,0,0,1,"Lol because you know me, this either means I have a brain tumor or I’ve been kidnapped",,Mon Feb 24 23:44:30 +0000 2020,,,,https://twitter.com/shannonmstirone/status/1232088945489350656,1232088945489350656,2707961760
2020-02-24 23:20:30+00:00,shannonmstirone,_SelloM,6,1,83,We should colonize Mars and fund manned spaceflight.,,Mon Feb 24 23:20:30 +0000 2020,,,https://twitter.com/_SelloM/status/1231131307054374912,https://twitter.com/shannonmstirone/status/1232082904403963904,1232082904403963904,2707961760
2020-02-24 23:03:59+00:00,shannonmstirone,acrezo,0,0,1,Wow I *love* this ,,Mon Feb 24 23:03:59 +0000 2020,,,,https://twitter.com/shannonmstirone/status/1232078750738599937,1232078750738599937,2707961760
2020-02-24 22:27:26+00:00,shannonmstirone,,1,2,22,"I’ve been reading @matthaig1’s Reasons to Stay Alive and it is very, very good. Highly recommend for anyone who needs reminding",@matthaig1,Mon Feb 24 22:27:26 +0000 2020,,,https://www.amazon.com/Reasons-Stay-Alive-Matt-Haig/dp/1782115080,https://twitter.com/shannonmstirone/status/1232069550046236673,1232069550046236673,2707961760
2020-02-24 19:53:55+00:00,shannonmstirone,DwayneFuhlhage,0,0,1,My hand could fit so he got lots of pats,,Mon Feb 24 19:53:55 +0000 2020,,,,https://twitter.com/shannonmstirone/status/1232030917201293312,1232030917201293312,2707961760
2020-02-24 19:47:35+00:00,shannonmstirone,,1,1,36,TFW you realize you’re too big to fit through the fence for pats,,Mon Feb 24 19:47:35 +0000 2020,,,,https://twitter.com/shannonmstirone/status/1232029322384306177,1232029322384306177,2707961760
2020-02-24 17:46:43+00:00,shannonmstirone,KendraWrites,0,0,1,Damn.,,Mon Feb 24 17:46:43 +0000 2020,,,,https://twitter.com/shannonmstirone/status/1231998908764569600,1231998908764569600,2707961760
2020-02-24 17:41:11+00:00,shannonmstirone,astroptere,1,0,1,Bonne chance,,Mon Feb 24 17:41:11 +0000 2020,,,,https://twitter.com/shannonmstirone/status/1231997515441963008,1231997515441963008,2707961760
