date,username,to,replies,retweets,favorites,text,mentions,formatted_date,geo,hashtags,urls,permalink,ID,author_id
2020-02-24 21:31:50+00:00,SilasOnoja,jay_scot,0,0,0,You can dm,,Mon Feb 24 21:31:50 +0000 2020,,,,https://twitter.com/SilasOnoja/status/1232055559697903619,1232055559697903619,846747025496518656
2020-02-24 21:11:09+00:00,SilasOnoja,,0,3,8,"We pray God rest his soul, he's and icon and a legend who's life was an inspiration to many. #KobeFarewell",,Mon Feb 24 21:11:09 +0000 2020,,#KobeFarewell,,https://twitter.com/SilasOnoja/status/1232050352662491139,1232050352662491139,846747025496518656
2020-02-24 21:09:41+00:00,SilasOnoja,MisterHamied,1,1,1,"We pray God rest his soul, he's and icon and a legend who's life was an inspiration to many.",,Mon Feb 24 21:09:41 +0000 2020,,,,https://twitter.com/SilasOnoja/status/1232049987237949441,1232049987237949441,846747025496518656
2020-02-24 21:06:01+00:00,SilasOnoja,,8,94,444,Rest in peace Oil painting in honour of Kobe Bryant #kobememorial,,Mon Feb 24 21:06:01 +0000 2020,,#kobememorial,,https://twitter.com/SilasOnoja/status/1232049063174057986,1232049063174057986,846747025496518656
2020-02-23 21:41:32+00:00,SilasOnoja,Clementcolours,0,0,0,Thank you,,Sun Feb 23 21:41:32 +0000 2020,,,,https://twitter.com/SilasOnoja/status/1231695614175535105,1231695614175535105,846747025496518656
2020-02-23 21:41:25+00:00,SilasOnoja,roy_atkin,0,0,1,"I don't think so, the best is yet unseen",,Sun Feb 23 21:41:25 +0000 2020,,,,https://twitter.com/SilasOnoja/status/1231695583611695104,1231695583611695104,846747025496518656
2020-02-22 21:41:36+00:00,SilasOnoja,McInegedu,1,0,2,Thanks sir,,Sat Feb 22 21:41:36 +0000 2020,,,,https://twitter.com/SilasOnoja/status/1231333240478236680,1231333240478236680,846747025496518656
2020-02-22 21:38:15+00:00,SilasOnoja,2SOK_12,0,0,1,Thank you,,Sat Feb 22 21:38:15 +0000 2020,,,,https://twitter.com/SilasOnoja/status/1231332398681423872,1231332398681423872,846747025496518656
2020-02-22 21:33:31+00:00,SilasOnoja,,3,32,151,Love this piece ,,Sat Feb 22 21:33:31 +0000 2020,,,,https://twitter.com/SilasOnoja/status/1231331205435535361,1231331205435535361,846747025496518656
2020-02-22 20:46:51+00:00,SilasOnoja,Aj_anwuli,0,0,0,Thank you,,Sat Feb 22 20:46:51 +0000 2020,,,,https://twitter.com/SilasOnoja/status/1231319462579757056,1231319462579757056,846747025496518656
2020-02-22 20:03:41+00:00,SilasOnoja,,4,47,148,A piece from 2019 Ochanya(Queen) Oil on canvas painting,,Sat Feb 22 20:03:41 +0000 2020,,,,https://twitter.com/SilasOnoja/status/1231308599592443904,1231308599592443904,846747025496518656
2020-02-19 19:14:51+00:00,SilasOnoja,,0,27,123,Wip... Details... Oil on canvas .,,Wed Feb 19 19:14:51 +0000 2020,,,,https://twitter.com/SilasOnoja/status/1230209145174921220,1230209145174921220,846747025496518656
2020-02-12 21:20:28+00:00,SilasOnoja,2SOK_12,0,0,0,Thanks so much sir,,Wed Feb 12 21:20:28 +0000 2020,,,,https://twitter.com/SilasOnoja/status/1227704044212424710,1227704044212424710,846747025496518656
2020-02-12 21:20:22+00:00,SilasOnoja,Aj_anwuli,0,0,1,Thanks so much,,Wed Feb 12 21:20:22 +0000 2020,,,,https://twitter.com/SilasOnoja/status/1227704020837523458,1227704020837523458,846747025496518656
2020-02-12 20:56:01+00:00,SilasOnoja,,11,60,277,Kobe Oil on canvas painting ,,Wed Feb 12 20:56:01 +0000 2020,,,,https://twitter.com/SilasOnoja/status/1227697891399143424,1227697891399143424,846747025496518656
2020-02-11 19:40:33+00:00,SilasOnoja,,2,109,237,I'm loving this! Oil on canvas painting . Rip Kobe . . Kindly rt ,,Tue Feb 11 19:40:33 +0000 2020,,,,https://twitter.com/SilasOnoja/status/1227316510500249600,1227316510500249600,846747025496518656
2020-02-06 19:59:45+00:00,SilasOnoja,Artby_abdullah,1,0,1, ,,Thu Feb 06 19:59:45 +0000 2020,,,,https://twitter.com/SilasOnoja/status/1225509405761921027,1225509405761921027,846747025496518656
2020-02-06 18:15:59+00:00,SilasOnoja,MAJORLEAGUEDJZ,0,0,0,Thanks so much!,,Thu Feb 06 18:15:59 +0000 2020,,,,https://twitter.com/SilasOnoja/status/1225483291333189637,1225483291333189637,846747025496518656
2020-02-06 18:11:47+00:00,SilasOnoja,,6,176,468,Live on Mamba Work in progress Oil on canvas painting . Kindly RT ,,Thu Feb 06 18:11:47 +0000 2020,,,,https://twitter.com/SilasOnoja/status/1225482232200126464,1225482232200126464,846747025496518656
2020-02-05 15:01:44+00:00,SilasOnoja,thewizardofAz_,0,0,1, ,,Wed Feb 05 15:01:44 +0000 2020,,,,https://twitter.com/SilasOnoja/status/1225072017143140353,1225072017143140353,846747025496518656
2020-02-04 16:42:25+00:00,SilasOnoja,,6,45,279,RIP Legend Work in progress Oil on canvas painting,,Tue Feb 04 16:42:25 +0000 2020,,,,https://twitter.com/SilasOnoja/status/1224734967378448385,1224734967378448385,846747025496518656
2020-02-01 20:59:31+00:00,SilasOnoja,,3,20,111,Wip... Detailing Oil on canvas painting ,,Sat Feb 01 20:59:31 +0000 2020,,,,https://twitter.com/SilasOnoja/status/1223712504699932673,1223712504699932673,846747025496518656
2020-01-30 10:01:20+00:00,SilasOnoja,OliverOkolo,1,1,2,Crazy!,,Thu Jan 30 10:01:20 +0000 2020,,,,https://twitter.com/SilasOnoja/status/1222822092250472448,1222822092250472448,846747025496518656
2020-01-28 08:37:04+00:00,SilasOnoja,,4,11,85,Wip... Oil on canvas #painting,,Tue Jan 28 08:37:04 +0000 2020,,#painting,,https://twitter.com/SilasOnoja/status/1222076110206357504,1222076110206357504,846747025496518656
2020-01-27 09:43:15+00:00,SilasOnoja,OliverOkolo,0,0,0, brotherly,,Mon Jan 27 09:43:15 +0000 2020,,,,https://twitter.com/SilasOnoja/status/1221730378374926337,1221730378374926337,846747025496518656
2020-01-27 06:22:56+00:00,SilasOnoja,BerezovskaArt,0,0,0,Will explain that when its done,,Mon Jan 27 06:22:56 +0000 2020,,,,https://twitter.com/SilasOnoja/status/1221679966984855555,1221679966984855555,846747025496518656
2020-01-27 06:22:34+00:00,SilasOnoja,chineduogbunobi,0,0,0,"Thank you, dm pls",,Mon Jan 27 06:22:34 +0000 2020,,,,https://twitter.com/SilasOnoja/status/1221679874311688192,1221679874311688192,846747025496518656
2020-01-23 21:25:56+00:00,SilasOnoja,Aj_anwuli,0,0,0,Thank you ,,Thu Jan 23 21:25:56 +0000 2020,,,,https://twitter.com/SilasOnoja/status/1220457664116875264,1220457664116875264,846747025496518656
2020-01-23 20:48:10+00:00,SilasOnoja,,5,23,111,First piece of 2020 Wip First layer Oil on canvas . .l,,Thu Jan 23 20:48:10 +0000 2020,,,,https://twitter.com/SilasOnoja/status/1220448159308177414,1220448159308177414,846747025496518656
2020-01-22 04:13:05+00:00,SilasOnoja,roy_atkin,0,0,0,"Ofcourse, just a throwback before bringing up what have been up to",,Wed Jan 22 04:13:05 +0000 2020,,,,https://twitter.com/SilasOnoja/status/1219835351650488325,1219835351650488325,846747025496518656
2020-01-21 22:24:03+00:00,SilasOnoja,,1,21,146,Throwback 2018 Oil on canvas painting,,Tue Jan 21 22:24:03 +0000 2020,,,,https://twitter.com/SilasOnoja/status/1219747512300527617,1219747512300527617,846747025496518656
