date,username,to,replies,retweets,favorites,text,mentions,formatted_date,geo,hashtags,urls,permalink,ID,author_id
2020-02-27 15:45:13+00:00,sinatras_muse,,0,0,7,Mhmm olives are so good yum yum,,Thu Feb 27 15:45:13 +0000 2020,,,,https://twitter.com/sinatras_muse/status/1233055494241161216,1233055494241161216,3384240669
2020-02-26 16:35:02+00:00,sinatras_muse,mariesalomea,1,0,1,"Ikr, such a brilliant idea",,Wed Feb 26 16:35:02 +0000 2020,,,,https://twitter.com/sinatras_muse/status/1232705642617561089,1232705642617561089,3384240669
2020-02-26 16:32:32+00:00,sinatras_muse,,3,3,20,"Fuck the weeknd, let's make love to Marvin Gaye's ""let's get it on""",,Wed Feb 26 16:32:32 +0000 2020,,,,https://twitter.com/sinatras_muse/status/1232705012083707905,1232705012083707905,3384240669
2020-02-23 09:16:24+00:00,sinatras_muse,robert_flores97,1,1,1,Happy birthday ,,Sun Feb 23 09:16:24 +0000 2020,,,,https://twitter.com/sinatras_muse/status/1231508092728246274,1231508092728246274,3384240669
2020-02-21 18:59:06+00:00,sinatras_muse,,0,1,15,Some ppl here be judging other people's appearance like who tf do u think u are?,,Fri Feb 21 18:59:06 +0000 2020,,,,https://twitter.com/sinatras_muse/status/1230929960120070145,1230929960120070145,3384240669
2020-02-20 10:54:51+00:00,sinatras_muse,Zhanpolsartre,1,0,0,Actually i liked kiriku,,Thu Feb 20 10:54:51 +0000 2020,,,,https://twitter.com/sinatras_muse/status/1230445704155455488,1230445704155455488,3384240669
2020-02-19 13:29:09+00:00,sinatras_muse,,1,3,18,Friendly reminder: you can't please everybody so do whatever the fuck you want.,,Wed Feb 19 13:29:09 +0000 2020,,,,https://twitter.com/sinatras_muse/status/1230122146967453696,1230122146967453696,3384240669
2020-02-19 05:15:02+00:00,sinatras_muse,nyahanto,0,0,2,On god man,,Wed Feb 19 05:15:02 +0000 2020,,,https://twitter.com/nyahanto/status/1182838574120652800,https://twitter.com/sinatras_muse/status/1229997800781467648,1229997800781467648,3384240669
2020-02-18 18:08:26+00:00,sinatras_muse,,1,1,12,How come my dumbest tweets get so many likes,,Tue Feb 18 18:08:26 +0000 2020,,,,https://twitter.com/sinatras_muse/status/1229830044492685315,1229830044492685315,3384240669
2020-02-18 09:56:45+00:00,sinatras_muse,,2,6,35,Retweet this if you are: -eager to suck some dick -lonely,,Tue Feb 18 09:56:45 +0000 2020,,,,https://twitter.com/sinatras_muse/status/1229706308842139649,1229706308842139649,3384240669
2020-02-18 00:09:07+00:00,sinatras_muse,,0,0,5,I feel so comfortable being invisible,,Tue Feb 18 00:09:07 +0000 2020,,,,https://twitter.com/sinatras_muse/status/1229558426113626119,1229558426113626119,3384240669
2020-02-17 19:35:51+00:00,sinatras_muse,pishinaevdekur,1,0,0,Jo.,,Mon Feb 17 19:35:51 +0000 2020,,,,https://twitter.com/sinatras_muse/status/1229489655671934983,1229489655671934983,3384240669
2020-02-17 19:23:40+00:00,sinatras_muse,,1,0,6,Shark=peshkaqen=fish or dog Just saying. ,,Mon Feb 17 19:23:40 +0000 2020,,,,https://twitter.com/sinatras_muse/status/1229486591141449728,1229486591141449728,3384240669
2020-02-17 19:20:12+00:00,sinatras_muse,Aleksandro_T,0,0,1,Preferoj ti shpetoj jeten ,,Mon Feb 17 19:20:12 +0000 2020,,,,https://twitter.com/sinatras_muse/status/1229485716083703809,1229485716083703809,3384240669
2020-02-17 19:15:40+00:00,sinatras_muse,,1,0,8,I wish i could just randomly save Jeff Bezos life so he would ask what would i want in return and i would say money.Kaq kisha.,,Mon Feb 17 19:15:40 +0000 2020,,,,https://twitter.com/sinatras_muse/status/1229484575438577665,1229484575438577665,3384240669
2020-02-17 12:30:10+00:00,sinatras_muse,fixheko,1,0,1,Hahahahahahahahahahhaah good one,,Mon Feb 17 12:30:10 +0000 2020,,,,https://twitter.com/sinatras_muse/status/1229382529242849280,1229382529242849280,3384240669
2020-02-15 20:45:10+00:00,sinatras_muse,sourchherry,0,0,1,I fucking swearrr du ta bej dhe un keshtuu,,Sat Feb 15 20:45:10 +0000 2020,,,,https://twitter.com/sinatras_muse/status/1228782325116350464,1228782325116350464,3384240669
2020-02-15 16:39:47+00:00,sinatras_muse,jurislavstalin,1,0,0,Mend per here tjeter,,Sat Feb 15 16:39:47 +0000 2020,,,,https://twitter.com/sinatras_muse/status/1228720571430690817,1228720571430690817,3384240669
2020-02-15 16:05:17+00:00,sinatras_muse,rinorperez,1,0,0,Sme paralajmerove qe do vije prandaj,,Sat Feb 15 16:05:17 +0000 2020,,,,https://twitter.com/sinatras_muse/status/1228711890387374080,1228711890387374080,3384240669
2020-02-15 15:43:25+00:00,sinatras_muse,jurislavstalin,1,0,0,Elbasani i bukur,,Sat Feb 15 15:43:25 +0000 2020,,,,https://twitter.com/sinatras_muse/status/1228706384738422789,1228706384738422789,3384240669
2020-02-15 13:35:19+00:00,sinatras_muse,robert_flores97,0,1,1,Aight fam at least i aint alone ,,Sat Feb 15 13:35:19 +0000 2020,,,,https://twitter.com/sinatras_muse/status/1228674148987211779,1228674148987211779,3384240669
2020-02-15 13:08:19+00:00,sinatras_muse,,0,0,13,"Im dumb thick but the ""thick"" is silent",,Sat Feb 15 13:08:19 +0000 2020,,,,https://twitter.com/sinatras_muse/status/1228667355821158401,1228667355821158401,3384240669
2020-02-15 13:06:59+00:00,sinatras_muse,whoreoooo,0,0,0,If you are ugly then im atrocious,,Sat Feb 15 13:06:59 +0000 2020,,,,https://twitter.com/sinatras_muse/status/1228667017449832448,1228667017449832448,3384240669
2020-02-15 12:05:36+00:00,sinatras_muse,,0,0,3,:/,,Sat Feb 15 12:05:36 +0000 2020,,,,https://twitter.com/sinatras_muse/status/1228651572453879808,1228651572453879808,3384240669
2020-02-15 11:31:35+00:00,sinatras_muse,pishinaevdekur,1,0,0,Nuk harroj jo.Rrofsh ti gjithsesi,,Sat Feb 15 11:31:35 +0000 2020,,,,https://twitter.com/sinatras_muse/status/1228643011812352000,1228643011812352000,3384240669
2020-02-15 08:57:21+00:00,sinatras_muse,kaclali,1,0,2,,,Sat Feb 15 08:57:21 +0000 2020,,,,https://twitter.com/sinatras_muse/status/1228604196364091397,1228604196364091397,3384240669
2020-02-14 22:33:12+00:00,sinatras_muse,Datgreatnigga,0,0,12,What my parents What i actually think i did did to my vs little brother,,Fri Feb 14 22:33:12 +0000 2020,,,https://twitter.com/Datgreatnigga/status/1227833299827089409,https://twitter.com/sinatras_muse/status/1228447124964159495,1228447124964159495,3384240669
2020-02-14 20:39:16+00:00,sinatras_muse,134N1_6,1,0,0,I lost count honestly,,Fri Feb 14 20:39:16 +0000 2020,,,,https://twitter.com/sinatras_muse/status/1228418450017726465,1228418450017726465,3384240669
2020-02-14 20:36:13+00:00,sinatras_muse,,2,0,18,"I sometimes purposely ask to my friends to put me in random groupchats so when ppl text, the phone vibrates so i can use it as a vibrator",,Fri Feb 14 20:36:13 +0000 2020,,,,https://twitter.com/sinatras_muse/status/1228417684280369152,1228417684280369152,3384240669
2020-02-14 20:18:31+00:00,sinatras_muse,,0,1,3,Ayeee i stan all my mutuals vibing rn ,,Fri Feb 14 20:18:31 +0000 2020,,,,https://twitter.com/sinatras_muse/status/1228413228105052160,1228413228105052160,3384240669
2020-02-14 20:17:19+00:00,sinatras_muse,fixheko,0,0,1,Quality time ,,Fri Feb 14 20:17:19 +0000 2020,,,,https://twitter.com/sinatras_muse/status/1228412926723346432,1228412926723346432,3384240669
2020-02-14 20:16:25+00:00,sinatras_muse,error42017,1,0,1,You can join,,Fri Feb 14 20:16:25 +0000 2020,,,,https://twitter.com/sinatras_muse/status/1228412700163821568,1228412700163821568,3384240669
2020-02-14 20:14:27+00:00,sinatras_muse,,4,4,23,,,Fri Feb 14 20:14:27 +0000 2020,,,,https://twitter.com/sinatras_muse/status/1228412207530151936,1228412207530151936,3384240669
2020-02-14 11:03:32+00:00,sinatras_muse,,0,0,3,https://twitter.com/rihanat_sona/status/1226754866229411841,,Fri Feb 14 11:03:32 +0000 2020,,,https://twitter.com/rihanat_sona/status/1226754866229411841,https://twitter.com/sinatras_muse/status/1228273565289664515,1228273565289664515,3384240669
2020-02-14 10:39:30+00:00,sinatras_muse,20prill,0,0,1,Yeah i ate it too,,Fri Feb 14 10:39:30 +0000 2020,,,,https://twitter.com/sinatras_muse/status/1228267513701638146,1228267513701638146,3384240669
2020-02-14 10:13:19+00:00,sinatras_muse,pishinaevdekur,1,0,0,Ahaaa epo mire,,Fri Feb 14 10:13:19 +0000 2020,,,,https://twitter.com/sinatras_muse/status/1228260927407099909,1228260927407099909,3384240669
2020-02-14 10:11:11+00:00,sinatras_muse,pishinaevdekur,1,0,1,Who tf writes that in the memo tho,,Fri Feb 14 10:11:11 +0000 2020,,,,https://twitter.com/sinatras_muse/status/1228260390653583360,1228260390653583360,3384240669
2020-02-14 10:03:25+00:00,sinatras_muse,alberkamyyy,0,0,0,Hajt se do bahet ma mire po hiqni @nqs do tbani mhb ktu,,Fri Feb 14 10:03:25 +0000 2020,,,,https://twitter.com/sinatras_muse/status/1228258433176162305,1228258433176162305,3384240669
2020-02-14 09:59:25+00:00,sinatras_muse,alberkamyyy,1,0,0,Jo gjithsesi rrofsh per oferten ti ,,Fri Feb 14 09:59:25 +0000 2020,,,,https://twitter.com/sinatras_muse/status/1228257429777002496,1228257429777002496,3384240669
2020-02-14 09:55:45+00:00,sinatras_muse,alberkamyyy,1,0,0,Oopsie yall caught me capping ,,Fri Feb 14 09:55:45 +0000 2020,,,,https://twitter.com/sinatras_muse/status/1228256507617251328,1228256507617251328,3384240669
2020-02-14 09:45:44+00:00,sinatras_muse,,1,0,34,"Ckemi elen, e di qe nuk do te flasesh me mua por sot eshte dita e shën valentinit dhe mund ta kishim kaluar bashk ne te dy...Me fal nqs te kam dhene pershtypjet e gabuara por un kisha qellim qe te beheshe e imja. Shpresoj tja kalosh sa me bukur ",,Fri Feb 14 09:45:44 +0000 2020,,,,https://twitter.com/sinatras_muse/status/1228253986232254464,1228253986232254464,3384240669
2020-02-13 23:23:11+00:00,sinatras_muse,pishinaevdekur,1,0,0,No.,,Thu Feb 13 23:23:11 +0000 2020,,,,https://twitter.com/sinatras_muse/status/1228097314591473665,1228097314591473665,3384240669
2020-02-13 23:22:53+00:00,sinatras_muse,error42017,0,0,1,Hahahahahhahah ,,Thu Feb 13 23:22:53 +0000 2020,,,,https://twitter.com/sinatras_muse/status/1228097238305472513,1228097238305472513,3384240669
2020-02-13 23:17:00+00:00,sinatras_muse,pishinaevdekur,1,0,0,Aight no vid for you,,Thu Feb 13 23:17:00 +0000 2020,,,,https://twitter.com/sinatras_muse/status/1228095758680887296,1228095758680887296,3384240669
2020-02-13 23:02:29+00:00,sinatras_muse,pishinaevdekur,1,0,0,,,Thu Feb 13 23:02:29 +0000 2020,,,,https://twitter.com/sinatras_muse/status/1228092104544571392,1228092104544571392,3384240669
2020-02-13 22:36:18+00:00,sinatras_muse,,1,0,14,Im going to fuck myself yall want something?,,Thu Feb 13 22:36:18 +0000 2020,,,,https://twitter.com/sinatras_muse/status/1228085517025259526,1228085517025259526,3384240669
2020-02-13 22:02:59+00:00,sinatras_muse,femmeduart,1,0,9,"Yes,this one plez ",,Thu Feb 13 22:02:59 +0000 2020,,,https://twitter.com/femmeduart/status/1228076720466595840,https://twitter.com/sinatras_muse/status/1228077130581446656,1228077130581446656,3384240669
2020-02-13 21:42:05+00:00,sinatras_muse,fixheko,1,0,2,When he used to play cs go,,Thu Feb 13 21:42:05 +0000 2020,,,,https://twitter.com/sinatras_muse/status/1228071870546751490,1228071870546751490,3384240669
2020-02-13 21:41:19+00:00,sinatras_muse,fixheko,0,0,1,ON GOD,,Thu Feb 13 21:41:19 +0000 2020,,,,https://twitter.com/sinatras_muse/status/1228071680842575873,1228071680842575873,3384240669
2020-02-13 20:53:28+00:00,sinatras_muse,fixheko,1,0,1,Get a room ,,Thu Feb 13 20:53:28 +0000 2020,,,,https://twitter.com/sinatras_muse/status/1228059636290523136,1228059636290523136,3384240669
2020-02-13 20:48:22+00:00,sinatras_muse,aldo2slims,0,0,1,F,,Thu Feb 13 20:48:22 +0000 2020,,,,https://twitter.com/sinatras_muse/status/1228058353370312710,1228058353370312710,3384240669
2020-02-13 20:08:29+00:00,sinatras_muse,jadeymfp,2,0,3,One time i went out alone when it started to get dark and i had a great time.10/10 would do again,,Thu Feb 13 20:08:29 +0000 2020,,,https://twitter.com/jadeymfp/status/1226700152171302913,https://twitter.com/sinatras_muse/status/1228048316166004736,1228048316166004736,3384240669
2020-02-13 19:12:31+00:00,sinatras_muse,,0,0,0, ,,Thu Feb 13 19:12:31 +0000 2020,,,,https://twitter.com/sinatras_muse/status/1228034234402721792,1228034234402721792,3384240669
2020-02-13 19:12:11+00:00,sinatras_muse,SwoopyTheMogul,0,3,22,"I gotta feeling That tonight's gonna be a good night That tonight's gonna be a good night That tonight's gonna be a good, good night",,Thu Feb 13 19:12:11 +0000 2020,,,https://twitter.com/SwoopyTheMogul/status/1227001239508062214,https://twitter.com/sinatras_muse/status/1228034148415176706,1228034148415176706,3384240669
2020-02-12 10:26:01+00:00,sinatras_muse,pishinaevdekur,1,0,0,I can buy them myself ,,Wed Feb 12 10:26:01 +0000 2020,,,,https://twitter.com/sinatras_muse/status/1227539348079333376,1227539348079333376,3384240669
2020-02-12 09:42:43+00:00,sinatras_muse,pishinaevdekur,1,0,0,Hahahahahhahahah no its okay,,Wed Feb 12 09:42:43 +0000 2020,,,,https://twitter.com/sinatras_muse/status/1227528447897022465,1227528447897022465,3384240669
2020-02-12 09:42:01+00:00,sinatras_muse,,0,0,0,Sad ,,Wed Feb 12 09:42:01 +0000 2020,,,,https://twitter.com/sinatras_muse/status/1227528274391261184,1227528274391261184,3384240669
2020-02-12 09:35:04+00:00,sinatras_muse,,0,0,0,Do vi ti http://blej.Je tn ne mengjes ne dyqan?,,Wed Feb 12 09:35:04 +0000 2020,,,http://blej.Je,https://twitter.com/sinatras_muse/status/1227526523973963778,1227526523973963778,3384240669
2020-02-12 09:34:07+00:00,sinatras_muse,pishinaevdekur,1,0,0,I want blue with flowers ,,Wed Feb 12 09:34:07 +0000 2020,,,,https://twitter.com/sinatras_muse/status/1227526286471507975,1227526286471507975,3384240669
2020-02-12 09:17:06+00:00,sinatras_muse,mahshiell,2,0,15,I want that blue lingerie ,,Wed Feb 12 09:17:06 +0000 2020,,,https://twitter.com/mahshiell/status/1224061981021261824,https://twitter.com/sinatras_muse/status/1227522004070404096,1227522004070404096,3384240669
2020-02-11 22:00:22+00:00,sinatras_muse,anriokar,0,0,1,Who is he?The dude in the pic?,,Tue Feb 11 22:00:22 +0000 2020,,,,https://twitter.com/sinatras_muse/status/1227351697544097793,1227351697544097793,3384240669
2020-02-11 21:59:37+00:00,sinatras_muse,yyeezuschrist,0,0,2,Its just a game relax .Dumb not dumb he still got it,,Tue Feb 11 21:59:37 +0000 2020,,,,https://twitter.com/sinatras_muse/status/1227351510201389056,1227351510201389056,3384240669
2020-02-11 21:37:18+00:00,sinatras_muse,bzztook,0,0,0,Irl and on the internet im diff.If u'd know me irl u would say that im cold.,,Tue Feb 11 21:37:18 +0000 2020,,,,https://twitter.com/sinatras_muse/status/1227345894078603269,1227345894078603269,3384240669
2020-02-11 21:32:34+00:00,sinatras_muse,bzztook,1,0,0,What? Lmao u dont know me at all,,Tue Feb 11 21:32:34 +0000 2020,,,,https://twitter.com/sinatras_muse/status/1227344699712843776,1227344699712843776,3384240669
2020-02-11 21:28:02+00:00,sinatras_muse,itsb0a,4,0,6,YOU ARE 100% RIGHT. Good job yo,,Tue Feb 11 21:28:02 +0000 2020,,,https://twitter.com/itsb0a/status/1227342848594522113,https://twitter.com/sinatras_muse/status/1227343559210217473,1227343559210217473,3384240669
2020-02-11 20:42:32+00:00,sinatras_muse,,0,0,8,Enough boob stroking go back to studying ,,Tue Feb 11 20:42:32 +0000 2020,,,,https://twitter.com/sinatras_muse/status/1227332111893487617,1227332111893487617,3384240669
2020-02-11 20:27:23+00:00,sinatras_muse,pishinaevdekur,1,0,1,You are so lucky ,,Tue Feb 11 20:27:23 +0000 2020,,,,https://twitter.com/sinatras_muse/status/1227328297572478976,1227328297572478976,3384240669
2020-02-11 20:17:19+00:00,sinatras_muse,pishinaevdekur,1,0,1,YOOOO cfar te dergoj?? U owe me se un ta kam tregu,,Tue Feb 11 20:17:19 +0000 2020,,,,https://twitter.com/sinatras_muse/status/1227325762610638849,1227325762610638849,3384240669
2020-02-11 18:58:37+00:00,sinatras_muse,pishinaevdekur,0,0,0,Hahahahahhahahhaah mrsh,,Tue Feb 11 18:58:37 +0000 2020,,,,https://twitter.com/sinatras_muse/status/1227305956989685767,1227305956989685767,3384240669
2020-02-11 18:49:05+00:00,sinatras_muse,angelface0101,1,0,0,Hajt,,Tue Feb 11 18:49:05 +0000 2020,,,,https://twitter.com/sinatras_muse/status/1227303559814950913,1227303559814950913,3384240669
2020-02-11 18:45:44+00:00,sinatras_muse,angelface0101,1,0,0,Edhe un du kshu,,Tue Feb 11 18:45:44 +0000 2020,,,,https://twitter.com/sinatras_muse/status/1227302717032411136,1227302717032411136,3384240669
2020-02-11 18:39:38+00:00,sinatras_muse,pishinaevdekur,1,0,0,,,Tue Feb 11 18:39:38 +0000 2020,,,,https://twitter.com/sinatras_muse/status/1227301179794894848,1227301179794894848,3384240669
2020-02-11 17:57:30+00:00,sinatras_muse,,0,0,0,Ke fol.,,Tue Feb 11 17:57:30 +0000 2020,,,,https://twitter.com/sinatras_muse/status/1227290580004298757,1227290580004298757,3384240669
2020-02-11 11:13:36+00:00,sinatras_muse,,2,2,15,Be happy kings and queens,,Tue Feb 11 11:13:36 +0000 2020,,,,https://twitter.com/sinatras_muse/status/1227188933324345344,1227188933324345344,3384240669
2020-02-11 10:18:39+00:00,sinatras_muse,yyeezuschrist,0,0,0,That's dope,,Tue Feb 11 10:18:39 +0000 2020,,,,https://twitter.com/sinatras_muse/status/1227175103374483456,1227175103374483456,3384240669
2020-02-10 21:14:24+00:00,sinatras_muse,erlordi,0,0,0, ,,Mon Feb 10 21:14:24 +0000 2020,,,,https://twitter.com/sinatras_muse/status/1226977742303977477,1226977742303977477,3384240669
2020-02-10 18:49:51+00:00,sinatras_muse,Zorro_Alb,1,0,0,E kisha per nga pamja e frate,,Mon Feb 10 18:49:51 +0000 2020,,,,https://twitter.com/sinatras_muse/status/1226941365579374593,1226941365579374593,3384240669
2020-02-10 17:58:43+00:00,sinatras_muse,Zhanpolsartre,1,0,0,Aight same se dhe un po mesoj zoologjine tn.Goodluck tho ,,Mon Feb 10 17:58:43 +0000 2020,,,,https://twitter.com/sinatras_muse/status/1226928497555361793,1226928497555361793,3384240669
2020-02-10 17:52:47+00:00,sinatras_muse,Zhanpolsartre,1,0,0,You damn right i am ,,Mon Feb 10 17:52:47 +0000 2020,,,,https://twitter.com/sinatras_muse/status/1226927004949393409,1226927004949393409,3384240669
2020-02-10 16:59:36+00:00,sinatras_muse,Zhanpolsartre,1,0,3,Im thinking that u must be the female version of me,,Mon Feb 10 16:59:36 +0000 2020,,,,https://twitter.com/sinatras_muse/status/1226913621114019841,1226913621114019841,3384240669
2020-02-10 15:45:03+00:00,sinatras_muse,loco__elvis,0,0,1, ,,Mon Feb 10 15:45:03 +0000 2020,,,,https://twitter.com/sinatras_muse/status/1226894858524209152,1226894858524209152,3384240669
2020-02-10 15:41:58+00:00,sinatras_muse,loco__elvis,0,0,0,Jo m zemra mos e merr seriozisht,,Mon Feb 10 15:41:58 +0000 2020,,,,https://twitter.com/sinatras_muse/status/1226894084188594177,1226894084188594177,3384240669
2020-02-10 14:37:07+00:00,sinatras_muse,,1,0,8,"Remove the ""H"" in ""CHUM BUCKET"" ",,Mon Feb 10 14:37:07 +0000 2020,,,,https://twitter.com/sinatras_muse/status/1226877763895922692,1226877763895922692,3384240669
2020-02-10 13:52:19+00:00,sinatras_muse,Bomboclaat4U,0,0,4,When I cook spinach,,Mon Feb 10 13:52:19 +0000 2020,,,https://twitter.com/Bomboclaat4U/status/1226725090525634560,https://twitter.com/sinatras_muse/status/1226866486645489666,1226866486645489666,3384240669
2020-02-10 12:42:59+00:00,sinatras_muse,bariumtequilisa,0,0,1,I love this,,Mon Feb 10 12:42:59 +0000 2020,,,,https://twitter.com/sinatras_muse/status/1226849038626062337,1226849038626062337,3384240669
2020-02-10 11:03:50+00:00,sinatras_muse,Zhanpolsartre,1,0,0,PERIOD.,,Mon Feb 10 11:03:50 +0000 2020,,,,https://twitter.com/sinatras_muse/status/1226824089534332929,1226824089534332929,3384240669
2020-02-10 05:12:24+00:00,sinatras_muse,pishinaevdekur,0,0,1,Thats right ,,Mon Feb 10 05:12:24 +0000 2020,,,,https://twitter.com/sinatras_muse/status/1226735645101568001,1226735645101568001,3384240669
2020-02-09 21:54:57+00:00,sinatras_muse,error42017,1,0,1,Dont be saying shit like that again ,,Sun Feb 09 21:54:57 +0000 2020,,,,https://twitter.com/sinatras_muse/status/1226625559779774469,1226625559779774469,3384240669
2020-02-09 21:50:38+00:00,sinatras_muse,error42017,1,0,2,God adding beauty when making you,,Sun Feb 09 21:50:38 +0000 2020,,,,https://twitter.com/sinatras_muse/status/1226624473874432001,1226624473874432001,3384240669
2020-02-09 21:27:27+00:00,sinatras_muse,mynamessymone,0,8,44,"""Hey im sorry but i have to cancel our plan for today im busy :/"" Me not wanting to go out in the first place:",,Sun Feb 09 21:27:27 +0000 2020,,,https://twitter.com/mynamessymone/status/1222593791510577152,https://twitter.com/sinatras_muse/status/1226618637739593728,1226618637739593728,3384240669
2020-02-09 17:37:53+00:00,sinatras_muse,wiceri69,2,0,0,Literally whats the point of it?,,Sun Feb 09 17:37:53 +0000 2020,,,,https://twitter.com/sinatras_muse/status/1226560865744367618,1226560865744367618,3384240669
2020-02-09 17:26:01+00:00,sinatras_muse,fixheko,0,0,1,Ayeee thanks <3 We will hang out soon,,Sun Feb 09 17:26:01 +0000 2020,,,,https://twitter.com/sinatras_muse/status/1226557878967906304,1226557878967906304,3384240669
2020-02-09 15:49:59+00:00,sinatras_muse,jurislavstalin,1,0,0,Shurroji nfytyre,,Sun Feb 09 15:49:59 +0000 2020,,,,https://twitter.com/sinatras_muse/status/1226533713145745408,1226533713145745408,3384240669
2020-02-09 15:34:58+00:00,sinatras_muse,Migiisdrunk,1,0,1,Esht fest pa lidhje tho,,Sun Feb 09 15:34:58 +0000 2020,,,,https://twitter.com/sinatras_muse/status/1226529931728949254,1226529931728949254,3384240669
2020-02-09 14:06:19+00:00,sinatras_muse,SexyCelebs88__,0,0,5,Body goals,,Sun Feb 09 14:06:19 +0000 2020,,,https://twitter.com/SexyCelebs88__/status/1226309740445069312,https://twitter.com/sinatras_muse/status/1226507623207505920,1226507623207505920,3384240669
2020-02-09 11:49:09+00:00,sinatras_muse,,0,0,0,Fatkeqesisht po,,Sun Feb 09 11:49:09 +0000 2020,,,,https://twitter.com/sinatras_muse/status/1226473105859719169,1226473105859719169,3384240669
2020-02-09 11:26:14+00:00,sinatras_muse,,1,1,12,Dua qe te mbaroj sezoni sa me shpejt qe te pakten kur te rri kot nuk do te ndihem ne faji,,Sun Feb 09 11:26:14 +0000 2020,,,,https://twitter.com/sinatras_muse/status/1226467338121306114,1226467338121306114,3384240669
2020-02-09 10:30:33+00:00,sinatras_muse,herbigharo24,0,0,8,I fuck with this response,,Sun Feb 09 10:30:33 +0000 2020,,,https://twitter.com/herbigharo24/status/1226452182448431107,https://twitter.com/sinatras_muse/status/1226453325480124417,1226453325480124417,3384240669
2020-02-08 23:13:41+00:00,sinatras_muse,Migiisdrunk,0,0,0,I know ,,Sat Feb 08 23:13:41 +0000 2020,,,,https://twitter.com/sinatras_muse/status/1226282983964971013,1226282983964971013,3384240669
2020-02-08 22:07:30+00:00,sinatras_muse,Zhanpolsartre,1,0,1,Savage,,Sat Feb 08 22:07:30 +0000 2020,,,,https://twitter.com/sinatras_muse/status/1226266328220282885,1226266328220282885,3384240669
