date,username,to,replies,retweets,favorites,text,mentions,formatted_date,geo,hashtags,urls,permalink,ID,author_id
2020-02-28 10:39:50+00:00,SPANlSHBOPS,,4,356,1359,Maluma baby more like Maluma GIVE me a baby ,,Fri Feb 28 10:39:50 +0000 2020,,,,https://twitter.com/SPANlSHBOPS/status/1233341030876901383,1233341030876901383,2854105212
2020-02-28 08:53:06+00:00,SPANlSHBOPS,,25,8388,25263,BENITO DESERVES ALL THIS SUCCESS IM SO HAPPY,,Fri Feb 28 08:53:06 +0000 2020,,,,https://twitter.com/SPANlSHBOPS/status/1233314170356957186,1233314170356957186,2854105212
2020-02-26 15:11:57+00:00,SPANlSHBOPS,,55,3987,11012,What happens when you mix reggaeton and 2000s RnB = ,,Wed Feb 26 15:11:57 +0000 2020,,,,https://twitter.com/SPANlSHBOPS/status/1232684735740010496,1232684735740010496,2854105212
2020-02-23 05:02:55+00:00,SPANlSHBOPS,Mara38096161,5,1754,6429,me restarting the song just to hear that one verse again,,Sun Feb 23 05:02:55 +0000 2020,,,https://twitter.com/Mara38096161/status/1221856189958574081,https://twitter.com/SPANlSHBOPS/status/1231444300438724608,1231444300438724608,2854105212
2020-02-23 02:56:17+00:00,SPANlSHBOPS,,6,788,1984,I wanna go to a bar where they playing reggaeton,,Sun Feb 23 02:56:17 +0000 2020,,,,https://twitter.com/SPANlSHBOPS/status/1231412435367559173,1231412435367559173,2854105212
2020-02-21 23:44:19+00:00,SPANlSHBOPS,,13,1391,4706,Proof that Mexican music is life! ,,Fri Feb 21 23:44:19 +0000 2020,,,,https://twitter.com/SPANlSHBOPS/status/1231001736183074816,1231001736183074816,2854105212
2020-02-17 15:18:15+00:00,SPANlSHBOPS,,106,11781,40594,step up: cumbia edition,,Mon Feb 17 15:18:15 +0000 2020,,,,https://twitter.com/SPANlSHBOPS/status/1229424830497247233,1229424830497247233,2854105212
2020-02-11 18:22:18+00:00,SPANlSHBOPS,Mara38096161,4,1340,4275,"Me when I hear “Vete by Bad Bunny”, than I start sing it and going off",,Tue Feb 11 18:22:18 +0000 2020,,,https://twitter.com/Mara38096161/status/1213157413370679296,https://twitter.com/SPANlSHBOPS/status/1227296819056529408,1227296819056529408,2854105212
2020-02-11 18:21:53+00:00,SPANlSHBOPS,,30,969,3383,NEW DRINKING GAME: Rules: •Put on a playlist with only Bad Bunny songs •Take a shot every time he says “Yeh” May the odds be ever in your favor,,Tue Feb 11 18:21:53 +0000 2020,,,,https://twitter.com/SPANlSHBOPS/status/1227296712860913664,1227296712860913664,2854105212
2020-02-11 01:15:22+00:00,SPANlSHBOPS,Fredo_40k,0,272,1369,When suavemente starts playing at the function and all the white people start getting hype,,Tue Feb 11 01:15:22 +0000 2020,,,https://twitter.com/Fredo_40k/status/1216523521972670468,https://twitter.com/SPANlSHBOPS/status/1227038381302898688,1227038381302898688,2854105212
2020-02-08 17:24:54+00:00,SPANlSHBOPS,,44,8865,30161,"The bums: “Puro autotune, Bad Bunny no canta” Bad Bunny:",,Sat Feb 08 17:24:54 +0000 2020,,,,https://twitter.com/SPANlSHBOPS/status/1226195209203044352,1226195209203044352,2854105212
2020-02-08 17:17:16+00:00,SPANlSHBOPS,,22,8804,23284,Ozuna - ADICTO,,Sat Feb 08 17:17:16 +0000 2020,,,,https://twitter.com/SPANlSHBOPS/status/1226193289902096384,1226193289902096384,2854105212
2020-02-08 17:15:36+00:00,SPANlSHBOPS,,0,228,1072,Bad Bunny singing callaita while Shakira sings chantaje,,Sat Feb 08 17:15:36 +0000 2020,,,,https://twitter.com/SPANlSHBOPS/status/1226192870383636480,1226192870383636480,2854105212
2020-02-05 11:17:30+00:00,SPANlSHBOPS,,6,416,2732,SHAKIRA IS SO HOT AND I BELIEVE IN LATINO SUPREMACY,,Wed Feb 05 11:17:30 +0000 2020,,,,https://twitter.com/SPANlSHBOPS/status/1225015587383869440,1225015587383869440,2854105212
2020-02-03 14:46:56+00:00,SPANlSHBOPS,,6,643,2775,Mi mamá : donde esta todo el papel de aluminio Yo:,,Mon Feb 03 14:46:56 +0000 2020,,,,https://twitter.com/SPANlSHBOPS/status/1224343515699638272,1224343515699638272,2854105212
2020-02-03 14:46:26+00:00,SPANlSHBOPS,,29,1028,3236,Hahaa oooh they're MAD MAD. ,,Mon Feb 03 14:46:26 +0000 2020,,,,https://twitter.com/SPANlSHBOPS/status/1224343392802373633,1224343392802373633,2854105212
2020-02-02 06:50:48+00:00,SPANlSHBOPS,,1,172,1199,Esta va pa ti Kobe Bryant ,,Sun Feb 02 06:50:48 +0000 2020,,,,https://twitter.com/SPANlSHBOPS/status/1223861305007693825,1223861305007693825,2854105212
2020-01-30 19:58:51+00:00,SPANlSHBOPS,,40,2841,7595,Me: “I’m not drinking tonight” Also me after 9 shots,,Thu Jan 30 19:58:51 +0000 2020,,,,https://twitter.com/SPANlSHBOPS/status/1222972462746324992,1222972462746324992,2854105212
2020-01-28 18:00:56+00:00,SPANlSHBOPS,,3,658,2777,"Bad Bunny on his Tribute song to Kobe was talkin bout his daughter and said “y pensar que una se fue contigo me descontrolo pero nah, eso es pa que en el cielo no juegues solo” Holy shit that fucked me up lowkey",,Tue Jan 28 18:00:56 +0000 2020,,,,https://twitter.com/SPANlSHBOPS/status/1222218011475464192,1222218011475464192,2854105212
2020-01-28 17:52:20+00:00,SPANlSHBOPS,,9,552,1525,Bad Bunny’s new song dedicated for Kobe Bryant,,Tue Jan 28 17:52:20 +0000 2020,,,,https://twitter.com/SPANlSHBOPS/status/1222215848116404224,1222215848116404224,2854105212
2020-01-28 13:57:17+00:00,SPANlSHBOPS,sanbenito,22,2977,10260,"Bad Bunny wrote a song for Kobe The song is in Spanish, but wow this part: You won 6 rings, 5 with the NBA and one in a marriage that gave you your daughters Thinking that one of them left with you, got me outta control But nah, it’s so you don’t play ball alone in heaven ",,Tue Jan 28 13:57:17 +0000 2020,,,https://twitter.com/sanbenito/status/1222037611323281408,https://twitter.com/SPANlSHBOPS/status/1222156695213752321,1222156695213752321,2854105212
2020-01-28 13:56:39+00:00,SPANlSHBOPS,,2,598,1624,how 6 rings by bad bunny got me,,Tue Jan 28 13:56:39 +0000 2020,,,,https://twitter.com/SPANlSHBOPS/status/1222156537499508739,1222156537499508739,2854105212
2020-01-26 18:14:46+00:00,SPANlSHBOPS,,7,1717,4285,Bad Bunny cantando tusa is me https://twitter.com/valeria9vega/status/1218511131830050816/video/1,,Sun Jan 26 18:14:46 +0000 2020,,,https://twitter.com/valeria9vega/status/1218511131830050816/video/1,https://twitter.com/SPANlSHBOPS/status/1221496716932726784,1221496716932726784,2854105212
2020-01-26 17:22:38+00:00,SPANlSHBOPS,badIatinas,79,1208,4902,WTF SHE SAID NAH TO LITERALLY ALL THE BANGERS. BYE.,,Sun Jan 26 17:22:38 +0000 2020,,,https://twitter.com/badIatinas/status/1221483463485739008,https://twitter.com/SPANlSHBOPS/status/1221483597351112704,1221483597351112704,2854105212
2020-01-25 11:10:48+00:00,SPANlSHBOPS,,48,2280,7426,If you listen to: Bad Bunny J Balvin Sebastian Yatra Ozuna Rosalía Brytiago Maluma Daddy Yankee Anuel AA Nicky Jam Farruko Wisin & Yandel Lunay Karol G Jhay Cortez Bryant Myers Danny Ocean Myke Towers Sech Chris Jeday Manuel Turizo Noriel Arcangel Darell Let’s be friends :),,Sat Jan 25 11:10:48 +0000 2020,,,,https://twitter.com/SPANlSHBOPS/status/1221027633250488321,1221027633250488321,2854105212
2020-01-21 16:43:09+00:00,SPANlSHBOPS,,42,4098,8615,Me whenever Tusa comes on,,Tue Jan 21 16:43:09 +0000 2020,,,,https://twitter.com/SPANlSHBOPS/status/1219661723457601536,1219661723457601536,2854105212
2020-01-18 08:17:19+00:00,SPANlSHBOPS,,18,2700,6217,How it feels listening to bad bunny,,Sat Jan 18 08:17:19 +0000 2020,,,,https://twitter.com/SPANlSHBOPS/status/1218447260289093634,1218447260289093634,2854105212
2020-01-18 08:03:03+00:00,SPANlSHBOPS,,46,258,1355,"X100PRE TOUR oficialmente ha terminado SI FUERON PARTE DE ESTE TOUR, PONGAN VÍDEOS DE CUANDO FUERON A VER BENITO ",,Sat Jan 18 08:03:03 +0000 2020,,,,https://twitter.com/SPANlSHBOPS/status/1218443669407068160,1218443669407068160,2854105212
2020-01-18 07:51:30+00:00,SPANlSHBOPS,,12,2559,6917,iconic,,Sat Jan 18 07:51:30 +0000 2020,,,,https://twitter.com/SPANlSHBOPS/status/1218440764771823618,1218440764771823618,2854105212
2020-01-17 20:06:20+00:00,SPANlSHBOPS,,2,318,1123,Mood:,,Fri Jan 17 20:06:20 +0000 2020,,,,https://twitter.com/SPANlSHBOPS/status/1218263303568277504,1218263303568277504,2854105212
2020-01-13 17:17:52+00:00,SPANlSHBOPS,,7,1993,6444,Bad Bunny music overall is amazing but that man has a special talent for break up songs,,Mon Jan 13 17:17:52 +0000 2020,,,,https://twitter.com/SPANlSHBOPS/status/1216771355783286784,1216771355783286784,2854105212
2020-01-13 16:12:50+00:00,SPANlSHBOPS,,5,1155,3079,Bad Bunny - Callaita (en vivo),,Mon Jan 13 16:12:50 +0000 2020,,,,https://twitter.com/SPANlSHBOPS/status/1216754989705527299,1216754989705527299,2854105212
2020-01-13 16:12:12+00:00,SPANlSHBOPS,,1,296,1174,‘In My Feelings’ Spanish version ,,Mon Jan 13 16:12:12 +0000 2020,,,,https://twitter.com/SPANlSHBOPS/status/1216754831471169536,1216754831471169536,2854105212
2020-01-06 18:14:29+00:00,SPANlSHBOPS,,19,7163,16689,Bad Bunny - Vete,,Mon Jan 06 18:14:29 +0000 2020,,,,https://twitter.com/SPANlSHBOPS/status/1214248889374498817,1214248889374498817,2854105212
2020-01-06 18:00:03+00:00,SPANlSHBOPS,,156,22349,50869,"Bad Bunny repitiendo ""yeh"" 36272 veces Yo:",,Mon Jan 06 18:00:03 +0000 2020,,,,https://twitter.com/SPANlSHBOPS/status/1214245255198863360,1214245255198863360,2854105212
2020-01-04 16:03:36+00:00,SPANlSHBOPS,,15,2107,6786,Hispanics our their way back to their countries if this war really happens,,Sat Jan 04 16:03:36 +0000 2020,,,,https://twitter.com/SPANlSHBOPS/status/1213491175778217986,1213491175778217986,2854105212
2020-01-02 13:44:05+00:00,SPANlSHBOPS,,1,495,1664,Bad Bunny really brought out Stone Cold Steve Austin for his new ‘Quien Tu Eres’ music video,,Thu Jan 02 13:44:05 +0000 2020,,,,https://twitter.com/SPANlSHBOPS/status/1212731288672587776,1212731288672587776,2854105212
2020-01-01 15:50:42+00:00,SPANlSHBOPS,,5,2321,7462,This could be us in 2020 pero te freseas..,,Wed Jan 01 15:50:42 +0000 2020,,,,https://twitter.com/SPANlSHBOPS/status/1212400765492269057,1212400765492269057,2854105212
