date,username,to,replies,retweets,favorites,text,mentions,formatted_date,geo,hashtags,urls,permalink,ID,author_id
2020-02-25 00:37:00+00:00,sryisuck,,0,7,50,https://twitter.com/natestfu/status/1232020780550148096,,Tue Feb 25 00:37:00 +0000 2020,,,https://twitter.com/natestfu/status/1232020780550148096,https://twitter.com/sryisuck/status/1232102159854063616,1232102159854063616,3250055017
2020-02-24 11:56:30+00:00,sryisuck,,1,22,115, pic.twitter.com/rnRkg1lGog,,Mon Feb 24 11:56:30 +0000 2020,,,,https://twitter.com/sryisuck/status/1231910770604154881,1231910770604154881,3250055017
2020-02-24 00:54:38+00:00,sryisuck,LORAFRIMANEE,0,34,169,boy said “ ”,,Mon Feb 24 00:54:38 +0000 2020,,,https://twitter.com/LORAFRIMANEE/status/1231683654449012741,https://twitter.com/sryisuck/status/1231744205921406976,1231744205921406976,3250055017
2020-02-23 08:49:31+00:00,sryisuck,acheatingvegan,0,2,71,*future’s voice* that’s too much sauce,,Sun Feb 23 08:49:31 +0000 2020,,,https://twitter.com/acheatingvegan/status/1231363176136089601,https://twitter.com/sryisuck/status/1231501328423231489,1231501328423231489,3250055017
2020-02-19 14:22:03+00:00,sryisuck,Jenchy_,0,12,59,"""lose"" & ""loose"" be getting y'all so of course",,Wed Feb 19 14:22:03 +0000 2020,,,https://twitter.com/Jenchy_/status/1229978122537316352,https://twitter.com/sryisuck/status/1230135462951559169,1230135462951559169,3250055017
2020-02-18 04:51:12+00:00,sryisuck,jujubangzz,5,60,650,why tf he standin like that ,,Tue Feb 18 04:51:12 +0000 2020,,,https://twitter.com/jujubangzz/status/1229625364181241856,https://twitter.com/sryisuck/status/1229629413052108803,1229629413052108803,3250055017
2020-02-13 06:40:01+00:00,sryisuck,Stfu_Anajai,0,19,108,CAN I PLS GET A WAFFLE?!,,Thu Feb 13 06:40:01 +0000 2020,,,https://twitter.com/Stfu_Anajai/status/1227777384117612544,https://twitter.com/sryisuck/status/1227844860859817984,1227844860859817984,3250055017
2020-02-13 01:34:21+00:00,sryisuck,,0,50,271,"pie eating contest? nah son, free pie",,Thu Feb 13 01:34:21 +0000 2020,,,,https://twitter.com/sryisuck/status/1227767935130886144,1227767935130886144,3250055017
2020-02-12 05:06:04+00:00,sryisuck,hollietitter,1,0,2,i see y'all talmbout popeyes ALL the time,,Wed Feb 12 05:06:04 +0000 2020,,,,https://twitter.com/sryisuck/status/1227458829656449025,1227458829656449025,3250055017
2020-02-11 13:00:47+00:00,sryisuck,acheatingvegan,3,15,148,it's a NO,,Tue Feb 11 13:00:47 +0000 2020,,,https://twitter.com/acheatingvegan/status/1227086757474295808,https://twitter.com/sryisuck/status/1227215908583723008,1227215908583723008,3250055017
2020-02-11 11:34:31+00:00,sryisuck,,1,19,129,https://twitter.com/sourpatchkidsx/status/1227099173369061376,,Tue Feb 11 11:34:31 +0000 2020,,,https://twitter.com/sourpatchkidsx/status/1227099173369061376,https://twitter.com/sryisuck/status/1227194197259833346,1227194197259833346,3250055017
2020-02-09 23:49:24+00:00,sryisuck,DamnDRoseTweets,0,21,166,"shorty said "" """,,Sun Feb 09 23:49:24 +0000 2020,,,https://twitter.com/DamnDRoseTweets/status/1225930222236774400,https://twitter.com/sryisuck/status/1226654360492441600,1226654360492441600,3250055017
2020-02-09 22:00:46+00:00,sryisuck,natestfu,0,16,38,"and i won't say a word, and just fall back",,Sun Feb 09 22:00:46 +0000 2020,,,https://twitter.com/natestfu/status/1226618988785889280,https://twitter.com/sryisuck/status/1226627020827889664,1226627020827889664,3250055017
2020-02-07 00:52:54+00:00,sryisuck,,0,50,172,who tryna go here on v-day?,,Fri Feb 07 00:52:54 +0000 2020,,,,https://twitter.com/sryisuck/status/1225583177919553547,1225583177919553547,3250055017
2020-02-06 06:47:10+00:00,sryisuck,,1,7,90,this vegan shit easy,,Thu Feb 06 06:47:10 +0000 2020,,,,https://twitter.com/sryisuck/status/1225309944821493760,1225309944821493760,3250055017
2020-02-06 04:23:51+00:00,sryisuck,getlostdork,0,17,144,"florida, is everything ok at home?",,Thu Feb 06 04:23:51 +0000 2020,,,https://twitter.com/getlostdork/status/1225241291421814784,https://twitter.com/sryisuck/status/1225273877573623809,1225273877573623809,3250055017
2020-02-02 10:32:50+00:00,sryisuck,__fatcheeks,0,6,57,who gon tell her,,Sun Feb 02 10:32:50 +0000 2020,,,https://twitter.com/__fatcheeks/status/1223654732713091073,https://twitter.com/sryisuck/status/1223917183518105602,1223917183518105602,3250055017
2020-01-30 06:05:39+00:00,sryisuck,jujubangzz,0,16,176,why am i being attacked like this,,Thu Jan 30 06:05:39 +0000 2020,,,https://twitter.com/jujubangzz/status/1222683781854724096,https://twitter.com/sryisuck/status/1222762783135105026,1222762783135105026,3250055017
2020-01-30 05:25:04+00:00,sryisuck,steezups,0,12,57,we still do fuck u mean,,Thu Jan 30 05:25:04 +0000 2020,,,https://twitter.com/steezups/status/1222256259098914816,https://twitter.com/sryisuck/status/1222752569929453568,1222752569929453568,3250055017
2020-01-29 19:31:41+00:00,sryisuck,Shanestackamil1,1,12,169,jay-z got that new apple watch ring,,Wed Jan 29 19:31:41 +0000 2020,,,https://twitter.com/Shanestackamil1/status/1221302218172747776,https://twitter.com/sryisuck/status/1222603237121056768,1222603237121056768,3250055017
2020-01-28 04:51:38+00:00,sryisuck,Mufaa6,4,16,110,why she smackin it like that ,,Tue Jan 28 04:51:38 +0000 2020,,,https://twitter.com/Mufaa6/status/1221939729060417536,https://twitter.com/sryisuck/status/1222019378025201666,1222019378025201666,3250055017
2020-01-28 00:25:39+00:00,sryisuck,realslimgracie,1,53,297,i can't even read it,,Tue Jan 28 00:25:39 +0000 2020,,,https://twitter.com/realslimgracie/status/1221520968360890371,https://twitter.com/sryisuck/status/1221952440720855045,1221952440720855045,3250055017
2020-01-25 05:48:34+00:00,sryisuck,thelovelyMC,1,14,63,damn what time u be waking up?,,Sat Jan 25 05:48:34 +0000 2020,,,https://twitter.com/thelovelyMC/status/1220380558825418752,https://twitter.com/sryisuck/status/1220946540828798976,1220946540828798976,3250055017
2020-01-25 05:33:43+00:00,sryisuck,,0,8,27,where did my hoes go? ,,Sat Jan 25 05:33:43 +0000 2020,,,,https://twitter.com/sryisuck/status/1220942806136561664,1220942806136561664,3250055017
2020-01-13 18:51:32+00:00,sryisuck,juicyyscott,0,79,321,"if u do this, ya mom’s a hoe",,Mon Jan 13 18:51:32 +0000 2020,,,https://twitter.com/juicyyscott/status/1215864733858844673,https://twitter.com/sryisuck/status/1216794927486709760,1216794927486709760,3250055017
2020-01-13 05:13:14+00:00,sryisuck,salchimamas,0,7,67,post-send clarity is a real thing,,Mon Jan 13 05:13:14 +0000 2020,,,https://twitter.com/salchimamas/status/1216573653082656770,https://twitter.com/sryisuck/status/1216588995058192384,1216588995058192384,3250055017
2020-01-10 11:30:23+00:00,sryisuck,,2,141,483,boy threw that hoe back hard af https://twitter.com/3Neekz/status/1215546651072520192/video/1,,Fri Jan 10 11:30:23 +0000 2020,,,https://twitter.com/3Neekz/status/1215546651072520192/video/1,https://twitter.com/sryisuck/status/1215596743766745088,1215596743766745088,3250055017
2020-01-09 20:05:52+00:00,sryisuck,mixedgrass,0,14,87,“ i can’t believe u done this”,,Thu Jan 09 20:05:52 +0000 2020,,,https://twitter.com/mixedgrass/status/1215059700678414337,https://twitter.com/sryisuck/status/1215364084968960000,1215364084968960000,3250055017
2020-01-08 16:10:47+00:00,sryisuck,AndileGula_,1,10,39,100 to 0 real quick :(,,Wed Jan 08 16:10:47 +0000 2020,,,https://twitter.com/AndileGula_/status/1214832680489095168,https://twitter.com/sryisuck/status/1214942535061295105,1214942535061295105,3250055017
2020-01-06 22:22:54+00:00,sryisuck,melonhighs,0,10,70,not all heroes wear clothes,,Mon Jan 06 22:22:54 +0000 2020,,,https://twitter.com/melonhighs/status/1213568897728831497,https://twitter.com/sryisuck/status/1214311404104232962,1214311404104232962,3250055017
2020-01-06 04:12:40+00:00,sryisuck,,1,14,54,un detallito https://twitter.com/_xoathena/status/1214036483192967168/video/1,,Mon Jan 06 04:12:40 +0000 2020,,,https://twitter.com/_xoathena/status/1214036483192967168/video/1,https://twitter.com/sryisuck/status/1214037037189390342,1214037037189390342,3250055017
2020-01-06 00:39:41+00:00,sryisuck,,0,10,59,https://twitter.com/TaylorCharisse/status/1213682299528548352,,Mon Jan 06 00:39:41 +0000 2020,,,https://twitter.com/TaylorCharisse/status/1213682299528548352,https://twitter.com/sryisuck/status/1213983439701065733,1213983439701065733,3250055017
2020-01-03 09:24:32+00:00,sryisuck,,0,1,21,i said DON'T,,Fri Jan 03 09:24:32 +0000 2020,,,,https://twitter.com/sryisuck/status/1213028358570872833,1213028358570872833,3250055017
2020-01-03 09:20:38+00:00,sryisuck,2StarYelp,7,88,275,don't open this,,Fri Jan 03 09:20:38 +0000 2020,,,https://twitter.com/2StarYelp/status/1212803088312143873,https://twitter.com/sryisuck/status/1213027377141485568,1213027377141485568,3250055017
2020-01-02 07:53:03+00:00,sryisuck,ZairianKing,0,69,347,u got kik?,,Thu Jan 02 07:53:03 +0000 2020,,,https://twitter.com/ZairianKing/status/1211742422151127040,https://twitter.com/sryisuck/status/1212642948040577024,1212642948040577024,3250055017
