date,username,to,replies,retweets,favorites,text,mentions,formatted_date,geo,hashtags,urls,permalink,ID,author_id
2020-02-21 22:48:56+00:00,SXRMN1,,0,0,0,Nobody gone support me as hard as ME... and I’m okay with that.,,Fri Feb 21 22:48:56 +0000 2020,,,,https://twitter.com/SXRMN1/status/1230987799811313664,1230987799811313664,1100093697633538050
2020-02-03 15:39:34+00:00,SXRMN1,dearra,0,0,2,This nigga got on a Red Bottom hat..sheesh ,,Mon Feb 03 15:39:34 +0000 2020,,,https://twitter.com/dearra/status/1224150536053829634,https://twitter.com/SXRMN1/status/1224356761823588352,1224356761823588352,1100093697633538050
2020-01-29 05:13:15+00:00,SXRMN1,JustDOIt7696,0,0,1,“HYFR” and I’m standing on that.,,Wed Jan 29 05:13:15 +0000 2020,,,https://twitter.com/JustDOIt7696/status/1222379668969529345,https://twitter.com/SXRMN1/status/1222387207266361345,1222387207266361345,1100093697633538050
2020-01-29 04:53:53+00:00,SXRMN1,iceefuji,1,0,1,Yfm he tweaking talm bout some “bruh what’s going on” nigga yo girl got a timberland boot in her mouth ,,Wed Jan 29 04:53:53 +0000 2020,,,,https://twitter.com/SXRMN1/status/1222382333212479489,1222382333212479489,1100093697633538050
2020-01-29 04:24:33+00:00,SXRMN1,donkeeyballssss,2,0,0,Damn she really just vlogged yo ass whooping.,,Wed Jan 29 04:24:33 +0000 2020,,,https://twitter.com/donkeeyballssss/status/1222298560588214272,https://twitter.com/SXRMN1/status/1222374951350677504,1222374951350677504,1100093697633538050
2020-01-29 01:57:27+00:00,SXRMN1,Yip33kiyay,0,0,0,“Ik you see these dishes in the sink.”,,Wed Jan 29 01:57:27 +0000 2020,,,https://twitter.com/Yip33kiyay/status/1222239779485573122,https://twitter.com/SXRMN1/status/1222337929676296192,1222337929676296192,1100093697633538050
2020-01-29 01:53:09+00:00,SXRMN1,simply__ashlee,1,0,2,*kill confirmed*,,Wed Jan 29 01:53:09 +0000 2020,,,https://twitter.com/simply__ashlee/status/1222305343260315650,https://twitter.com/SXRMN1/status/1222336849315799040,1222336849315799040,1100093697633538050
2020-01-29 01:23:34+00:00,SXRMN1,_frompluto,0,0,0,Her bundles? Shred em,,Wed Jan 29 01:23:34 +0000 2020,,,https://twitter.com/_frompluto/status/1222271944122404864,https://twitter.com/SXRMN1/status/1222329405533511682,1222329405533511682,1100093697633538050
2020-01-29 01:17:18+00:00,SXRMN1,sgrate__,0,0,3,Even if you buy it she still on yo ass for playing the game. ,,Wed Jan 29 01:17:18 +0000 2020,,,https://twitter.com/sgrate__/status/1222005987151949824,https://twitter.com/SXRMN1/status/1222327825665077251,1222327825665077251,1100093697633538050
2020-01-29 01:12:36+00:00,SXRMN1,CampaignCamo,0,1,2,Yea this one finally made me laugh about it ,,Wed Jan 29 01:12:36 +0000 2020,,,https://twitter.com/CampaignCamo/status/1221842788175818763,https://twitter.com/SXRMN1/status/1222326646411354112,1222326646411354112,1100093697633538050
2020-01-28 03:08:43+00:00,SXRMN1,,0,7,6,Y’all go run this up https://youtu.be/_4NG-YjVf80,,Tue Jan 28 03:08:43 +0000 2020,,,https://youtu.be/_4NG-YjVf80,https://twitter.com/SXRMN1/status/1221993480425177089,1221993480425177089,1100093697633538050
2020-01-27 15:56:16+00:00,SXRMN1,Y2SHAF,0,0,1,When yo momma wake you screaming at early af o’clock,,Mon Jan 27 15:56:16 +0000 2020,,,https://twitter.com/Y2SHAF/status/1221482173028622338,https://twitter.com/SXRMN1/status/1221824251495436288,1221824251495436288,1100093697633538050
2020-01-27 15:50:44+00:00,SXRMN1,itsOddFuture,0,5,7,And not a word that came out of his mouth wasn’t true ,,Mon Jan 27 15:50:44 +0000 2020,,,https://twitter.com/itsOddFuture/status/1221635664300650497,https://twitter.com/SXRMN1/status/1221822860483801088,1221822860483801088,1100093697633538050
2020-01-27 14:40:48+00:00,SXRMN1,BRWrestling,0,0,0,Guess this means it’s time for me to start spearing the homies in the backyard again. ,,Mon Jan 27 14:40:48 +0000 2020,,,https://twitter.com/BRWrestling/status/1221641687216164864,https://twitter.com/SXRMN1/status/1221805260668358657,1221805260668358657,1100093697633538050
2020-01-27 05:10:10+00:00,SXRMN1,Dazhaneleah,0,2,7,"And Women like you are the reason certain “cheating men” struggle to be better men, cause you won’t stop bringing up the old shit... just stfu ",,Mon Jan 27 05:10:10 +0000 2020,,,https://twitter.com/Dazhaneleah/status/1221453296189214720,https://twitter.com/SXRMN1/status/1221661653080707072,1221661653080707072,1100093697633538050
2020-01-27 05:01:05+00:00,SXRMN1,nawndo,0,0,4,Damn not too far apart LA lost 2 of the realist niggas to do it ,,Mon Jan 27 05:01:05 +0000 2020,,,https://twitter.com/nawndo/status/1221548376488996864,https://twitter.com/SXRMN1/status/1221659368413978625,1221659368413978625,1100093697633538050
2020-01-27 04:14:51+00:00,SXRMN1,DwyaneWade,0,0,1,Yea this one broke me ,,Mon Jan 27 04:14:51 +0000 2020,,,https://twitter.com/DwyaneWade/status/1221520699761651713,https://twitter.com/SXRMN1/status/1221647733959864321,1221647733959864321,1100093697633538050
2020-01-27 04:13:57+00:00,SXRMN1,beeniicole,0,1,0,Gotta love the @NBA2K community. R.I.P. GOAT #MambaMentalityForever,@NBA2K,Mon Jan 27 04:13:57 +0000 2020,,#MambaMentalityForever,https://twitter.com/beeniicole/status/1221567439634255873,https://twitter.com/SXRMN1/status/1221647506699845633,1221647506699845633,1100093697633538050
2020-01-26 11:58:29+00:00,SXRMN1,D0MXNXQUE,0,0,0,He’s an asshole cause he got shot 9 times... May I add still living as well ,,Sun Jan 26 11:58:29 +0000 2020,,,,https://twitter.com/SXRMN1/status/1221402022756470786,1221402022756470786,1100093697633538050
2020-01-26 11:55:01+00:00,SXRMN1,D0MXNXQUE,0,0,1,But could they kill him doe. ,,Sun Jan 26 11:55:01 +0000 2020,,,https://twitter.com/D0MXNXQUE/status/1221117680532492289,https://twitter.com/SXRMN1/status/1221401149963718656,1221401149963718656,1100093697633538050
2020-01-26 09:23:13+00:00,SXRMN1,BoudoirMadam,0,0,2,Just imagine sitting in your nice home watching tv then boom..40 golf balls flying through your window ,,Sun Jan 26 09:23:13 +0000 2020,,,https://twitter.com/BoudoirMadam/status/1219842038750949378,https://twitter.com/SXRMN1/status/1221362947211059200,1221362947211059200,1100093697633538050
2020-01-18 18:38:21+00:00,SXRMN1,realkashy_t,0,0,0,I fw it... still ain’t droppin 50 doe.,,Sat Jan 18 18:38:21 +0000 2020,,,https://twitter.com/realkashy_t/status/1217934563609104385,https://twitter.com/SXRMN1/status/1218603549699035138,1218603549699035138,1100093697633538050
2020-01-17 18:17:11+00:00,SXRMN1,BlkJohnnyBravo,0,3,3,Really one of the hardest niggas in T-town no cap ,,Fri Jan 17 18:17:11 +0000 2020,,,https://twitter.com/BlkJohnnyBravo/status/1218044657109737473,https://twitter.com/SXRMN1/status/1218235835226689536,1218235835226689536,1100093697633538050
2020-01-08 00:15:07+00:00,SXRMN1,,0,6,5,Want to get into DIS-ORIENTATION FREE (YES FREE ) . First 150 people get in FREE BY REPPING YOUR CITY . Have song requests Want your favorite song played to get you lit Send songs to @quartersixpromotions And twitter to @sixcartel @shealeythadon #AAMU,@SixCartel @ShealeyThaDon,Wed Jan 08 00:15:07 +0000 2020,,#AAMU,,https://twitter.com/SXRMN1/status/1214702031748915200,1214702031748915200,1100093697633538050
2020-01-04 20:02:39+00:00,SXRMN1,derrialanise_,0,0,0,I was reading what you sent me. The shit loooonnnngggg af,,Sat Jan 04 20:02:39 +0000 2020,,,,https://twitter.com/SXRMN1/status/1213551332872851462,1213551332872851462,1100093697633538050
2020-01-04 19:45:08+00:00,SXRMN1,sweetlikeashley,1,0,0,Me explainIng the difference between Bessemer and BEHMUH.,,Sat Jan 04 19:45:08 +0000 2020,,,https://twitter.com/sweetlikeashley/status/1213217726916956160,https://twitter.com/SXRMN1/status/1213546928128045057,1213546928128045057,1100093697633538050
2020-01-04 19:43:06+00:00,SXRMN1,MackBeChillin,0,0,1,You’re a virus.,,Sat Jan 04 19:43:06 +0000 2020,,,https://twitter.com/MackBeChillin/status/1213312001839173632,https://twitter.com/SXRMN1/status/1213546412664918026,1213546412664918026,1100093697633538050
