date,username,to,replies,retweets,favorites,text,mentions,formatted_date,geo,hashtags,urls,permalink,ID,author_id
2020-02-28 23:17:49+00:00,targswidow,,0,0,3,I got my braces off and now I don’t know how to act ,,Fri Feb 28 23:17:49 +0000 2020,,,,https://twitter.com/targswidow/status/1233531783418908672,1233531783418908672,988067963734544384
2020-02-28 21:35:05+00:00,targswidow,tcfsrvinyl,0,0,0,U,,Fri Feb 28 21:35:05 +0000 2020,,,,https://twitter.com/targswidow/status/1233505927531311105,1233505927531311105,988067963734544384
2020-02-28 20:02:34+00:00,targswidow,thisiskick,0,0,1,thank you bby ,,Fri Feb 28 20:02:34 +0000 2020,,,,https://twitter.com/targswidow/status/1233482644211499008,1233482644211499008,988067963734544384
2020-02-28 19:10:15+00:00,targswidow,brujosito,1,0,1,ilysm thank you ,,Fri Feb 28 19:10:15 +0000 2020,,,,https://twitter.com/targswidow/status/1233469479205691393,1233469479205691393,988067963734544384
2020-02-28 19:00:39+00:00,targswidow,wandaswhore_,0,0,0,ahhh exciting !! the time will fly by :),,Fri Feb 28 19:00:39 +0000 2020,,,,https://twitter.com/targswidow/status/1233467064322490369,1233467064322490369,988067963734544384
2020-02-28 18:38:05+00:00,targswidow,bisexualolsen,0,0,1,love you sm,,Fri Feb 28 18:38:05 +0000 2020,,,,https://twitter.com/targswidow/status/1233461383720730624,1233461383720730624,988067963734544384
2020-02-28 18:23:43+00:00,targswidow,ultracarolnat,1,0,1,ily ,,Fri Feb 28 18:23:43 +0000 2020,,,,https://twitter.com/targswidow/status/1233457771171000320,1233457771171000320,988067963734544384
2020-02-28 18:12:47+00:00,targswidow,pendracarys,1,0,1,Awh pls all you ,,Fri Feb 28 18:12:47 +0000 2020,,,,https://twitter.com/targswidow/status/1233455017929117701,1233455017929117701,988067963734544384
2020-02-28 18:12:40+00:00,targswidow,carolswanda,0,0,1,thank you luv ,,Fri Feb 28 18:12:40 +0000 2020,,,,https://twitter.com/targswidow/status/1233454988166336512,1233454988166336512,988067963734544384
2020-02-28 18:12:33+00:00,targswidow,sithpascal,0,0,1,thank you ,,Fri Feb 28 18:12:33 +0000 2020,,,,https://twitter.com/targswidow/status/1233454958323945479,1233454958323945479,988067963734544384
2020-02-28 18:12:25+00:00,targswidow,cyberkylo,0,0,0,THANK YOU BBY ,,Fri Feb 28 18:12:25 +0000 2020,,,,https://twitter.com/targswidow/status/1233454928057774081,1233454928057774081,988067963734544384
2020-02-28 18:12:17+00:00,targswidow,inejverse,1,0,1,PLS ILYSM ,,Fri Feb 28 18:12:17 +0000 2020,,,,https://twitter.com/targswidow/status/1233454894260027393,1233454894260027393,988067963734544384
2020-02-28 18:05:53+00:00,targswidow,,13,0,44,yes hello my braces are gone ,,Fri Feb 28 18:05:53 +0000 2020,,,,https://twitter.com/targswidow/status/1233453281940254722,1233453281940254722,988067963734544384
2020-02-28 17:49:49+00:00,targswidow,inejverse,0,0,1,Me ,,Fri Feb 28 17:49:49 +0000 2020,,,,https://twitter.com/targswidow/status/1233449237863698432,1233449237863698432,988067963734544384
2020-02-28 16:36:36+00:00,targswidow,,1,0,1,omfg I look so bad without braces put them back on rn this ain’t a joke,,Fri Feb 28 16:36:36 +0000 2020,,,,https://twitter.com/targswidow/status/1233430811686449152,1233430811686449152,988067963734544384
2020-02-28 15:37:24+00:00,targswidow,deancharIes,0,0,1,Awh don’t worry it will come quick!!,,Fri Feb 28 15:37:24 +0000 2020,,,,https://twitter.com/targswidow/status/1233415915443716096,1233415915443716096,988067963734544384
2020-02-28 15:26:15+00:00,targswidow,,1,0,2,im getting my braces off right now PERIOD!,,Fri Feb 28 15:26:15 +0000 2020,,,,https://twitter.com/targswidow/status/1233413110804963329,1233413110804963329,988067963734544384
2020-02-28 03:57:18+00:00,targswidow,,0,2,16,wait..period,,Fri Feb 28 03:57:18 +0000 2020,,,,https://twitter.com/targswidow/status/1233239729296039936,1233239729296039936,988067963734544384
2020-02-28 01:50:20+00:00,targswidow,,0,0,0,Of course,,Fri Feb 28 01:50:20 +0000 2020,,,,https://twitter.com/targswidow/status/1233207775863373825,1233207775863373825,988067963734544384
2020-02-28 01:35:40+00:00,targswidow,,0,0,2,heart been broke so many times i i don’t know what to believe yeah mama said it’s my fault it's my fault ,,Fri Feb 28 01:35:40 +0000 2020,,,,https://twitter.com/targswidow/status/1233204086872428551,1233204086872428551,988067963734544384
2020-02-27 19:34:55+00:00,targswidow,mischiefseries,1,0,0,UR GORG ,,Thu Feb 27 19:34:55 +0000 2020,,,,https://twitter.com/targswidow/status/1233113298154983425,1233113298154983425,988067963734544384
2020-02-27 13:28:18+00:00,targswidow,yensclarke,0,0,1,kimilias still exist.. I—,,Thu Feb 27 13:28:18 +0000 2020,,,,https://twitter.com/targswidow/status/1233021038717476864,1233021038717476864,988067963734544384
2020-02-27 02:56:34+00:00,targswidow,deanoruu,0,0,1,pls ,,Thu Feb 27 02:56:34 +0000 2020,,,,https://twitter.com/targswidow/status/1232862057604751361,1232862057604751361,988067963734544384
2020-02-27 02:44:46+00:00,targswidow,mcuwaititi,1,0,1,queen book a flight to nj and I will teach you how to French AND Dutch braid ,,Thu Feb 27 02:44:46 +0000 2020,,,,https://twitter.com/targswidow/status/1232859087081218048,1232859087081218048,988067963734544384
2020-02-27 02:26:29+00:00,targswidow,,1,0,13,celebrity lockscreens i made feel free to use ,,Thu Feb 27 02:26:29 +0000 2020,,,,https://twitter.com/targswidow/status/1232854487196459008,1232854487196459008,988067963734544384
2020-02-27 02:11:04+00:00,targswidow,KlNGVALKYRlE,0,0,0,HER POWER,,Thu Feb 27 02:11:04 +0000 2020,,,,https://twitter.com/targswidow/status/1232850607171678208,1232850607171678208,988067963734544384
2020-02-27 01:55:33+00:00,targswidow,,1,0,8,my ass don’t know how to act on picsart anymore so fuck it here’s a tessa thompson lockscreen i made ,,Thu Feb 27 01:55:33 +0000 2020,,,,https://twitter.com/targswidow/status/1232846703017037824,1232846703017037824,988067963734544384
2020-02-26 23:33:37+00:00,targswidow,thatmarvelbih,1,0,1,distractions ?,,Wed Feb 26 23:33:37 +0000 2020,,,,https://twitter.com/targswidow/status/1232810982528946176,1232810982528946176,988067963734544384
2020-02-26 18:26:39+00:00,targswidow,,0,0,0,PEACHES IS OUT HERE WILDIN IN MIAMI HOW DID SHE NOT GET ARRESTED PLS SKDJJD,,Wed Feb 26 18:26:39 +0000 2020,,,,https://twitter.com/targswidow/status/1232733730197901314,1232733730197901314,988067963734544384
2020-02-26 12:37:50+00:00,targswidow,,0,0,1,might rewatch runaways my power https://twitter.com/luvminoru/status/1231092671546085377/video/1,,Wed Feb 26 12:37:50 +0000 2020,,,https://twitter.com/luvminoru/status/1231092671546085377/video/1,https://twitter.com/targswidow/status/1232645949941481473,1232645949941481473,988067963734544384
2020-02-25 21:15:05+00:00,targswidow,,0,0,1,KIT PLEASE STEP ON MY NECK SIR OH MY GOD,,Tue Feb 25 21:15:05 +0000 2020,,,,https://twitter.com/targswidow/status/1232413731856011264,1232413731856011264,988067963734544384
2020-02-25 19:08:59+00:00,targswidow,camillespreaker,0,0,1,Of course,,Tue Feb 25 19:08:59 +0000 2020,,,,https://twitter.com/targswidow/status/1232381997139550208,1232381997139550208,988067963734544384
2020-02-25 14:34:51+00:00,targswidow,,0,0,2,I just sat in class on tik tok for a straight hour like this app is ruining me,,Tue Feb 25 14:34:51 +0000 2020,,,,https://twitter.com/targswidow/status/1232313008338227201,1232313008338227201,988067963734544384
2020-02-25 02:08:56+00:00,targswidow,valkyriethot,0,0,0,LEGSNSNDNSBDJ?!:!:$;$3$2$1@923&!;,,Tue Feb 25 02:08:56 +0000 2020,,,,https://twitter.com/targswidow/status/1232125291801317376,1232125291801317376,988067963734544384
2020-02-25 02:08:31+00:00,targswidow,kingedmvnd,0,0,1,the obsession ,,Tue Feb 25 02:08:31 +0000 2020,,,,https://twitter.com/targswidow/status/1232125187073675265,1232125187073675265,988067963734544384
2020-02-25 01:42:57+00:00,targswidow,sameenshawstan,0,0,1,we see each other,,Tue Feb 25 01:42:57 +0000 2020,,,,https://twitter.com/targswidow/status/1232118755662102529,1232118755662102529,988067963734544384
2020-02-25 01:37:11+00:00,targswidow,kingedmvnd,1,0,0,why she following / interacting with an emilia update account I CANNOT lmfao,,Tue Feb 25 01:37:11 +0000 2020,,,,https://twitter.com/targswidow/status/1232117304307191808,1232117304307191808,988067963734544384
2020-02-25 01:34:51+00:00,targswidow,kingedmvnd,1,0,2,I remember fighting her over the summer im already blocked ,,Tue Feb 25 01:34:51 +0000 2020,,,,https://twitter.com/targswidow/status/1232116716953534464,1232116716953534464,988067963734544384
2020-02-25 01:31:39+00:00,targswidow,,0,2,7,WOMEN.,,Tue Feb 25 01:31:39 +0000 2020,,,,https://twitter.com/targswidow/status/1232115911194226691,1232115911194226691,988067963734544384
2020-02-24 22:59:52+00:00,targswidow,deancharIes,1,0,0,ME!,,Mon Feb 24 22:59:52 +0000 2020,,,,https://twitter.com/targswidow/status/1232077714447835139,1232077714447835139,988067963734544384
2020-02-24 13:47:28+00:00,targswidow,murderousdany,0,0,1,omg me of course,,Mon Feb 24 13:47:28 +0000 2020,,,,https://twitter.com/targswidow/status/1231938698796818435,1231938698796818435,988067963734544384
2020-02-24 13:38:01+00:00,targswidow,FlGHTTHEFUTURE,0,0,0,ISKSKD,,Mon Feb 24 13:38:01 +0000 2020,,,,https://twitter.com/targswidow/status/1231936319267450880,1231936319267450880,988067963734544384
2020-02-24 13:08:14+00:00,targswidow,thorsdany,0,0,0,I agree,,Mon Feb 24 13:08:14 +0000 2020,,,,https://twitter.com/targswidow/status/1231928823664517121,1231928823664517121,988067963734544384
2020-02-24 12:44:29+00:00,targswidow,timmysmedicine,0,0,0,tangled ,,Mon Feb 24 12:44:29 +0000 2020,,,https://twitter.com/timmysmedicine/status/1231245669693784064,https://twitter.com/targswidow/status/1231922847808966658,1231922847808966658,988067963734544384
2020-02-24 12:36:38+00:00,targswidow,readytorhys,0,0,1,hello ,,Mon Feb 24 12:36:38 +0000 2020,,,,https://twitter.com/targswidow/status/1231920870165225472,1231920870165225472,988067963734544384
2020-02-24 01:51:25+00:00,targswidow,,0,0,0,I FORGOT THE WALKING DEAD IS BACK TN WTFFF,,Mon Feb 24 01:51:25 +0000 2020,,,,https://twitter.com/targswidow/status/1231758497269895168,1231758497269895168,988067963734544384
2020-02-23 23:57:23+00:00,targswidow,,0,0,1,it’s 2020 and i still don’t have anyone to hold my hand. this is maddyphobia ,,Sun Feb 23 23:57:23 +0000 2020,,,,https://twitter.com/targswidow/status/1231729799200153604,1231729799200153604,988067963734544384
2020-02-23 23:47:03+00:00,targswidow,omgrelatabIe,0,0,0,yes today is one of THESE days,,Sun Feb 23 23:47:03 +0000 2020,,,https://twitter.com/omgrelatabIe/status/1227522430362673152,https://twitter.com/targswidow/status/1231727200581423109,1231727200581423109,988067963734544384
2020-02-23 18:57:35+00:00,targswidow,wlwcara,1,0,1,OMFG LET ME BREATHE QUEEN,,Sun Feb 23 18:57:35 +0000 2020,,,,https://twitter.com/targswidow/status/1231654353125150720,1231654353125150720,988067963734544384
2020-02-23 18:57:13+00:00,targswidow,,0,0,1,marvel seriously needs to hire boss logic for their posters omfg,,Sun Feb 23 18:57:13 +0000 2020,,,,https://twitter.com/targswidow/status/1231654261068570624,1231654261068570624,988067963734544384
2020-02-23 16:00:24+00:00,targswidow,ultracarolnat,0,0,1,me lmao,,Sun Feb 23 16:00:24 +0000 2020,,,,https://twitter.com/targswidow/status/1231609762661441537,1231609762661441537,988067963734544384
2020-02-23 16:00:15+00:00,targswidow,ultracarolnat,0,0,1,yesss!!,,Sun Feb 23 16:00:15 +0000 2020,,,,https://twitter.com/targswidow/status/1231609724963037191,1231609724963037191,988067963734544384
2020-02-23 15:11:03+00:00,targswidow,,0,0,10,she ate the other girlies up,,Sun Feb 23 15:11:03 +0000 2020,,,,https://twitter.com/targswidow/status/1231597342270332928,1231597342270332928,988067963734544384
2020-02-23 14:45:31+00:00,targswidow,camillespreaker,0,0,0,pls stay safe we all love you so much gill,,Sun Feb 23 14:45:31 +0000 2020,,,,https://twitter.com/targswidow/status/1231590920124059649,1231590920124059649,988067963734544384
2020-02-23 02:52:51+00:00,targswidow,scarIetfire,1,0,0,am I a joke to you ,,Sun Feb 23 02:52:51 +0000 2020,,,,https://twitter.com/targswidow/status/1231411571785682945,1231411571785682945,988067963734544384
2020-02-23 02:22:30+00:00,targswidow,luvminoru,1,0,1,the employment rumors are actually him reprising his role as a werewolf in wowp ,,Sun Feb 23 02:22:30 +0000 2020,,,,https://twitter.com/targswidow/status/1231403934348005376,1231403934348005376,988067963734544384
2020-02-23 02:19:17+00:00,targswidow,luvminoru,1,0,1,the second hand embarrassment—,,Sun Feb 23 02:19:17 +0000 2020,,,,https://twitter.com/targswidow/status/1231403123832434688,1231403123832434688,988067963734544384
2020-02-23 02:13:51+00:00,targswidow,luvminoru,0,0,1,IM SO CONFUSED LIKE IS HE OR NOT SJDNBD,,Sun Feb 23 02:13:51 +0000 2020,,,,https://twitter.com/targswidow/status/1231401753838530560,1231401753838530560,988067963734544384
2020-02-23 01:56:39+00:00,targswidow,koralinadean,0,0,0,I WILL SNDNSBBS,,Sun Feb 23 01:56:39 +0000 2020,,,,https://twitter.com/targswidow/status/1231397428206743553,1231397428206743553,988067963734544384
2020-02-23 01:53:53+00:00,targswidow,koralinadean,1,0,0,I LOST IT THATS WHY IM SO FUCKED UP RN ADJNSBDB,,Sun Feb 23 01:53:53 +0000 2020,,,,https://twitter.com/targswidow/status/1231396732417794050,1231396732417794050,988067963734544384
2020-02-23 01:52:20+00:00,targswidow,koralinadean,1,0,0,IDK IM FREAKING OUT SOMEONE ON THE TL SAID HE WAS NSBSBSBS,,Sun Feb 23 01:52:20 +0000 2020,,,,https://twitter.com/targswidow/status/1231396340392955904,1231396340392955904,988067963734544384
2020-02-23 01:34:09+00:00,targswidow,,0,0,5,me showing up to school in third grade after successfully finding an outfit at justice,,Sun Feb 23 01:34:09 +0000 2020,,,,https://twitter.com/targswidow/status/1231391765644660737,1231391765644660737,988067963734544384
2020-02-23 01:29:31+00:00,targswidow,,1,0,7,is gregg sulkin finally employed,,Sun Feb 23 01:29:31 +0000 2020,,,,https://twitter.com/targswidow/status/1231390599779057664,1231390599779057664,988067963734544384
2020-02-22 19:47:22+00:00,targswidow,sithpascal,0,0,1, ,,Sat Feb 22 19:47:22 +0000 2020,,,,https://twitter.com/targswidow/status/1231304493461053445,1231304493461053445,988067963734544384
2020-02-22 18:54:29+00:00,targswidow,AwberyCharlotte,0,0,0,QUEEN RELEASE AN ALBUM,,Sat Feb 22 18:54:29 +0000 2020,,,,https://twitter.com/targswidow/status/1231291183634276359,1231291183634276359,988067963734544384
2020-02-22 18:09:50+00:00,targswidow,,0,0,4,IM GETTING MY BRACES OFF NEXT FRIDAY AFTER TWO AND A HALF YEARS!! OH MY FUCKING GOD,,Sat Feb 22 18:09:50 +0000 2020,,,,https://twitter.com/targswidow/status/1231279950147264512,1231279950147264512,988067963734544384
2020-02-22 16:47:19+00:00,targswidow,aetmosphers,0,0,1,targ nation coming back together to take down one last user ,,Sat Feb 22 16:47:19 +0000 2020,,,,https://twitter.com/targswidow/status/1231259181153316864,1231259181153316864,988067963734544384
2020-02-22 16:46:33+00:00,targswidow,milfreplyguy,0,0,0,the way she thought changing her layout and user would let her off the hook. they will dealt with period!,,Sat Feb 22 16:46:33 +0000 2020,,,,https://twitter.com/targswidow/status/1231258990430081024,1231258990430081024,988067963734544384
2020-02-22 14:38:17+00:00,targswidow,wlwcara,0,0,1,SHE REALLY IS ,,Sat Feb 22 14:38:17 +0000 2020,,,,https://twitter.com/targswidow/status/1231226711129325569,1231226711129325569,988067963734544384
2020-02-22 14:35:49+00:00,targswidow,,1,0,6,the loml,,Sat Feb 22 14:35:49 +0000 2020,,,,https://twitter.com/targswidow/status/1231226088157859840,1231226088157859840,988067963734544384
2020-02-22 14:21:04+00:00,targswidow,,1,4,10, ,,Sat Feb 22 14:21:04 +0000 2020,,,,https://twitter.com/targswidow/status/1231222379730350080,1231222379730350080,988067963734544384
2020-02-22 04:05:42+00:00,targswidow,sithpascal,0,0,1,Purple,,Sat Feb 22 04:05:42 +0000 2020,,,,https://twitter.com/targswidow/status/1231067517285740546,1231067517285740546,988067963734544384
2020-02-22 03:54:06+00:00,targswidow,,0,0,8,disney: here’s your first gay character! the gay character in question:,,Sat Feb 22 03:54:06 +0000 2020,,,,https://twitter.com/targswidow/status/1231064598129840130,1231064598129840130,988067963734544384
2020-02-22 03:01:43+00:00,targswidow,luvminoru,1,0,1,OK WAIT PERIOD!!,,Sat Feb 22 03:01:43 +0000 2020,,,,https://twitter.com/targswidow/status/1231051412475383808,1231051412475383808,988067963734544384
2020-02-22 02:45:14+00:00,targswidow,,0,0,8,i believe in female supremacy,,Sat Feb 22 02:45:14 +0000 2020,,,,https://twitter.com/targswidow/status/1231047265462161409,1231047265462161409,988067963734544384
2020-02-22 01:00:01+00:00,targswidow,sithpascal,0,0,1,PRETTYYYY,,Sat Feb 22 01:00:01 +0000 2020,,,,https://twitter.com/targswidow/status/1231020785386606593,1231020785386606593,988067963734544384
2020-02-21 22:57:19+00:00,targswidow,valkyriethot,1,0,2,congrats to you guys omfg the gay community never loses ,,Fri Feb 21 22:57:19 +0000 2020,,,,https://twitter.com/targswidow/status/1230989909894279169,1230989909894279169,988067963734544384
2020-02-21 22:54:48+00:00,targswidow,valkyriethot,1,0,2,OMG I LOVE YALL LET ME JOIN YALL RELATIONSHIP SCOOT OVER!,,Fri Feb 21 22:54:48 +0000 2020,,,,https://twitter.com/targswidow/status/1230989276235603973,1230989276235603973,988067963734544384
2020-02-21 21:25:24+00:00,targswidow,Ad_Inifinitum,0,0,3,just wanted to put this on the timeline ,,Fri Feb 21 21:25:24 +0000 2020,,,https://twitter.com/Ad_Inifinitum/status/1229426558059851776,https://twitter.com/targswidow/status/1230966776474820609,1230966776474820609,988067963734544384
2020-02-21 20:26:23+00:00,targswidow,sithpascal,0,0,0,nooo ,,Fri Feb 21 20:26:23 +0000 2020,,,,https://twitter.com/targswidow/status/1230951925765591040,1230951925765591040,988067963734544384
2020-02-21 20:18:18+00:00,targswidow,,0,2,15,YES HELLO QUEEN,,Fri Feb 21 20:18:18 +0000 2020,,,,https://twitter.com/targswidow/status/1230949892006252545,1230949892006252545,988067963734544384
2020-02-21 20:11:27+00:00,targswidow,mischiefseries,1,0,1,PLS STEP ON MY NECK,,Fri Feb 21 20:11:27 +0000 2020,,,,https://twitter.com/targswidow/status/1230948164649263104,1230948164649263104,988067963734544384
2020-02-21 20:09:17+00:00,targswidow,ambadrawi,0,0,0,"I NEVER stated that it was, regardless of his age I agree it’s fucked up and unacceptable that he is getting bullied for a disability he was born with and cannot control. Don’t assume my opinion the the situation thanks",,Fri Feb 21 20:09:17 +0000 2020,,,,https://twitter.com/targswidow/status/1230947622975934472,1230947622975934472,988067963734544384
2020-02-21 20:06:21+00:00,targswidow,ambadrawi,0,0,1,"I never even retweeted lmao go find something else to do, he now knows the age of the person so ur point is made , have a good day bro",,Fri Feb 21 20:06:21 +0000 2020,,,,https://twitter.com/targswidow/status/1230946883885051906,1230946883885051906,988067963734544384
2020-02-21 20:02:15+00:00,targswidow,ambadrawi,0,0,3,"he literally just wanted to know the REAL AGE of the person in question, let me know how that’s bullying?",,Fri Feb 21 20:02:15 +0000 2020,,,,https://twitter.com/targswidow/status/1230945852753088515,1230945852753088515,988067963734544384
2020-02-21 15:48:41+00:00,targswidow,,0,0,2,just remembered we are only half way through the school year,,Fri Feb 21 15:48:41 +0000 2020,,,,https://twitter.com/targswidow/status/1230882039945203712,1230882039945203712,988067963734544384
2020-02-21 02:58:21+00:00,targswidow,,0,0,7,this deserves to be on the timeline tonight ,,Fri Feb 21 02:58:21 +0000 2020,,,,https://twitter.com/targswidow/status/1230688179956715520,1230688179956715520,988067963734544384
2020-02-21 02:56:58+00:00,targswidow,catradeanoru,0,0,1,UM YES ?!?!&:&/8283&:&,,Fri Feb 21 02:56:58 +0000 2020,,,,https://twitter.com/targswidow/status/1230687829849706498,1230687829849706498,988067963734544384
2020-02-21 02:56:44+00:00,targswidow,itsjourdann,1,0,0,YES HAHAH,,Fri Feb 21 02:56:44 +0000 2020,,,,https://twitter.com/targswidow/status/1230687772702388226,1230687772702388226,988067963734544384
2020-02-21 02:55:49+00:00,targswidow,itsjourdann,1,0,0,imma just nod and smile.. NO I DID MOT KNOW THAT OMFG NSNDN,,Fri Feb 21 02:55:49 +0000 2020,,,,https://twitter.com/targswidow/status/1230687538916024321,1230687538916024321,988067963734544384
2020-02-21 02:52:21+00:00,targswidow,itsjourdann,1,0,0,LMFAO UR MIND I literally never put two and two together,,Fri Feb 21 02:52:21 +0000 2020,,,,https://twitter.com/targswidow/status/1230686669944369154,1230686669944369154,988067963734544384
2020-02-21 02:50:00+00:00,targswidow,itsjourdann,1,0,0,head empty ,,Fri Feb 21 02:50:00 +0000 2020,,,,https://twitter.com/targswidow/status/1230686077670821890,1230686077670821890,988067963734544384
2020-02-21 01:38:22+00:00,targswidow,,0,0,5,maybe if tr*mp streamed parasite he would understand why it won best picture https://twitter.com/ClaudiaKoerner/status/1230655162139791364,,Fri Feb 21 01:38:22 +0000 2020,,,https://twitter.com/ClaudiaKoerner/status/1230655162139791364,https://twitter.com/targswidow/status/1230668049965109249,1230668049965109249,988067963734544384
2020-02-21 01:01:23+00:00,targswidow,,0,4,17,I THINK WE NEED TO HAVE THIS CONVERSATION!,,Fri Feb 21 01:01:23 +0000 2020,,,,https://twitter.com/targswidow/status/1230658742351548417,1230658742351548417,988067963734544384
2020-02-21 00:09:06+00:00,targswidow,,0,1,11,"head full, many thoughts",,Fri Feb 21 00:09:06 +0000 2020,,,,https://twitter.com/targswidow/status/1230645585855832070,1230645585855832070,988067963734544384
2020-02-20 23:25:33+00:00,targswidow,,0,27,69,if god hates gays why do we keep winning #PortraitofaLadyonFire,,Thu Feb 20 23:25:33 +0000 2020,,#PortraitofaLadyonFire,,https://twitter.com/targswidow/status/1230634624495292417,1230634624495292417,988067963734544384
2020-02-20 22:59:45+00:00,targswidow,WestworldHBO,0,0,1,BEAUTIFUL! CINEMATIC! PERIOD! LESBIAN! VAGINA! FEMINIST!,,Thu Feb 20 22:59:45 +0000 2020,,,https://twitter.com/WestworldHBO/status/1230545171697274885,https://twitter.com/targswidow/status/1230628133579214848,1230628133579214848,988067963734544384
2020-02-20 21:53:02+00:00,targswidow,ohmissmills,0,0,2,yes we really got clowned again and what about it ,,Thu Feb 20 21:53:02 +0000 2020,,,,https://twitter.com/targswidow/status/1230611344426250241,1230611344426250241,988067963734544384
2020-02-20 21:24:27+00:00,targswidow,valkyriethot,1,0,2,deanoru and rules ,,Thu Feb 20 21:24:27 +0000 2020,,,,https://twitter.com/targswidow/status/1230604150439841797,1230604150439841797,988067963734544384
2020-02-20 17:08:28+00:00,targswidow,,2,1,7,OMG YOU GUYS,,Thu Feb 20 17:08:28 +0000 2020,,,http://feednets.com/first/932315/brie-larson-and-tessa-thompson-to-star-as-lovers-in-new-a24-drama-36142,https://twitter.com/targswidow/status/1230539728300183554,1230539728300183554,988067963734544384
