date,username,to,replies,retweets,favorites,text,mentions,formatted_date,geo,hashtags,urls,permalink,ID,author_id
2020-02-28 23:14:45+00:00,TheAmazingBeck,RbrtKornhauser,0,0,1, ,,Fri Feb 28 23:14:45 +0000 2020,,,,https://twitter.com/TheAmazingBeck/status/1233531010601627654,1233531010601627654,181206777
2020-02-28 13:10:44+00:00,TheAmazingBeck,blocktimusprime,0,0,1,Yaaaaa...,,Fri Feb 28 13:10:44 +0000 2020,,,,https://twitter.com/TheAmazingBeck/status/1233379005702819841,1233379005702819841,181206777
2020-02-28 04:24:44+00:00,TheAmazingBeck,ladygaga,0,0,11,She found its old tweets.,,Fri Feb 28 04:24:44 +0000 2020,,,https://twitter.com/ladygaga/status/1233244554976849921,https://twitter.com/TheAmazingBeck/status/1233246632482934785,1233246632482934785,181206777
2020-02-28 04:13:06+00:00,TheAmazingBeck,,0,1,5,Looking forward to seeing everyone’s sparkling surgical masks at the Met Gala this year.,,Fri Feb 28 04:13:06 +0000 2020,,,,https://twitter.com/TheAmazingBeck/status/1233243706318315521,1233243706318315521,181206777
2020-02-28 02:09:26+00:00,TheAmazingBeck,blocktimusprime,1,0,2,Wow. Big American Beauty fan right here.,,Fri Feb 28 02:09:26 +0000 2020,,,,https://twitter.com/TheAmazingBeck/status/1233212583123017729,1233212583123017729,181206777
2020-02-27 20:13:26+00:00,TheAmazingBeck,Jezebel,0,0,10,Pulp Fiction questions finally answered.,,Thu Feb 27 20:13:26 +0000 2020,,,https://twitter.com/Jezebel/status/1232904175060733954,https://twitter.com/TheAmazingBeck/status/1233122993473277952,1233122993473277952,181206777
2020-02-27 20:05:53+00:00,TheAmazingBeck,,0,0,4,Love is Blind because that’s the side effect of coronavirus.,,Thu Feb 27 20:05:53 +0000 2020,,,,https://twitter.com/TheAmazingBeck/status/1233121091679289347,1233121091679289347,181206777
2020-02-27 15:38:12+00:00,TheAmazingBeck,nypost,2,0,10,2019: The Two Popes 2020: The Lone Pope,,Thu Feb 27 15:38:12 +0000 2020,,,https://twitter.com/nypost/status/1233039004637024256,https://twitter.com/TheAmazingBeck/status/1233053728690843648,1233053728690843648,181206777
2020-02-27 01:15:39+00:00,TheAmazingBeck,,0,0,12,"Yo, my cousin from another school is 21 and can get us ALL coronavirus for Amber’s sick party tonight.",,Thu Feb 27 01:15:39 +0000 2020,,,,https://twitter.com/TheAmazingBeck/status/1232836661114998785,1232836661114998785,181206777
2020-02-25 21:34:20+00:00,TheAmazingBeck,Variety,1,0,5,Little known fact about Walt is that his name was actually Bob Disney.,,Tue Feb 25 21:34:20 +0000 2020,,,https://twitter.com/Variety/status/1232412942076928000,https://twitter.com/TheAmazingBeck/status/1232418575782117376,1232418575782117376,181206777
2020-02-25 19:00:46+00:00,TheAmazingBeck,JuddLegum,0,1,2,I love thinking of this as a prank that one of his family members pulled who told him that it costs this much to be on Facebook.,,Tue Feb 25 19:00:46 +0000 2020,,,https://twitter.com/JuddLegum/status/1232358683868368897,https://twitter.com/TheAmazingBeck/status/1232379931738464257,1232379931738464257,181206777
2020-02-25 02:35:07+00:00,TheAmazingBeck,lisa_curry,1,0,1,HOW FAST YOU GOING?!,,Tue Feb 25 02:35:07 +0000 2020,,,,https://twitter.com/TheAmazingBeck/status/1232131883082842117,1232131883082842117,181206777
2020-02-24 17:23:46+00:00,TheAmazingBeck,,0,1,6,How long after a person sneezes is an appropriate time to still say “bless you?” My bus driver sneezed 4 and a half days ago and I don’t want to be rude.,,Mon Feb 24 17:23:46 +0000 2020,,,,https://twitter.com/TheAmazingBeck/status/1231993130452430849,1231993130452430849,181206777
2020-02-24 16:45:26+00:00,TheAmazingBeck,,1,0,7,,,Mon Feb 24 16:45:26 +0000 2020,,,,https://twitter.com/TheAmazingBeck/status/1231983485113556993,1231983485113556993,181206777
2020-02-24 16:20:44+00:00,TheAmazingBeck,neiltyson,0,0,3,SOMEBODY READ THIS MAN’S PACKET!,,Mon Feb 24 16:20:44 +0000 2020,,,https://twitter.com/neiltyson/status/1231930405227520002,https://twitter.com/TheAmazingBeck/status/1231977270446886914,1231977270446886914,181206777
2020-02-24 04:50:21+00:00,TheAmazingBeck,realDonaldTrump,0,0,3,When you tryin to convince the world you saw Parasite but messed up in google translate,,Mon Feb 24 04:50:21 +0000 2020,,,https://twitter.com/realDonaldTrump/status/1231801865815220224,https://twitter.com/TheAmazingBeck/status/1231803529859358720,1231803529859358720,181206777
2020-02-24 04:32:38+00:00,TheAmazingBeck,neiltyson,0,1,2,Yeah Neil. You assert your dominance over 4 year olds!,,Mon Feb 24 04:32:38 +0000 2020,,,https://twitter.com/neiltyson/status/1231762859203465218,https://twitter.com/TheAmazingBeck/status/1231799069305188356,1231799069305188356,181206777
2020-02-24 04:04:56+00:00,TheAmazingBeck,nypost,0,0,2,Wow! Super embarrassing that he hasn’t spent more.,,Mon Feb 24 04:04:56 +0000 2020,,,https://twitter.com/nypost/status/1231760920143126528,https://twitter.com/TheAmazingBeck/status/1231792100267700225,1231792100267700225,181206777
2020-02-23 22:55:22+00:00,TheAmazingBeck,notkairaka,0,0,2,Disney+?,,Sun Feb 23 22:55:22 +0000 2020,,,,https://twitter.com/TheAmazingBeck/status/1231714193382006790,1231714193382006790,181206777
2020-02-22 00:44:28+00:00,TheAmazingBeck,mikesuszek,1,0,7,Tetris by David Lynch,,Sat Feb 22 00:44:28 +0000 2020,,,https://twitter.com/mikesuszek/status/1230876173963603969,https://twitter.com/TheAmazingBeck/status/1231016874747604997,1231016874747604997,181206777
2020-02-21 13:07:10+00:00,TheAmazingBeck,ApocNowPodcast,0,0,3,"This was such a fun conversation! (how could it not be when The Happening, Outbreak, and Deep Impact are involved??) Give it a listen if you don’t hate my voice!",,Fri Feb 21 13:07:10 +0000 2020,,,https://twitter.com/ApocNowPodcast/status/1230839685821476864,https://twitter.com/TheAmazingBeck/status/1230841390831210496,1230841390831210496,181206777
2020-02-21 00:26:49+00:00,TheAmazingBeck,blocktimusprime,1,0,0,Wow. This is exactly something I’d expect you to send. You got “Nuñez’d”,,Fri Feb 21 00:26:49 +0000 2020,,,,https://twitter.com/TheAmazingBeck/status/1230650045709635584,1230650045709635584,181206777
2020-02-20 03:36:11+00:00,TheAmazingBeck,crayolaawonderr,0,0,0,Exactly,,Thu Feb 20 03:36:11 +0000 2020,,,,https://twitter.com/TheAmazingBeck/status/1230335309788983296,1230335309788983296,181206777
2020-02-20 03:35:03+00:00,TheAmazingBeck,,1,0,7,Sorry I’m just responding now!! I saw your message and had a 6 hour panic attack.,,Thu Feb 20 03:35:03 +0000 2020,,,,https://twitter.com/TheAmazingBeck/status/1230335025524154372,1230335025524154372,181206777
2020-02-20 03:25:03+00:00,TheAmazingBeck,,0,1,9,"MODERATOR: “Mr. Bloomberg, do you think you’d make even a decent President?” BLOOMBERG:",,Thu Feb 20 03:25:03 +0000 2020,,,,https://twitter.com/TheAmazingBeck/status/1230332508685946887,1230332508685946887,181206777
2020-02-20 03:01:02+00:00,TheAmazingBeck,,0,0,5,"The saddest part is, when he loses, there will no longer be any HQ Trivia job for Mayor Pete to go back to.",,Thu Feb 20 03:01:02 +0000 2020,,,,https://twitter.com/TheAmazingBeck/status/1230326465419513856,1230326465419513856,181206777
2020-02-20 02:49:51+00:00,TheAmazingBeck,,0,1,10,I’m assuming Elizabeth Warren is trending because she’s the Masked Singer?,,Thu Feb 20 02:49:51 +0000 2020,,,,https://twitter.com/TheAmazingBeck/status/1230323653335830528,1230323653335830528,181206777
2020-02-20 02:42:27+00:00,TheAmazingBeck,,0,0,4,Bloomberg when up against all the other candidates:,,Thu Feb 20 02:42:27 +0000 2020,,,,https://twitter.com/TheAmazingBeck/status/1230321789064093696,1230321789064093696,181206777
2020-02-19 20:22:06+00:00,TheAmazingBeck,,0,0,2,"Bloomberg got onto the debate stage just like everybody else. Hard work, persistence, and kidnapping the moderator’s son.",,Wed Feb 19 20:22:06 +0000 2020,,,,https://twitter.com/TheAmazingBeck/status/1230226072991621120,1230226072991621120,181206777
2020-02-19 04:08:44+00:00,TheAmazingBeck,PeteButtigieg,0,1,5,We’re gonna beat him the old fashion way. A little bit of elbow grease and 6 infinity stones!,,Wed Feb 19 04:08:44 +0000 2020,,,https://twitter.com/PeteButtigieg/status/1229886435324497923,https://twitter.com/TheAmazingBeck/status/1229981116339249152,1229981116339249152,181206777
2020-02-19 04:04:11+00:00,TheAmazingBeck,,0,0,3,"MIKE BLOOMBERG WOULD MAKE A GREAT PRESIDENT! (Is something I’ll say as soon as my $250,000 check clears).",,Wed Feb 19 04:04:11 +0000 2020,,,,https://twitter.com/TheAmazingBeck/status/1229979970157654016,1229979970157654016,181206777
2020-02-19 03:44:27+00:00,TheAmazingBeck,lisa_curry,0,0,1,I KNOW I KNOW. I’d unfollow myself if I could.,,Wed Feb 19 03:44:27 +0000 2020,,,,https://twitter.com/TheAmazingBeck/status/1229975004940558337,1229975004940558337,181206777
2020-02-19 03:40:56+00:00,TheAmazingBeck,,2,4,19,KING ARTHUR: “Are you guys morning people?” GUYS SITTING AT THE ROUND TABLE: “We’re more knight people.”,,Wed Feb 19 03:40:56 +0000 2020,,,,https://twitter.com/TheAmazingBeck/status/1229974119799828480,1229974119799828480,181206777
2020-02-18 23:44:38+00:00,TheAmazingBeck,nypost,0,0,13,"SHUT UP, NO WE DON’T!",,Tue Feb 18 23:44:38 +0000 2020,,,https://twitter.com/nypost/status/1229868960331583488,https://twitter.com/TheAmazingBeck/status/1229914654002024451,1229914654002024451,181206777
2020-02-18 15:45:34+00:00,TheAmazingBeck,vElectricv,0,0,1, ,,Tue Feb 18 15:45:34 +0000 2020,,,,https://twitter.com/TheAmazingBeck/status/1229794090201632770,1229794090201632770,181206777
2020-02-17 22:22:13+00:00,TheAmazingBeck,,0,0,3,"I don’t mean to alarm any of you, but Joe Biden is already on Task Rabbit.",,Mon Feb 17 22:22:13 +0000 2020,,,,https://twitter.com/TheAmazingBeck/status/1229531522312568832,1229531522312568832,181206777
2020-02-17 20:45:22+00:00,TheAmazingBeck,,0,0,5,No other movie has nailed anything like Birds of Prey nailed the feeling of picking up a hot breakfast sandwich from a bodega.,,Mon Feb 17 20:45:22 +0000 2020,,,,https://twitter.com/TheAmazingBeck/status/1229507148712947713,1229507148712947713,181206777
2020-02-17 17:56:39+00:00,TheAmazingBeck,,1,0,5,I’m all for babies getting to choose their own names at birth because we could use more “AAAAAAHHHHHs” and less “Marks.”,,Mon Feb 17 17:56:39 +0000 2020,,,,https://twitter.com/TheAmazingBeck/status/1229464693431001088,1229464693431001088,181206777
2020-02-17 00:19:08+00:00,TheAmazingBeck,,0,0,16,Me after somebody laughs when I tell them I paid to see Sonic the Hedgehog:,,Mon Feb 17 00:19:08 +0000 2020,,,,https://twitter.com/TheAmazingBeck/status/1229198557456093186,1229198557456093186,181206777
2020-02-16 18:55:08+00:00,TheAmazingBeck,,0,0,10,YIKES,,Sun Feb 16 18:55:08 +0000 2020,,,,https://twitter.com/TheAmazingBeck/status/1229117022770024455,1229117022770024455,181206777
2020-02-16 16:54:40+00:00,TheAmazingBeck,,0,0,7,[Every moment of Love Is Blind] MAN: “I...like to eat” WOMAN: “HOLY CRAP SO DO I!!!! I would have never known that you eat if I had to look at you!!!” MAN: “WHAT?! I would have never known that if I were looking at you!!!!!!!!!!!!!!”,,Sun Feb 16 16:54:40 +0000 2020,,,,https://twitter.com/TheAmazingBeck/status/1229086704579043328,1229086704579043328,181206777
2020-02-16 15:25:51+00:00,TheAmazingBeck,nypost,0,1,5,"“BIG FAN. Love his books. I could only find him on the page some of the time, but when I could, I felt a great sense of accomplishment.”",,Sun Feb 16 15:25:51 +0000 2020,,,https://twitter.com/nypost/status/1228904396278452224,https://twitter.com/TheAmazingBeck/status/1229064352466161664,1229064352466161664,181206777
2020-02-15 21:48:39+00:00,TheAmazingBeck,,0,0,3,Roses are red Violets are blue Wait why aren’t violets violet? Where was I going with this?,,Sat Feb 15 21:48:39 +0000 2020,,,,https://twitter.com/TheAmazingBeck/status/1228798299894841347,1228798299894841347,181206777
2020-02-15 19:48:31+00:00,TheAmazingBeck,,0,0,7,Chasten gonna force us to watch Cats every year on his birthday if Pete becomes President.,,Sat Feb 15 19:48:31 +0000 2020,,,,https://twitter.com/TheAmazingBeck/status/1228768068379299840,1228768068379299840,181206777
2020-02-15 19:38:53+00:00,TheAmazingBeck,nypost,1,0,2,RON HOWARD: “It was not.”,,Sat Feb 15 19:38:53 +0000 2020,,,https://twitter.com/nypost/status/1228708309986938881,https://twitter.com/TheAmazingBeck/status/1228765645711519744,1228765645711519744,181206777
2020-02-15 16:48:09+00:00,TheAmazingBeck,,0,0,7,"The trick to creating more storage on your phone is frantically deleting the last 50 pictures you took while keeping the first 1,000 you took and never ever look at.",,Sat Feb 15 16:48:09 +0000 2020,,,,https://twitter.com/TheAmazingBeck/status/1228722678061846528,1228722678061846528,181206777
2020-02-14 23:19:29+00:00,TheAmazingBeck,niccolethurman,0,0,2, ,,Fri Feb 14 23:19:29 +0000 2020,,,,https://twitter.com/TheAmazingBeck/status/1228458771195756544,1228458771195756544,181206777
2020-02-14 22:30:15+00:00,TheAmazingBeck,lisa_curry,1,0,1,Day 120: WHAT IS TV?!,,Fri Feb 14 22:30:15 +0000 2020,,,,https://twitter.com/TheAmazingBeck/status/1228446381884551168,1228446381884551168,181206777
2020-02-14 21:04:07+00:00,TheAmazingBeck,,0,0,9,Team Snapchat wished me a Happy Valentine’s Day so I’ll be introducing them to my parents tonight.,,Fri Feb 14 21:04:07 +0000 2020,,,,https://twitter.com/TheAmazingBeck/status/1228424706757480448,1228424706757480448,181206777
2020-02-14 16:33:14+00:00,TheAmazingBeck,crayolaawonderr,1,0,0,"My spine moved out years ago, Sierra. But thanks for the reminder! ",,Fri Feb 14 16:33:14 +0000 2020,,,,https://twitter.com/TheAmazingBeck/status/1228356536453476353,1228356536453476353,181206777
2020-02-14 16:29:09+00:00,TheAmazingBeck,,1,0,11,"If you see a bad tweet of mine, please just assume Mike Bloomberg paid me for it.",,Fri Feb 14 16:29:09 +0000 2020,,,,https://twitter.com/TheAmazingBeck/status/1228355507997548544,1228355507997548544,181206777
2020-02-12 17:16:01+00:00,TheAmazingBeck,,0,0,12,"Good news: I got my $1,000 from Andrew Yang before he dropped out. Bad news: It's a $1,000 gift card to the ""Yang 2020"" merch store.",,Wed Feb 12 17:16:01 +0000 2020,,,,https://twitter.com/TheAmazingBeck/status/1227642528033320962,1227642528033320962,181206777
2020-02-12 16:18:49+00:00,TheAmazingBeck,kylebuchanan,0,0,2,Bridget Jones 4:,,Wed Feb 12 16:18:49 +0000 2020,,,https://twitter.com/kylebuchanan/status/1227625147479162880,https://twitter.com/TheAmazingBeck/status/1227628133538582528,1227628133538582528,181206777
2020-02-12 15:36:14+00:00,TheAmazingBeck,,0,0,2,I wanna see Christian Bale in a Wes Anderson film.,,Wed Feb 12 15:36:14 +0000 2020,,,,https://twitter.com/TheAmazingBeck/status/1227617413497311232,1227617413497311232,181206777
2020-02-12 04:24:55+00:00,TheAmazingBeck,musicboxtheatre,1,0,9,Dunkirk,,Wed Feb 12 04:24:55 +0000 2020,,,https://twitter.com/musicboxtheatre/status/1227433501894545410,https://twitter.com/TheAmazingBeck/status/1227448472938450944,1227448472938450944,181206777
2020-02-12 04:20:21+00:00,TheAmazingBeck,,0,0,12,Bernie should just go ahead and live to about 107 just to make everyone shut up.,,Wed Feb 12 04:20:21 +0000 2020,,,,https://twitter.com/TheAmazingBeck/status/1227447323560726530,1227447323560726530,181206777
2020-02-12 03:54:08+00:00,TheAmazingBeck,,1,0,6,"Mayor Pete already claiming victory in New Hampshire, New Jersey and New Delaware.",,Wed Feb 12 03:54:08 +0000 2020,,,,https://twitter.com/TheAmazingBeck/status/1227440725710843905,1227440725710843905,181206777
2020-02-11 22:43:43+00:00,TheAmazingBeck,,0,1,10,You mean to tell me these brooms could stand for the national anthem THIS WHOLE TIME??,,Tue Feb 11 22:43:43 +0000 2020,,,,https://twitter.com/TheAmazingBeck/status/1227362608900116480,1227362608900116480,181206777
2020-02-11 19:03:41+00:00,TheAmazingBeck,PageSix,0,2,6,They say we die twice. Once when the breath leaves our body. And once when you endorse Mike Bloomberg.,,Tue Feb 11 19:03:41 +0000 2020,,,https://twitter.com/PageSix/status/1227257039304511488,https://twitter.com/TheAmazingBeck/status/1227307233698074624,1227307233698074624,181206777
2020-02-11 18:57:17+00:00,TheAmazingBeck,,0,0,3,One show to get to know me,,Tue Feb 11 18:57:17 +0000 2020,,,,https://twitter.com/TheAmazingBeck/status/1227305622112284674,1227305622112284674,181206777
2020-02-11 18:50:37+00:00,TheAmazingBeck,,0,0,13,“The Oscars don’t matter.”,,Tue Feb 11 18:50:37 +0000 2020,,,,https://twitter.com/TheAmazingBeck/status/1227303947452506112,1227303947452506112,181206777
2020-02-11 15:21:23+00:00,TheAmazingBeck,Variety,1,1,15,"When you look at all the ones that had the BIGGEST opening weekend, this is actually an honor to not be in their company.",,Tue Feb 11 15:21:23 +0000 2020,,,https://twitter.com/Variety/status/1226540552465764352,https://twitter.com/TheAmazingBeck/status/1227251291140886528,1227251291140886528,181206777
2020-02-11 00:03:45+00:00,TheAmazingBeck,Variety,0,0,5,YAS DRAG HIM!!,,Tue Feb 11 00:03:45 +0000 2020,,,https://twitter.com/Variety/status/1226990233008295936,https://twitter.com/TheAmazingBeck/status/1227020358617849857,1227020358617849857,181206777
2020-02-10 18:22:43+00:00,TheAmazingBeck,RachelLeishman,0,0,1,I second this.,,Mon Feb 10 18:22:43 +0000 2020,,,,https://twitter.com/TheAmazingBeck/status/1226934535201468419,1226934535201468419,181206777
2020-02-10 05:34:24+00:00,TheAmazingBeck,IGN,0,0,12,"BOB IGER PULLING OUT HIS WALLET: “Ok, ok. What’s it gonna cost for you to come onto the Hawkeye movie??”",,Mon Feb 10 05:34:24 +0000 2020,,,https://twitter.com/IGN/status/1226740341413416960,https://twitter.com/TheAmazingBeck/status/1226741183168307200,1226741183168307200,181206777
2020-02-10 04:53:47+00:00,TheAmazingBeck,,0,2,24,I hope Bong Joon Ho gets so drunk that he fights Jeff Bezos at the after party.,,Mon Feb 10 04:53:47 +0000 2020,,,,https://twitter.com/TheAmazingBeck/status/1226730961037070337,1226730961037070337,181206777
2020-02-10 04:51:11+00:00,TheAmazingBeck,nihikineko2,0,0,1,100%!!,,Mon Feb 10 04:51:11 +0000 2020,,,,https://twitter.com/TheAmazingBeck/status/1226730306180349952,1226730306180349952,181206777
2020-02-10 04:40:20+00:00,TheAmazingBeck,,2,9,64,Me explaining to my dog how cool it is that Parasite just won:,,Mon Feb 10 04:40:20 +0000 2020,,,,https://twitter.com/TheAmazingBeck/status/1226727576338653184,1226727576338653184,181206777
2020-02-10 04:31:47+00:00,TheAmazingBeck,,0,0,2,READING IS BACK BABY!! #Oscars,,Mon Feb 10 04:31:47 +0000 2020,,#Oscars,,https://twitter.com/TheAmazingBeck/status/1226725424719433728,1226725424719433728,181206777
2020-02-10 04:07:27+00:00,TheAmazingBeck,,1,3,19,Joaquin Phoenix always looks like he just got called for jury duty when he wins an award.,,Mon Feb 10 04:07:27 +0000 2020,,,,https://twitter.com/TheAmazingBeck/status/1226719302151278593,1226719302151278593,181206777
2020-02-10 03:56:42+00:00,TheAmazingBeck,,0,1,5,Todd Phillips is a director that Bong admires? Confirmation that he’s seen Old School.,,Mon Feb 10 03:56:42 +0000 2020,,,,https://twitter.com/TheAmazingBeck/status/1226716596795854848,1226716596795854848,181206777
2020-02-10 02:35:12+00:00,TheAmazingBeck,,0,0,1,Missed opportunity for Eminem to perform Venom!,,Mon Feb 10 02:35:12 +0000 2020,,,,https://twitter.com/TheAmazingBeck/status/1226696087651651584,1226696087651651584,181206777
2020-02-10 01:40:40+00:00,TheAmazingBeck,,0,4,7,Please release audio recording of Keanu reading the entire Parasite screenplay. #Oscars,,Mon Feb 10 01:40:40 +0000 2020,,#Oscars,,https://twitter.com/TheAmazingBeck/status/1226682360554491904,1226682360554491904,181206777
2020-02-10 01:22:46+00:00,TheAmazingBeck,,1,0,5,Oh so the presenters get presenters this year? Cool.,,Mon Feb 10 01:22:46 +0000 2020,,,,https://twitter.com/TheAmazingBeck/status/1226677856505298948,1226677856505298948,181206777
2020-02-10 01:19:27+00:00,TheAmazingBeck,,0,0,0,This are really gonna start turning around for Brad after tonight!,,Mon Feb 10 01:19:27 +0000 2020,,,,https://twitter.com/TheAmazingBeck/status/1226677022543486977,1226677022543486977,181206777
2020-02-10 01:08:21+00:00,TheAmazingBeck,,0,0,2,So basically Steve Martin and Chris Rock are hosting?,,Mon Feb 10 01:08:21 +0000 2020,,,,https://twitter.com/TheAmazingBeck/status/1226674230105976832,1226674230105976832,181206777
2020-02-10 00:21:16+00:00,TheAmazingBeck,,0,1,8,“Wanna come to this dumb work party with me? We can show face and then leave after an hour.” - Joaquin Phoenix to Rooney Mara #Oscars,,Mon Feb 10 00:21:16 +0000 2020,,#Oscars,,https://twitter.com/TheAmazingBeck/status/1226662381855617024,1226662381855617024,181206777
2020-02-10 00:09:36+00:00,TheAmazingBeck,THR,0,0,16,Lol at everyone treating Little Women like it’s some David Lynch mind bender.,,Mon Feb 10 00:09:36 +0000 2020,,,https://twitter.com/THR/status/1225592529913028610,https://twitter.com/TheAmazingBeck/status/1226659443846340608,1226659443846340608,181206777
2020-02-10 00:05:11+00:00,TheAmazingBeck,Variety,0,0,2,Knives Out 2: Cutting Board,,Mon Feb 10 00:05:11 +0000 2020,,,https://twitter.com/Variety/status/1226658140965437440,https://twitter.com/TheAmazingBeck/status/1226658332976582656,1226658332976582656,181206777
2020-02-09 15:24:20+00:00,TheAmazingBeck,Variety,0,1,12,Me anytime I go anywhere:,,Sun Feb 09 15:24:20 +0000 2020,,,https://twitter.com/Variety/status/1226291588709511168,https://twitter.com/TheAmazingBeck/status/1226527258820726788,1226527258820726788,181206777
2020-02-09 15:12:13+00:00,TheAmazingBeck,nypost,0,0,6,STOP INVITING SERIAL KILLERS TO PHOTO SHOOTS,,Sun Feb 09 15:12:13 +0000 2020,,,https://twitter.com/nypost/status/1226202851061440519,https://twitter.com/TheAmazingBeck/status/1226524209779748864,1226524209779748864,181206777
2020-02-09 13:41:07+00:00,TheAmazingBeck,,0,0,10,"The Oscars are tonight and yet again my key card “DOESN’T WORK,” and security “DOESN’T KNOW WHO I AM.” So you’ll be without a host this year. I apologize.",,Sun Feb 09 13:41:07 +0000 2020,,,,https://twitter.com/TheAmazingBeck/status/1226501280413122561,1226501280413122561,181206777
2020-02-08 04:11:05+00:00,TheAmazingBeck,,0,2,6,When I walk over a subway grate.,,Sat Feb 08 04:11:05 +0000 2020,,,,https://twitter.com/TheAmazingBeck/status/1225995441931681792,1225995441931681792,181206777
2020-02-07 18:34:21+00:00,TheAmazingBeck,HelloCullen,0,0,2,These made me laugh!,,Fri Feb 07 18:34:21 +0000 2020,,,,https://twitter.com/TheAmazingBeck/status/1225850302382923776,1225850302382923776,181206777
2020-02-07 16:19:19+00:00,TheAmazingBeck,missbreton,0,0,4,How Did This Get Made! @HDTGM,@HDTGM,Fri Feb 07 16:19:19 +0000 2020,,,,https://twitter.com/TheAmazingBeck/status/1225816319171465217,1225816319171465217,181206777
2020-02-07 02:47:56+00:00,TheAmazingBeck,,0,0,8,Pete Buttigieg is already calming Ford v. Ferrari has won best picture.,,Fri Feb 07 02:47:56 +0000 2020,,,,https://twitter.com/TheAmazingBeck/status/1225612127450357760,1225612127450357760,181206777
2020-02-07 02:11:43+00:00,TheAmazingBeck,SamGrittner,0,0,1,YOU’RE the tops!,,Fri Feb 07 02:11:43 +0000 2020,,,,https://twitter.com/TheAmazingBeck/status/1225603012074274816,1225603012074274816,181206777
2020-02-06 03:49:24+00:00,TheAmazingBeck,,0,0,7,Willing to believe Trump’s speech was a horcrux.,,Thu Feb 06 03:49:24 +0000 2020,,,,https://twitter.com/TheAmazingBeck/status/1225265207234174976,1225265207234174976,181206777
2020-02-06 02:57:13+00:00,TheAmazingBeck,James3rdComedy,0,0,0,"Honestly, disappointed we never got a sequel ",,Thu Feb 06 02:57:13 +0000 2020,,,,https://twitter.com/TheAmazingBeck/status/1225252074977361920,1225252074977361920,181206777
2020-02-06 01:52:15+00:00,TheAmazingBeck,,0,1,10,I’ll call Mitt Romney brave when he has his first Mike’s Hard Lemonade.,,Thu Feb 06 01:52:15 +0000 2020,,,,https://twitter.com/TheAmazingBeck/status/1225235725307858945,1225235725307858945,181206777
2020-02-05 19:33:15+00:00,TheAmazingBeck,lisa_curry,0,0,1,"Hey, that’s still considered “fresh” on rotten tomatoes!",,Wed Feb 05 19:33:15 +0000 2020,,,,https://twitter.com/TheAmazingBeck/status/1225140348692959232,1225140348692959232,181206777
2020-02-05 03:03:16+00:00,TheAmazingBeck,,0,0,6,ME: *Holds elevator door for someone* THEM: “Thank you!” ME: “You’re welcome!” THEM: *Pushes button of a floor below mine* MY INNER THOUGHTS: “...Asshole.”,,Wed Feb 05 03:03:16 +0000 2020,,,,https://twitter.com/TheAmazingBeck/status/1224891209929449472,1224891209929449472,181206777
2020-02-04 16:52:17+00:00,TheAmazingBeck,,0,0,12,Mayor Pete is the type of guy who shuts off the video game right before he’s about to lose.,,Tue Feb 04 16:52:17 +0000 2020,,,,https://twitter.com/TheAmazingBeck/status/1224737449240342528,1224737449240342528,181206777
2020-02-03 19:45:39+00:00,TheAmazingBeck,blocktimusprime,0,0,1,Whoa you met THE Head Woman??,,Mon Feb 03 19:45:39 +0000 2020,,,,https://twitter.com/TheAmazingBeck/status/1224418694249549827,1224418694249549827,181206777
2020-02-03 04:37:39+00:00,TheAmazingBeck,Spocks_Brian,0,0,3,Brave,,Mon Feb 03 04:37:39 +0000 2020,,,,https://twitter.com/TheAmazingBeck/status/1224190184595644417,1224190184595644417,181206777
2020-02-03 03:45:40+00:00,TheAmazingBeck,,0,0,8,"Shakira is 43, J Lo is 50, Baby Nut is 109.",,Mon Feb 03 03:45:40 +0000 2020,,,,https://twitter.com/TheAmazingBeck/status/1224177103761035265,1224177103761035265,181206777
2020-02-03 03:34:53+00:00,TheAmazingBeck,,0,0,10,Shocked that 1917 didn’t also win the Super Bowl.,,Mon Feb 03 03:34:53 +0000 2020,,,,https://twitter.com/TheAmazingBeck/status/1224174389756932096,1224174389756932096,181206777
2020-02-03 02:34:41+00:00,TheAmazingBeck,,0,2,8,"Let Alexandre Desplat do a halftime show, you cowards!",,Mon Feb 03 02:34:41 +0000 2020,,,,https://twitter.com/TheAmazingBeck/status/1224159239125504000,1224159239125504000,181206777
2020-02-03 02:31:46+00:00,TheAmazingBeck,,0,0,3,This year feels like the Avengers Endgame of crossover commercials.,,Mon Feb 03 02:31:46 +0000 2020,,,,https://twitter.com/TheAmazingBeck/status/1224158505168527360,1224158505168527360,181206777
2020-02-03 02:25:51+00:00,TheAmazingBeck,kibblesmith,1,0,2,Do we think he’s a cartoon character where he owns like 20 of the same red sweater or has he not taken it off in 4 years?,,Mon Feb 03 02:25:51 +0000 2020,,,,https://twitter.com/TheAmazingBeck/status/1224157018556190720,1224157018556190720,181206777
