date,username,to,replies,retweets,favorites,text,mentions,formatted_date,geo,hashtags,urls,permalink,ID,author_id
2020-02-28 23:56:24+00:00,thegreatola,AjokeOlaoribiro,0,0,0,Lmaoooo “Go into the world &amp; multiply” not my words. ,,Fri Feb 28 23:56:24 +0000 2020,,,,https://twitter.com/thegreatola/status/1233541490317692929,1233541490317692929,1103459924
2020-02-28 23:38:46+00:00,thegreatola,AjokeOlaoribiro,1,0,0,From ?,,Fri Feb 28 23:38:46 +0000 2020,,,,https://twitter.com/thegreatola/status/1233537052584693760,1233537052584693760,1103459924
2020-02-28 23:26:45+00:00,thegreatola,hotgirltas,0,0,0,E mi full course meal ,,Fri Feb 28 23:26:45 +0000 2020,,,,https://twitter.com/thegreatola/status/1233534032434094089,1233534032434094089,1103459924
2020-02-28 23:15:03+00:00,thegreatola,Mssjiddarh,0,0,2,WDYM ??!,,Fri Feb 28 23:15:03 +0000 2020,,,https://twitter.com/Mssjiddarh/status/1233503218249981952,https://twitter.com/thegreatola/status/1233531084580827136,1233531084580827136,1103459924
2020-02-28 23:10:24+00:00,thegreatola,hotgirltas,1,0,1,"Dem say describe not mention, olodo ",,Fri Feb 28 23:10:24 +0000 2020,,,,https://twitter.com/thegreatola/status/1233529916022456321,1233529916022456321,1103459924
2020-02-28 20:57:52+00:00,thegreatola,Danny_Walterr,0,0,0,My babies ,,Fri Feb 28 20:57:52 +0000 2020,,,,https://twitter.com/thegreatola/status/1233496563521146881,1233496563521146881,1103459924
2020-02-28 20:57:09+00:00,thegreatola,Kinglamarr___,0,0,114,@thegreatola,@thegreatola,Fri Feb 28 20:57:09 +0000 2020,,,,https://twitter.com/thegreatola/status/1233496380490047489,1233496380490047489,1103459924
2020-02-28 20:25:48+00:00,thegreatola,charliebwoyy,0,0,0,Amin.,,Fri Feb 28 20:25:48 +0000 2020,,,,https://twitter.com/thegreatola/status/1233488493508251650,1233488493508251650,1103459924
2020-02-28 19:55:52+00:00,thegreatola,RealDreylo,22,81,245,Because of N200 kiwi polish you put for head ??,,Fri Feb 28 19:55:52 +0000 2020,,,https://twitter.com/RealDreylo/status/1233468459130015744,https://twitter.com/thegreatola/status/1233480960089481218,1233480960089481218,1103459924
2020-02-28 19:44:38+00:00,thegreatola,that_fela100,2,0,0,Done.,,Fri Feb 28 19:44:38 +0000 2020,,,,https://twitter.com/thegreatola/status/1233478134189756418,1233478134189756418,1103459924
2020-02-28 19:39:22+00:00,thegreatola,iam_switchme_,1,0,0,Lmaoooo bruhhhh,,Fri Feb 28 19:39:22 +0000 2020,,,,https://twitter.com/thegreatola/status/1233476806709325824,1233476806709325824,1103459924
2020-02-28 19:33:46+00:00,thegreatola,WealthyWealth_,0,0,0,Why you dey shout ? ,,Fri Feb 28 19:33:46 +0000 2020,,,,https://twitter.com/thegreatola/status/1233475397817446400,1233475397817446400,1103459924
2020-02-28 18:54:09+00:00,thegreatola,UcheSwish,1,0,16,Where’s the receipt now ?,,Fri Feb 28 18:54:09 +0000 2020,,,,https://twitter.com/thegreatola/status/1233465430280409088,1233465430280409088,1103459924
2020-02-28 18:52:25+00:00,thegreatola,AmiableQueen,2,0,0,I’m asking a question na ,,Fri Feb 28 18:52:25 +0000 2020,,,,https://twitter.com/thegreatola/status/1233464990637740035,1233464990637740035,1103459924
2020-02-28 18:48:09+00:00,thegreatola,Sonjoe_Kutuh,0,0,4,"If you find two, lemme know. ",,Fri Feb 28 18:48:09 +0000 2020,,,,https://twitter.com/thegreatola/status/1233463918187683842,1233463918187683842,1103459924
2020-02-28 18:47:15+00:00,thegreatola,alyzaeranae,1,0,0,Watchu gon’ do ?,,Fri Feb 28 18:47:15 +0000 2020,,,,https://twitter.com/thegreatola/status/1233463691322044416,1233463691322044416,1103459924
2020-02-28 18:45:21+00:00,thegreatola,_debayo,0,0,1,Agbanilagbatan ,,Fri Feb 28 18:45:21 +0000 2020,,,,https://twitter.com/thegreatola/status/1233463214207311874,1233463214207311874,1103459924
2020-02-28 18:40:55+00:00,thegreatola,pengmanmodel,0,0,2,90% of the time.,,Fri Feb 28 18:40:55 +0000 2020,,,,https://twitter.com/thegreatola/status/1233462097998221321,1233462097998221321,1103459924
2020-02-28 18:40:30+00:00,thegreatola,Falilatt_,0,2,5, ,,Fri Feb 28 18:40:30 +0000 2020,,,https://twitter.com/Falilatt_/status/1233457961424519168,https://twitter.com/thegreatola/status/1233461994243678210,1233461994243678210,1103459924
2020-02-28 18:39:11+00:00,thegreatola,MobilePunch,0,0,1,One of the most stupid headlines I’ve seen all week.,,Fri Feb 28 18:39:11 +0000 2020,,,,https://twitter.com/thegreatola/status/1233461662029635590,1233461662029635590,1103459924
2020-02-28 18:21:55+00:00,thegreatola,,1,1,6,"If to say the money plenty now, I for no dey think about which model of the X-series is better, I go just buy the Pro max ",,Fri Feb 28 18:21:55 +0000 2020,,,,https://twitter.com/thegreatola/status/1233457318555267072,1233457318555267072,1103459924
2020-02-28 18:15:28+00:00,thegreatola,colomental_,0,0,0, ,,Fri Feb 28 18:15:28 +0000 2020,,,,https://twitter.com/thegreatola/status/1233455695598624768,1233455695598624768,1103459924
2020-02-28 18:03:14+00:00,thegreatola,sonia_bankz,0,0,3,Kongi,,Fri Feb 28 18:03:14 +0000 2020,,,,https://twitter.com/thegreatola/status/1233452614035136514,1233452614035136514,1103459924
2020-02-28 18:00:51+00:00,thegreatola,Falilatt_,1,1,2,Virgins do the most ,,Fri Feb 28 18:00:51 +0000 2020,,,,https://twitter.com/thegreatola/status/1233452013310095362,1233452013310095362,1103459924
2020-02-28 16:35:10+00:00,thegreatola,Famez_vv,2,0,16,"Start it, i’m your onlyfan.",,Fri Feb 28 16:35:10 +0000 2020,,,,https://twitter.com/thegreatola/status/1233430450732961792,1233430450732961792,1103459924
2020-02-28 16:34:14+00:00,thegreatola,mrskg234,0,0,0,Yup!,,Fri Feb 28 16:34:14 +0000 2020,,,,https://twitter.com/thegreatola/status/1233430219442270210,1233430219442270210,1103459924
2020-02-28 16:30:04+00:00,thegreatola,IfunanyaXO,1,1,2,"PDF Whatttt ?! I’m even the one that’s sending my mum stuff, she only sent me a picture of garlic and some preventive measures. My mom knows i hate bc &amp; she won’t send me anything that’s not useful.",,Fri Feb 28 16:30:04 +0000 2020,,,,https://twitter.com/thegreatola/status/1233429169637396486,1233429169637396486,1103459924
2020-02-28 16:27:20+00:00,thegreatola,Drewbaba,0,0,2, ,,Fri Feb 28 16:27:20 +0000 2020,,,,https://twitter.com/thegreatola/status/1233428481922478082,1233428481922478082,1103459924
2020-02-28 16:23:11+00:00,thegreatola,Danny_Walterr,2,0,1,Why does he like scoring against Nigeria ? ,,Fri Feb 28 16:23:11 +0000 2020,,,,https://twitter.com/thegreatola/status/1233427436018307073,1233427436018307073,1103459924
2020-02-28 16:18:26+00:00,thegreatola,Nass,1,1,64,This handler pure cruise ,,Fri Feb 28 16:18:26 +0000 2020,,,,https://twitter.com/thegreatola/status/1233426242667470848,1233426242667470848,1103459924
2020-02-28 16:02:15+00:00,thegreatola,,2,1,21,“Aspire to acquire what you desire” ,,Fri Feb 28 16:02:15 +0000 2020,,,,https://twitter.com/thegreatola/status/1233422167687168000,1233422167687168000,1103459924
2020-02-28 16:00:57+00:00,thegreatola,pengmanmodel,1,1,4,"It’s not only you man, at times you don’t get the result you expected when you put in so much effort, which can discourage someone. Stay strong ",,Fri Feb 28 16:00:57 +0000 2020,,,,https://twitter.com/thegreatola/status/1233421842502889478,1233421842502889478,1103459924
2020-02-28 15:59:23+00:00,thegreatola,IfunanyaXO,1,1,1,LMAOOOO no vex,,Fri Feb 28 15:59:23 +0000 2020,,,,https://twitter.com/thegreatola/status/1233421449098153985,1233421449098153985,1103459924
2020-02-28 15:59:05+00:00,thegreatola,toolzbabe,1,1,24,"Make she kon kick his balls in return, gobe sele niyen.",,Fri Feb 28 15:59:05 +0000 2020,,,,https://twitter.com/thegreatola/status/1233421370270343168,1233421370270343168,1103459924
2020-02-28 15:58:02+00:00,thegreatola,hotgirltas,1,0,0,LMAOOOO Fokov,,Fri Feb 28 15:58:02 +0000 2020,,,,https://twitter.com/thegreatola/status/1233421106289291264,1233421106289291264,1103459924
2020-02-28 15:57:46+00:00,thegreatola,pengmanmodel,0,0,12,Lmaoooo why you dey fear na ?,,Fri Feb 28 15:57:46 +0000 2020,,,,https://twitter.com/thegreatola/status/1233421042120642561,1233421042120642561,1103459924
2020-02-28 15:51:35+00:00,thegreatola,efedadzy25,3,2,27,Shalaye FC.,,Fri Feb 28 15:51:35 +0000 2020,,,,https://twitter.com/thegreatola/status/1233419484301533184,1233419484301533184,1103459924
2020-02-28 15:49:30+00:00,thegreatola,AmonimoA,1,0,20,He no wan hear ,,Fri Feb 28 15:49:30 +0000 2020,,,,https://twitter.com/thegreatola/status/1233418959405359109,1233418959405359109,1103459924
2020-02-28 15:49:09+00:00,thegreatola,Lazypoet__,0,0,0,"I’ve been busy bro. I play solo at times, I go buzz you when I’m ready.",,Fri Feb 28 15:49:09 +0000 2020,,,,https://twitter.com/thegreatola/status/1233418873015328769,1233418873015328769,1103459924
2020-02-28 15:48:18+00:00,thegreatola,YomYom_,1,1,0,Bars ,,Fri Feb 28 15:48:18 +0000 2020,,,,https://twitter.com/thegreatola/status/1233418658208051201,1233418658208051201,1103459924
2020-02-28 15:45:44+00:00,thegreatola,Danny_Walterr,2,0,4,Wow. LMAOOOOO ,,Fri Feb 28 15:45:44 +0000 2020,,,,https://twitter.com/thegreatola/status/1233418009861148672,1233418009861148672,1103459924
2020-02-28 15:33:50+00:00,thegreatola,KayzeeTina,0,0,1,"No, Xri.",,Fri Feb 28 15:33:50 +0000 2020,,,https://twitter.com/KayzeeTina/status/1233412801982582784,https://twitter.com/thegreatola/status/1233415016637964288,1233415016637964288,1103459924
2020-02-28 15:32:12+00:00,thegreatola,thegreatola,3,6,41,I should plug this here : https://twitter.com/thegreatola/status/1232928557246173184?s=21,,Fri Feb 28 15:32:12 +0000 2020,,,"https://twitter.com/thegreatola/status/1232928557246173184?s=21,https://twitter.com/thegreatola/status/1232928557246173184",https://twitter.com/thegreatola/status/1233414606363586560,1233414606363586560,1103459924
2020-02-28 15:31:17+00:00,thegreatola,TheInfamous__,0,0,0,I’m sorry lmaooo ,,Fri Feb 28 15:31:17 +0000 2020,,,,https://twitter.com/thegreatola/status/1233414377317031937,1233414377317031937,1103459924
2020-02-28 15:20:42+00:00,thegreatola,kardinalzero411,0,0,7,Lmaoooo bruhh ,,Fri Feb 28 15:20:42 +0000 2020,,,,https://twitter.com/thegreatola/status/1233411713845878784,1233411713845878784,1103459924
2020-02-28 15:20:13+00:00,thegreatola,AsiwajuLerry,0,0,4, ,,Fri Feb 28 15:20:13 +0000 2020,,,,https://twitter.com/thegreatola/status/1233411591191830534,1233411591191830534,1103459924
2020-02-28 15:19:28+00:00,thegreatola,Kinglamarr___,0,0,0,Lol ,,Fri Feb 28 15:19:28 +0000 2020,,,,https://twitter.com/thegreatola/status/1233411400711602178,1233411400711602178,1103459924
2020-02-28 15:19:09+00:00,thegreatola,Twitter,0,0,1,Send me a dm.,,Fri Feb 28 15:19:09 +0000 2020,,,,https://twitter.com/thegreatola/status/1233411322165047298,1233411322165047298,1103459924
2020-02-28 15:11:49+00:00,thegreatola,Lazypoet__,1,0,1,Make we go play CODM ,,Fri Feb 28 15:11:49 +0000 2020,,,,https://twitter.com/thegreatola/status/1233409474918002688,1233409474918002688,1103459924
2020-02-28 15:11:24+00:00,thegreatola,waxzyy_,0,1,36,This meme even make it funnier ,,Fri Feb 28 15:11:24 +0000 2020,,,,https://twitter.com/thegreatola/status/1233409373533298689,1233409373533298689,1103459924
2020-02-28 15:10:14+00:00,thegreatola,NedumOrji1,0,0,1,Yes sir,,Fri Feb 28 15:10:14 +0000 2020,,,,https://twitter.com/thegreatola/status/1233409078417854465,1233409078417854465,1103459924
2020-02-28 15:10:04+00:00,thegreatola,i_Damian_,1,0,4,Ko possible ,,Fri Feb 28 15:10:04 +0000 2020,,,,https://twitter.com/thegreatola/status/1233409036105723905,1233409036105723905,1103459924
2020-02-28 15:09:30+00:00,thegreatola,Eromonsele_,0,0,3,God have mercy upon us.,,Fri Feb 28 15:09:30 +0000 2020,,,https://twitter.com/Eromonsele_/status/1233404343543619584,https://twitter.com/thegreatola/status/1233408891616190465,1233408891616190465,1103459924
2020-02-28 15:08:22+00:00,thegreatola,Famez_vv,0,0,2, ,,Fri Feb 28 15:08:22 +0000 2020,,,,https://twitter.com/thegreatola/status/1233408610337775616,1233408610337775616,1103459924
2020-02-28 15:07:57+00:00,thegreatola,Tife_fabunmi,0,0,8,Lmaooooo ,,Fri Feb 28 15:07:57 +0000 2020,,,,https://twitter.com/thegreatola/status/1233408502393196544,1233408502393196544,1103459924
2020-02-28 15:07:08+00:00,thegreatola,izybaby01,0,0,12,Lmaoooo ,,Fri Feb 28 15:07:08 +0000 2020,,,,https://twitter.com/thegreatola/status/1233408296742268928,1233408296742268928,1103459924
2020-02-28 15:06:48+00:00,thegreatola,BigDaddyonair,0,0,3, ,,Fri Feb 28 15:06:48 +0000 2020,,,,https://twitter.com/thegreatola/status/1233408212222775297,1233408212222775297,1103459924
2020-02-28 14:45:07+00:00,thegreatola,Iam_IkeOnyema,994,3214,12292,"Motivational speaker, did you win BIG BROTHER ??",,Fri Feb 28 14:45:07 +0000 2020,,,https://twitter.com/Iam_IkeOnyema/status/1233126949293371400,https://twitter.com/thegreatola/status/1233402756691570689,1233402756691570689,1103459924
2020-02-28 13:45:02+00:00,thegreatola,officialnairam1,0,0,1,Confirm. ,,Fri Feb 28 13:45:02 +0000 2020,,,,https://twitter.com/thegreatola/status/1233387638478057472,1233387638478057472,1103459924
2020-02-28 13:44:12+00:00,thegreatola,DatReetaChick,1,0,1,Kilode ?! Ewo le pe ? ,,Fri Feb 28 13:44:12 +0000 2020,,,,https://twitter.com/thegreatola/status/1233387425076043776,1233387425076043776,1103459924
2020-02-28 13:40:18+00:00,thegreatola,Mazigburugburu1,0,0,1, ,,Fri Feb 28 13:40:18 +0000 2020,,,,https://twitter.com/thegreatola/status/1233386446570106881,1233386446570106881,1103459924
2020-02-28 13:17:05+00:00,thegreatola,hotgirltas,0,0,0,Why must you be razz ?,,Fri Feb 28 13:17:05 +0000 2020,,,,https://twitter.com/thegreatola/status/1233380603820638213,1233380603820638213,1103459924
2020-02-28 13:05:33+00:00,thegreatola,officialnairam1,0,0,0,They’ll be here to clap when you succeed. Sweet,,Fri Feb 28 13:05:33 +0000 2020,,,,https://twitter.com/thegreatola/status/1233377698933886978,1233377698933886978,1103459924
2020-02-28 13:04:41+00:00,thegreatola,officialnairam1,8,3,44,"I don’t want her, so I’ll only smash once.",,Fri Feb 28 13:04:41 +0000 2020,,,,https://twitter.com/thegreatola/status/1233377484328067072,1233377484328067072,1103459924
2020-02-28 13:01:36+00:00,thegreatola,tolutezzy_,1,0,1,You’re mad bro ,,Fri Feb 28 13:01:36 +0000 2020,,,,https://twitter.com/thegreatola/status/1233376705991102466,1233376705991102466,1103459924
2020-02-28 13:01:13+00:00,thegreatola,amakaa_xo,1,0,1,Happy birthday ,,Fri Feb 28 13:01:13 +0000 2020,,,,https://twitter.com/thegreatola/status/1233376609257828352,1233376609257828352,1103459924
2020-02-28 12:59:17+00:00,thegreatola,Taesirat_,1,0,0,Slide into the dm na ,,Fri Feb 28 12:59:17 +0000 2020,,,,https://twitter.com/thegreatola/status/1233376121783279619,1233376121783279619,1103459924
2020-02-28 12:55:05+00:00,thegreatola,Taesirat_,0,0,0,Lol continue sho gbo. Your second hoelosho is right here,,Fri Feb 28 12:55:05 +0000 2020,,,,https://twitter.com/thegreatola/status/1233375065913397248,1233375065913397248,1103459924
2020-02-28 12:54:46+00:00,thegreatola,Okslaw_11,1,0,0,Sharap.,,Fri Feb 28 12:54:46 +0000 2020,,,,https://twitter.com/thegreatola/status/1233374987546959872,1233374987546959872,1103459924
2020-02-28 12:53:47+00:00,thegreatola,officialnairam1,0,0,0,Absolutely. ,,Fri Feb 28 12:53:47 +0000 2020,,,,https://twitter.com/thegreatola/status/1233374740691267587,1233374740691267587,1103459924
2020-02-28 12:53:03+00:00,thegreatola,_theimman,1,1,0,They’re bad in mine too.,,Fri Feb 28 12:53:03 +0000 2020,,,,https://twitter.com/thegreatola/status/1233374555403628544,1233374555403628544,1103459924
2020-02-28 12:52:24+00:00,thegreatola,bluegirlolu,3,0,1,"You don’t suck, you eat it & swallow the punani juice.",,Fri Feb 28 12:52:24 +0000 2020,,,,https://twitter.com/thegreatola/status/1233374389133029376,1233374389133029376,1103459924
2020-02-28 12:51:36+00:00,thegreatola,Taesirat_,1,0,2,Hoelosho ,,Fri Feb 28 12:51:36 +0000 2020,,,https://twitter.com/Taesirat_/status/1233372704318873600,https://twitter.com/thegreatola/status/1233374191098961920,1233374191098961920,1103459924
2020-02-28 12:48:01+00:00,thegreatola,MAZlGBURUGBURU1,2,3,58,I hope they find you & lock you up soon.,,Fri Feb 28 12:48:01 +0000 2020,,,,https://twitter.com/thegreatola/status/1233373287071338498,1233373287071338498,1103459924
2020-02-28 12:43:21+00:00,thegreatola,Remmzor_YBNL,1,0,1,Is everything alright at home ?,,Fri Feb 28 12:43:21 +0000 2020,,,,https://twitter.com/thegreatola/status/1233372114767532038,1233372114767532038,1103459924
2020-02-28 12:35:16+00:00,thegreatola,PeterCross001,1,0,1,I don’t have an idea,,Fri Feb 28 12:35:16 +0000 2020,,,,https://twitter.com/thegreatola/status/1233370080962076674,1233370080962076674,1103459924
2020-02-28 12:34:58+00:00,thegreatola,lies_issa_nono,0,0,1,Lmaooooo no,,Fri Feb 28 12:34:58 +0000 2020,,,,https://twitter.com/thegreatola/status/1233370004214644738,1233370004214644738,1103459924
2020-02-28 12:30:58+00:00,thegreatola,holydrives,1,0,93,You guys are just crazy ,,Fri Feb 28 12:30:58 +0000 2020,,,,https://twitter.com/thegreatola/status/1233368999062360064,1233368999062360064,1103459924
2020-02-28 12:18:59+00:00,thegreatola,,1,0,2,This one is making videos of me twerking ,,Fri Feb 28 12:18:59 +0000 2020,,,,https://twitter.com/thegreatola/status/1233365982674128896,1233365982674128896,1103459924
2020-02-28 12:16:46+00:00,thegreatola,Corporatte_Thug,0,0,4, ,,Fri Feb 28 12:16:46 +0000 2020,,,,https://twitter.com/thegreatola/status/1233365425712320513,1233365425712320513,1103459924
2020-02-28 12:16:10+00:00,thegreatola,toolzbabe,5,0,53,"Big bum bum, nice breast, sense, good body shape, good job, and money.",,Fri Feb 28 12:16:10 +0000 2020,,,,https://twitter.com/thegreatola/status/1233365274306523138,1233365274306523138,1103459924
2020-02-28 11:44:20+00:00,thegreatola,Famez_vv,3,0,30,Coochie. ,,Fri Feb 28 11:44:20 +0000 2020,,,,https://twitter.com/thegreatola/status/1233357259943620609,1233357259943620609,1103459924
2020-02-28 11:31:29+00:00,thegreatola,waxzyy_,0,0,3,Lmaoooo the last part,,Fri Feb 28 11:31:29 +0000 2020,,,,https://twitter.com/thegreatola/status/1233354025883533312,1233354025883533312,1103459924
2020-02-28 11:28:41+00:00,thegreatola,vxrnvn,0,0,0,"Yup, bless my eyes while I’m at work.",,Fri Feb 28 11:28:41 +0000 2020,,,https://twitter.com/vxrnvn/status/1233199176919535616,https://twitter.com/thegreatola/status/1233353321114722306,1233353321114722306,1103459924
2020-02-28 10:59:30+00:00,thegreatola,Abiola__AA,0,0,0,Stay safe g. ,,Fri Feb 28 10:59:30 +0000 2020,,,,https://twitter.com/thegreatola/status/1233345980642332674,1233345980642332674,1103459924
2020-02-28 10:57:34+00:00,thegreatola,PreciousChee,0,0,0,Too much ,,Fri Feb 28 10:57:34 +0000 2020,,,,https://twitter.com/thegreatola/status/1233345490701496320,1233345490701496320,1103459924
2020-02-28 10:54:47+00:00,thegreatola,chancethetweep,1,0,0,Too strong,,Fri Feb 28 10:54:47 +0000 2020,,,,https://twitter.com/thegreatola/status/1233344792639287296,1233344792639287296,1103459924
2020-02-28 10:53:13+00:00,thegreatola,PreciousChee,1,0,0,You cannot waste dear ,,Fri Feb 28 10:53:13 +0000 2020,,,,https://twitter.com/thegreatola/status/1233344396025880576,1233344396025880576,1103459924
2020-02-28 10:51:16+00:00,thegreatola,Abiola__AA,1,0,0,You good ?,,Fri Feb 28 10:51:16 +0000 2020,,,,https://twitter.com/thegreatola/status/1233343905468383235,1233343905468383235,1103459924
2020-02-28 10:50:14+00:00,thegreatola,funmss__,0,0,0,Run!!!!!!,,Fri Feb 28 10:50:14 +0000 2020,,,,https://twitter.com/thegreatola/status/1233343648445665280,1233343648445665280,1103459924
2020-02-28 10:09:11+00:00,thegreatola,Ex_SmithVinci,0,0,0, ,,Fri Feb 28 10:09:11 +0000 2020,,,,https://twitter.com/thegreatola/status/1233333317778444288,1233333317778444288,1103459924
2020-02-28 09:46:32+00:00,thegreatola,Ex_SmithVinci,0,0,0,"Deeper than just words, I’ve gat real love for you. Happy birthday bro More life &amp; prosperity. ",,Fri Feb 28 09:46:32 +0000 2020,,,,https://twitter.com/thegreatola/status/1233327618302390272,1233327618302390272,1103459924
2020-02-28 09:13:06+00:00,thegreatola,Dehkunle,0,1,2, ,,Fri Feb 28 09:13:06 +0000 2020,,,,https://twitter.com/thegreatola/status/1233319202406182912,1233319202406182912,1103459924
2020-02-28 09:05:57+00:00,thegreatola,,11,55,206,"Tomorrow is not promised, set that meating today.",,Fri Feb 28 09:05:57 +0000 2020,,,,https://twitter.com/thegreatola/status/1233317403070693378,1233317403070693378,1103459924
2020-02-28 08:53:30+00:00,thegreatola,waxzyy_,0,0,0,Learning from the best,,Fri Feb 28 08:53:30 +0000 2020,,,,https://twitter.com/thegreatola/status/1233314270588342272,1233314270588342272,1103459924
2020-02-28 08:52:38+00:00,thegreatola,Dehkunle,0,0,3,Hmmmm,,Fri Feb 28 08:52:38 +0000 2020,,,,https://twitter.com/thegreatola/status/1233314052744663041,1233314052744663041,1103459924
2020-02-28 08:51:58+00:00,thegreatola,umar_ayotunde,0,0,1,Shut up your mouth,,Fri Feb 28 08:51:58 +0000 2020,,,,https://twitter.com/thegreatola/status/1233313882632019968,1233313882632019968,1103459924
2020-02-28 06:36:28+00:00,thegreatola,drizzyposhh_,1,0,8,Lol you reaching bro,,Fri Feb 28 06:36:28 +0000 2020,,,,https://twitter.com/thegreatola/status/1233279784458870786,1233279784458870786,1103459924
2020-02-28 06:31:07+00:00,thegreatola,,0,0,0,A brand new day. A friendly reminder that you’re amazing. ,,Fri Feb 28 06:31:07 +0000 2020,,,,https://twitter.com/thegreatola/status/1233278439513296896,1233278439513296896,1103459924
2020-02-27 22:08:02+00:00,thegreatola,Kinglamarr___,0,1,96,@thegreatola,@thegreatola,Thu Feb 27 22:08:02 +0000 2020,,,,https://twitter.com/thegreatola/status/1233151832920293376,1233151832920293376,1103459924
