date,username,to,replies,retweets,favorites,text,mentions,formatted_date,geo,hashtags,urls,permalink,ID,author_id
2020-02-28 23:37:03+00:00,TheldlerWheel,MlRRORFOREVER,0,0,1,I’m aware,,Fri Feb 28 23:37:03 +0000 2020,,,,https://twitter.com/TheldlerWheel/status/1233536621888385029,1233536621888385029,874756512693895168
2020-02-28 23:16:54+00:00,TheldlerWheel,,1,0,7,Feeling a little skinny today...you fatties can’t relate,,Fri Feb 28 23:16:54 +0000 2020,,,,https://twitter.com/TheldlerWheel/status/1233531551733907457,1233531551733907457,874756512693895168
2020-02-28 22:57:49+00:00,TheldlerWheel,urgirlfri3nd22,0,0,0,not anymore,,Fri Feb 28 22:57:49 +0000 2020,,,,https://twitter.com/TheldlerWheel/status/1233526750895919105,1233526750895919105,874756512693895168
2020-02-28 22:48:16+00:00,TheldlerWheel,VELVETMAGDALENE,1,0,1,no his rating was truth,,Fri Feb 28 22:48:16 +0000 2020,,,,https://twitter.com/TheldlerWheel/status/1233524343872905219,1233524343872905219,874756512693895168
2020-02-28 22:43:22+00:00,TheldlerWheel,Grimezsz,4,2,43,youre 31,,Fri Feb 28 22:43:22 +0000 2020,,,https://twitter.com/Grimezsz/status/1233507355175870472,https://twitter.com/TheldlerWheel/status/1233523113607954432,1233523113607954432,874756512693895168
2020-02-28 22:26:36+00:00,TheldlerWheel,himbosissy,1,0,1,Please do that then...I want to be free!!!,,Fri Feb 28 22:26:36 +0000 2020,,,,https://twitter.com/TheldlerWheel/status/1233518892070424579,1233518892070424579,874756512693895168
2020-02-28 22:21:38+00:00,TheldlerWheel,,3,4,33,Camila Cabello stans are possibly the dumbest stans I have ever fucking seen. How are you going to twist a story about Normani finally addressing the times where Camila used racial slurs and stereotypes and CALLED HER THE N WORD into her being pressed and jealous?! Fucking idiots,,Fri Feb 28 22:21:38 +0000 2020,,,,https://twitter.com/TheldlerWheel/status/1233517643363160064,1233517643363160064,874756512693895168
2020-02-28 22:10:00+00:00,TheldlerWheel,himbosissy,1,0,1,Peace and quiet...unfortunately you can’t delete me!,,Fri Feb 28 22:10:00 +0000 2020,,,,https://twitter.com/TheldlerWheel/status/1233514717001461761,1233514717001461761,874756512693895168
2020-02-28 20:37:10+00:00,TheldlerWheel,HausOfMANiCURE,1,0,7,Bad Romance > Applause > Just Dance > Perfect Illusion > Stupid Love > Born This Way,,Fri Feb 28 20:37:10 +0000 2020,,,https://twitter.com/HausOfMANiCURE/status/1233435951965360129,https://twitter.com/TheldlerWheel/status/1233491355231494145,1233491355231494145,874756512693895168
2020-02-28 20:26:52+00:00,TheldlerWheel,,0,0,1,,,Fri Feb 28 20:26:52 +0000 2020,,,,https://twitter.com/TheldlerWheel/status/1233488762149253121,1233488762149253121,874756512693895168
2020-02-28 20:24:08+00:00,TheldlerWheel,worIdwideangeI,0,0,2,The demi avi was very cute...,,Fri Feb 28 20:24:08 +0000 2020,,,,https://twitter.com/TheldlerWheel/status/1233488073985536003,1233488073985536003,874756512693895168
2020-02-28 20:18:31+00:00,TheldlerWheel,,0,0,1,I’m looking at the serve:,,Fri Feb 28 20:18:31 +0000 2020,,,https://music.apple.com/us/album/f-a/40884346,https://twitter.com/TheldlerWheel/status/1233486660916195336,1233486660916195336,874756512693895168
2020-02-28 19:58:17+00:00,TheldlerWheel,himbosissy,1,0,1,no he sucks,,Fri Feb 28 19:58:17 +0000 2020,,,,https://twitter.com/TheldlerWheel/status/1233481567764389889,1233481567764389889,874756512693895168
2020-02-28 19:49:40+00:00,TheldlerWheel,RynWeaver,0,0,1,we miss you too ,,Fri Feb 28 19:49:40 +0000 2020,,,,https://twitter.com/TheldlerWheel/status/1233479401158987776,1233479401158987776,874756512693895168
2020-02-28 19:30:10+00:00,TheldlerWheel,fkamagdalene,1,0,2,Pee? Pee and poop? Poopoo,,Fri Feb 28 19:30:10 +0000 2020,,,,https://twitter.com/TheldlerWheel/status/1233474493638639617,1233474493638639617,874756512693895168
2020-02-28 19:17:21+00:00,TheldlerWheel,alliex,0,0,2,Queen,,Fri Feb 28 19:17:21 +0000 2020,,,,https://twitter.com/TheldlerWheel/status/1233471268118257672,1233471268118257672,874756512693895168
2020-02-28 19:15:53+00:00,TheldlerWheel,,0,0,8,hands reaching out for new bo’s,,Fri Feb 28 19:15:53 +0000 2020,,,,https://twitter.com/TheldlerWheel/status/1233470899166285824,1233470899166285824,874756512693895168
2020-02-28 18:40:44+00:00,TheldlerWheel,jinsoulasf,0,0,2,You look stupid,,Fri Feb 28 18:40:44 +0000 2020,,,,https://twitter.com/TheldlerWheel/status/1233462052921970688,1233462052921970688,874756512693895168
2020-02-28 17:57:01+00:00,TheldlerWheel,,1,0,11,Some of y’all are no fun...no wonder you can’t get boyfriends! One 5 minute interaction with y’all and I’m zzz,,Fri Feb 28 17:57:01 +0000 2020,,,,https://twitter.com/TheldlerWheel/status/1233451050239176705,1233451050239176705,874756512693895168
2020-02-28 17:00:08+00:00,TheldlerWheel,TheldlerWheel,1,0,1,HELLO???? TATE,,Fri Feb 28 17:00:08 +0000 2020,,,,https://twitter.com/TheldlerWheel/status/1233436736732172288,1233436736732172288,874756512693895168
2020-02-28 16:58:52+00:00,TheldlerWheel,,0,0,0,It is however I would listen to it on low volume with earbuds or in a private place,,Fri Feb 28 16:58:52 +0000 2020,,,,https://twitter.com/TheldlerWheel/status/1233436416354529280,1233436416354529280,874756512693895168
2020-02-28 16:57:47+00:00,TheldlerWheel,octatate,1,0,1,Tate please,,Fri Feb 28 16:57:47 +0000 2020,,,,https://twitter.com/TheldlerWheel/status/1233436144999768064,1233436144999768064,874756512693895168
2020-02-28 16:57:35+00:00,TheldlerWheel,,0,0,0,https://twitter.com/puthcel/status/1233283391132336128/video/1,,Fri Feb 28 16:57:35 +0000 2020,,,https://twitter.com/puthcel/status/1233283391132336128/video/1,https://twitter.com/TheldlerWheel/status/1233436091786694658,1233436091786694658,874756512693895168
2020-02-28 16:55:53+00:00,TheldlerWheel,TheldlerWheel,1,0,2,Ok I’m all out of furry characters to rate tell me more to rate,,Fri Feb 28 16:55:53 +0000 2020,,,https://twitter.com/TheldlerWheel/status/1233431536072089602,https://twitter.com/TheldlerWheel/status/1233435666542972928,1233435666542972928,874756512693895168
2020-02-28 16:55:23+00:00,TheldlerWheel,,0,0,0,I hate him I hate him I hate him but he’s a king,,Fri Feb 28 16:55:23 +0000 2020,,,,https://twitter.com/TheldlerWheel/status/1233435538713120769,1233435538713120769,874756512693895168
2020-02-28 16:51:27+00:00,TheldlerWheel,himbosissy,1,0,2,Tell her to get off the train and nobody likes her and she isn’t welcome in boville,,Fri Feb 28 16:51:27 +0000 2020,,,,https://twitter.com/TheldlerWheel/status/1233434551952773121,1233434551952773121,874756512693895168
2020-02-28 16:46:25+00:00,TheldlerWheel,,0,0,4,"3. Tadano from Aggretsuko 7/10 Lazy, can’t even get a fucking drivers license. A billionaire genius, the furry equivalent of Elon Musk...which means he has a nasty furry Grimes gf Literally just his whole existence implies a furry Grimes and furry Visions Communist (+)",,Fri Feb 28 16:46:25 +0000 2020,,,,https://twitter.com/TheldlerWheel/status/1233433284899676162,1233433284899676162,874756512693895168
2020-02-28 16:43:40+00:00,TheldlerWheel,,0,0,0,Exactly Nate,,Fri Feb 28 16:43:40 +0000 2020,,,,https://twitter.com/TheldlerWheel/status/1233432589299593223,1233432589299593223,874756512693895168
2020-02-28 16:43:22+00:00,TheldlerWheel,,1,0,6,"2. Nick Wilde from Zootopia 5/10 Massive cunt, douche, etc. Went against his morals and became a COP... Whole character revolves around him being bullied once when he was a kid. Suck it up loser.",,Fri Feb 28 16:43:22 +0000 2020,,,,https://twitter.com/TheldlerWheel/status/1233432516440285186,1233432516440285186,874756512693895168
2020-02-28 16:40:50+00:00,TheldlerWheel,,2,0,8,1. Legoshi from Beastars 10/10 I believe he is the perfect man. You all agree with me.,,Fri Feb 28 16:40:50 +0000 2020,,,,https://twitter.com/TheldlerWheel/status/1233431879149330434,1233431879149330434,874756512693895168
2020-02-28 16:39:28+00:00,TheldlerWheel,,8,0,9,Furry rating thread:,,Fri Feb 28 16:39:28 +0000 2020,,,,https://twitter.com/TheldlerWheel/status/1233431536072089602,1233431536072089602,874756512693895168
2020-02-28 16:33:21+00:00,TheldlerWheel,,0,0,5,"this week, björk announced 'björk orchestral’ björk’s acoustic string arrangements of her works so far tickets on sale now tickets here: http://bjork.lnk.to/orchestralshows",,Fri Feb 28 16:33:21 +0000 2020,,,http://bjork.lnk.to/orchestralshows,https://twitter.com/TheldlerWheel/status/1233429993428017157,1233429993428017157,874756512693895168
2020-02-28 16:33:00+00:00,TheldlerWheel,bjork,1,0,5,thanks bork,,Fri Feb 28 16:33:00 +0000 2020,,,,https://twitter.com/TheldlerWheel/status/1233429905133752322,1233429905133752322,874756512693895168
2020-02-28 16:28:59+00:00,TheldlerWheel,TheldlerWheel,1,0,1,ARE YOU OK,,Fri Feb 28 16:28:59 +0000 2020,,,,https://twitter.com/TheldlerWheel/status/1233428897787777024,1233428897787777024,874756512693895168
2020-02-28 16:28:49+00:00,TheldlerWheel,downhilllullaby,1,0,1,WHAT THE FUCK,,Fri Feb 28 16:28:49 +0000 2020,,,,https://twitter.com/TheldlerWheel/status/1233428856234741762,1233428856234741762,874756512693895168
2020-02-28 16:27:58+00:00,TheldlerWheel,,0,0,5,Stupid Love Lady Gaga Chromatica #StupidLove #LadyGaga #Chromatica #KindnessPunks Kindness Punks Donald Trump #TrumpVirus,,Fri Feb 28 16:27:58 +0000 2020,,#StupidLove #StupidLove #LadyGaga #LadyGaga #Chromatica #Chromatica #KindnessPunks #TrumpVirus,,https://twitter.com/TheldlerWheel/status/1233428639636692997,1233428639636692997,874756512693895168
2020-02-28 16:24:20+00:00,TheldlerWheel,vespertinevirgo,1,0,6,"so goofy, so corny, so heinous, the end where she levitated those tops into the air was what did it for me",,Fri Feb 28 16:24:20 +0000 2020,,,,https://twitter.com/TheldlerWheel/status/1233427725102321664,1233427725102321664,874756512693895168
2020-02-28 16:20:47+00:00,TheldlerWheel,,1,0,19,just watched the stupid love video...that was one of the worst music videos ive ever seen,,Fri Feb 28 16:20:47 +0000 2020,,,,https://twitter.com/TheldlerWheel/status/1233426830599782401,1233426830599782401,874756512693895168
2020-02-28 16:17:07+00:00,TheldlerWheel,cloutbusting,0,0,0,SHUT UPKOJIHUYVGCF,,Fri Feb 28 16:17:07 +0000 2020,,,,https://twitter.com/TheldlerWheel/status/1233425908595335169,1233425908595335169,874756512693895168
2020-02-28 16:12:44+00:00,TheldlerWheel,,1,0,5,hi @maluma how are you,@maluma,Fri Feb 28 16:12:44 +0000 2020,,,,https://twitter.com/TheldlerWheel/status/1233424807863164930,1233424807863164930,874756512693895168
2020-02-28 16:03:21+00:00,TheldlerWheel,,0,0,6,perfect petals punctuate,,Fri Feb 28 16:03:21 +0000 2020,,,,https://twitter.com/TheldlerWheel/status/1233422443357835264,1233422443357835264,874756512693895168
2020-02-28 16:01:38+00:00,TheldlerWheel,himbosissy,0,0,2,thats my evil twin,,Fri Feb 28 16:01:38 +0000 2020,,,,https://twitter.com/TheldlerWheel/status/1233422011705307136,1233422011705307136,874756512693895168
2020-02-28 16:01:14+00:00,TheldlerWheel,himbosissy,0,0,2,i never said any of this omfg my lawyers are gonna get in contact about this because this is flat out libel and slander,,Fri Feb 28 16:01:14 +0000 2020,,,,https://twitter.com/TheldlerWheel/status/1233421910970597377,1233421910970597377,874756512693895168
2020-02-28 15:59:58+00:00,TheldlerWheel,mistermodular,1,0,1,expect the same backlash when you inevitably do your stereolab album rank in public,,Fri Feb 28 15:59:58 +0000 2020,,,,https://twitter.com/TheldlerWheel/status/1233421594560778240,1233421594560778240,874756512693895168
2020-02-28 15:57:11+00:00,TheldlerWheel,,2,0,9,i think to celebrate the stock market crash i will do a thread of furry characters and my rating out of /10,,Fri Feb 28 15:57:11 +0000 2020,,,,https://twitter.com/TheldlerWheel/status/1233420894007169025,1233420894007169025,874756512693895168
2020-02-28 15:56:25+00:00,TheldlerWheel,neiltyson,0,0,7,neil degrasse tyson bad neil degrasse tyson stupid neil degrasse tyson weird neil degrasse tyson annoying neil degrasse tyson rude neil degrasse tyson no neil degrasse tyson stop neil degrasse tyson gay neil degrasse tyson homosexual neil degrasse tyson pasty,,Fri Feb 28 15:56:25 +0000 2020,,,https://twitter.com/neiltyson/status/1233164312467910656,https://twitter.com/TheldlerWheel/status/1233420701899591680,1233420701899591680,874756512693895168
2020-02-28 15:43:30+00:00,TheldlerWheel,,1,1,15,im in hell,,Fri Feb 28 15:43:30 +0000 2020,,,,https://twitter.com/TheldlerWheel/status/1233417450135273472,1233417450135273472,874756512693895168
2020-02-28 06:37:45+00:00,TheldlerWheel,bjbjonez,0,0,1,,,Fri Feb 28 06:37:45 +0000 2020,,,,https://twitter.com/TheldlerWheel/status/1233280107701207041,1233280107701207041,874756512693895168
2020-02-28 06:34:59+00:00,TheldlerWheel,,1,0,3,When she screamed at an intern for not bringing her silverware onto a plane so she could eat her salad so she used a comb to eat it...,,Fri Feb 28 06:34:59 +0000 2020,,,,https://twitter.com/TheldlerWheel/status/1233279412117868549,1233279412117868549,874756512693895168
2020-02-28 06:33:39+00:00,TheldlerWheel,,1,0,10,Reading about all the abusive stuff Amy Klobuchar (allegedly cuz some of it was fake) did to her assistants kinda makes me wanna get into politics...I wanna chuck a stapler at an intern omg,,Fri Feb 28 06:33:39 +0000 2020,,,,https://twitter.com/TheldlerWheel/status/1233279077005615104,1233279077005615104,874756512693895168
2020-02-28 06:29:45+00:00,TheldlerWheel,urgirlfri3nd22,0,0,3,REMYYYYY,,Fri Feb 28 06:29:45 +0000 2020,,,,https://twitter.com/TheldlerWheel/status/1233278093672013824,1233278093672013824,874756512693895168
2020-02-28 05:57:26+00:00,TheldlerWheel,,1,0,8,you know me as the girl who plays with fire raaah,,Fri Feb 28 05:57:26 +0000 2020,,,,https://twitter.com/TheldlerWheel/status/1233269961113640960,1233269961113640960,874756512693895168
2020-02-28 05:51:44+00:00,TheldlerWheel,,0,0,1,add it into their bios sorry im sleepy,,Fri Feb 28 05:51:44 +0000 2020,,,,https://twitter.com/TheldlerWheel/status/1233268527953596416,1233268527953596416,874756512693895168
2020-02-28 05:48:58+00:00,TheldlerWheel,,1,0,14,"its always funny when regular ass non verified people add ""rts =/= endorsements"" like...who is looking on ur account to check for that?",,Fri Feb 28 05:48:58 +0000 2020,,,,https://twitter.com/TheldlerWheel/status/1233267830587564032,1233267830587564032,874756512693895168
2020-02-28 05:43:26+00:00,TheldlerWheel,,2,0,16,the way katy perry's comeback is going to outsell miss germanotta,,Fri Feb 28 05:43:26 +0000 2020,,,,https://twitter.com/TheldlerWheel/status/1233266437646671878,1233266437646671878,874756512693895168
2020-02-28 05:41:42+00:00,TheldlerWheel,yunghellraiser,0,0,2,period!,,Fri Feb 28 05:41:42 +0000 2020,,,,https://twitter.com/TheldlerWheel/status/1233266000755339264,1233266000755339264,874756512693895168
2020-02-28 05:26:12+00:00,TheldlerWheel,himbosissy,0,0,1,twinsies,,Fri Feb 28 05:26:12 +0000 2020,,,,https://twitter.com/TheldlerWheel/status/1233262103236141058,1233262103236141058,874756512693895168
2020-02-28 05:24:13+00:00,TheldlerWheel,,1,0,2,was going to delete this knowing theyd see the hate in the replies but this is YOUR PUNISHMENT! read it.,,Fri Feb 28 05:24:13 +0000 2020,,,,https://twitter.com/TheldlerWheel/status/1233261603103166464,1233261603103166464,874756512693895168
2020-02-28 05:20:47+00:00,TheldlerWheel,,4,0,9,Fuck fuck fuck fuck,,Fri Feb 28 05:20:47 +0000 2020,,,,https://twitter.com/TheldlerWheel/status/1233260736065003520,1233260736065003520,874756512693895168
2020-02-28 05:18:39+00:00,TheldlerWheel,,1,0,15,not oomf promoting stupid love in his discord i cant escape from her no matter what i do,,Fri Feb 28 05:18:39 +0000 2020,,,,https://twitter.com/TheldlerWheel/status/1233260202310455298,1233260202310455298,874756512693895168
2020-02-28 05:06:44+00:00,TheldlerWheel,lhatemen,0,0,1,no NEXT,,Fri Feb 28 05:06:44 +0000 2020,,,,https://twitter.com/TheldlerWheel/status/1233257200497369089,1233257200497369089,874756512693895168
2020-02-28 05:05:54+00:00,TheldlerWheel,urgirlfri3nd22,1,0,3,no she is absolutely not,,Fri Feb 28 05:05:54 +0000 2020,,,,https://twitter.com/TheldlerWheel/status/1233256991734337536,1233256991734337536,874756512693895168
2020-02-28 05:03:38+00:00,TheldlerWheel,,1,1,19,The fact that Kate Bush made a whole song about a famous composer just to call him out for having Syphilis ,,Fri Feb 28 05:03:38 +0000 2020,,,,https://twitter.com/TheldlerWheel/status/1233256421879402497,1233256421879402497,874756512693895168
2020-02-28 05:00:51+00:00,TheldlerWheel,,0,2,9,we wont be listening to stupid love tonight only good pop,,Fri Feb 28 05:00:51 +0000 2020,,,https://music.apple.com/us/album/babooshka/696884485?i=696885631,https://twitter.com/TheldlerWheel/status/1233255723431276545,1233255723431276545,874756512693895168
2020-02-28 04:53:59+00:00,TheldlerWheel,itsmiloduh,1,0,1,girl its already out,,Fri Feb 28 04:53:59 +0000 2020,,,,https://twitter.com/TheldlerWheel/status/1233253992169377792,1233253992169377792,874756512693895168
2020-02-28 04:52:28+00:00,TheldlerWheel,,0,1,18,stupid love sounds exactly like the leak LMFAOOOOOO she held onto this shite for a year+,,Fri Feb 28 04:52:28 +0000 2020,,,,https://twitter.com/TheldlerWheel/status/1233253610789724160,1233253610789724160,874756512693895168
2020-02-28 04:39:39+00:00,TheldlerWheel,heavybaIIoon,1,0,1,It's despicable! She is now living on the streets because she couldn't afford her rent and her children were taken out of her custody. @SabGz why would you do this,@SabGz,Fri Feb 28 04:39:39 +0000 2020,,,,https://twitter.com/TheldlerWheel/status/1233250386242424834,1233250386242424834,874756512693895168
2020-02-28 04:16:14+00:00,TheldlerWheel,AlkaliAether,0,0,0,i won,,Fri Feb 28 04:16:14 +0000 2020,,,,https://twitter.com/TheldlerWheel/status/1233244491752124417,1233244491752124417,874756512693895168
2020-02-28 04:12:34+00:00,TheldlerWheel,FALLENAL1EN,1,0,4,same i was floored,,Fri Feb 28 04:12:34 +0000 2020,,,,https://twitter.com/TheldlerWheel/status/1233243570527752192,1233243570527752192,874756512693895168
2020-02-28 04:12:11+00:00,TheldlerWheel,croatianamor,0,0,1,MAWMA,,Fri Feb 28 04:12:11 +0000 2020,,,,https://twitter.com/TheldlerWheel/status/1233243473832267776,1233243473832267776,874756512693895168
2020-02-28 04:08:09+00:00,TheldlerWheel,,0,1,3,if you like non emo kero kero bonito listen to this,,Fri Feb 28 04:08:09 +0000 2020,,,https://music.apple.com/us/album/pale-machine/1403867543,https://twitter.com/TheldlerWheel/status/1233242460501028870,1233242460501028870,874756512693895168
2020-02-28 04:06:05+00:00,TheldlerWheel,,2,0,13,YOU CANT DELETE THE TRUTH KIMBERLY!!! BO NATION WON I WON SMACK CAM,,Fri Feb 28 04:06:05 +0000 2020,,,,https://twitter.com/TheldlerWheel/status/1233241940352753665,1233241940352753665,874756512693895168
2020-02-28 04:01:34+00:00,TheldlerWheel,kimpetras,0,0,2,,,Fri Feb 28 04:01:34 +0000 2020,,,,https://twitter.com/TheldlerWheel/status/1233240801209208832,1233240801209208832,874756512693895168
2020-02-28 04:00:51+00:00,TheldlerWheel,6KlSS,0,0,0,ill take your word for it,,Fri Feb 28 04:00:51 +0000 2020,,,,https://twitter.com/TheldlerWheel/status/1233240620963069952,1233240620963069952,874756512693895168
2020-02-28 03:56:20+00:00,TheldlerWheel,fIossy_1969,0,0,3,your mama,,Fri Feb 28 03:56:20 +0000 2020,,,,https://twitter.com/TheldlerWheel/status/1233239485346873345,1233239485346873345,874756512693895168
2020-02-28 03:54:39+00:00,TheldlerWheel,,2,0,8,and i never will listen to it,,Fri Feb 28 03:54:39 +0000 2020,,,,https://twitter.com/TheldlerWheel/status/1233239060791078912,1233239060791078912,874756512693895168
2020-02-28 03:54:30+00:00,TheldlerWheel,,2,0,12,ive never actually listened to 1000 gecs i just call it shit for fun,,Fri Feb 28 03:54:30 +0000 2020,,,,https://twitter.com/TheldlerWheel/status/1233239022627102720,1233239022627102720,874756512693895168
2020-02-28 03:52:59+00:00,TheldlerWheel,FALLENAL1EN,0,0,2,get dua lipa outta there!!!!,,Fri Feb 28 03:52:59 +0000 2020,,,,https://twitter.com/TheldlerWheel/status/1233238641109078017,1233238641109078017,874756512693895168
2020-02-28 03:39:36+00:00,TheldlerWheel,,0,0,10,but i miss the farrah abraham layout very much...it was very liberating,,Fri Feb 28 03:39:36 +0000 2020,,,,https://twitter.com/TheldlerWheel/status/1233235276228632576,1233235276228632576,874756512693895168
2020-02-28 03:37:28+00:00,TheldlerWheel,,7,1,24,fiona has returned,,Fri Feb 28 03:37:28 +0000 2020,,,,https://twitter.com/TheldlerWheel/status/1233234736983703552,1233234736983703552,874756512693895168
2020-02-28 03:30:58+00:00,TheldlerWheel,,0,0,9,FUCK HE FUCKING AGREED THAT IDORU IS A UTOPIA RIPOFF I FUCKING WIN I WIN I WIN I WIN I WIN I WIN I WIN I WIN I WIN,,Fri Feb 28 03:30:58 +0000 2020,,,,https://twitter.com/TheldlerWheel/status/1233233103839223808,1233233103839223808,874756512693895168
2020-02-28 03:30:32+00:00,TheldlerWheel,,0,0,4,heyyyyy @theneedledrop,@theneedledrop,Fri Feb 28 03:30:32 +0000 2020,,,,https://twitter.com/TheldlerWheel/status/1233232992891478016,1233232992891478016,874756512693895168
2020-02-28 03:25:33+00:00,TheldlerWheel,,4,0,26,anthony fantano gave miss anthropocene a 4...@theneedledrop hey sexy! how are you today? best friend,@theneedledrop,Fri Feb 28 03:25:33 +0000 2020,,,,https://twitter.com/TheldlerWheel/status/1233231740266741760,1233231740266741760,874756512693895168
2020-02-28 02:56:13+00:00,TheldlerWheel,_CYBERBRAT,0,0,2,glad youre ok :/,,Fri Feb 28 02:56:13 +0000 2020,,,,https://twitter.com/TheldlerWheel/status/1233224356215607298,1233224356215607298,874756512693895168
2020-02-28 02:15:58+00:00,TheldlerWheel,,1,0,6,.,,Fri Feb 28 02:15:58 +0000 2020,,,,https://twitter.com/TheldlerWheel/status/1233214227814535170,1233214227814535170,874756512693895168
2020-02-28 02:14:40+00:00,TheldlerWheel,AsToldByNeon,1,0,1,shes a queen,,Fri Feb 28 02:14:40 +0000 2020,,,,https://twitter.com/TheldlerWheel/status/1233213901891919872,1233213901891919872,874756512693895168
2020-02-28 02:09:33+00:00,TheldlerWheel,AsToldByNeon,1,0,1,tuesday x is rolling in her grave knowing shes associated with a LOSER,,Fri Feb 28 02:09:33 +0000 2020,,,,https://twitter.com/TheldlerWheel/status/1233212614139875329,1233212614139875329,874756512693895168
2020-02-28 01:36:41+00:00,TheldlerWheel,ARTPOPMATICA,1,0,0,Yes.,,Fri Feb 28 01:36:41 +0000 2020,,,,https://twitter.com/TheldlerWheel/status/1233204341743460352,1233204341743460352,874756512693895168
2020-02-28 01:34:22+00:00,TheldlerWheel,ARTPOPMATICA,1,0,0,Bo.,,Fri Feb 28 01:34:22 +0000 2020,,,,https://twitter.com/TheldlerWheel/status/1233203758571585544,1233203758571585544,874756512693895168
2020-02-28 01:22:33+00:00,TheldlerWheel,MONBROKE,0,0,0,It is perfect.,,Fri Feb 28 01:22:33 +0000 2020,,,,https://twitter.com/TheldlerWheel/status/1233200784164216832,1233200784164216832,874756512693895168
2020-02-28 01:22:23+00:00,TheldlerWheel,helsevesen,0,0,1,Thank you for asking it's My Teenage Dream Ended.,,Fri Feb 28 01:22:23 +0000 2020,,,,https://twitter.com/TheldlerWheel/status/1233200743122919430,1233200743122919430,874756512693895168
2020-02-28 01:06:34+00:00,TheldlerWheel,fuglibetty,2,0,7,yess omg not me though,,Fri Feb 28 01:06:34 +0000 2020,,,,https://twitter.com/TheldlerWheel/status/1233196763923853312,1233196763923853312,874756512693895168
2020-02-28 01:04:45+00:00,TheldlerWheel,derbrofister,0,0,3,They're all amazing.,,Fri Feb 28 01:04:45 +0000 2020,,,,https://twitter.com/TheldlerWheel/status/1233196306992181250,1233196306992181250,874756512693895168
2020-02-28 01:04:23+00:00,TheldlerWheel,ZacharyNB,1,0,0,,,Fri Feb 28 01:04:23 +0000 2020,,,,https://twitter.com/TheldlerWheel/status/1233196211559112704,1233196211559112704,874756512693895168
2020-02-28 00:57:22+00:00,TheldlerWheel,,1,0,12,,,Fri Feb 28 00:57:22 +0000 2020,,,,https://twitter.com/TheldlerWheel/status/1233194447942365185,1233194447942365185,874756512693895168
2020-02-28 00:54:09+00:00,TheldlerWheel,deIete4ever,1,0,3,My Teenage Dream Ended.,,Fri Feb 28 00:54:09 +0000 2020,,,,https://twitter.com/TheldlerWheel/status/1233193638445928453,1233193638445928453,874756512693895168
2020-02-28 00:52:24+00:00,TheldlerWheel,,13,20,113,My new chart.,,Fri Feb 28 00:52:24 +0000 2020,,,,https://twitter.com/TheldlerWheel/status/1233193196890578944,1233193196890578944,874756512693895168
2020-02-27 22:59:02+00:00,TheldlerWheel,untitledgodsong,0,0,1,That’s a really good idea...,,Thu Feb 27 22:59:02 +0000 2020,,,,https://twitter.com/TheldlerWheel/status/1233164667717066754,1233164667717066754,874756512693895168
2020-02-27 22:47:16+00:00,TheldlerWheel,SabGz,2,0,11,"Hi! My coworker got fired because of this tweet. She’s a single mom supporting a family of 5. Working at Panera Bread was her only source of income, hope they make sure your orders correct next time!",,Thu Feb 27 22:47:16 +0000 2020,,,,https://twitter.com/TheldlerWheel/status/1233161705682763776,1233161705682763776,874756512693895168
2020-02-27 21:56:57+00:00,TheldlerWheel,himbosissy,1,0,1,You should love yourself too,,Thu Feb 27 21:56:57 +0000 2020,,,,https://twitter.com/TheldlerWheel/status/1233149044115083265,1233149044115083265,874756512693895168
