date,username,to,replies,retweets,favorites,text,mentions,formatted_date,geo,hashtags,urls,permalink,ID,author_id
2020-02-28 22:37:28+00:00,urvillageidiot,CosmossUp,1,64,711,when he’s a homeowner ,,Fri Feb 28 22:37:28 +0000 2020,,,https://twitter.com/CosmossUp/status/1232937079501459458,https://twitter.com/urvillageidiot/status/1233521628329529345,1233521628329529345,2912914526
2020-02-28 20:37:07+00:00,urvillageidiot,chargingwookie,0,0,1,1 damage,,Fri Feb 28 20:37:07 +0000 2020,,,,https://twitter.com/urvillageidiot/status/1233491342300504065,1233491342300504065,2912914526
2020-02-28 20:24:12+00:00,urvillageidiot,evil_chutney,0,0,6,this looks tasty,,Fri Feb 28 20:24:12 +0000 2020,,,,https://twitter.com/urvillageidiot/status/1233488088619339776,1233488088619339776,2912914526
2020-02-28 19:32:45+00:00,urvillageidiot,natalieinigo,0,0,2,less good go back to number one,,Fri Feb 28 19:32:45 +0000 2020,,,,https://twitter.com/urvillageidiot/status/1233475144020045827,1233475144020045827,2912914526
2020-02-28 18:44:44+00:00,urvillageidiot,natalieinigo,1,0,0,holy fuck this sounds so nice,,Fri Feb 28 18:44:44 +0000 2020,,,,https://twitter.com/urvillageidiot/status/1233463057415671808,1233463057415671808,2912914526
2020-02-28 18:07:12+00:00,urvillageidiot,,10,0,74,"cereal is lackluster as well, i’m thinking hot soup",,Fri Feb 28 18:07:12 +0000 2020,,,,https://twitter.com/urvillageidiot/status/1233453614586200064,1233453614586200064,2912914526
2020-02-28 18:06:43+00:00,urvillageidiot,,37,95,1455,there needs to be a soup specifically for breakfast time. note: I will not be reading any replies mentioning Oatmeal !!!,,Fri Feb 28 18:06:43 +0000 2020,,,,https://twitter.com/urvillageidiot/status/1233453492129296384,1233453492129296384,2912914526
2020-02-28 03:42:46+00:00,urvillageidiot,,1,99,848, and my ride sporty ,,Fri Feb 28 03:42:46 +0000 2020,,,,https://twitter.com/urvillageidiot/status/1233236072642961408,1233236072642961408,2912914526
2020-02-28 03:16:53+00:00,urvillageidiot,ejstrat,1,1,19,our stats are terrible but there’s a lot of us,,Fri Feb 28 03:16:53 +0000 2020,,,,https://twitter.com/urvillageidiot/status/1233229559203414016,1233229559203414016,2912914526
2020-02-28 02:10:42+00:00,urvillageidiot,greenshrt_,1,0,6,same rules as gun,,Fri Feb 28 02:10:42 +0000 2020,,,,https://twitter.com/urvillageidiot/status/1233212900996550657,1233212900996550657,2912914526
2020-02-28 02:06:59+00:00,urvillageidiot,,4,34,373,"i’d say on average humans have 2 Hit Points. i’ve thought it all out. -Getting in a bar fight does 1 damage -Cyanide does 2 damage -Gun does 1 damage, 2 on a critical hit",,Fri Feb 28 02:06:59 +0000 2020,,,,https://twitter.com/urvillageidiot/status/1233211965792587776,1233211965792587776,2912914526
2020-02-27 16:35:31+00:00,urvillageidiot,,0,19,236,oh you turned off your IG story replies? fine. i didn’t want to “LMAO” at u anyway..,,Thu Feb 27 16:35:31 +0000 2020,,,,https://twitter.com/urvillageidiot/status/1233068153917206532,1233068153917206532,2912914526
2020-02-27 02:18:06+00:00,urvillageidiot,zachmonky,0,0,2,what about the apples?,,Thu Feb 27 02:18:06 +0000 2020,,,,https://twitter.com/urvillageidiot/status/1232852375477448704,1232852375477448704,2912914526
2020-02-27 02:13:21+00:00,urvillageidiot,ACPocketNews,1,13,143,i want to go to there.,,Thu Feb 27 02:13:21 +0000 2020,,,https://twitter.com/ACPocketNews/status/1232821313934438401,https://twitter.com/urvillageidiot/status/1232851179631042560,1232851179631042560,2912914526
2020-02-26 21:17:25+00:00,urvillageidiot,payfrit,1,0,1,the yield on those muffins is incredible,,Wed Feb 26 21:17:25 +0000 2020,,,,https://twitter.com/urvillageidiot/status/1232776706529742849,1232776706529742849,2912914526
2020-02-26 20:51:01+00:00,urvillageidiot,,1,83,553,if a muffin costs 8 dollars it better solve one of my many psychological problems,,Wed Feb 26 20:51:01 +0000 2020,,,,https://twitter.com/urvillageidiot/status/1232770062471139328,1232770062471139328,2912914526
2020-02-26 20:02:05+00:00,urvillageidiot,GabeJamesGames,0,0,20,"a singular black arrow that normally does plus 1d4 necrotic damage, however if it deals the final blow it absorbs the creatures life force, it bonuses at tiered level of absorption per 10kils 25kills 50 kills it adds another d4",,Wed Feb 26 20:02:05 +0000 2020,,,,https://twitter.com/urvillageidiot/status/1232757748707684352,1232757748707684352,2912914526
2020-02-26 19:50:08+00:00,urvillageidiot,,0,0,1,imagine going LMAO,,Wed Feb 26 19:50:08 +0000 2020,,,,https://twitter.com/urvillageidiot/status/1232754741538480128,1232754741538480128,2912914526
2020-02-26 19:31:44+00:00,urvillageidiot,sweatyhairy,0,0,2,scared of the potions you will make,,Wed Feb 26 19:31:44 +0000 2020,,,,https://twitter.com/urvillageidiot/status/1232750112733949952,1232750112733949952,2912914526
2020-02-26 19:30:06+00:00,urvillageidiot,sweatyhairy,1,0,4,"giving you a wooden spoon and bowl for your porridge, you monk",,Wed Feb 26 19:30:06 +0000 2020,,,,https://twitter.com/urvillageidiot/status/1232749700786184192,1232749700786184192,2912914526
2020-02-26 19:28:42+00:00,urvillageidiot,sweatyhairy,1,0,2,a case of sugar free monster ?,,Wed Feb 26 19:28:42 +0000 2020,,,,https://twitter.com/urvillageidiot/status/1232749346392694784,1232749346392694784,2912914526
2020-02-26 18:56:57+00:00,urvillageidiot,,0,0,2,my old friend max,,Wed Feb 26 18:56:57 +0000 2020,,,,https://twitter.com/urvillageidiot/status/1232741356600086528,1232741356600086528,2912914526
2020-02-26 07:49:12+00:00,urvillageidiot,,0,0,24,"i wanna know what his limit is, put a cinderblock in front of him",,Wed Feb 26 07:49:12 +0000 2020,,,,https://twitter.com/urvillageidiot/status/1232573311567032322,1232573311567032322,2912914526
2020-02-26 06:58:01+00:00,urvillageidiot,,3,16,522,cool video of coochie respecting my personal space,,Wed Feb 26 06:58:01 +0000 2020,,,,https://twitter.com/urvillageidiot/status/1232560434034573312,1232560434034573312,2912914526
2020-02-25 23:31:11+00:00,urvillageidiot,sweatyhairy,1,0,62,i’m doing good just had a nice interview,,Tue Feb 25 23:31:11 +0000 2020,,,,https://twitter.com/urvillageidiot/status/1232447984542990336,1232447984542990336,2912914526
2020-02-25 23:30:39+00:00,urvillageidiot,,2,43,402,walking in on this is worse than catching your girl cheating,,Tue Feb 25 23:30:39 +0000 2020,,,,https://twitter.com/urvillageidiot/status/1232447848991453184,1232447848991453184,2912914526
2020-02-25 20:34:42+00:00,urvillageidiot,Merman_Melville,1,0,1,she said it tasted moldy inside the shells?,,Tue Feb 25 20:34:42 +0000 2020,,,,https://twitter.com/urvillageidiot/status/1232403570315554817,1232403570315554817,2912914526
2020-02-25 01:25:41+00:00,urvillageidiot,appliedboredom1,1,8,131,call someone a freak and then they prove your point,,Tue Feb 25 01:25:41 +0000 2020,,,https://twitter.com/appliedboredom1/status/1232114009979211776,https://twitter.com/urvillageidiot/status/1232114411172532224,1232114411172532224,2912914526
2020-02-25 01:12:51+00:00,urvillageidiot,lemlemlemlem_,1,0,7,change your ways,,Tue Feb 25 01:12:51 +0000 2020,,,,https://twitter.com/urvillageidiot/status/1232111181642420226,1232111181642420226,2912914526
2020-02-25 01:11:05+00:00,urvillageidiot,,5,47,449,people who eat oreos by cracking them open and scraping the icing off with their teeth you’re fucking freaks,,Tue Feb 25 01:11:05 +0000 2020,,,,https://twitter.com/urvillageidiot/status/1232110734735097856,1232110734735097856,2912914526
2020-02-25 01:05:22+00:00,urvillageidiot,youngfishgod,0,0,3,the drip doesn’t stop someone call me a plumber,,Tue Feb 25 01:05:22 +0000 2020,,,,https://twitter.com/urvillageidiot/status/1232109296051081216,1232109296051081216,2912914526
2020-02-25 00:45:11+00:00,urvillageidiot,,3,2,79,cooked pasta tonight and billie said i made it like a “street rat” ?,,Tue Feb 25 00:45:11 +0000 2020,,,,https://twitter.com/urvillageidiot/status/1232104216249790464,1232104216249790464,2912914526
2020-02-25 00:27:52+00:00,urvillageidiot,AMERIKKKANDAD,1,0,3,,,Tue Feb 25 00:27:52 +0000 2020,,,,https://twitter.com/urvillageidiot/status/1232099859210964992,1232099859210964992,2912914526
2020-02-25 00:10:17+00:00,urvillageidiot,,4,16,393,he wants his hair back,,Tue Feb 25 00:10:17 +0000 2020,,,,https://twitter.com/urvillageidiot/status/1232095432836169731,1232095432836169731,2912914526
2020-02-24 22:12:17+00:00,urvillageidiot,HammerFist3,1,0,7,what’s the number two spot karl,,Mon Feb 24 22:12:17 +0000 2020,,,,https://twitter.com/urvillageidiot/status/1232065737973305345,1232065737973305345,2912914526
2020-02-24 22:08:39+00:00,urvillageidiot,haneswhitetee,1,0,10,you gonna come get me ? lol,,Mon Feb 24 22:08:39 +0000 2020,,,,https://twitter.com/urvillageidiot/status/1232064823875104769,1232064823875104769,2912914526
2020-02-24 21:22:46+00:00,urvillageidiot,Ph0me,1,1,164,you fool do not speak their name,,Mon Feb 24 21:22:46 +0000 2020,,,,https://twitter.com/urvillageidiot/status/1232053276859781121,1232053276859781121,2912914526
2020-02-24 21:20:49+00:00,urvillageidiot,,130,7210,51605,this is my god now. everything i do is for them.,,Mon Feb 24 21:20:49 +0000 2020,,,,https://twitter.com/urvillageidiot/status/1232052786512060416,1232052786512060416,2912914526
2020-02-24 20:52:58+00:00,urvillageidiot,Hysteria,0,0,3,thank you ,,Mon Feb 24 20:52:58 +0000 2020,,,,https://twitter.com/urvillageidiot/status/1232045776567619585,1232045776567619585,2912914526
2020-02-24 20:48:00+00:00,urvillageidiot,BirdUntruster,0,0,1,thank you ,,Mon Feb 24 20:48:00 +0000 2020,,,,https://twitter.com/urvillageidiot/status/1232044530066571265,1232044530066571265,2912914526
2020-02-24 20:45:03+00:00,urvillageidiot,,4,2,377,like this tweet just to be nice ,,Mon Feb 24 20:45:03 +0000 2020,,,,https://twitter.com/urvillageidiot/status/1232043785783169025,1232043785783169025,2912914526
2020-02-24 05:20:47+00:00,urvillageidiot,soalexgoes,1,0,15,he feels like the precursor for an 80s movie jock that opens walnuts with his forehead,,Mon Feb 24 05:20:47 +0000 2020,,,,https://twitter.com/urvillageidiot/status/1231811186452119553,1231811186452119553,2912914526
2020-02-24 05:18:09+00:00,urvillageidiot,catfoodparty,0,0,3,he’s an anti plastic king,,Mon Feb 24 05:18:09 +0000 2020,,,,https://twitter.com/urvillageidiot/status/1231810522640572416,1231810522640572416,2912914526
2020-02-24 05:17:16+00:00,urvillageidiot,soalexgoes,1,5,290,it’s his body his choice,,Mon Feb 24 05:17:16 +0000 2020,,,,https://twitter.com/urvillageidiot/status/1231810300577374208,1231810300577374208,2912914526
2020-02-24 05:09:44+00:00,urvillageidiot,hatguysupreme,2,1,95,"they ask if who taught him to do this, he knew his purpose from birth",,Mon Feb 24 05:09:44 +0000 2020,,,,https://twitter.com/urvillageidiot/status/1231808404177338370,1231808404177338370,2912914526
2020-02-24 05:07:54+00:00,urvillageidiot,youngfishgod,0,0,18,the one to to bring us together,,Mon Feb 24 05:07:54 +0000 2020,,,,https://twitter.com/urvillageidiot/status/1231807945085599744,1231807945085599744,2912914526
2020-02-24 05:01:39+00:00,urvillageidiot,,56,2562,12519,the power this has,,Mon Feb 24 05:01:39 +0000 2020,,,,https://twitter.com/urvillageidiot/status/1231806369889574912,1231806369889574912,2912914526
2020-02-24 03:50:25+00:00,urvillageidiot,sweatyhairy,0,0,8,weeee!!!,,Mon Feb 24 03:50:25 +0000 2020,,,,https://twitter.com/urvillageidiot/status/1231788447049740288,1231788447049740288,2912914526
2020-02-24 03:45:21+00:00,urvillageidiot,lilaaron911,1,0,4,shirt goes off,,Mon Feb 24 03:45:21 +0000 2020,,,,https://twitter.com/urvillageidiot/status/1231787169913524224,1231787169913524224,2912914526
2020-02-22 21:31:07+00:00,urvillageidiot,Joe_lolololol,1,0,9,,,Sat Feb 22 21:31:07 +0000 2020,,,,https://twitter.com/urvillageidiot/status/1231330601669558272,1231330601669558272,2912914526
2020-02-22 21:30:31+00:00,urvillageidiot,snoop_pupp1,1,0,3,one foot is standing on a book,,Sat Feb 22 21:30:31 +0000 2020,,,,https://twitter.com/urvillageidiot/status/1231330450674569217,1231330450674569217,2912914526
2020-02-22 20:25:15+00:00,urvillageidiot,mahjonggodd,1,0,6,very posi vibes,,Sat Feb 22 20:25:15 +0000 2020,,,,https://twitter.com/urvillageidiot/status/1231314029404016640,1231314029404016640,2912914526
2020-02-22 20:24:43+00:00,urvillageidiot,shannon_laww,0,0,6,more area for tattoos,,Sat Feb 22 20:24:43 +0000 2020,,,,https://twitter.com/urvillageidiot/status/1231313893407911947,1231313893407911947,2912914526
2020-02-22 19:32:53+00:00,urvillageidiot,astromantis,0,0,3,thanks man,,Sat Feb 22 19:32:53 +0000 2020,,,,https://twitter.com/urvillageidiot/status/1231300848413601792,1231300848413601792,2912914526
2020-02-22 19:26:05+00:00,urvillageidiot,,10,27,713,need more doodles on my flesh prison,,Sat Feb 22 19:26:05 +0000 2020,,,,https://twitter.com/urvillageidiot/status/1231299138286829569,1231299138286829569,2912914526
2020-02-22 18:32:52+00:00,urvillageidiot,jimmy_knives,0,0,35,just made an important purchase,,Sat Feb 22 18:32:52 +0000 2020,,,https://twitter.com/jimmy_knives/status/1208833977953316864,https://twitter.com/urvillageidiot/status/1231285745588953089,1231285745588953089,2912914526
2020-02-21 23:35:34+00:00,urvillageidiot,oypoolboy,0,0,0,slav chic,,Fri Feb 21 23:35:34 +0000 2020,,,,https://twitter.com/urvillageidiot/status/1230999533426884608,1230999533426884608,2912914526
2020-02-21 23:28:07+00:00,urvillageidiot,,9,251,2055,that head shot kill streak won’t bring her back man.,,Fri Feb 21 23:28:07 +0000 2020,,,,https://twitter.com/urvillageidiot/status/1230997658057105409,1230997658057105409,2912914526
2020-02-21 23:23:20+00:00,urvillageidiot,TweetingLion,0,0,2,thank you for my due credit,,Fri Feb 21 23:23:20 +0000 2020,,,,https://twitter.com/urvillageidiot/status/1230996455243935745,1230996455243935745,2912914526
2020-02-21 04:58:15+00:00,urvillageidiot,tinsley_osteen,0,0,0,they were right,,Fri Feb 21 04:58:15 +0000 2020,,,,https://twitter.com/urvillageidiot/status/1230718354014359553,1230718354014359553,2912914526
2020-02-21 00:40:12+00:00,urvillageidiot,,3,4,78,this is my favorite snack,,Fri Feb 21 00:40:12 +0000 2020,,,,https://twitter.com/urvillageidiot/status/1230653412926087169,1230653412926087169,2912914526
2020-02-20 23:35:34+00:00,urvillageidiot,,0,0,0,so good,,Thu Feb 20 23:35:34 +0000 2020,,,,https://twitter.com/urvillageidiot/status/1230637148346318848,1230637148346318848,2912914526
2020-02-20 19:37:50+00:00,urvillageidiot,AndrewPStreet,0,0,118,this dude went on first date with a woman who said her last boyfriend was a serial killer,,Thu Feb 20 19:37:50 +0000 2020,,,https://twitter.com/AndrewPStreet/status/1230027115128487936,https://twitter.com/urvillageidiot/status/1230577317765758976,1230577317765758976,2912914526
2020-02-20 10:19:09+00:00,urvillageidiot,,7,36,340,"i threw up yesterday, not many can say that",,Thu Feb 20 10:19:09 +0000 2020,,,,https://twitter.com/urvillageidiot/status/1230436719771566080,1230436719771566080,2912914526
2020-02-19 16:26:16+00:00,urvillageidiot,brianrobertjone,0,0,2,i’d cop!!,,Wed Feb 19 16:26:16 +0000 2020,,,,https://twitter.com/urvillageidiot/status/1230166722419675137,1230166722419675137,2912914526
2020-02-19 05:18:07+00:00,urvillageidiot,conor_tripler,1,0,3,from everything i know about you this is facts,,Wed Feb 19 05:18:07 +0000 2020,,,,https://twitter.com/urvillageidiot/status/1229998576698195969,1229998576698195969,2912914526
2020-02-19 04:55:38+00:00,urvillageidiot,d9boogs,1,0,1,that’s what prompted this ngl,,Wed Feb 19 04:55:38 +0000 2020,,,,https://twitter.com/urvillageidiot/status/1229992916489142272,1229992916489142272,2912914526
2020-02-19 04:55:23+00:00,urvillageidiot,BirdUntruster,1,0,2,you know what! ... ok ..goodnight,,Wed Feb 19 04:55:23 +0000 2020,,,,https://twitter.com/urvillageidiot/status/1229992857072594944,1229992857072594944,2912914526
2020-02-19 04:54:52+00:00,urvillageidiot,CHRISMARTZ,0,0,1,euphoric,,Wed Feb 19 04:54:52 +0000 2020,,,,https://twitter.com/urvillageidiot/status/1229992724675219457,1229992724675219457,2912914526
2020-02-19 04:52:50+00:00,urvillageidiot,sweatyhairy,4,0,46,stable boy but you have a nice peasant wife at home,,Wed Feb 19 04:52:50 +0000 2020,,,,https://twitter.com/urvillageidiot/status/1229992214316498944,1229992214316498944,2912914526
2020-02-19 04:47:05+00:00,urvillageidiot,sweatyhairy,2,8,361,eating porridge from a wooden bowl with a stupid hat on,,Wed Feb 19 04:47:05 +0000 2020,,,,https://twitter.com/urvillageidiot/status/1229990767088635904,1229990767088635904,2912914526
2020-02-19 03:25:10+00:00,urvillageidiot,,1,12,199,malcoms in the middle ? well jim’s on the edge...,,Wed Feb 19 03:25:10 +0000 2020,,,,https://twitter.com/urvillageidiot/status/1229970152805941248,1229970152805941248,2912914526
2020-02-19 03:20:39+00:00,urvillageidiot,aanandtheone,0,0,2,he old ones,,Wed Feb 19 03:20:39 +0000 2020,,,,https://twitter.com/urvillageidiot/status/1229969014677368833,1229969014677368833,2912914526
2020-02-19 02:49:05+00:00,urvillageidiot,GMPaiella,0,1,26,i’ve been called out,,Wed Feb 19 02:49:05 +0000 2020,,,https://twitter.com/GMPaiella/status/1229915780684406784,https://twitter.com/urvillageidiot/status/1229961072066494464,1229961072066494464,2912914526
2020-02-19 02:41:12+00:00,urvillageidiot,,5,14,319,lil something light for the tl,,Wed Feb 19 02:41:12 +0000 2020,,,,https://twitter.com/urvillageidiot/status/1229959086805942272,1229959086805942272,2912914526
2020-02-19 02:20:49+00:00,urvillageidiot,ravennagolden,0,0,5,"relationship status or gender does not matter, anyone can be the psycho crazy bitch gf",,Wed Feb 19 02:20:49 +0000 2020,,,,https://twitter.com/urvillageidiot/status/1229953958069719040,1229953958069719040,2912914526
2020-02-19 02:07:21+00:00,urvillageidiot,,2,16,167,coming to terms that i am the psycho crazy bitch gf,,Wed Feb 19 02:07:21 +0000 2020,,,,https://twitter.com/urvillageidiot/status/1229950569923506176,1229950569923506176,2912914526
2020-02-19 01:31:25+00:00,urvillageidiot,getFANDOM,1,132,1376,dopamine shot through my brain,,Wed Feb 19 01:31:25 +0000 2020,,,https://twitter.com/getFANDOM/status/1229909114865635328,https://twitter.com/urvillageidiot/status/1229941523325652992,1229941523325652992,2912914526
2020-02-18 22:06:01+00:00,urvillageidiot,squareroot2gm_r,0,0,4,massive DPS on that lad,,Tue Feb 18 22:06:01 +0000 2020,,,,https://twitter.com/urvillageidiot/status/1229889833784365056,1229889833784365056,2912914526
2020-02-18 22:05:27+00:00,urvillageidiot,oleenatt_,1,0,0,omg fr are the a rag doll too?,,Tue Feb 18 22:05:27 +0000 2020,,,,https://twitter.com/urvillageidiot/status/1229889690213335040,1229889690213335040,2912914526
2020-02-18 22:05:26+00:00,urvillageidiot,delta___dawn,0,0,1,,,Tue Feb 18 22:05:26 +0000 2020,,,,https://twitter.com/urvillageidiot/status/1229889688569143296,1229889688569143296,2912914526
2020-02-18 22:04:30+00:00,urvillageidiot,AMERIKKKANDAD,1,0,1,i miss us... ,,Tue Feb 18 22:04:30 +0000 2020,,,,https://twitter.com/urvillageidiot/status/1229889452652167168,1229889452652167168,2912914526
2020-02-18 21:57:27+00:00,urvillageidiot,mojinn_studios,1,0,4,let’s goooo,,Tue Feb 18 21:57:27 +0000 2020,,,,https://twitter.com/urvillageidiot/status/1229887678197334016,1229887678197334016,2912914526
2020-02-18 21:33:14+00:00,urvillageidiot,jmillstein,1,0,4,why didn’t you show the footage where you hunted the hogs,,Tue Feb 18 21:33:14 +0000 2020,,,,https://twitter.com/urvillageidiot/status/1229881584079142912,1229881584079142912,2912914526
2020-02-18 20:32:59+00:00,urvillageidiot,soalexgoes,1,0,0,where is your character backstory ?,,Tue Feb 18 20:32:59 +0000 2020,,,,https://twitter.com/urvillageidiot/status/1229866424010543104,1229866424010543104,2912914526
2020-02-18 18:45:34+00:00,urvillageidiot,Jordan_Hamrick_,0,0,0, ,,Tue Feb 18 18:45:34 +0000 2020,,,,https://twitter.com/urvillageidiot/status/1229839388843970560,1229839388843970560,2912914526
2020-02-18 17:58:09+00:00,urvillageidiot,haneswhitetee,0,0,4,"they haven’t hit me back yet, but i’m still watching no scope comps",,Tue Feb 18 17:58:09 +0000 2020,,,,https://twitter.com/urvillageidiot/status/1229827457743642624,1229827457743642624,2912914526
2020-02-18 17:28:32+00:00,urvillageidiot,,9,2,592,gm i do not know what day of the week it is,,Tue Feb 18 17:28:32 +0000 2020,,,,https://twitter.com/urvillageidiot/status/1229820005153308672,1229820005153308672,2912914526
2020-02-18 00:37:36+00:00,urvillageidiot,,2,109,626,not a single person wished me a happy presidents’ day. i see how it is.,,Tue Feb 18 00:37:36 +0000 2020,,,,https://twitter.com/urvillageidiot/status/1229565592937459713,1229565592937459713,2912914526
2020-02-17 23:53:24+00:00,urvillageidiot,sweatyhairy,0,0,5,you can have them if you want,,Mon Feb 17 23:53:24 +0000 2020,,,,https://twitter.com/urvillageidiot/status/1229554469714575360,1229554469714575360,2912914526
2020-02-17 23:44:07+00:00,urvillageidiot,heybillierae,1,0,7,thank you,,Mon Feb 17 23:44:07 +0000 2020,,,,https://twitter.com/urvillageidiot/status/1229552135584415744,1229552135584415744,2912914526
2020-02-17 22:47:50+00:00,urvillageidiot,,3,12,144,someone needs to invite me to their party so i can eat whatever they have in their fridge,,Mon Feb 17 22:47:50 +0000 2020,,,,https://twitter.com/urvillageidiot/status/1229537969813377025,1229537969813377025,2912914526
2020-02-17 22:30:13+00:00,urvillageidiot,ilovesmokingmid,0,0,4,hiiii ,,Mon Feb 17 22:30:13 +0000 2020,,,,https://twitter.com/urvillageidiot/status/1229533535037321216,1229533535037321216,2912914526
2020-02-17 16:56:22+00:00,urvillageidiot,,1,29,706,i hate it here,,Mon Feb 17 16:56:22 +0000 2020,,,,https://twitter.com/urvillageidiot/status/1229449519542046722,1229449519542046722,2912914526
2020-02-17 03:41:27+00:00,urvillageidiot,,6,125,1228,getting told you looked like him in middle school? game over,,Mon Feb 17 03:41:27 +0000 2020,,,,https://twitter.com/urvillageidiot/status/1229249473601138689,1229249473601138689,2912914526
2020-02-17 03:38:27+00:00,urvillageidiot,,2,39,397,they didn’t have to make Sid from ice age that ugly. brutal.,,Mon Feb 17 03:38:27 +0000 2020,,,,https://twitter.com/urvillageidiot/status/1229248718899036160,1229248718899036160,2912914526
2020-02-17 03:06:38+00:00,urvillageidiot,,188,22677,125252,,,Mon Feb 17 03:06:38 +0000 2020,,,,https://twitter.com/urvillageidiot/status/1229240712845119493,1229240712845119493,2912914526
2020-02-17 00:23:34+00:00,urvillageidiot,ULTRASLUT,1,0,2,it’s really good...,,Mon Feb 17 00:23:34 +0000 2020,,,,https://twitter.com/urvillageidiot/status/1229199675653144576,1229199675653144576,2912914526
2020-02-16 17:38:31+00:00,urvillageidiot,darkmoondice,0,9,157,need the black opal uncut gems dice,,Sun Feb 16 17:38:31 +0000 2020,,,https://twitter.com/darkmoondice/status/1222086902628724736,https://twitter.com/urvillageidiot/status/1229097740514148352,1229097740514148352,2912914526
2020-02-16 17:26:29+00:00,urvillageidiot,BeefedUpStud,0,0,3,how’d you get back up?,,Sun Feb 16 17:26:29 +0000 2020,,,,https://twitter.com/urvillageidiot/status/1229094712373415936,1229094712373415936,2912914526
