date,username,to,replies,retweets,favorites,text,mentions,formatted_date,geo,hashtags,urls,permalink,ID,author_id
2020-02-27 22:21:22+00:00,VasfijeKrasniqi,Deni_Hoxha,0,0,3,"Congratulations, Deni!",,Thu Feb 27 22:21:22 +0000 2020,,,,https://twitter.com/VasfijeKrasniqi/status/1233155189449875458,1233155189449875458,4498862713
2020-02-26 23:59:46+00:00,VasfijeKrasniqi,jeremynewberger,0,0,0,Though they said 6 weeks,,Wed Feb 26 23:59:46 +0000 2020,,,,https://twitter.com/VasfijeKrasniqi/status/1232817565602373632,1232817565602373632,4498862713
2020-02-26 04:09:25+00:00,VasfijeKrasniqi,BedrijeRexhepi3,1,0,1,Happy Birthday!,,Wed Feb 26 04:09:25 +0000 2020,,,,https://twitter.com/VasfijeKrasniqi/status/1232518004451266562,1232518004451266562,4498862713
2020-02-25 03:01:27+00:00,VasfijeKrasniqi,VasfijeIni,0,4,25,Please follow @VasfijeIni,@VasfijeIni,Tue Feb 25 03:01:27 +0000 2020,,,https://twitter.com/VasfijeIni/status/1232138269594443779,https://twitter.com/VasfijeKrasniqi/status/1232138511358230529,1232138511358230529,4498862713
2020-02-24 22:56:56+00:00,VasfijeKrasniqi,MiraSorvino,0,0,0,Yes!!,,Mon Feb 24 22:56:56 +0000 2020,,,,https://twitter.com/VasfijeKrasniqi/status/1232076973595336705,1232076973595336705,4498862713
2020-02-24 17:19:32+00:00,VasfijeKrasniqi,cnni,0,2,24,Justice,,Mon Feb 24 17:19:32 +0000 2020,,,https://twitter.com/cnni/status/1231987505131642880,https://twitter.com/VasfijeKrasniqi/status/1231992067544567813,1231992067544567813,4498862713
2020-02-23 16:56:20+00:00,VasfijeKrasniqi,USEmbPristina,4,19,197,We can all make a difference!,,Sun Feb 23 16:56:20 +0000 2020,,,https://twitter.com/USEmbPristina/status/1231583324885454848,https://twitter.com/VasfijeKrasniqi/status/1231623840540876801,1231623840540876801,4498862713
2020-02-23 05:22:35+00:00,VasfijeKrasniqi,ryanfoland,1,0,1,Where in TX?,,Sun Feb 23 05:22:35 +0000 2020,,,,https://twitter.com/VasfijeKrasniqi/status/1231449252339093504,1231449252339093504,4498862713
2020-02-21 20:47:32+00:00,VasfijeKrasniqi,MarkGjonajNY,0,1,22,I heard your speech and just want to say Thank You for being #Ourvoice,,Fri Feb 21 20:47:32 +0000 2020,,#Ourvoice,https://twitter.com/MarkGjonajNY/status/1230916530017312768,https://twitter.com/VasfijeKrasniqi/status/1230957247041298432,1230957247041298432,4498862713
2020-02-17 10:33:09+00:00,VasfijeKrasniqi,RameMariqi,0,0,1,I did not hear it ,,Mon Feb 17 10:33:09 +0000 2020,,,,https://twitter.com/VasfijeKrasniqi/status/1229353080594030593,1229353080594030593,4498862713
2020-02-17 10:31:29+00:00,VasfijeKrasniqi,VasfijeKrasniqi,5,26,252,Somethings don’t change,,Mon Feb 17 10:31:29 +0000 2020,,,https://twitter.com/VasfijeKrasniqi/status/1097095046569099265,https://twitter.com/VasfijeKrasniqi/status/1229352661323075585,1229352661323075585,4498862713
2020-02-17 08:31:26+00:00,VasfijeKrasniqi,,1,12,134,Let’s not forget #2OK edhe ne jemi katergori e #luftes Urime #Pavarsija,,Mon Feb 17 08:31:26 +0000 2020,,#2OK #luftes #Pavarsija,,https://twitter.com/VasfijeKrasniqi/status/1229322449520648192,1229322449520648192,4498862713
2020-02-17 08:11:57+00:00,VasfijeKrasniqi,MukwegeFound,0,1,22,We need more men like him,,Mon Feb 17 08:11:57 +0000 2020,,,https://twitter.com/MukwegeFound/status/1229314743871119368,https://twitter.com/VasfijeKrasniqi/status/1229317546207272960,1229317546207272960,4498862713
2020-02-17 08:10:34+00:00,VasfijeKrasniqi,besiana_kadare,0,0,4,Mimoza is an amazing woman and role model!,,Mon Feb 17 08:10:34 +0000 2020,,,,https://twitter.com/VasfijeKrasniqi/status/1229317200131035136,1229317200131035136,4498862713
2020-02-16 19:45:22+00:00,VasfijeKrasniqi,,0,5,59,The building is being torn down but the memory will always be there #Kosovowar,,Sun Feb 16 19:45:22 +0000 2020,,#Kosovowar,,https://twitter.com/VasfijeKrasniqi/status/1229129661847875591,1229129661847875591,4498862713
2020-02-15 20:06:20+00:00,VasfijeKrasniqi,PeterNikic,1,0,1,Yes! :),,Sat Feb 15 20:06:20 +0000 2020,,,,https://twitter.com/VasfijeKrasniqi/status/1228772552534843392,1228772552534843392,4498862713
2020-02-15 20:03:00+00:00,VasfijeKrasniqi,PeterNikic,1,0,1,Not me unfortunately,,Sat Feb 15 20:03:00 +0000 2020,,,,https://twitter.com/VasfijeKrasniqi/status/1228771712747155457,1228771712747155457,4498862713
2020-02-14 16:58:05+00:00,VasfijeKrasniqi,ArtaRexhepi,0,5,44,Congratulations to your dad! Im honored!,,Fri Feb 14 16:58:05 +0000 2020,,,https://twitter.com/ArtaRexhepi/status/1228133050229444609,https://twitter.com/VasfijeKrasniqi/status/1228362787216384002,1228362787216384002,4498862713
2020-02-11 05:58:42+00:00,VasfijeKrasniqi,,0,0,0,@NPRinskeep I lisend to your segment tonigh. I cant wait to order your book.,@NPRinskeep,Tue Feb 11 05:58:42 +0000 2020,,,,https://twitter.com/VasfijeKrasniqi/status/1227109686069075968,1227109686069075968,4498862713
2020-02-10 21:54:52+00:00,VasfijeKrasniqi,g_agime,0,0,1, ,,Mon Feb 10 21:54:52 +0000 2020,,,,https://twitter.com/VasfijeKrasniqi/status/1226987926229278721,1226987926229278721,4498862713
2020-02-10 20:06:58+00:00,VasfijeKrasniqi,leohereandthere,0,0,0, ,,Mon Feb 10 20:06:58 +0000 2020,,,,https://twitter.com/VasfijeKrasniqi/status/1226960771558625281,1226960771558625281,4498862713
2020-02-10 14:09:26+00:00,VasfijeKrasniqi,,0,0,0,@imageofkosovo,@imageofkosovo,Mon Feb 10 14:09:26 +0000 2020,,,,https://twitter.com/VasfijeKrasniqi/status/1226870794149670913,1226870794149670913,4498862713
2020-02-10 14:05:11+00:00,VasfijeKrasniqi,,5,8,185,#Kosova12,,Mon Feb 10 14:05:11 +0000 2020,,#Kosova12,,https://twitter.com/VasfijeKrasniqi/status/1226869725004804097,1226869725004804097,4498862713
2020-02-10 10:51:49+00:00,VasfijeKrasniqi,TurkishAirlines,0,0,0,DFW I hope! :),,Mon Feb 10 10:51:49 +0000 2020,,,,https://twitter.com/VasfijeKrasniqi/status/1226821064535216128,1226821064535216128,4498862713
2020-02-10 09:07:05+00:00,VasfijeKrasniqi,YlberKryeziu,1,0,1,Good luck!,,Mon Feb 10 09:07:05 +0000 2020,,,,https://twitter.com/VasfijeKrasniqi/status/1226794705758932993,1226794705758932993,4498862713
2020-02-08 18:59:21+00:00,VasfijeKrasniqi,Shpend_Lila,0,0,4,Ma se lakmojn fmija :),,Sat Feb 08 18:59:21 +0000 2020,,,,https://twitter.com/VasfijeKrasniqi/status/1226218980249128962,1226218980249128962,4498862713
2020-02-08 03:32:15+00:00,VasfijeKrasniqi,,4,18,220,Facebook quit confusing my husband,,Sat Feb 08 03:32:15 +0000 2020,,,,https://twitter.com/VasfijeKrasniqi/status/1225985668750434307,1225985668750434307,4498862713
2020-02-08 03:31:18+00:00,VasfijeKrasniqi,ryanfoland,0,0,2,Just for you :),,Sat Feb 08 03:31:18 +0000 2020,,,,https://twitter.com/VasfijeKrasniqi/status/1225985426445545472,1225985426445545472,4498862713
2020-02-08 00:45:21+00:00,VasfijeKrasniqi,CyrusMMcQueen,0,0,37,All the wives know this rule ,,Sat Feb 08 00:45:21 +0000 2020,,,,https://twitter.com/VasfijeKrasniqi/status/1225943666306486272,1225943666306486272,4498862713
2020-02-07 00:31:54+00:00,VasfijeKrasniqi,buzhala,0,0,0,Rrim ;),,Fri Feb 07 00:31:54 +0000 2020,,,,https://twitter.com/VasfijeKrasniqi/status/1225577894157717512,1225577894157717512,4498862713
2020-02-04 18:58:19+00:00,VasfijeKrasniqi,toldbydoci,0,0,13,Greatness,,Tue Feb 04 18:58:19 +0000 2020,,,https://twitter.com/toldbydoci/status/1224710762641399809,https://twitter.com/VasfijeKrasniqi/status/1224769166630162433,1224769166630162433,4498862713
2020-02-04 15:47:42+00:00,VasfijeKrasniqi,goodreads,0,0,1,,,Tue Feb 04 15:47:42 +0000 2020,,,,https://twitter.com/VasfijeKrasniqi/status/1224721200007524353,1224721200007524353,4498862713
2020-02-01 16:40:20+00:00,VasfijeKrasniqi,mimozakusari,0,0,1, ,,Sat Feb 01 16:40:20 +0000 2020,,,,https://twitter.com/VasfijeKrasniqi/status/1223647278554062848,1223647278554062848,4498862713
2020-01-31 22:11:21+00:00,VasfijeKrasniqi,,0,1,43,A year ago today @NadiaMuradBasee a true hero #Kosovosurvivor #YazidiSurvivor,@NadiaMuradBasee,Fri Jan 31 22:11:21 +0000 2020,,#Kosovosurvivor #YazidiSurvivor,,https://twitter.com/VasfijeKrasniqi/status/1223368197266726924,1223368197266726924,4498862713
2020-01-31 05:17:16+00:00,VasfijeKrasniqi,wfaaweather,0,0,0, ,,Fri Jan 31 05:17:16 +0000 2020,,,,https://twitter.com/VasfijeKrasniqi/status/1223112994533470208,1223112994533470208,4498862713
2020-01-29 21:36:29+00:00,VasfijeKrasniqi,therealdonnz,1,0,2,Aww. Thank you! This thing scares me to death. :(,,Wed Jan 29 21:36:29 +0000 2020,,,,https://twitter.com/VasfijeKrasniqi/status/1222634646577516547,1222634646577516547,4498862713
2020-01-29 21:30:44+00:00,VasfijeKrasniqi,,6,1,38,Is it really worth it to face your fear so often? Im almost to the point where I cant handle another flight :( #Flightphobia,,Wed Jan 29 21:30:44 +0000 2020,,#Flightphobia,,https://twitter.com/VasfijeKrasniqi/status/1222633199274221569,1222633199274221569,4498862713
2020-01-29 21:14:45+00:00,VasfijeKrasniqi,TheEllenShow,0,0,0,#BellLetsTalk,,Wed Jan 29 21:14:45 +0000 2020,,#BellLetsTalk,https://twitter.com/TheEllenShow/status/1222607832983334912,https://twitter.com/VasfijeKrasniqi/status/1222629177687519233,1222629177687519233,4498862713
2020-01-27 18:28:02+00:00,VasfijeKrasniqi,,1,0,0,@AmericanAir Fo you guys ever have it together?,@AmericanAir,Mon Jan 27 18:28:02 +0000 2020,,,,https://twitter.com/VasfijeKrasniqi/status/1221862444957687808,1221862444957687808,4498862713
2020-01-27 17:46:13+00:00,VasfijeKrasniqi,mirlindaspahija,0,0,1,Me too,,Mon Jan 27 17:46:13 +0000 2020,,,,https://twitter.com/VasfijeKrasniqi/status/1221851918882025472,1221851918882025472,4498862713
2020-01-27 16:40:49+00:00,VasfijeKrasniqi,Shpend_Lila,1,0,4,But they got new sidewalks ;),,Mon Jan 27 16:40:49 +0000 2020,,,,https://twitter.com/VasfijeKrasniqi/status/1221835461934637056,1221835461934637056,4498862713
2020-01-27 01:45:49+00:00,VasfijeKrasniqi,PeterNikic,1,0,1,Tomorrow. LOL :),,Mon Jan 27 01:45:49 +0000 2020,,,,https://twitter.com/VasfijeKrasniqi/status/1221610228933853184,1221610228933853184,4498862713
2020-01-27 01:13:50+00:00,VasfijeKrasniqi,PeterNikic,1,0,1,Where is my invite? ;) enjoy it! Looks great,,Mon Jan 27 01:13:50 +0000 2020,,,,https://twitter.com/VasfijeKrasniqi/status/1221602180525969410,1221602180525969410,4498862713
2020-01-20 01:28:41+00:00,VasfijeKrasniqi,wfaaweather,0,0,5,,,Mon Jan 20 01:28:41 +0000 2020,,,,https://twitter.com/VasfijeKrasniqi/status/1219069201127825410,1219069201127825410,4498862713
2020-01-19 04:56:13+00:00,VasfijeKrasniqi,AliciaInKosovo,0,0,1,Dallas :),,Sun Jan 19 04:56:13 +0000 2020,,,,https://twitter.com/VasfijeKrasniqi/status/1218759039858958337,1218759039858958337,4498862713
2020-01-19 04:53:35+00:00,VasfijeKrasniqi,AliciaInKosovo,1,0,1,Texas :),,Sun Jan 19 04:53:35 +0000 2020,,,,https://twitter.com/VasfijeKrasniqi/status/1218758377049858048,1218758377049858048,4498862713
2020-01-18 18:08:48+00:00,VasfijeKrasniqi,Armendi,0,0,1,The best,,Sat Jan 18 18:08:48 +0000 2020,,,,https://twitter.com/VasfijeKrasniqi/status/1218596111671353344,1218596111671353344,4498862713
2020-01-13 22:11:50+00:00,VasfijeKrasniqi,adriatikk,0,0,1,Congratulations!!,,Mon Jan 13 22:11:50 +0000 2020,,,,https://twitter.com/VasfijeKrasniqi/status/1216845333990445057,1216845333990445057,4498862713
2020-01-12 18:32:11+00:00,VasfijeKrasniqi,adriatikk,0,0,2,"2 coffees, not enough tweets",,Sun Jan 12 18:32:11 +0000 2020,,,,https://twitter.com/VasfijeKrasniqi/status/1216427672575913985,1216427672575913985,4498862713
2020-01-11 05:55:46+00:00,VasfijeKrasniqi,erinnburke,0,0,0, Not it :),,Sat Jan 11 05:55:46 +0000 2020,,,,https://twitter.com/VasfijeKrasniqi/status/1215874922511261697,1215874922511261697,4498862713
2020-01-10 19:47:01+00:00,VasfijeKrasniqi,wfaaweather,0,0,3,Jo bre,,Fri Jan 10 19:47:01 +0000 2020,,,https://twitter.com/wfaaweather/status/1215714154931089408,https://twitter.com/VasfijeKrasniqi/status/1215721727533166593,1215721727533166593,4498862713
2020-01-09 02:21:21+00:00,VasfijeKrasniqi,KristianaKuqi,0,0,0, ,,Thu Jan 09 02:21:21 +0000 2020,,,,https://twitter.com/VasfijeKrasniqi/status/1215096189642772480,1215096189642772480,4498862713
2020-01-09 01:56:48+00:00,VasfijeKrasniqi,AliciaInKosovo,2,0,3,I do :(,,Thu Jan 09 01:56:48 +0000 2020,,,,https://twitter.com/VasfijeKrasniqi/status/1215090010317344768,1215090010317344768,4498862713
2020-01-01 20:12:30+00:00,VasfijeKrasniqi,haoussou,1,0,13,Looking forward to getting more done in 2020!,,Wed Jan 01 20:12:30 +0000 2020,,,https://twitter.com/haoussou/status/1212463128908353536,https://twitter.com/VasfijeKrasniqi/status/1212466649930047488,1212466649930047488,4498862713
2020-01-01 19:55:26+00:00,VasfijeKrasniqi,haoussou,1,0,1,Congratulations! So proud of you!! Thank you for all you do!!,,Wed Jan 01 19:55:26 +0000 2020,,,,https://twitter.com/VasfijeKrasniqi/status/1212462352802689030,1212462352802689030,4498862713
