date,username,to,replies,retweets,favorites,text,mentions,formatted_date,geo,hashtags,urls,permalink,ID,author_id
2020-02-27 15:04:25+00:00,vaughngreenja,,0,0,0,So Escobar supplied ElChapo with cocaine....,,Thu Feb 27 15:04:25 +0000 2020,,,,https://twitter.com/vaughngreenja/status/1233045224542306305,1233045224542306305,515040083
2020-02-27 12:08:42+00:00,vaughngreenja,,0,0,1,If you want to win cash pot buy #7 i domt kno what 7 is... but buy it,,Thu Feb 27 12:08:42 +0000 2020,,,,https://twitter.com/vaughngreenja/status/1233001003865313281,1233001003865313281,515040083
2020-02-27 09:48:17+00:00,vaughngreenja,,0,0,0,Nia Long ,,Thu Feb 27 09:48:17 +0000 2020,,,,https://twitter.com/vaughngreenja/status/1232965669873909761,1232965669873909761,515040083
2020-02-27 02:41:51+00:00,vaughngreenja,,0,0,4,#29OnThe29 loading,,Thu Feb 27 02:41:51 +0000 2020,,#29OnThe29,,https://twitter.com/vaughngreenja/status/1232858354046963712,1232858354046963712,515040083
2020-02-27 02:36:34+00:00,vaughngreenja,,0,0,1,#29OnThe29,,Thu Feb 27 02:36:34 +0000 2020,,#29OnThe29,,https://twitter.com/vaughngreenja/status/1232857024871964672,1232857024871964672,515040083
2020-02-26 11:18:49+00:00,vaughngreenja,,0,0,0,Rainy holiday,,Wed Feb 26 11:18:49 +0000 2020,,,,https://twitter.com/vaughngreenja/status/1232626065698361344,1232626065698361344,515040083
2020-02-26 10:20:10+00:00,vaughngreenja,,0,0,0,No school today but im up from. 4:30...,,Wed Feb 26 10:20:10 +0000 2020,,,,https://twitter.com/vaughngreenja/status/1232611304772337665,1232611304772337665,515040083
2020-02-26 10:05:19+00:00,vaughngreenja,,0,0,0,Tia good luck..,,Wed Feb 26 10:05:19 +0000 2020,,,,https://twitter.com/vaughngreenja/status/1232607568641560576,1232607568641560576,515040083
2020-02-25 12:29:52+00:00,vaughngreenja,,0,0,0,Ministry of Education push the button .....it’s February 25,,Tue Feb 25 12:29:52 +0000 2020,,,,https://twitter.com/vaughngreenja/status/1232281556477186054,1232281556477186054,515040083
2020-02-25 12:27:56+00:00,vaughngreenja,,0,0,0,Thank you ,,Tue Feb 25 12:27:56 +0000 2020,,,,https://twitter.com/vaughngreenja/status/1232281068499341313,1232281068499341313,515040083
2020-02-25 03:05:13+00:00,vaughngreenja,,0,1,11,Gyal dem headache and pain killa..,,Tue Feb 25 03:05:13 +0000 2020,,,,https://twitter.com/vaughngreenja/status/1232139458167934979,1232139458167934979,515040083
2020-02-25 01:32:33+00:00,vaughngreenja,FCBarcelona,0,0,1,@ChrisDuckyKellz @ricky_friktion,@ChrisDuckyKellz @ricky_friktion,Tue Feb 25 01:32:33 +0000 2020,,,https://twitter.com/FCBarcelona/status/1232063680847712257,https://twitter.com/vaughngreenja/status/1232116136956829697,1232116136956829697,515040083
2020-02-24 00:53:43+00:00,vaughngreenja,ricky_friktion,0,0,0,Robin Van Greenwood!!!,,Mon Feb 24 00:53:43 +0000 2020,,,https://twitter.com/ricky_friktion/status/1231605023764893697,https://twitter.com/vaughngreenja/status/1231743978665586689,1231743978665586689,515040083
2020-02-23 01:46:04+00:00,vaughngreenja,,0,0,1, ,,Sun Feb 23 01:46:04 +0000 2020,,,,https://twitter.com/vaughngreenja/status/1231394764567785475,1231394764567785475,515040083
2020-02-22 13:58:46+00:00,vaughngreenja,,1,0,2,"I take the whole day to clean, not because I got a lot of stuff , matter of fact I don’t got a lot of stuf but I’ll be sitting down after every chore.... i dust I relax, I sweep I relax, I wipe I relax....",,Sat Feb 22 13:58:46 +0000 2020,,,,https://twitter.com/vaughngreenja/status/1231216765255999488,1231216765255999488,515040083
2020-02-22 03:36:43+00:00,vaughngreenja,,0,0,1,Gas a run like river and people sit around like it’s the norm and regular day at the office... sorry it had to end that way still..,,Sat Feb 22 03:36:43 +0000 2020,,,,https://twitter.com/vaughngreenja/status/1231060221482733568,1231060221482733568,515040083
2020-02-22 03:33:10+00:00,vaughngreenja,badgyol21,1,0,0,Sorry looks like the toy gun that is sold in the town that I would take from students occasionally..,,Sat Feb 22 03:33:10 +0000 2020,,,,https://twitter.com/vaughngreenja/status/1231059327735255041,1231059327735255041,515040083
2020-02-22 03:14:29+00:00,vaughngreenja,slbja,0,0,0,Blocked!!!,,Sat Feb 22 03:14:29 +0000 2020,,,https://twitter.com/slbja/status/1229460602474713089,https://twitter.com/vaughngreenja/status/1231054626163773440,1231054626163773440,515040083
2020-02-22 03:14:01+00:00,vaughngreenja,badgyol21,1,0,2,The gun and the escape route in one pic.....,,Sat Feb 22 03:14:01 +0000 2020,,,https://twitter.com/badgyol21/status/1230932348520345600,https://twitter.com/vaughngreenja/status/1231054507402055680,1231054507402055680,515040083
2020-02-22 02:21:18+00:00,vaughngreenja,,0,0,0,Car insurance cover damage done to car by fire???,,Sat Feb 22 02:21:18 +0000 2020,,,,https://twitter.com/vaughngreenja/status/1231041242127097857,1231041242127097857,515040083
2020-02-22 02:16:07+00:00,vaughngreenja,,0,0,1,29 on the 29 .... #Pisces,,Sat Feb 22 02:16:07 +0000 2020,,#Pisces,,https://twitter.com/vaughngreenja/status/1231039940051554305,1231039940051554305,515040083
2020-02-21 23:44:08+00:00,vaughngreenja,itsacelebrashan,1,0,0,That kfc Bill board though...,,Fri Feb 21 23:44:08 +0000 2020,,,,https://twitter.com/vaughngreenja/status/1231001689823510528,1231001689823510528,515040083
2020-02-21 12:10:30+00:00,vaughngreenja,,0,0,0,"U want more money? Make we touch again, then me broke.. u nave no sense ... #Tommylee #Richbadness",,Fri Feb 21 12:10:30 +0000 2020,,#Tommylee #Richbadness,,https://twitter.com/vaughngreenja/status/1230827133100003329,1230827133100003329,515040083
2020-02-21 12:06:41+00:00,vaughngreenja,,0,0,0,Yesterday me nice today me no in the mood..,,Fri Feb 21 12:06:41 +0000 2020,,,,https://twitter.com/vaughngreenja/status/1230826172201738240,1230826172201738240,515040083
2020-02-21 03:19:24+00:00,vaughngreenja,_PineappleSauce,0,0,1,True,,Fri Feb 21 03:19:24 +0000 2020,,,,https://twitter.com/vaughngreenja/status/1230693474652917760,1230693474652917760,515040083
2020-02-21 03:13:56+00:00,vaughngreenja,_PineappleSauce,1,0,0, ..,,Fri Feb 21 03:13:56 +0000 2020,,,,https://twitter.com/vaughngreenja/status/1230692101601366017,1230692101601366017,515040083
2020-02-21 03:11:52+00:00,vaughngreenja,_PineappleSauce,1,0,0,"No, !!!!go to work",,Fri Feb 21 03:11:52 +0000 2020,,,,https://twitter.com/vaughngreenja/status/1230691580329316352,1230691580329316352,515040083
2020-02-21 03:04:17+00:00,vaughngreenja,,1,0,1,Tomorrow is JAMAICA DAY ,,Fri Feb 21 03:04:17 +0000 2020,,,,https://twitter.com/vaughngreenja/status/1230689670553624577,1230689670553624577,515040083
2020-02-21 02:27:29+00:00,vaughngreenja,,0,0,5,Lost some pounds today..... Jah jah,,Fri Feb 21 02:27:29 +0000 2020,,,,https://twitter.com/vaughngreenja/status/1230680408993468416,1230680408993468416,515040083
2020-02-21 01:33:49+00:00,vaughngreenja,youthontherise7,0,0,1,Need some funds,,Fri Feb 21 01:33:49 +0000 2020,,,,https://twitter.com/vaughngreenja/status/1230666903502413832,1230666903502413832,515040083
2020-02-20 10:19:12+00:00,vaughngreenja,,0,0,0,Pisces ,,Thu Feb 20 10:19:12 +0000 2020,,,,https://twitter.com/vaughngreenja/status/1230436734309105665,1230436734309105665,515040083
2020-02-20 00:58:20+00:00,vaughngreenja,,2,0,3,"No relationship, No children and I’m still fucking struggling..",,Thu Feb 20 00:58:20 +0000 2020,,,,https://twitter.com/vaughngreenja/status/1230295587163136001,1230295587163136001,515040083
2020-02-19 19:00:38+00:00,vaughngreenja,,0,0,0,Stay blessed ,,Wed Feb 19 19:00:38 +0000 2020,,,,https://twitter.com/vaughngreenja/status/1230205568075390981,1230205568075390981,515040083
2020-02-19 17:21:56+00:00,vaughngreenja,,0,0,0,"The problem with ideas especially brilliant ideas is the need to see it through to the end. We rush things... Maybe its the glory, maybe it's the satisfaction, maybe it's just wanting to be there to see exactly what you envisaged play out right before your eyes.",,Wed Feb 19 17:21:56 +0000 2020,,,,https://twitter.com/vaughngreenja/status/1230180728886919170,1230180728886919170,515040083
2020-02-19 17:19:56+00:00,vaughngreenja,,0,1,2,What if the cure for Cancer and HIV is trapped inside the mind of a child who can't afford an education????,,Wed Feb 19 17:19:56 +0000 2020,,,,https://twitter.com/vaughngreenja/status/1230180228523229184,1230180228523229184,515040083
2020-02-19 04:51:59+00:00,vaughngreenja,,0,0,0,So @originalkoffee is on WILD AND OUT ,@originalkoffee,Wed Feb 19 04:51:59 +0000 2020,,,,https://twitter.com/vaughngreenja/status/1229991999849336832,1229991999849336832,515040083
2020-02-19 04:47:32+00:00,vaughngreenja,,0,2,4,What if the cure for Cancer and HIV is trapped inside the mind of a child who can't afford an education????,,Wed Feb 19 04:47:32 +0000 2020,,,,https://twitter.com/vaughngreenja/status/1229990877675884546,1229990877675884546,515040083
2020-02-18 22:14:39+00:00,vaughngreenja,,1,0,0," 7 matches as Borussia Dortmund players, 11 goals. 7 matches in Champions League, 10 goals. Born on 21/07/2000. Nineteen years old. He’s not human. He’s a machine. Keep calm and... Håland ",,Tue Feb 18 22:14:39 +0000 2020,,,,https://twitter.com/vaughngreenja/status/1229892008254328835,1229892008254328835,515040083
2020-02-18 21:46:09+00:00,vaughngreenja,,0,0,0,HAALAND is a BEAST!!!!!,,Tue Feb 18 21:46:09 +0000 2020,,,,https://twitter.com/vaughngreenja/status/1229884836875206659,1229884836875206659,515040083
2020-02-18 21:36:27+00:00,vaughngreenja,sab316,0,0,0,Man anuh human!!!!,,Tue Feb 18 21:36:27 +0000 2020,,,https://twitter.com/sab316/status/1229882187920613377,https://twitter.com/vaughngreenja/status/1229882395312246785,1229882395312246785,515040083
2020-02-18 19:41:49+00:00,vaughngreenja,earlanlambert10,0,1,1, ,,Tue Feb 18 19:41:49 +0000 2020,,,https://twitter.com/earlanlambert10/status/1229849480192720897,https://twitter.com/vaughngreenja/status/1229853547161886728,1229853547161886728,515040083
2020-02-18 19:17:27+00:00,vaughngreenja,,0,0,0,Jouvert TICKET OR ARMBAND NEEDED.. help me deh Twitter,,Tue Feb 18 19:17:27 +0000 2020,,,,https://twitter.com/vaughngreenja/status/1229847413176913926,1229847413176913926,515040083
2020-02-18 17:14:49+00:00,vaughngreenja,,0,0,0,Still cannot believe @ManUtd beat @ChelseaFC,@ManUtd @ChelseaFC,Tue Feb 18 17:14:49 +0000 2020,,,,https://twitter.com/vaughngreenja/status/1229816552876380160,1229816552876380160,515040083
2020-02-18 17:12:41+00:00,vaughngreenja,shariwill_,0,0,0,,,Tue Feb 18 17:12:41 +0000 2020,,,,https://twitter.com/vaughngreenja/status/1229816012972920832,1229816012972920832,515040083
2020-02-18 16:54:22+00:00,vaughngreenja,,0,0,0,Where does sugar mamas hang out??? . . Asking for my self ...,,Tue Feb 18 16:54:22 +0000 2020,,,,https://twitter.com/vaughngreenja/status/1229811406641475585,1229811406641475585,515040083
2020-02-18 00:02:38+00:00,vaughngreenja,rrw1116,0,0,0,Hazard a the teacher...,,Tue Feb 18 00:02:38 +0000 2020,,,,https://twitter.com/vaughngreenja/status/1229556795103961090,1229556795103961090,515040083
2020-02-17 23:37:46+00:00,vaughngreenja,rrw1116,1,0,0,From hazard cut me Stop fear Chelsea,,Mon Feb 17 23:37:46 +0000 2020,,,,https://twitter.com/vaughngreenja/status/1229550536384503808,1229550536384503808,515040083
2020-02-17 22:56:58+00:00,vaughngreenja,AdamSB___,0,0,0,I want your number in my mind,,Mon Feb 17 22:56:58 +0000 2020,,,https://twitter.com/AdamSB___/status/1229144294889529345,https://twitter.com/vaughngreenja/status/1229540268359213061,1229540268359213061,515040083
2020-02-17 22:38:10+00:00,vaughngreenja,rrw1116,0,0,0,True.. but the 6-0 aggregate nice... but game inna shambles,,Mon Feb 17 22:38:10 +0000 2020,,,,https://twitter.com/vaughngreenja/status/1229535538551623685,1229535538551623685,515040083
2020-02-17 22:33:35+00:00,vaughngreenja,rrw1116,0,0,0,Me ask Clivon but him say him no know and him no wha know...,,Mon Feb 17 22:33:35 +0000 2020,,,,https://twitter.com/vaughngreenja/status/1229534382236618752,1229534382236618752,515040083
2020-02-17 22:26:06+00:00,vaughngreenja,rrw1116,1,0,0, ,,Mon Feb 17 22:26:06 +0000 2020,,,https://twitter.com/rrw1116/status/1229532407080136711,https://twitter.com/vaughngreenja/status/1229532501745524736,1229532501745524736,515040083
2020-02-17 18:57:58+00:00,vaughngreenja,AM_Mcpe,1,0,1,So u use it as menstrual pad??,,Mon Feb 17 18:57:58 +0000 2020,,,,https://twitter.com/vaughngreenja/status/1229480124455825412,1229480124455825412,515040083
2020-02-17 01:37:38+00:00,vaughngreenja,,0,0,0,You know the story line where a really beautiful woman dates and Ugly guy..... . . . I could be one of those guys...,,Mon Feb 17 01:37:38 +0000 2020,,,,https://twitter.com/vaughngreenja/status/1229218312854417409,1229218312854417409,515040083
2020-02-17 00:36:59+00:00,vaughngreenja,,1,0,0,Need company to go see a “play”...,,Mon Feb 17 00:36:59 +0000 2020,,,,https://twitter.com/vaughngreenja/status/1229203051627585538,1229203051627585538,515040083
2020-02-16 23:56:56+00:00,vaughngreenja,CheySwaby,0,0,0,"Him alone can tell we about Carona virus, who invented it, when was it invented, why was it invented... and the inventor.. without him the world doomed",,Sun Feb 16 23:56:56 +0000 2020,,,,https://twitter.com/vaughngreenja/status/1229192972048257024,1229192972048257024,515040083
2020-02-16 23:40:23+00:00,vaughngreenja,,0,0,0,Pogba fit???,,Sun Feb 16 23:40:23 +0000 2020,,,,https://twitter.com/vaughngreenja/status/1229188808358481920,1229188808358481920,515040083
2020-02-16 16:42:01+00:00,vaughngreenja,,0,0,1,May Pen inna the place ,,Sun Feb 16 16:42:01 +0000 2020,,,,https://twitter.com/vaughngreenja/status/1229083522729639936,1229083522729639936,515040083
2020-02-16 13:24:11+00:00,vaughngreenja,ricky_friktion,0,0,0,What’s this?,,Sun Feb 16 13:24:11 +0000 2020,,,https://twitter.com/ricky_friktion/status/1229021727348404224,https://twitter.com/vaughngreenja/status/1229033736114704385,1229033736114704385,515040083
2020-02-15 14:58:20+00:00,vaughngreenja,Champagneblade,2,0,8,Bomboclaaat is an expression... usually said after something Exciting occurs ....,,Sat Feb 15 14:58:20 +0000 2020,,,,https://twitter.com/vaughngreenja/status/1228695042186993664,1228695042186993664,515040083
2020-02-15 14:56:48+00:00,vaughngreenja,SheffieldUnited,0,0,1,The world need fi see this!!!!!! This player scored and goal and this was the tweet and caption A+ for usage and context,,Sat Feb 15 14:56:48 +0000 2020,,,https://twitter.com/SheffieldUnited/status/1228256431901679617,https://twitter.com/vaughngreenja/status/1228694656625659905,1228694656625659905,515040083
2020-02-15 14:54:04+00:00,vaughngreenja,,0,0,0,Sheffield United admin with the WIN!!!!,,Sat Feb 15 14:54:04 +0000 2020,,,,https://twitter.com/vaughngreenja/status/1228693965303619589,1228693965303619589,515040083
2020-02-15 12:33:48+00:00,vaughngreenja,kendramelia,0,0,1,Wow...,,Sat Feb 15 12:33:48 +0000 2020,,,,https://twitter.com/vaughngreenja/status/1228658669551783937,1228658669551783937,515040083
2020-02-15 12:30:52+00:00,vaughngreenja,TheShadowBender,1,1,1,The man hold on pon the man hair ,,Sat Feb 15 12:30:52 +0000 2020,,,,https://twitter.com/vaughngreenja/status/1228657930846822402,1228657930846822402,515040083
2020-02-15 00:53:55+00:00,vaughngreenja,Allijosondy,0,0,1,The decor...the presentation just soooo romantic..,,Sat Feb 15 00:53:55 +0000 2020,,,,https://twitter.com/vaughngreenja/status/1228482535136649217,1228482535136649217,515040083
2020-02-15 00:50:02+00:00,vaughngreenja,,1,0,1,Official valentines dinner of Jamaica ?? KFC,,Sat Feb 15 00:50:02 +0000 2020,,,,https://twitter.com/vaughngreenja/status/1228481559344427011,1228481559344427011,515040083
2020-02-14 22:42:01+00:00,vaughngreenja,,0,0,1,The race for 5th place is on...,,Fri Feb 14 22:42:01 +0000 2020,,,,https://twitter.com/vaughngreenja/status/1228449344979951616,1228449344979951616,515040083
2020-02-14 11:54:42+00:00,vaughngreenja,,1,0,1,@DIGICELJamaica what’s the process in cancelling a postpaid plan??,@DIGICELJamaica,Fri Feb 14 11:54:42 +0000 2020,,,,https://twitter.com/vaughngreenja/status/1228286440901050373,1228286440901050373,515040083
2020-02-13 12:09:27+00:00,vaughngreenja,aviastargirl,0,0,1, ,,Thu Feb 13 12:09:27 +0000 2020,,,,https://twitter.com/vaughngreenja/status/1227927763853697031,1227927763853697031,515040083
2020-02-13 11:51:55+00:00,vaughngreenja,lamarbruce_,0,0,0,@aviastargirl,@aviastargirl,Thu Feb 13 11:51:55 +0000 2020,,,,https://twitter.com/vaughngreenja/status/1227923352561557505,1227923352561557505,515040083
2020-02-13 01:39:45+00:00,vaughngreenja,,0,0,0,Just want some magnum this Friday...,,Thu Feb 13 01:39:45 +0000 2020,,,,https://twitter.com/vaughngreenja/status/1227769294529974272,1227769294529974272,515040083
2020-02-13 00:03:59+00:00,vaughngreenja,,2,0,1,Me never know politics have transfer window....,,Thu Feb 13 00:03:59 +0000 2020,,,,https://twitter.com/vaughngreenja/status/1227745195606839296,1227745195606839296,515040083
2020-02-12 23:26:53+00:00,vaughngreenja,,0,0,0,Congratulations @Greg0706 but we remember TWITTER still need your morning motivation .. ,@Greg0706,Wed Feb 12 23:26:53 +0000 2020,,,,https://twitter.com/vaughngreenja/status/1227735859983716352,1227735859983716352,515040083
2020-02-12 01:19:45+00:00,vaughngreenja,,0,0,0,Called DI think I should stop,,Wed Feb 12 01:19:45 +0000 2020,,,,https://twitter.com/vaughngreenja/status/1227401874946609152,1227401874946609152,515040083
2020-02-11 23:30:12+00:00,vaughngreenja,,0,0,1,How u just a join Twitter??? ,,Tue Feb 11 23:30:12 +0000 2020,,,,https://twitter.com/vaughngreenja/status/1227374305241108480,1227374305241108480,515040083
2020-02-11 06:17:20+00:00,vaughngreenja,wxbrad,0,0,0,Well imma be excited until tomorrow when I try and the broom still stands..,,Tue Feb 11 06:17:20 +0000 2020,,,https://twitter.com/wxbrad/status/1227065836575260677,https://twitter.com/vaughngreenja/status/1227114375573622785,1227114375573622785,515040083
2020-02-11 06:09:38+00:00,vaughngreenja,dutty_germz,0,0,0,App yah a comic..,,Tue Feb 11 06:09:38 +0000 2020,,,https://twitter.com/dutty_germz/status/1226939178459549696,https://twitter.com/vaughngreenja/status/1227112437142429696,1227112437142429696,515040083
2020-02-11 01:54:13+00:00,vaughngreenja,,0,1,4,To Whom it may Concern,,Tue Feb 11 01:54:13 +0000 2020,,,,https://twitter.com/vaughngreenja/status/1227048158733242369,1227048158733242369,515040083
2020-02-11 00:05:01+00:00,vaughngreenja,,0,0,1,When me reach home and realise me leave a light on or a tap dripping Me to myself,,Tue Feb 11 00:05:01 +0000 2020,,,,https://twitter.com/vaughngreenja/status/1227020679985455105,1227020679985455105,515040083
2020-02-10 17:09:04+00:00,vaughngreenja,,0,0,5, ,,Mon Feb 10 17:09:04 +0000 2020,,,,https://twitter.com/vaughngreenja/status/1226916000987254789,1226916000987254789,515040083
2020-02-09 01:25:08+00:00,vaughngreenja,vaughngreenja,0,0,0,But* it’s their meal,,Sun Feb 09 01:25:08 +0000 2020,,,,https://twitter.com/vaughngreenja/status/1226316063345958912,1226316063345958912,515040083
2020-02-09 01:24:31+00:00,vaughngreenja,rrw1116,1,0,0,That’s what I said until I saw this.. but this not even a meal it’s their meal pic.twitter.com/g4d05B0Pl0,,Sun Feb 09 01:24:31 +0000 2020,,,,https://twitter.com/vaughngreenja/status/1226315908886470657,1226315908886470657,515040083
2020-02-08 23:46:59+00:00,vaughngreenja,Fergy_MUFC,1,0,1,From me born till now me a struggle then . Cause ,,Sat Feb 08 23:46:59 +0000 2020,,,,https://twitter.com/vaughngreenja/status/1226291366545760256,1226291366545760256,515040083
2020-02-08 23:39:49+00:00,vaughngreenja,,1,0,0,Is SOUP a struggle meal??,,Sat Feb 08 23:39:49 +0000 2020,,,,https://twitter.com/vaughngreenja/status/1226289563066413057,1226289563066413057,515040083
2020-02-08 15:43:25+00:00,vaughngreenja,,0,0,0,Networking,,Sat Feb 08 15:43:25 +0000 2020,,,,https://twitter.com/vaughngreenja/status/1226169672346849281,1226169672346849281,515040083
2020-02-08 03:11:12+00:00,vaughngreenja,,0,0,0,To some people love doesn’t exist until it’s been shown in-front of other people..,,Sat Feb 08 03:11:12 +0000 2020,,,,https://twitter.com/vaughngreenja/status/1225980369452793857,1225980369452793857,515040083
2020-02-08 01:59:28+00:00,vaughngreenja,,0,0,0,#NewProfilePic,,Sat Feb 08 01:59:28 +0000 2020,,#NewProfilePic,,https://twitter.com/vaughngreenja/status/1225962316979720193,1225962316979720193,515040083
2020-02-07 02:58:09+00:00,vaughngreenja,,0,0,0,@iAmZuse LOSE IT ..,@iAmZuse,Fri Feb 07 02:58:09 +0000 2020,,,,https://twitter.com/vaughngreenja/status/1225614697698930690,1225614697698930690,515040083
2020-02-07 02:49:52+00:00,vaughngreenja,,0,0,1,"Imagine u a live u life, unattached and ting.. you put on a tattoo, immediate after putting on a tattoo, u find a girl whe u rate and BOOOOOM she no like tattoos",,Fri Feb 07 02:49:52 +0000 2020,,,,https://twitter.com/vaughngreenja/status/1225612613666660352,1225612613666660352,515040083
2020-02-06 21:45:52+00:00,vaughngreenja,iAmZuse,0,0,0, ,,Thu Feb 06 21:45:52 +0000 2020,,,https://twitter.com/iAmZuse/status/1225536037797191680,https://twitter.com/vaughngreenja/status/1225536110694150144,1225536110694150144,515040083
2020-02-06 19:56:38+00:00,vaughngreenja,,0,2,5,2 legends were born in this day @iAmZuse and THE GREAT BOB Marley...,@iAmZuse,Thu Feb 06 19:56:38 +0000 2020,,,,https://twitter.com/vaughngreenja/status/1225508618449059841,1225508618449059841,515040083
2020-02-06 03:32:23+00:00,vaughngreenja,_itsOishii,0,0,1,It likkke but tallawah,,Thu Feb 06 03:32:23 +0000 2020,,,https://twitter.com/_itsOishii/status/1225234743651917826,https://twitter.com/vaughngreenja/status/1225260925235625984,1225260925235625984,515040083
2020-02-06 03:22:18+00:00,vaughngreenja,,1,3,12,"You ever change u sheet, wash u fan, sweep and wipe out you room..bathe and lay down and feel how light u room feel?? one of the best feeling EVERRRR!!!!!",,Thu Feb 06 03:22:18 +0000 2020,,,,https://twitter.com/vaughngreenja/status/1225258386901622784,1225258386901622784,515040083
2020-02-06 03:15:35+00:00,vaughngreenja,,0,0,1,Phone no ring for 1 week.. wow me single single ,,Thu Feb 06 03:15:35 +0000 2020,,,,https://twitter.com/vaughngreenja/status/1225256697448497152,1225256697448497152,515040083
2020-02-05 00:52:15+00:00,vaughngreenja,,0,1,1,Nothing is wrong with increasing u fish fry ticket but the fry fish and the 2 festival cannot be it...#1500 ... me a support you but u no rate me..,,Wed Feb 05 00:52:15 +0000 2020,,,,https://twitter.com/vaughngreenja/status/1224858238115569665,1224858238115569665,515040083
2020-02-05 00:43:46+00:00,vaughngreenja,,0,0,0,This is what the new shouting match venue will look like...,,Wed Feb 05 00:43:46 +0000 2020,,,,https://twitter.com/vaughngreenja/status/1224856105416822785,1224856105416822785,515040083
2020-02-05 00:01:51+00:00,vaughngreenja,,0,0,0,Sometimes I sit and wonder when the Angels gonna call my number..,,Wed Feb 05 00:01:51 +0000 2020,,,,https://twitter.com/vaughngreenja/status/1224845555916058624,1224845555916058624,515040083
2020-02-04 03:20:25+00:00,vaughngreenja,,0,0,0,Birthday event ,,Tue Feb 04 03:20:25 +0000 2020,,,,https://twitter.com/vaughngreenja/status/1224533139353210880,1224533139353210880,515040083
2020-02-04 03:14:14+00:00,vaughngreenja,,0,0,0,"The fucked up thing about being single is that nobody wants you..but try get to know somebody , a date or 2 and then the “he is pursuing someone” breeze start blow and u DM Full up a people ..",,Tue Feb 04 03:14:14 +0000 2020,,,,https://twitter.com/vaughngreenja/status/1224531583006363649,1224531583006363649,515040083
2020-02-03 02:51:54+00:00,vaughngreenja,,0,0,0,Gaza!!!!!! Somebody tag Rory...,,Mon Feb 03 02:51:54 +0000 2020,,,,https://twitter.com/vaughngreenja/status/1224163572785217537,1224163572785217537,515040083
2020-02-02 13:44:21+00:00,vaughngreenja,,0,0,0,People*,,Sun Feb 02 13:44:21 +0000 2020,,,,https://twitter.com/vaughngreenja/status/1223965381343301634,1223965381343301634,515040083
