date,username,to,replies,retweets,favorites,text,mentions,formatted_date,geo,hashtags,urls,permalink,ID,author_id
2020-02-28 20:46:30+00:00,verymimi,CashApp,1,1,1,$debbiejellinsky @daniellefaithe,@daniellefaithe,Fri Feb 28 20:46:30 +0000 2020,,,https://twitter.com/CashApp/status/1233436767568703490,https://twitter.com/verymimi/status/1233493704133967872,1233493704133967872,14910028
2020-02-28 19:41:14+00:00,verymimi,keofthefuture,1,0,2,they really played the fuck outta her ,,Fri Feb 28 19:41:14 +0000 2020,,,,https://twitter.com/verymimi/status/1233477276370690050,1233477276370690050,14910028
2020-02-28 19:40:02+00:00,verymimi,stopolive,1,0,1,"from what i’ve heard, not at all lmfao. i can’t believe they set her up like that ",,Fri Feb 28 19:40:02 +0000 2020,,,,https://twitter.com/verymimi/status/1233476974657593347,1233476974657593347,14910028
2020-02-28 19:17:20+00:00,verymimi,malcolmaime,2,0,18,"tell the writer to delete it first, all i did was see it with my eyes",,Fri Feb 28 19:17:20 +0000 2020,,,,https://twitter.com/verymimi/status/1233471264620208131,1233471264620208131,14910028
2020-02-28 19:16:11+00:00,verymimi,ThiccBoots,1,0,1,i didn’t wanna be the one to say it but............................,,Fri Feb 28 19:16:11 +0000 2020,,,,https://twitter.com/verymimi/status/1233470971622887430,1233470971622887430,14910028
2020-02-28 19:12:45+00:00,verymimi,,6,13,78,,,Fri Feb 28 19:12:45 +0000 2020,,,,https://twitter.com/verymimi/status/1233470110725287948,1233470110725287948,14910028
2020-02-28 17:12:40+00:00,verymimi,jennyauguste,0,0,0,we will be as soon as he finds out i exist,,Fri Feb 28 17:12:40 +0000 2020,,,,https://twitter.com/verymimi/status/1233439887493419009,1233439887493419009,14910028
2020-02-28 15:39:19+00:00,verymimi,holychrissy,0,0,0,i can’t get over it,,Fri Feb 28 15:39:19 +0000 2020,,,,https://twitter.com/verymimi/status/1233416398489165825,1233416398489165825,14910028
2020-02-28 15:15:44+00:00,verymimi,BriMalandro,1,1,6,the doll is free!,,Fri Feb 28 15:15:44 +0000 2020,,,https://open.spotify.com/track/0cv1Mnb47oMvjVKMc2cyZw?si=l9zmpIzhRBuAbHcxKkC4hw,https://twitter.com/verymimi/status/1233410463473508353,1233410463473508353,14910028
2020-02-28 14:30:53+00:00,verymimi,keofthefuture,1,0,1,her suits and coats were always a1!,,Fri Feb 28 14:30:53 +0000 2020,,,,https://twitter.com/verymimi/status/1233399175036973070,1233399175036973070,14910028
2020-02-28 13:40:57+00:00,verymimi,shortlimbs,0,0,2,gonna be embarrassing for everyone when it’s revealed that hh holmes was my crush all along,,Fri Feb 28 13:40:57 +0000 2020,,,,https://twitter.com/verymimi/status/1233386608109531136,1233386608109531136,14910028
2020-02-28 04:19:40+00:00,verymimi,sassyblackdiva,0,0,1,the lotion and chick fil a bags on the table are really hitting close to home,,Fri Feb 28 04:19:40 +0000 2020,,,,https://twitter.com/verymimi/status/1233245355883585536,1233245355883585536,14910028
2020-02-28 04:18:50+00:00,verymimi,cafebusteloking,0,0,4,your (spoons rattling) avi,,Fri Feb 28 04:18:50 +0000 2020,,,,https://twitter.com/verymimi/status/1233245149213478913,1233245149213478913,14910028
2020-02-28 04:17:27+00:00,verymimi,sassyblackdiva,1,1,39,"“i didn’t make any slides, but pretty much, candyman is about how we should launch white women into the sun”",,Fri Feb 28 04:17:27 +0000 2020,,,https://twitter.com/sassyblackdiva/status/1233244388899213313,https://twitter.com/verymimi/status/1233244799597187072,1233244799597187072,14910028
2020-02-28 03:42:20+00:00,verymimi,lordmorganne,1,1,1,baby she was in her BIRKIN. whew now i’m sweating lemme go lay down,,Fri Feb 28 03:42:20 +0000 2020,,,,https://twitter.com/verymimi/status/1233235963675074561,1233235963675074561,14910028
2020-02-28 03:40:14+00:00,verymimi,lordmorganne,1,0,2,,,Fri Feb 28 03:40:14 +0000 2020,,,,https://twitter.com/verymimi/status/1233235435230507008,1233235435230507008,14910028
2020-02-28 03:18:26+00:00,verymimi,She_is_Dany,0,0,1,no aubrey wishes he had good taste like that,,Fri Feb 28 03:18:26 +0000 2020,,,,https://twitter.com/verymimi/status/1233229946841116672,1233229946841116672,14910028
2020-02-28 03:13:36+00:00,verymimi,frankenfemme_,0,0,0,period end of sentence,,Fri Feb 28 03:13:36 +0000 2020,,,,https://twitter.com/verymimi/status/1233228732195844097,1233228732195844097,14910028
2020-02-28 01:50:58+00:00,verymimi,HotelFoxtrot,1,1,2,how is he REAL,,Fri Feb 28 01:50:58 +0000 2020,,,,https://twitter.com/verymimi/status/1233207935565795330,1233207935565795330,14910028
2020-02-28 01:13:42+00:00,verymimi,HotelFoxtrot,1,0,1,,,Fri Feb 28 01:13:42 +0000 2020,,,,https://twitter.com/verymimi/status/1233198558985191426,1233198558985191426,14910028
2020-02-28 01:05:36+00:00,verymimi,silkyfines,1,0,1,that was gonna be my next suggestion cause EYE would like to see it,,Fri Feb 28 01:05:36 +0000 2020,,,,https://twitter.com/verymimi/status/1233196519064571904,1233196519064571904,14910028
2020-02-28 00:59:54+00:00,verymimi,silkyfines,1,0,1,,,Fri Feb 28 00:59:54 +0000 2020,,,,https://twitter.com/verymimi/status/1233195083777925120,1233195083777925120,14910028
2020-02-28 00:58:52+00:00,verymimi,xoxo__luvv,0,1,1,"the guillotine halts for no one, beloved!",,Fri Feb 28 00:58:52 +0000 2020,,,,https://twitter.com/verymimi/status/1233194823575838721,1233194823575838721,14910028
2020-02-28 00:09:29+00:00,verymimi,,3,0,7,my embarrassing celeb crush has an uncut gems basketball in his house... once again fate’s eye is fixed on me!,,Fri Feb 28 00:09:29 +0000 2020,,,,https://twitter.com/verymimi/status/1233182398646562817,1233182398646562817,14910028
2020-02-27 23:35:22+00:00,verymimi,,1,7,24,when the revolution comes we need to make sure artists who do elle song association videos and only sing their own songs are at the top of the hit list,,Thu Feb 27 23:35:22 +0000 2020,,,,https://twitter.com/verymimi/status/1233173811970891776,1233173811970891776,14910028
2020-02-27 20:35:09+00:00,verymimi,kublakhanya,0,0,0,it’s anthemic as hell,,Thu Feb 27 20:35:09 +0000 2020,,,,https://twitter.com/verymimi/status/1233128456638124033,1233128456638124033,14910028
2020-02-27 20:25:08+00:00,verymimi,theblackboyblog,1,0,2,younger now is definitely a country album lol,,Thu Feb 27 20:25:08 +0000 2020,,,,https://twitter.com/verymimi/status/1233125939112030213,1233125939112030213,14910028
2020-02-27 20:23:27+00:00,verymimi,broderick,0,4,1,onlyfans pals please be advised and safe!,,Thu Feb 27 20:23:27 +0000 2020,,,https://twitter.com/broderick/status/1233097681742049281,https://twitter.com/verymimi/status/1233125513658585090,1233125513658585090,14910028
2020-02-27 20:18:07+00:00,verymimi,leedanielsent,0,0,4,LMFAOOOOOOOOOOOOOOOO,,Thu Feb 27 20:18:07 +0000 2020,,,https://twitter.com/leedanielsent/status/1233111142555430919,https://twitter.com/verymimi/status/1233124173570093058,1233124173570093058,14910028
2020-02-27 20:16:51+00:00,verymimi,TheBrookeAsh,0,1,9,men? going to the doctor?,,Thu Feb 27 20:16:51 +0000 2020,,,,https://twitter.com/verymimi/status/1233123852869414912,1233123852869414912,14910028
2020-02-27 19:14:02+00:00,verymimi,,0,11,15,nia dacosta nia dacosta nia dacosta nia dacosta nia dacosta,,Thu Feb 27 19:14:02 +0000 2020,,,,https://twitter.com/verymimi/status/1233108046487879681,1233108046487879681,14910028
2020-02-27 19:05:58+00:00,verymimi,OBEY_elREY,0,1,1,we LOVE to see it!,,Thu Feb 27 19:05:58 +0000 2020,,,,https://twitter.com/verymimi/status/1233106012971945986,1233106012971945986,14910028
2020-02-27 18:03:41+00:00,verymimi,amymarieberger,0,0,0,what’d i do?!?,,Thu Feb 27 18:03:41 +0000 2020,,,,https://twitter.com/verymimi/status/1233090339126284288,1233090339126284288,14910028
2020-02-27 16:35:46+00:00,verymimi,,1,9,88,candyman when i say his name five times cause i don’t wanna pay bills anymore,,Thu Feb 27 16:35:46 +0000 2020,,,,https://twitter.com/verymimi/status/1233068214248181760,1233068214248181760,14910028
2020-02-27 14:57:40+00:00,verymimi,NotLaja,1,0,1,"the fact that we all wore the exact same dresses, socks, shoes, and hairstyles in our childhoods ",,Thu Feb 27 14:57:40 +0000 2020,,,,https://twitter.com/verymimi/status/1233043528961478657,1233043528961478657,14910028
2020-02-27 14:46:02+00:00,verymimi,hayisforbb,0,0,0,jeeeeeesus lmao,,Thu Feb 27 14:46:02 +0000 2020,,,,https://twitter.com/verymimi/status/1233040601584668674,1233040601584668674,14910028
2020-02-27 13:56:22+00:00,verymimi,lordmorganne,0,0,2,bandaids or vaseline,,Thu Feb 27 13:56:22 +0000 2020,,,,https://twitter.com/verymimi/status/1233028101669560325,1233028101669560325,14910028
2020-02-27 13:48:44+00:00,verymimi,,0,0,2,"not a work story, but one of my greatest hits: when my great grandmother died a month before i finished my jr year of high school & while everyone else gave me work to make up the weeks i missed, my chemistry teacher failed me on every assignment and i had to go to summer school",,Thu Feb 27 13:48:44 +0000 2020,,,,https://twitter.com/verymimi/status/1233026181135523841,1233026181135523841,14910028
2020-02-27 13:45:44+00:00,verymimi,MotherStutter,1,0,0,"holy shit, that’s awful. i hope you were able to leave that job soon after",,Thu Feb 27 13:45:44 +0000 2020,,,,https://twitter.com/verymimi/status/1233025425850413062,1233025425850413062,14910028
2020-02-27 13:24:21+00:00,verymimi,Jay_Mesha,1,0,2,my supervisor when i asked why there were cops randomly milling around the building:,,Thu Feb 27 13:24:21 +0000 2020,,,,https://twitter.com/verymimi/status/1233020044084469762,1233020044084469762,14910028
2020-02-27 13:21:34+00:00,verymimi,,1,0,4,"also: two days ago i texted my supervisor that a pipe had burst under my house and i needed to spend the day assessing damages, repair, etc and she said “well you can just come in later”",,Thu Feb 27 13:21:34 +0000 2020,,,,https://twitter.com/verymimi/status/1233019344831033344,1233019344831033344,14910028
2020-02-27 13:20:07+00:00,verymimi,hellocookie,4,1,23,the fbi arrested one of my coworkers in the parking lot at 8am and they still made the rest of us work the full day,,Thu Feb 27 13:20:07 +0000 2020,,,https://twitter.com/hellocookie/status/1232297525358604289,https://twitter.com/verymimi/status/1233018979788247040,1233018979788247040,14910028
2020-02-27 08:17:43+00:00,verymimi,theheightts,0,0,0,if you don’t delete this and go to bed,,Thu Feb 27 08:17:43 +0000 2020,,,,https://twitter.com/verymimi/status/1232942878239924224,1232942878239924224,14910028
2020-02-27 08:04:57+00:00,verymimi,stopolive,0,0,1,whoa oh whoa whoa oh why did u put urself in this situation,,Thu Feb 27 08:04:57 +0000 2020,,,,https://twitter.com/verymimi/status/1232939664283181056,1232939664283181056,14910028
2020-02-27 07:11:18+00:00,verymimi,instanthotel,0,0,1,"exactly! mimi can have a little ambiance, as a treat.",,Thu Feb 27 07:11:18 +0000 2020,,,,https://twitter.com/verymimi/status/1232926161417777153,1232926161417777153,14910028
2020-02-27 07:08:56+00:00,verymimi,,1,0,8,ok FINE i ordered new slut lights for my room,,Thu Feb 27 07:08:56 +0000 2020,,,,https://twitter.com/verymimi/status/1232925568536104960,1232925568536104960,14910028
2020-02-27 07:00:36+00:00,verymimi,tylrmntg,0,0,1,when audre said self-care she was definitely referring to me ignoring my responsibilities to eat a charcuterie board in the dark,,Thu Feb 27 07:00:36 +0000 2020,,,,https://twitter.com/verymimi/status/1232923468699766784,1232923468699766784,14910028
2020-02-27 06:56:52+00:00,verymimi,tylrmntg,1,0,0,ENERGY,,Thu Feb 27 06:56:52 +0000 2020,,,,https://twitter.com/verymimi/status/1232922528525492224,1232922528525492224,14910028
2020-02-27 04:54:28+00:00,verymimi,jennyauguste,0,0,0,omg... i need it,,Thu Feb 27 04:54:28 +0000 2020,,,,https://twitter.com/verymimi/status/1232891726605570048,1232891726605570048,14910028
2020-02-27 04:10:41+00:00,verymimi,UtterlyVapid,1,0,1,FASHION ICON,,Thu Feb 27 04:10:41 +0000 2020,,,,https://twitter.com/verymimi/status/1232880709347528706,1232880709347528706,14910028
2020-02-27 03:49:44+00:00,verymimi,samesmail,0,1,5,"billy wilder directed sunset boulevard, ace in the hole, sabrina, and the seven year itch in a 10 year period and they weren’t even his best movies",,Thu Feb 27 03:49:44 +0000 2020,,,https://twitter.com/samesmail/status/1232781673281884160,https://twitter.com/verymimi/status/1232875438009090049,1232875438009090049,14910028
2020-02-27 03:37:38+00:00,verymimi,,0,10,50,"avan jogia looks exactly like every guy whose band you only listen to because you wanna fuck him, and yes, i am only listening to avan jogia’s band because i wanna fuck him",,Thu Feb 27 03:37:38 +0000 2020,,,,https://twitter.com/verymimi/status/1232872392348905472,1232872392348905472,14910028
2020-02-27 02:26:27+00:00,verymimi,adrierose_,0,0,0,why did he make malcolm x so thick and WHO is the woman behind obama??? i’m upset,,Thu Feb 27 02:26:27 +0000 2020,,,,https://twitter.com/verymimi/status/1232854477826338816,1232854477826338816,14910028
2020-02-27 02:25:12+00:00,verymimi,adrierose_,1,0,0,what is wrong with him,,Thu Feb 27 02:25:12 +0000 2020,,,,https://twitter.com/verymimi/status/1232854163882696704,1232854163882696704,14910028
2020-02-27 02:16:43+00:00,verymimi,NegroClarkKent_,1,0,0,LMFAOOOOO WHAT IS WRONG WITH YOU,,Thu Feb 27 02:16:43 +0000 2020,,,,https://twitter.com/verymimi/status/1232852029699219456,1232852029699219456,14910028
2020-02-27 02:15:43+00:00,verymimi,WrittenByHanna,0,0,1,,,Thu Feb 27 02:15:43 +0000 2020,,,,https://twitter.com/verymimi/status/1232851775486660609,1232851775486660609,14910028
2020-02-27 01:47:39+00:00,verymimi,KatHeartwell,0,0,0,scared to fly or anxious about being somewhere new?,,Thu Feb 27 01:47:39 +0000 2020,,,,https://twitter.com/verymimi/status/1232844711494287361,1232844711494287361,14910028
2020-02-27 00:57:09+00:00,verymimi,rhymeswithbeg,1,0,1,and dry them with his hair if you’re lucky!,,Thu Feb 27 00:57:09 +0000 2020,,,,https://twitter.com/verymimi/status/1232832004225486849,1232832004225486849,14910028
2020-02-27 00:56:17+00:00,verymimi,keofthefuture,0,0,1,i honestly start sweating when i think about ginger and violet’s looks from that episode what a nightmare,,Thu Feb 27 00:56:17 +0000 2020,,,,https://twitter.com/verymimi/status/1232831787342188544,1232831787342188544,14910028
2020-02-27 00:52:20+00:00,verymimi,thatssokeshaun,1,0,2,it’s true but that challenge was truly one of the worst in the show’s history so it’s not saying much ,,Thu Feb 27 00:52:20 +0000 2020,,,,https://twitter.com/verymimi/status/1232830794542014465,1232830794542014465,14910028
2020-02-27 00:50:59+00:00,verymimi,cweaverfilms,0,0,0,what if he already got the zombie germs THEN WHAT???,,Thu Feb 27 00:50:59 +0000 2020,,,,https://twitter.com/verymimi/status/1232830451011784707,1232830451011784707,14910028
2020-02-27 00:49:13+00:00,verymimi,stopolive,1,0,1,"your mind, i’ve been saying i needed some since i started taking the train to/from work but now i DEFINITELY do",,Thu Feb 27 00:49:13 +0000 2020,,,,https://twitter.com/verymimi/status/1232830007246016512,1232830007246016512,14910028
2020-02-27 00:48:43+00:00,verymimi,2Taurean2U,0,0,0, yeezy wants what you have,,Thu Feb 27 00:48:43 +0000 2020,,,,https://twitter.com/verymimi/status/1232829881643347968,1232829881643347968,14910028
2020-02-27 00:47:56+00:00,verymimi,rayyanumrani,0,0,2,EXACTLY. fashion AND function!,,Thu Feb 27 00:47:56 +0000 2020,,,,https://twitter.com/verymimi/status/1232829683294756864,1232829683294756864,14910028
2020-02-27 00:47:36+00:00,verymimi,tylrmntg,1,0,2,this is Almost where my energy is but i don’t wanna miss the next season of succession,,Thu Feb 27 00:47:36 +0000 2020,,,,https://twitter.com/verymimi/status/1232829600604020736,1232829600604020736,14910028
2020-02-27 00:47:02+00:00,verymimi,2Taurean2U,1,0,0,lemme buy one i wanna be cute when i d*e,,Thu Feb 27 00:47:02 +0000 2020,,,,https://twitter.com/verymimi/status/1232829460023533568,1232829460023533568,14910028
2020-02-27 00:42:30+00:00,verymimi,,6,1,16,are y’all buying disposable masks for the apocalypse or fashionable ones? let’s discuss,,Thu Feb 27 00:42:30 +0000 2020,,,,https://twitter.com/verymimi/status/1232828317813952516,1232828317813952516,14910028
2020-02-27 00:41:23+00:00,verymimi,JAMNPP,2,3,21,maybe jesus is a white man after all,,Thu Feb 27 00:41:23 +0000 2020,,,https://twitter.com/JAMNPP/status/1232784847208435712,https://twitter.com/verymimi/status/1232828037210738691,1232828037210738691,14910028
2020-02-27 00:39:13+00:00,verymimi,DontaStorey,1,0,1,"the cheap ones, too",,Thu Feb 27 00:39:13 +0000 2020,,,,https://twitter.com/verymimi/status/1232827489963171842,1232827489963171842,14910028
2020-02-27 00:35:33+00:00,verymimi,rainyweatherz,1,0,1,our day just might be coming,,Thu Feb 27 00:35:33 +0000 2020,,,,https://twitter.com/verymimi/status/1232826568663355392,1232826568663355392,14910028
2020-02-26 23:44:12+00:00,verymimi,She_is_Dany,1,0,4,i can’t wait cause my l*ndl*rd raised my rent by $50 for the coming year and i was honestly ready to go into full mao mode,,Wed Feb 26 23:44:12 +0000 2020,,,,https://twitter.com/verymimi/status/1232813647312883718,1232813647312883718,14910028
2020-02-26 22:37:02+00:00,verymimi,NotLaja,0,0,0,you can tell she was mad cause she posted this cover on her feed i’m screaming,,Wed Feb 26 22:37:02 +0000 2020,,,,https://twitter.com/verymimi/status/1232796742246113282,1232796742246113282,14910028
2020-02-26 22:28:47+00:00,verymimi,,1,0,21,imagine you get your dress back for a red carpet event and it smells like essential oils and victoria’s secret lovespell perfume! i have to SCREAM,,Wed Feb 26 22:28:47 +0000 2020,,,,https://twitter.com/verymimi/status/1232794669123276800,1232794669123276800,14910028
2020-02-26 22:28:30+00:00,verymimi,,1,7,65,"a tailor i follow on instagram just posted a photo in a dress she’s working on and captioned it “heads up, if i’m altering your garment, at some point i’m probably trying it on”",,Wed Feb 26 22:28:30 +0000 2020,,,,https://twitter.com/verymimi/status/1232794596037550082,1232794596037550082,14910028
2020-02-26 22:02:50+00:00,verymimi,wydsephine,0,0,3,vince is a forever mood,,Wed Feb 26 22:02:50 +0000 2020,,,,https://twitter.com/verymimi/status/1232788137589530627,1232788137589530627,14910028
2020-02-26 21:51:40+00:00,verymimi,WannasWorld,0,0,3,!!!!!,,Wed Feb 26 21:51:40 +0000 2020,,,https://twitter.com/WannasWorld/status/1232784259133427712,https://twitter.com/verymimi/status/1232785326919372800,1232785326919372800,14910028
2020-02-26 21:15:22+00:00,verymimi,NotLaja,0,0,0,,,Wed Feb 26 21:15:22 +0000 2020,,,,https://twitter.com/verymimi/status/1232776191712600065,1232776191712600065,14910028
2020-02-26 20:38:44+00:00,verymimi,,1,1,12,rolling stone said HERE since y’all wanna complain about everyfuckingthing!,,Wed Feb 26 20:38:44 +0000 2020,,,,https://twitter.com/verymimi/status/1232766973970460674,1232766973970460674,14910028
2020-02-26 20:28:18+00:00,verymimi,cweaverfilms,0,0,0,ADDED TO CART IMMEDIATELY,,Wed Feb 26 20:28:18 +0000 2020,,,,https://twitter.com/verymimi/status/1232764345391689734,1232764345391689734,14910028
2020-02-26 20:25:23+00:00,verymimi,cweaverfilms,0,0,0,the WHAT,,Wed Feb 26 20:25:23 +0000 2020,,,,https://twitter.com/verymimi/status/1232763612701298689,1232763612701298689,14910028
2020-02-26 20:01:18+00:00,verymimi,AsToldByKia,1,0,1,the futuresex/lovesounds jumped OUT,,Wed Feb 26 20:01:18 +0000 2020,,,,https://twitter.com/verymimi/status/1232757549889441792,1232757549889441792,14910028
2020-02-26 19:46:47+00:00,verymimi,keofthefuture,0,0,3,at ALL,,Wed Feb 26 19:46:47 +0000 2020,,,,https://twitter.com/verymimi/status/1232753897594347520,1232753897594347520,14910028
2020-02-26 19:44:34+00:00,verymimi,thatssokeshaun,1,0,13,i saw somebody suggesting that there needs to be a separate “kids section” on d+ for if families don’t wanna see content like that and that’s when i knew we had lost the plot,,Wed Feb 26 19:44:34 +0000 2020,,,,https://twitter.com/verymimi/status/1232753341937131520,1232753341937131520,14910028
2020-02-26 19:25:35+00:00,verymimi,,0,0,7,"shopping for cute respiratory masks, because i’m what? a millennial without health insurance!",,Wed Feb 26 19:25:35 +0000 2020,,,,https://twitter.com/verymimi/status/1232748565241507846,1232748565241507846,14910028
2020-02-26 19:00:44+00:00,verymimi,,0,0,2,sisyphus when he heard kate bush’s “running up that hill”,,Wed Feb 26 19:00:44 +0000 2020,,,,https://twitter.com/verymimi/status/1232742307969032193,1232742307969032193,14910028
2020-02-26 18:59:07+00:00,verymimi,TheCatSantana,1,0,1,“the world should revolve around me” by little jackie,,Wed Feb 26 18:59:07 +0000 2020,,,,https://twitter.com/verymimi/status/1232741902711185408,1232741902711185408,14910028
2020-02-26 18:44:26+00:00,verymimi,AltMayo,0,0,1,damn karl marx fell off,,Wed Feb 26 18:44:26 +0000 2020,,,,https://twitter.com/verymimi/status/1232738207315439616,1232738207315439616,14910028
2020-02-26 18:43:51+00:00,verymimi,tylerdpayton,1,1,1,I YELLED ON THE TRAIN,,Wed Feb 26 18:43:51 +0000 2020,,,,https://twitter.com/verymimi/status/1232738061043294210,1232738061043294210,14910028
2020-02-26 18:40:07+00:00,verymimi,erinbr4dy,0,1,9,[soviet anthem playing loudly in the background],,Wed Feb 26 18:40:07 +0000 2020,,,,https://twitter.com/verymimi/status/1232737122085371904,1232737122085371904,14910028
2020-02-26 18:39:14+00:00,verymimi,kunalwillmadeit,0,0,8,nah more likely to do with global fears re: coronavirus,,Wed Feb 26 18:39:14 +0000 2020,,,,https://twitter.com/verymimi/status/1232736900064194562,1232736900064194562,14910028
2020-02-26 18:31:57+00:00,verymimi,CitizenAnalyst,7,233,795,"it’s market crash time, baby! let’s get it!",,Wed Feb 26 18:31:57 +0000 2020,,,https://twitter.com/CitizenAnalyst/status/1232633934862835714,https://twitter.com/verymimi/status/1232735067056803842,1232735067056803842,14910028
2020-02-26 16:56:50+00:00,verymimi,embarrassinq,0,0,1,"i love him so much, **** honestly wants what he has",,Wed Feb 26 16:56:50 +0000 2020,,,,https://twitter.com/verymimi/status/1232711129404715009,1232711129404715009,14910028
2020-02-26 16:54:58+00:00,verymimi,sassyblackdiva,0,0,0,let’s do it baby i know the law!,,Wed Feb 26 16:54:58 +0000 2020,,,,https://twitter.com/verymimi/status/1232710660112494593,1232710660112494593,14910028
2020-02-26 16:40:02+00:00,verymimi,embarrassinq,1,0,0,MY MAN IS BACK? LET’S GOOOOO,,Wed Feb 26 16:40:02 +0000 2020,,,,https://twitter.com/verymimi/status/1232706902506770432,1232706902506770432,14910028
2020-02-26 16:37:47+00:00,verymimi,,1,0,1,https://twitter.com/sassyblackdiva/status/1232703507519590400,,Wed Feb 26 16:37:47 +0000 2020,,,https://twitter.com/sassyblackdiva/status/1232703507519590400,https://twitter.com/verymimi/status/1232706334946140160,1232706334946140160,14910028
2020-02-26 13:37:13+00:00,verymimi,,0,0,2,"personally if i walk into wawa and harry styles is blocking the smartfood, i’m calling the police",,Wed Feb 26 13:37:13 +0000 2020,,,,https://twitter.com/verymimi/status/1232660895207165952,1232660895207165952,14910028
2020-02-26 12:45:11+00:00,verymimi,thatone_desi,0,2,14,being sincere when i say i too would believe that this man was ed sheeran,,Wed Feb 26 12:45:11 +0000 2020,,,https://twitter.com/thatone_desi/status/1232465240467488769,https://twitter.com/verymimi/status/1232647800501997569,1232647800501997569,14910028
2020-02-26 03:39:46+00:00,verymimi,taylorcrumpton,0,0,1,godspeed my sister,,Wed Feb 26 03:39:46 +0000 2020,,,,https://twitter.com/verymimi/status/1232510542335692800,1232510542335692800,14910028
2020-02-26 02:26:37+00:00,verymimi,sassyblackdiva,1,0,2,do you think she prefers endless shrimp or lobsterfest?,,Wed Feb 26 02:26:37 +0000 2020,,,,https://twitter.com/verymimi/status/1232492132813828096,1232492132813828096,14910028
2020-02-26 01:40:05+00:00,verymimi,amymarieberger,0,0,0,,,Wed Feb 26 01:40:05 +0000 2020,,,,https://twitter.com/verymimi/status/1232480421289480194,1232480421289480194,14910028
