date,username,to,replies,retweets,favorites,text,mentions,formatted_date,geo,hashtags,urls,permalink,ID,author_id
2020-02-28 19:07:00+00:00,vicfalcons98,,0,2,12,Tomorrow morning we getting that chest pump listening to bad bunny’s new album ,,Fri Feb 28 19:07:00 +0000 2020,,,,https://twitter.com/vicfalcons98/status/1233468661324750848,1233468661324750848,2322770898
2020-02-27 13:48:55+00:00,vicfalcons98,OrtizzGomezz,0,0,0,For buddy?,,Thu Feb 27 13:48:55 +0000 2020,,,,https://twitter.com/vicfalcons98/status/1233026224173264896,1233026224173264896,2322770898
2020-02-27 02:32:46+00:00,vicfalcons98,_katiemacario_,1,0,1,pupusas***,,Thu Feb 27 02:32:46 +0000 2020,,,,https://twitter.com/vicfalcons98/status/1232856068239298560,1232856068239298560,2322770898
2020-02-26 18:39:31+00:00,vicfalcons98,Abi_Ledezma22,1,0,1,Callase you from Oaxaca,,Wed Feb 26 18:39:31 +0000 2020,,,,https://twitter.com/vicfalcons98/status/1232736972071985154,1232736972071985154,2322770898
2020-02-26 03:32:17+00:00,vicfalcons98,jackiexmart,0,0,1,Si ,,Wed Feb 26 03:32:17 +0000 2020,,,,https://twitter.com/vicfalcons98/status/1232508657000157184,1232508657000157184,2322770898
2020-02-25 18:39:30+00:00,vicfalcons98,gabysgalore,0,0,1,,,Tue Feb 25 18:39:30 +0000 2020,,,,https://twitter.com/vicfalcons98/status/1232374576681750533,1232374576681750533,2322770898
2020-02-25 16:13:07+00:00,vicfalcons98,,0,0,7,Im still a clown https://twitter.com/kohlgrrl/status/1137727435242397698,,Tue Feb 25 16:13:07 +0000 2020,,,https://twitter.com/kohlgrrl/status/1137727435242397698,https://twitter.com/vicfalcons98/status/1232337738537558016,1232337738537558016,2322770898
2020-02-25 03:55:58+00:00,vicfalcons98,gabysgalore,0,0,1,Tu ahorita jkjk no te cres ,,Tue Feb 25 03:55:58 +0000 2020,,,,https://twitter.com/vicfalcons98/status/1232152228196163584,1232152228196163584,2322770898
2020-02-25 03:53:37+00:00,vicfalcons98,gabysgalore,1,0,1,Asta unos stairs to get in o que,,Tue Feb 25 03:53:37 +0000 2020,,,,https://twitter.com/vicfalcons98/status/1232151638959427584,1232151638959427584,2322770898
2020-02-24 11:03:09+00:00,vicfalcons98,LORAFRIMANEE,0,0,1,After a heavy leg day be like,,Mon Feb 24 11:03:09 +0000 2020,,,https://twitter.com/LORAFRIMANEE/status/1231683654449012741,https://twitter.com/vicfalcons98/status/1231897344020557824,1231897344020557824,2322770898
2020-02-24 03:54:55+00:00,vicfalcons98,bombantaclaat,0,11,26,The amount of fucks i give about your opinion,,Mon Feb 24 03:54:55 +0000 2020,,,https://twitter.com/bombantaclaat/status/1230118475093413890,https://twitter.com/vicfalcons98/status/1231789575728771072,1231789575728771072,2322770898
2020-02-24 03:28:15+00:00,vicfalcons98,elnodal,0,0,2,YESSSSSSSSSSSS,,Mon Feb 24 03:28:15 +0000 2020,,,https://twitter.com/elnodal/status/1231781620962791424,https://twitter.com/vicfalcons98/status/1231782865983152128,1231782865983152128,2322770898
2020-02-24 02:11:05+00:00,vicfalcons98,,1,0,2,My upper body sore asf and tomorrows chest day rip,,Mon Feb 24 02:11:05 +0000 2020,,,,https://twitter.com/vicfalcons98/status/1231763448683429889,1231763448683429889,2322770898
2020-02-23 18:23:00+00:00,vicfalcons98,,0,0,1,@theofficenbc PLEASEEE,@theofficenbc,Sun Feb 23 18:23:00 +0000 2020,,,,https://twitter.com/vicfalcons98/status/1231645651898859524,1231645651898859524,2322770898
2020-02-23 18:03:53+00:00,vicfalcons98,OfficialPLT,1,1,12,Okay but can the office do a reunion please ,,Sun Feb 23 18:03:53 +0000 2020,,,https://twitter.com/OfficialPLT/status/1230978817898041345,https://twitter.com/vicfalcons98/status/1231640841283940354,1231640841283940354,2322770898
2020-02-23 17:42:22+00:00,vicfalcons98,ariimrt_,0,0,1,Be yo own niggas,,Sun Feb 23 17:42:22 +0000 2020,,,,https://twitter.com/vicfalcons98/status/1231635422721302528,1231635422721302528,2322770898
2020-02-23 15:10:38+00:00,vicfalcons98,santa_pena,0,0,1,Un dia ,,Sun Feb 23 15:10:38 +0000 2020,,,,https://twitter.com/vicfalcons98/status/1231597239161774080,1231597239161774080,2322770898
2020-02-22 14:01:03+00:00,vicfalcons98,,0,1,6,Shoutout to da homie @aileennsita for lasting three hour at the gym doing legs and shoulders ,@aileennsita,Sat Feb 22 14:01:03 +0000 2020,,,,https://twitter.com/vicfalcons98/status/1231217342279028741,1231217342279028741,2322770898
2020-02-21 02:12:10+00:00,vicfalcons98,yarsxo,0,0,0,Pre workout alv lmao,,Fri Feb 21 02:12:10 +0000 2020,,,,https://twitter.com/vicfalcons98/status/1230676554805661696,1230676554805661696,2322770898
2020-02-20 00:55:43+00:00,vicfalcons98,,0,121,213,Let me find out you’re tryna travel togetherrrr ,,Thu Feb 20 00:55:43 +0000 2020,,,,https://twitter.com/vicfalcons98/status/1230294929135542272,1230294929135542272,2322770898
2020-02-20 00:11:45+00:00,vicfalcons98,cperez_05,0,0,2,Downs,,Thu Feb 20 00:11:45 +0000 2020,,,,https://twitter.com/vicfalcons98/status/1230283862804238339,1230283862804238339,2322770898
2020-02-19 12:49:07+00:00,vicfalcons98,solobagando,0,0,1, ,,Wed Feb 19 12:49:07 +0000 2020,,,,https://twitter.com/vicfalcons98/status/1230112075319562240,1230112075319562240,2322770898
2020-02-19 12:34:42+00:00,vicfalcons98,,0,0,1,7 plates on each side on leg press for 8 reps today yes sirrrrrrrr tomorrows soreness finna have me like this tho lmaooo,,Wed Feb 19 12:34:42 +0000 2020,,,,https://twitter.com/vicfalcons98/status/1230108444746747904,1230108444746747904,2322770898
2020-02-19 12:31:47+00:00,vicfalcons98,vicfalcons98,1,0,5,Update ITS HITS 10/10 recommend went away halfway into shoulders after doing legs tho hit a PR so hyped to do chest tomorrow,,Wed Feb 19 12:31:47 +0000 2020,,,https://twitter.com/vicfalcons98/status/1229952478596169729,https://twitter.com/vicfalcons98/status/1230107712584847361,1230107712584847361,2322770898
2020-02-19 04:03:10+00:00,vicfalcons98,cperez_05,1,0,1,No mames ,,Wed Feb 19 04:03:10 +0000 2020,,,,https://twitter.com/vicfalcons98/status/1229979712887410690,1229979712887410690,2322770898
2020-02-19 02:51:36+00:00,vicfalcons98,tsaucedo19,0,0,0,Fuck it no water son,,Wed Feb 19 02:51:36 +0000 2020,,,,https://twitter.com/vicfalcons98/status/1229961703938514945,1229961703938514945,2322770898
2020-02-19 02:46:43+00:00,vicfalcons98,tsaucedo19,1,0,0,Imma take half a scoop mañana first to make sure i aint all geeked up LMAOO,,Wed Feb 19 02:46:43 +0000 2020,,,,https://twitter.com/vicfalcons98/status/1229960476756500480,1229960476756500480,2322770898
2020-02-19 02:43:41+00:00,vicfalcons98,_dayanaacv,0,0,1,Im a man of the lord,,Wed Feb 19 02:43:41 +0000 2020,,,,https://twitter.com/vicfalcons98/status/1229959712923365376,1229959712923365376,2322770898
2020-02-19 02:43:04+00:00,vicfalcons98,_dayanaacv,0,0,1,Shit they OUR parents now im your brother alv jkjk what county it gon be at,,Wed Feb 19 02:43:04 +0000 2020,,,,https://twitter.com/vicfalcons98/status/1229959557583196161,1229959557583196161,2322770898
2020-02-19 02:23:23+00:00,vicfalcons98,ariimrt_,0,0,1,Seas mamon,,Wed Feb 19 02:23:23 +0000 2020,,,,https://twitter.com/vicfalcons98/status/1229954604684783616,1229954604684783616,2322770898
2020-02-19 02:21:37+00:00,vicfalcons98,_dayanaacv,1,0,1,All the perico catchin up,,Wed Feb 19 02:21:37 +0000 2020,,,,https://twitter.com/vicfalcons98/status/1229954156644966400,1229954156644966400,2322770898
2020-02-19 02:14:56+00:00,vicfalcons98,,2,0,0,I bought a new pre workout and it has 333 mg of caffeine and my old one had 150 mg LMAOO THIS SHOULD BE FUN,,Wed Feb 19 02:14:56 +0000 2020,,,,https://twitter.com/vicfalcons98/status/1229952478596169729,1229952478596169729,2322770898
2020-02-19 01:31:49+00:00,vicfalcons98,_dayanaacv,1,0,1, liquor only pues but whos dd then lol,,Wed Feb 19 01:31:49 +0000 2020,,,,https://twitter.com/vicfalcons98/status/1229941624240734209,1229941624240734209,2322770898
2020-02-19 00:42:41+00:00,vicfalcons98,_dayanaacv,1,0,1,That inva,,Wed Feb 19 00:42:41 +0000 2020,,,,https://twitter.com/vicfalcons98/status/1229929261844353024,1229929261844353024,2322770898
2020-02-18 16:17:10+00:00,vicfalcons98,,0,0,0,Casi casi jkjk thank you ,,Tue Feb 18 16:17:10 +0000 2020,,,,https://twitter.com/vicfalcons98/status/1229802042098581510,1229802042098581510,2322770898
2020-02-18 10:43:59+00:00,vicfalcons98,itsporky300,0,0,0, thanks gallo,,Tue Feb 18 10:43:59 +0000 2020,,,,https://twitter.com/vicfalcons98/status/1229718196388798464,1229718196388798464,2322770898
2020-02-18 00:39:28+00:00,vicfalcons98,AaiiSalazar,0,0,1,I shall ,,Tue Feb 18 00:39:28 +0000 2020,,,,https://twitter.com/vicfalcons98/status/1229566061919510528,1229566061919510528,2322770898
2020-02-18 00:39:18+00:00,vicfalcons98,Gsober69,0,0,0, u would notice that pero ya tu sabe compa,,Tue Feb 18 00:39:18 +0000 2020,,,,https://twitter.com/vicfalcons98/status/1229566022946115590,1229566022946115590,2322770898
2020-02-17 21:03:02+00:00,vicfalcons98,ashleyonix,0,0,1,Gracias twitter friend ,,Mon Feb 17 21:03:02 +0000 2020,,,,https://twitter.com/vicfalcons98/status/1229511595446935552,1229511595446935552,2322770898
2020-02-17 21:02:49+00:00,vicfalcons98,bunsandhoops_,1,0,0,Was Starting to look like one of our tios ,,Mon Feb 17 21:02:49 +0000 2020,,,,https://twitter.com/vicfalcons98/status/1229511541751533568,1229511541751533568,2322770898
2020-02-17 18:46:06+00:00,vicfalcons98,payyoolaa,0,0,0,Muchísima gracias amigaaa ,,Mon Feb 17 18:46:06 +0000 2020,,,,https://twitter.com/vicfalcons98/status/1229477134802001921,1229477134802001921,2322770898
2020-02-17 18:45:48+00:00,vicfalcons98,_dayanaacv,0,0,1,Thank chaaa ,,Mon Feb 17 18:45:48 +0000 2020,,,,https://twitter.com/vicfalcons98/status/1229477060286001155,1229477060286001155,2322770898
2020-02-17 18:45:38+00:00,vicfalcons98,kindyy16,0,0,1,Graciasss ,,Mon Feb 17 18:45:38 +0000 2020,,,,https://twitter.com/vicfalcons98/status/1229477017973919755,1229477017973919755,2322770898
2020-02-17 17:31:55+00:00,vicfalcons98,vgaytannn,0,0,1,Gracias amiguis ,,Mon Feb 17 17:31:55 +0000 2020,,,,https://twitter.com/vicfalcons98/status/1229458467913682947,1229458467913682947,2322770898
2020-02-17 17:31:31+00:00,vicfalcons98,cassidysalinas_,0,0,1,Thank yaaaaa ,,Mon Feb 17 17:31:31 +0000 2020,,,,https://twitter.com/vicfalcons98/status/1229458367552327681,1229458367552327681,2322770898
2020-02-17 16:02:53+00:00,vicfalcons98,AMartin_34,0,0,0, thanks brother,,Mon Feb 17 16:02:53 +0000 2020,,,,https://twitter.com/vicfalcons98/status/1229436061857787906,1229436061857787906,2322770898
2020-02-17 16:02:15+00:00,vicfalcons98,BigNVSTY,0,0,0, ,,Mon Feb 17 16:02:15 +0000 2020,,,,https://twitter.com/vicfalcons98/status/1229435902537224192,1229435902537224192,2322770898
2020-02-17 16:02:06+00:00,vicfalcons98,gabysgalore,0,0,1,Gracias amigaaaa,,Mon Feb 17 16:02:06 +0000 2020,,,,https://twitter.com/vicfalcons98/status/1229435864385818627,1229435864385818627,2322770898
2020-02-17 16:02:00+00:00,vicfalcons98,santa_pena,0,0,1,Thank yaaaaa,,Mon Feb 17 16:02:00 +0000 2020,,,,https://twitter.com/vicfalcons98/status/1229435837986869248,1229435837986869248,2322770898
2020-02-17 13:49:52+00:00,vicfalcons98,JaviAran_,0,0,0,Facts todo las chelas,,Mon Feb 17 13:49:52 +0000 2020,,,,https://twitter.com/vicfalcons98/status/1229402587432091648,1229402587432091648,2322770898
2020-02-17 13:30:14+00:00,vicfalcons98,,2,0,6,I was uncomfortable af posting this but fuck it this morning pump got me feeling good asf ,,Mon Feb 17 13:30:14 +0000 2020,,,,https://twitter.com/vicfalcons98/status/1229397644264583169,1229397644264583169,2322770898
2020-02-17 13:29:42+00:00,vicfalcons98,,15,1,89,January 13 >>>February 13 Still gordo but poco a poco cuh Dejando el vició si ayuda ig https://twitter.com/vicfalcons98/status/1228122352820588544,,Mon Feb 17 13:29:42 +0000 2020,,,https://twitter.com/vicfalcons98/status/1228122352820588544,https://twitter.com/vicfalcons98/status/1229397511846191104,1229397511846191104,2322770898
2020-02-17 12:56:40+00:00,vicfalcons98,,0,0,2,Hit a new pr this morning and this pump got me feeling GOOD SON ,,Mon Feb 17 12:56:40 +0000 2020,,,,https://twitter.com/vicfalcons98/status/1229389198647595008,1229389198647595008,2322770898
2020-02-15 02:49:39+00:00,vicfalcons98,OrtizzGomezz,1,0,1,How does that make you feel ,,Sat Feb 15 02:49:39 +0000 2020,,,,https://twitter.com/vicfalcons98/status/1228511660404563968,1228511660404563968,2322770898
2020-02-14 22:35:40+00:00,vicfalcons98,tsaucedo19,1,0,1, ,,Fri Feb 14 22:35:40 +0000 2020,,,,https://twitter.com/vicfalcons98/status/1228447743473061888,1228447743473061888,2322770898
2020-02-14 01:02:40+00:00,vicfalcons98,,1,0,18,Today marks a month of hitting the gym daily and a strict diet. Also no drinking and honestly I should’ve done this WAY BEFOREEEEE,,Fri Feb 14 01:02:40 +0000 2020,,,,https://twitter.com/vicfalcons98/status/1228122352820588544,1228122352820588544,2322770898
2020-02-12 21:14:06+00:00,vicfalcons98,_dayanaacv,0,0,2,,,Wed Feb 12 21:14:06 +0000 2020,,,,https://twitter.com/vicfalcons98/status/1227702440700645378,1227702440700645378,2322770898
2020-02-12 18:24:26+00:00,vicfalcons98,Carolinaa_santi,0,0,0,They in a hospital in japan tho no pasa nada,,Wed Feb 12 18:24:26 +0000 2020,,,,https://twitter.com/vicfalcons98/status/1227659742778200066,1227659742778200066,2322770898
2020-02-12 13:38:00+00:00,vicfalcons98,,1,2,5,Someone my mom works for deadass just gave us a entire drumset call me the next @carlosxmendoza lmaooooooooo jkjk,@carlosxmendoza,Wed Feb 12 13:38:00 +0000 2020,,,,https://twitter.com/vicfalcons98/status/1227587662221062147,1227587662221062147,2322770898
2020-02-12 12:37:51+00:00,vicfalcons98,,1,0,2,My homeboy didnt recognize me at the gym this morning since todos me miran en pura tejana y botas ,,Wed Feb 12 12:37:51 +0000 2020,,,,https://twitter.com/vicfalcons98/status/1227572522327183362,1227572522327183362,2322770898
2020-02-12 12:37:02+00:00,vicfalcons98,elchulo1215,0,0,1,Yo y la hija en el futuro,,Wed Feb 12 12:37:02 +0000 2020,,,https://twitter.com/elchulo1215/status/1226742721961975808,https://twitter.com/vicfalcons98/status/1227572316844052481,1227572316844052481,2322770898
2020-02-12 03:14:16+00:00,vicfalcons98,solobagando,0,0,0,,,Wed Feb 12 03:14:16 +0000 2020,,,,https://twitter.com/vicfalcons98/status/1227430693577383937,1227430693577383937,2322770898
2020-02-12 03:10:13+00:00,vicfalcons98,_dayanaacv,1,0,2,ON GOD,,Wed Feb 12 03:10:13 +0000 2020,,,,https://twitter.com/vicfalcons98/status/1227429673988247554,1227429673988247554,2322770898
2020-02-11 13:24:43+00:00,vicfalcons98,,0,0,1,https://twitter.com/RiceFairy_/status/1226950014468931586,,Tue Feb 11 13:24:43 +0000 2020,,,https://twitter.com/RiceFairy_/status/1226950014468931586,https://twitter.com/vicfalcons98/status/1227221931428065280,1227221931428065280,2322770898
2020-02-11 02:31:52+00:00,vicfalcons98,_dayanaacv,1,0,1,Fine un pitcher pa que no dicen que no los quiero,,Tue Feb 11 02:31:52 +0000 2020,,,,https://twitter.com/vicfalcons98/status/1227057636694265856,1227057636694265856,2322770898
2020-02-11 02:26:21+00:00,vicfalcons98,_dayanaacv,1,0,1,Unas aguas to bring yall in the sober life ,,Tue Feb 11 02:26:21 +0000 2020,,,,https://twitter.com/vicfalcons98/status/1227056245389103104,1227056245389103104,2322770898
2020-02-11 02:24:50+00:00,vicfalcons98,solobagando,0,0,1, last time was when i saw yall at space no sean mamones LMAOOOooOoo,,Tue Feb 11 02:24:50 +0000 2020,,,,https://twitter.com/vicfalcons98/status/1227055866119147521,1227055866119147521,2322770898
2020-02-11 02:17:41+00:00,vicfalcons98,solobagando,1,0,1,Wey no tomo at all to cut weight ,,Tue Feb 11 02:17:41 +0000 2020,,,,https://twitter.com/vicfalcons98/status/1227054067031138305,1227054067031138305,2322770898
2020-02-11 01:50:06+00:00,vicfalcons98,,0,2,17,Ya voy preparando la alarma pal gimnasio mañana ,,Tue Feb 11 01:50:06 +0000 2020,,,,https://twitter.com/vicfalcons98/status/1227047125659377664,1227047125659377664,2322770898
2020-02-11 01:11:03+00:00,vicfalcons98,_dayanaacv,1,0,1,Ya sabes que si acting like u havent been invited every year ,,Tue Feb 11 01:11:03 +0000 2020,,,,https://twitter.com/vicfalcons98/status/1227037294999326721,1227037294999326721,2322770898
2020-02-11 01:07:18+00:00,vicfalcons98,JaviAran_,1,0,1,,,Tue Feb 11 01:07:18 +0000 2020,,,,https://twitter.com/vicfalcons98/status/1227036355273936896,1227036355273936896,2322770898
2020-02-11 01:06:04+00:00,vicfalcons98,JaviArquimides,1,0,0,Sounding like the Miami heat,,Tue Feb 11 01:06:04 +0000 2020,,,,https://twitter.com/vicfalcons98/status/1227036043238658048,1227036043238658048,2322770898
2020-02-11 01:05:15+00:00,vicfalcons98,_dayanaacv,1,0,1, im breaking my soberness pa mi cumpleaños IF I DO SOMETHING but neta te lo juro wey ,,Tue Feb 11 01:05:15 +0000 2020,,,,https://twitter.com/vicfalcons98/status/1227035837923241984,1227035837923241984,2322770898
2020-02-11 00:44:33+00:00,vicfalcons98,_dayanaacv,1,0,1,Wey im serious WHY DOESNT ANYONE BELIEVE ME,,Tue Feb 11 00:44:33 +0000 2020,,,,https://twitter.com/vicfalcons98/status/1227030629394636800,1227030629394636800,2322770898
2020-02-11 00:39:19+00:00,vicfalcons98,solobagando,1,0,1,Ya ni tomo wey im sober lmao,,Tue Feb 11 00:39:19 +0000 2020,,,,https://twitter.com/vicfalcons98/status/1227029311301079040,1227029311301079040,2322770898
2020-02-10 17:15:26+00:00,vicfalcons98,_dayanaacv,3,0,4,Esque no tienen cuenta de banco so they gotta put it under they mattresses lmaoooo,,Mon Feb 10 17:15:26 +0000 2020,,,,https://twitter.com/vicfalcons98/status/1226917602779389952,1226917602779389952,2322770898
2020-02-10 02:06:58+00:00,vicfalcons98,,0,1,5,On the real tho ive been wanting to go to a country club to learn how to dance to country music cause it looks like a mixture of slow nortenas y vueltas de cumbia sooooo hopefully soon ,,Mon Feb 10 02:06:58 +0000 2020,,,,https://twitter.com/vicfalcons98/status/1226688980432846848,1226688980432846848,2322770898
2020-02-10 01:56:39+00:00,vicfalcons98,,1,0,21,Been a FAT minute since ive been to a peda/baile aver cuando regreso #sobervick2020 Also enjoy this video from three years ago at some random 15 lol Se busca bailadora pa las cumbias di ,,Mon Feb 10 01:56:39 +0000 2020,,#sobervick2020,,https://twitter.com/vicfalcons98/status/1226686382623555585,1226686382623555585,2322770898
2020-02-10 01:27:26+00:00,vicfalcons98,,0,0,0,Jk im fat asf,,Mon Feb 10 01:27:26 +0000 2020,,,,https://twitter.com/vicfalcons98/status/1226679030981812226,1226679030981812226,2322770898
2020-02-10 01:27:19+00:00,vicfalcons98,theysoblaht,1,0,3,Me seeing myself in the mirror at the gym,,Mon Feb 10 01:27:19 +0000 2020,,,https://twitter.com/theysoblaht/status/1226284054502354945,https://twitter.com/vicfalcons98/status/1226679004327010305,1226679004327010305,2322770898
2020-02-09 18:43:24+00:00,vicfalcons98,,0,2,29, ,,Sun Feb 09 18:43:24 +0000 2020,,,,https://twitter.com/vicfalcons98/status/1226577354870394880,1226577354870394880,2322770898
2020-02-09 03:02:24+00:00,vicfalcons98,RiveraMeybeli,0,0,0,,,Sun Feb 09 03:02:24 +0000 2020,,,,https://twitter.com/vicfalcons98/status/1226340542272987136,1226340542272987136,2322770898
2020-02-09 02:25:37+00:00,vicfalcons98,RiveraMeybeli,1,0,1,Ik damn well u talking bout tequila,,Sun Feb 09 02:25:37 +0000 2020,,,,https://twitter.com/vicfalcons98/status/1226331284777111552,1226331284777111552,2322770898
2020-02-08 22:15:31+00:00,vicfalcons98,vgaytannn,0,0,1,Ah ja ja #IYKYK,,Sat Feb 08 22:15:31 +0000 2020,,#IYKYK,,https://twitter.com/vicfalcons98/status/1226268347861491715,1226268347861491715,2322770898
2020-02-08 02:11:21+00:00,vicfalcons98,,0,0,0,I aint the type to talk about my workouts and shit all over social media but FUCK TODAYS GYM PUMP WAS GOOD SON,,Sat Feb 08 02:11:21 +0000 2020,,,,https://twitter.com/vicfalcons98/status/1225965309531742208,1225965309531742208,2322770898
2020-02-07 19:31:46+00:00,vicfalcons98,,0,0,10,Every song's a drinkin' song when you're drinkin' – at The Tabernacle,,Fri Feb 07 19:31:46 +0000 2020,,,,https://twitter.com/vicfalcons98/status/1225864748203487232,1225864748203487232,2322770898
2020-02-07 19:27:09+00:00,vicfalcons98,santa_pena,1,0,1,Jonathan tyler,,Fri Feb 07 19:27:09 +0000 2020,,,,https://twitter.com/vicfalcons98/status/1225863586947510274,1225863586947510274,2322770898
2020-02-04 03:35:52+00:00,vicfalcons98,BenjaminEnfield,1,3,10,Anywhere in fucking Georgia ON GOD.,,Tue Feb 04 03:35:52 +0000 2020,,,https://twitter.com/BenjaminEnfield/status/1224045505346445312,https://twitter.com/vicfalcons98/status/1224537026852204545,1224537026852204545,2322770898
2020-02-03 03:23:45+00:00,vicfalcons98,RiveraMeybeli,0,0,0,Shit has me dying ,,Mon Feb 03 03:23:45 +0000 2020,,,,https://twitter.com/vicfalcons98/status/1224171590767783937,1224171590767783937,2322770898
2020-02-03 03:17:17+00:00,vicfalcons98,,1,1,4,Htp #SuperBowlLIV #PepsiHalftime,,Mon Feb 03 03:17:17 +0000 2020,,#SuperBowlLIV #PepsiHalftime,,https://twitter.com/vicfalcons98/status/1224169960655794177,1224169960655794177,2322770898
2020-02-03 03:09:20+00:00,vicfalcons98,,0,1,1,To all my bets RUN ME MY MONEY,,Mon Feb 03 03:09:20 +0000 2020,,,,https://twitter.com/vicfalcons98/status/1224167959511302144,1224167959511302144,2322770898
2020-02-03 03:07:19+00:00,vicfalcons98,,0,0,0,GG,,Mon Feb 03 03:07:19 +0000 2020,,,,https://twitter.com/vicfalcons98/status/1224167452583571456,1224167452583571456,2322770898
2020-02-03 03:02:09+00:00,vicfalcons98,,0,0,0,LETS GOOOOOO,,Mon Feb 03 03:02:09 +0000 2020,,,,https://twitter.com/vicfalcons98/status/1224166154513477633,1224166154513477633,2322770898
2020-02-03 01:37:11+00:00,vicfalcons98,,0,7,32,White people watching the Super bowl half time show realizing its only latino music lol,,Mon Feb 03 01:37:11 +0000 2020,,,,https://twitter.com/vicfalcons98/status/1224144769774956551,1224144769774956551,2322770898
2020-02-03 01:28:46+00:00,vicfalcons98,BigNVSTY,0,0,1,On god bruh wasted 4 mins of my life ahi casi,,Mon Feb 03 01:28:46 +0000 2020,,,,https://twitter.com/vicfalcons98/status/1224142653920632832,1224142653920632832,2322770898
2020-02-03 01:28:19+00:00,vicfalcons98,cperez_05,1,0,1,She got on the screen and i had the same face i had at millers that one night LMAOOO,,Mon Feb 03 01:28:19 +0000 2020,,,,https://twitter.com/vicfalcons98/status/1224142537595805698,1224142537595805698,2322770898
2020-02-03 01:24:38+00:00,vicfalcons98,,1,23,62,during shakira’s performance vs during jennifer lopez’s performance,,Mon Feb 03 01:24:38 +0000 2020,,,,https://twitter.com/vicfalcons98/status/1224141610625241091,1224141610625241091,2322770898
2020-02-03 01:22:15+00:00,vicfalcons98,,1,3,16,This could’ve been the greatest halftime show for the latino community but jlo had to ruin it with her untalented ass,,Mon Feb 03 01:22:15 +0000 2020,,,,https://twitter.com/vicfalcons98/status/1224141013670932481,1224141013670932481,2322770898
2020-02-03 01:20:58+00:00,vicfalcons98,,1,1,8,Jlo built like a blunt but shakira con tanta curvas y yo sin frenos ,,Mon Feb 03 01:20:58 +0000 2020,,,,https://twitter.com/vicfalcons98/status/1224140687937015812,1224140687937015812,2322770898
2020-02-03 01:18:07+00:00,vicfalcons98,OrtizzGomezz,0,0,1,,,Mon Feb 03 01:18:07 +0000 2020,,,,https://twitter.com/vicfalcons98/status/1224139973584130050,1224139973584130050,2322770898
