date,username,to,replies,retweets,favorites,text,mentions,formatted_date,geo,hashtags,urls,permalink,ID,author_id
2020-02-28 21:56:49+00:00,viganbrst,,0,0,0,WHEN HE SAVED THE WORLD | by Efisio Cross,,Fri Feb 28 21:56:49 +0000 2020,,,https://youtu.be/p9muL9WmP8w,https://twitter.com/viganbrst/status/1233511396702375937,1233511396702375937,878616540723236865
2020-02-28 21:51:27+00:00,viganbrst,,0,0,0,A SACRIFICE TO SAVE YOU | by Efisio Cross,,Fri Feb 28 21:51:27 +0000 2020,,,https://youtu.be/E5g3gixP1bM,https://twitter.com/viganbrst/status/1233510047319195649,1233510047319195649,878616540723236865
2020-02-28 21:38:39+00:00,viganbrst,,0,0,0,,,Fri Feb 28 21:38:39 +0000 2020,,,,https://twitter.com/viganbrst/status/1233506828153184256,1233506828153184256,878616540723236865
2020-02-28 21:37:16+00:00,viganbrst,,1,0,0,"Un spo kaj, ti po kan",,Fri Feb 28 21:37:16 +0000 2020,,,,https://twitter.com/viganbrst/status/1233506479304593408,1233506479304593408,878616540723236865
2020-02-28 21:36:59+00:00,viganbrst,,1,0,0,IF YOU FALL I WILL CARRY YOU | by Efisio Cross,,Fri Feb 28 21:36:59 +0000 2020,,,https://youtu.be/GhlLy2elSlI,https://twitter.com/viganbrst/status/1233506408953458688,1233506408953458688,878616540723236865
2020-02-28 19:56:41+00:00,viganbrst,,0,0,1,Johnny la gente esta muy loca... what the fuck,,Fri Feb 28 19:56:41 +0000 2020,,,,https://twitter.com/viganbrst/status/1233481166520492033,1233481166520492033,878616540723236865
2020-02-28 19:25:09+00:00,viganbrst,,1,2,50,AHAHAHAHAHA TF YOOOOOO ,,Fri Feb 28 19:25:09 +0000 2020,,,,https://twitter.com/viganbrst/status/1233473231367135234,1233473231367135234,878616540723236865
2020-02-28 17:04:48+00:00,viganbrst,,0,0,9,Po behem gati per nje Harry Potter marathon,,Fri Feb 28 17:04:48 +0000 2020,,,,https://twitter.com/viganbrst/status/1233437908067127296,1233437908067127296,878616540723236865
2020-02-28 15:44:44+00:00,viganbrst,nocontextalbos,0,0,8,Loti i mesdites,,Fri Feb 28 15:44:44 +0000 2020,,,https://twitter.com/nocontextalbos/status/1233367221918937088,https://twitter.com/viganbrst/status/1233417762241904640,1233417762241904640,878616540723236865
2020-02-28 12:49:41+00:00,viganbrst,,0,2,20,:/,,Fri Feb 28 12:49:41 +0000 2020,,,,https://twitter.com/viganbrst/status/1233373709022515200,1233373709022515200,878616540723236865
2020-02-28 11:01:59+00:00,viganbrst,InnocentNudess,0,0,9,"Un e nisa diten shum keq, po ti",,Fri Feb 28 11:01:59 +0000 2020,,,https://twitter.com/InnocentNudess/status/1233048290209431553,https://twitter.com/viganbrst/status/1233346602296889344,1233346602296889344,878616540723236865
2020-02-28 10:59:22+00:00,viganbrst,,0,0,5,Sistemi i edukimit ne kosove *gets PTSD*,,Fri Feb 28 10:59:22 +0000 2020,,,,https://twitter.com/viganbrst/status/1233345945229807616,1233345945229807616,878616540723236865
2020-02-27 22:42:04+00:00,viganbrst,gashhan,0,0,0,Kqyre kohen motRushe e masnej fol jeni msu me vjedh ju,,Thu Feb 27 22:42:04 +0000 2020,,,,https://twitter.com/viganbrst/status/1233160397177475072,1233160397177475072,878616540723236865
2020-02-27 21:39:30+00:00,viganbrst,liza_haliti,1,0,0,Motrushe u bo von mo,,Thu Feb 27 21:39:30 +0000 2020,,,,https://twitter.com/viganbrst/status/1233144650388713479,1233144650388713479,878616540723236865
2020-02-27 21:05:50+00:00,viganbrst,taulant___,1,0,4,"AHAHAHAHAHAHAHAHAHA “Ej, a je budall ti a shka je vlla, kush karin je vlla ti a je normal a abnormal a shka je ti” vibes",,Thu Feb 27 21:05:50 +0000 2020,,,,https://twitter.com/viganbrst/status/1233136178968309760,1233136178968309760,878616540723236865
2020-02-27 19:47:17+00:00,viganbrst,ardielshani1,0,0,0,Qka ki dal me ket llopov!,,Thu Feb 27 19:47:17 +0000 2020,,,,https://twitter.com/viganbrst/status/1233116412694147072,1233116412694147072,878616540723236865
2020-02-27 19:46:22+00:00,viganbrst,ardielshani1,0,0,0,Si te vi edhe un ntetove takomi,,Thu Feb 27 19:46:22 +0000 2020,,,,https://twitter.com/viganbrst/status/1233116180854067200,1233116180854067200,878616540723236865
2020-02-27 19:45:55+00:00,viganbrst,gashhan,0,0,0,AHAHAHAHAHA,,Thu Feb 27 19:45:55 +0000 2020,,,,https://twitter.com/viganbrst/status/1233116067200950273,1233116067200950273,878616540723236865
2020-02-27 19:44:23+00:00,viganbrst,gashhan,1,0,0,Qka qka?! Po ma perdor kontentin?!,,Thu Feb 27 19:44:23 +0000 2020,,,,https://twitter.com/viganbrst/status/1233115680783945728,1233115680783945728,878616540723236865
2020-02-27 18:41:58+00:00,viganbrst,,1,0,9,Pak relaks,,Thu Feb 27 18:41:58 +0000 2020,,,,https://twitter.com/viganbrst/status/1233099975426543618,1233099975426543618,878616540723236865
2020-02-27 18:36:34+00:00,viganbrst,,0,5,40,Ks_irl,,Thu Feb 27 18:36:34 +0000 2020,,,,https://twitter.com/viganbrst/status/1233098613594738688,1233098613594738688,878616540723236865
2020-02-27 13:54:01+00:00,viganbrst,eyeofscottie,0,0,0,Even turtles are getting more chicks than me pfff,,Thu Feb 27 13:54:01 +0000 2020,,,https://twitter.com/eyeofscottie/status/1232724109399859205,https://twitter.com/viganbrst/status/1233027507932336129,1233027507932336129,878616540723236865
2020-02-27 11:04:07+00:00,viganbrst,,1,0,1,Jom ka i ngoj do hipstera to fol per pitagoren edhe revolucionin :$$$,,Thu Feb 27 11:04:07 +0000 2020,,,,https://twitter.com/viganbrst/status/1232984751595827200,1232984751595827200,878616540723236865
2020-02-27 10:53:09+00:00,viganbrst,diteyyyy,0,0,1,Ti je i ferizajit sllogaritet,,Thu Feb 27 10:53:09 +0000 2020,,,,https://twitter.com/viganbrst/status/1232981992129560576,1232981992129560576,878616540723236865
2020-02-27 10:21:44+00:00,viganbrst,,0,5,24,Un dhe bija e dikujt,,Thu Feb 27 10:21:44 +0000 2020,,,,https://twitter.com/viganbrst/status/1232974086592192512,1232974086592192512,878616540723236865
2020-02-27 10:20:58+00:00,viganbrst,rongaff,1,0,0,Jo jon kurva,,Thu Feb 27 10:20:58 +0000 2020,,,,https://twitter.com/viganbrst/status/1232973892785930242,1232973892785930242,878616540723236865
2020-02-27 10:12:58+00:00,viganbrst,anxiousrin,0,0,0,Mashallah,,Thu Feb 27 10:12:58 +0000 2020,,,,https://twitter.com/viganbrst/status/1232971880518311936,1232971880518311936,878616540723236865
2020-02-27 10:06:50+00:00,viganbrst,DundareeD,1,0,14,When they say dajaki ka dal prej xhenetit,,Thu Feb 27 10:06:50 +0000 2020,,,https://twitter.com/DundareeD/status/1232462005279154177,https://twitter.com/viganbrst/status/1232970336951586818,1232970336951586818,878616540723236865
2020-02-27 10:02:55+00:00,viganbrst,9GAG,0,0,8,I can basically spend numerous hours just by watching at this kind of content,,Thu Feb 27 10:02:55 +0000 2020,,,https://twitter.com/9GAG/status/1232968868072689665,https://twitter.com/viganbrst/status/1232969350883282945,1232969350883282945,878616540723236865
2020-02-26 21:40:34+00:00,viganbrst,spicycookie20,0,0,1,AHAHAHAHAHAH DUDE we’re so creative,,Wed Feb 26 21:40:34 +0000 2020,,,https://twitter.com/spicycookie20/status/1232333155882786816,https://twitter.com/viganbrst/status/1232782531558285319,1232782531558285319,878616540723236865
2020-02-26 19:51:18+00:00,viganbrst,,0,0,2,ali G and abortion,,Wed Feb 26 19:51:18 +0000 2020,,,https://youtu.be/wGHABbJBP5U,https://twitter.com/viganbrst/status/1232755035689377797,1232755035689377797,878616540723236865
2020-02-26 19:48:34+00:00,viganbrst,gashhan,1,0,1,Po ti koke prsoni duhur,,Wed Feb 26 19:48:34 +0000 2020,,,,https://twitter.com/viganbrst/status/1232754348452610048,1232754348452610048,878616540723236865
2020-02-26 19:45:40+00:00,viganbrst,gashhan,1,0,1,Jo vizatom,,Wed Feb 26 19:45:40 +0000 2020,,,,https://twitter.com/viganbrst/status/1232753617091940353,1232753617091940353,878616540723236865
2020-02-26 18:33:15+00:00,viganbrst,rongaff,1,0,0,A po vje naj dit ntetov tqoj nshkup?,,Wed Feb 26 18:33:15 +0000 2020,,,,https://twitter.com/viganbrst/status/1232735395055579141,1232735395055579141,878616540723236865
2020-02-26 18:10:00+00:00,viganbrst,elmhedjinn,0,0,24,Salute Fatherking: Gilan Ma mamia: Gilan Mafiozo : Gilan,,Wed Feb 26 18:10:00 +0000 2020,,,https://twitter.com/elmhedjinn/status/1232729041813360644,https://twitter.com/viganbrst/status/1232729541329793024,1232729541329793024,878616540723236865
2020-02-26 16:27:36+00:00,viganbrst,BLEEEEEND,0,0,1,,,Wed Feb 26 16:27:36 +0000 2020,,,,https://twitter.com/viganbrst/status/1232703772222201856,1232703772222201856,878616540723236865
2020-02-26 15:29:16+00:00,viganbrst,,0,0,1,https://twitter.com/Alythuh/status/1229111826572406784,,Wed Feb 26 15:29:16 +0000 2020,,,https://twitter.com/Alythuh/status/1229111826572406784,https://twitter.com/viganbrst/status/1232689091042516994,1232689091042516994,878616540723236865
2020-02-26 14:34:48+00:00,viganbrst,ardielshani1,1,0,1,Besintaret xhithmon do tfitojn mashallah,,Wed Feb 26 14:34:48 +0000 2020,,,,https://twitter.com/viganbrst/status/1232675385046917123,1232675385046917123,878616540723236865
2020-02-26 13:37:28+00:00,viganbrst,,0,0,10,"Ksamil, 2018",,Wed Feb 26 13:37:28 +0000 2020,,,,https://twitter.com/viganbrst/status/1232660957383577600,1232660957383577600,878616540723236865
2020-02-26 10:59:24+00:00,viganbrst,,0,2,15,"Un e prenotova vendin ne ferr, po ti?",,Wed Feb 26 10:59:24 +0000 2020,,,,https://twitter.com/viganbrst/status/1232621177170014208,1232621177170014208,878616540723236865
2020-02-26 10:56:49+00:00,viganbrst,,0,0,13,Hahahaha,,Wed Feb 26 10:56:49 +0000 2020,,,,https://twitter.com/viganbrst/status/1232620527883374592,1232620527883374592,878616540723236865
2020-02-25 22:04:07+00:00,viganbrst,stuckwithenkela,1,0,1,Veq shisha :/,,Tue Feb 25 22:04:07 +0000 2020,,,,https://twitter.com/viganbrst/status/1232426072362438657,1232426072362438657,878616540723236865
2020-02-25 22:02:20+00:00,viganbrst,elmhedjinn,0,0,1,"Khuu, ja valla un smuj qashtutne*",,Tue Feb 25 22:02:20 +0000 2020,,,,https://twitter.com/viganbrst/status/1232425620803670016,1232425620803670016,878616540723236865
2020-02-25 21:59:00+00:00,viganbrst,elmhedjinn,1,0,0,"Garant kjo me letra, punon, ti rrin nshpi i kqyr fmit",,Tue Feb 25 21:59:00 +0000 2020,,,,https://twitter.com/viganbrst/status/1232424783347953678,1232424783347953678,878616540723236865
2020-02-25 20:11:20+00:00,viganbrst,elmhedjinn,0,0,1,Me lag! Kllumate vllaqko ha ha ahahahhaahah,,Tue Feb 25 20:11:20 +0000 2020,,,,https://twitter.com/viganbrst/status/1232397687930204162,1232397687930204162,878616540723236865
2020-02-25 20:09:13+00:00,viganbrst,,0,0,0,"Pomme, soleil soleil (español/paroles)",,Tue Feb 25 20:09:13 +0000 2020,,,https://youtu.be/RuVQLXFafxA,https://twitter.com/viganbrst/status/1232397157115756545,1232397157115756545,878616540723236865
2020-02-25 19:31:43+00:00,viganbrst,Raesanik,0,0,3,Nuk po ndihna komfort me keto tweeta,,Tue Feb 25 19:31:43 +0000 2020,,,,https://twitter.com/viganbrst/status/1232387717046177793,1232387717046177793,878616540723236865
2020-02-25 16:22:49+00:00,viganbrst,,0,0,0,George Carlin - Stand Up About Religion,,Tue Feb 25 16:22:49 +0000 2020,,,https://youtu.be/2tp0UNcjzl8,https://twitter.com/viganbrst/status/1232340181962895360,1232340181962895360,878616540723236865
2020-02-25 15:41:44+00:00,viganbrst,,0,0,0,"Starboy but everytime he says ""ah"" it increases speed by 10 percent",,Tue Feb 25 15:41:44 +0000 2020,,,https://youtu.be/HuurYUlhmgg,https://twitter.com/viganbrst/status/1232329840126197760,1232329840126197760,878616540723236865
2020-02-25 14:09:38+00:00,viganbrst,migenajaja,0,0,0,Yeah basically don’t be a kurv,,Tue Feb 25 14:09:38 +0000 2020,,,,https://twitter.com/viganbrst/status/1232306664084295683,1232306664084295683,878616540723236865
2020-02-25 11:30:23+00:00,viganbrst,,1,0,2,"Moto per sot: Be nice, be cool, don’t be kUrV",,Tue Feb 25 11:30:23 +0000 2020,,,,https://twitter.com/viganbrst/status/1232266587501187072,1232266587501187072,878616540723236865
2020-02-25 10:43:11+00:00,viganbrst,elmhedjinn,1,0,1,Po pse i tha qe je martu o gllup ti kish bo letrat,,Tue Feb 25 10:43:11 +0000 2020,,,,https://twitter.com/viganbrst/status/1232254708020056065,1232254708020056065,878616540723236865
2020-02-25 00:00:21+00:00,viganbrst,ryonecuci,0,0,0,,,Tue Feb 25 00:00:21 +0000 2020,,,,https://twitter.com/viganbrst/status/1232092936529174528,1232092936529174528,878616540723236865
2020-02-24 23:58:41+00:00,viganbrst,flxryvnbxryshv,0,0,0,Le se po tvje inati se ta paska lishu foren,,Mon Feb 24 23:58:41 +0000 2020,,,,https://twitter.com/viganbrst/status/1232092515022577664,1232092515022577664,878616540723236865
2020-02-24 23:22:56+00:00,viganbrst,donjetabaj,0,0,0,No u,,Mon Feb 24 23:22:56 +0000 2020,,,,https://twitter.com/viganbrst/status/1232083519163260928,1232083519163260928,878616540723236865
2020-02-24 23:15:28+00:00,viganbrst,taulant___,0,0,0,AHAHAHAHAHAHAHAHAA LMAOO NEEDED TO VENT YO ILYY,,Mon Feb 24 23:15:28 +0000 2020,,,,https://twitter.com/viganbrst/status/1232081640777756672,1232081640777756672,878616540723236865
2020-02-24 23:13:11+00:00,viganbrst,taulant___,1,0,1,Hej o sevdai o o ta qifsha ftyer o peder mes mzaebat se po ta qi at ftyr ku kofsh me gru nshpi tone,,Mon Feb 24 23:13:11 +0000 2020,,,,https://twitter.com/viganbrst/status/1232081064774029318,1232081064774029318,878616540723236865
2020-02-24 23:05:14+00:00,viganbrst,taulant___,1,0,0,"Mshile gojen, mshilen gojen mer qen, mer mer bulash mshilegojen",,Mon Feb 24 23:05:14 +0000 2020,,,,https://twitter.com/viganbrst/status/1232079063663206404,1232079063663206404,878616540723236865
2020-02-24 22:57:40+00:00,viganbrst,taulant___,1,0,0,A je normal a abnormal shka je vlla ti,,Mon Feb 24 22:57:40 +0000 2020,,,,https://twitter.com/viganbrst/status/1232077162108325888,1232077162108325888,878616540723236865
2020-02-24 22:53:26+00:00,viganbrst,,2,1,13,Mer mer mer pedeer,,Mon Feb 24 22:53:26 +0000 2020,,,,https://twitter.com/viganbrst/status/1232076096214093824,1232076096214093824,878616540723236865
2020-02-24 22:49:32+00:00,viganbrst,,1,0,5,tQR,,Mon Feb 24 22:49:32 +0000 2020,,,,https://twitter.com/viganbrst/status/1232075115275440128,1232075115275440128,878616540723236865
2020-02-24 22:45:22+00:00,viganbrst,ardielshani1,0,0,3,Nese e gjen naj dost qe e rras kryt qaty posht sonte po vi,,Mon Feb 24 22:45:22 +0000 2020,,,,https://twitter.com/viganbrst/status/1232074063050399750,1232074063050399750,878616540723236865
2020-02-24 22:43:54+00:00,viganbrst,,1,1,7,,,Mon Feb 24 22:43:54 +0000 2020,,,,https://twitter.com/viganbrst/status/1232073696220676096,1232073696220676096,878616540723236865
2020-02-24 22:41:49+00:00,viganbrst,,0,0,6,,,Mon Feb 24 22:41:49 +0000 2020,,,,https://twitter.com/viganbrst/status/1232073172637360129,1232073172637360129,878616540723236865
2020-02-24 22:38:44+00:00,viganbrst,viganbrst,1,0,0,Tdhomve**,,Mon Feb 24 22:38:44 +0000 2020,,,,https://twitter.com/viganbrst/status/1232072396288512001,1232072396288512001,878616540723236865
2020-02-24 22:36:47+00:00,viganbrst,bejtullahulenti,1,0,3,"Andriti me brush tdhome, tpaqt e kom cimerin bruda",,Mon Feb 24 22:36:47 +0000 2020,,,,https://twitter.com/viganbrst/status/1232071903357087744,1232071903357087744,878616540723236865
2020-02-24 22:33:53+00:00,viganbrst,bjondiinab,0,0,0,Hajt se ky ka tomel per krejt moj,,Mon Feb 24 22:33:53 +0000 2020,,,,https://twitter.com/viganbrst/status/1232071174886240256,1232071174886240256,878616540723236865
2020-02-24 22:33:33+00:00,viganbrst,ardielshani1,1,0,0,E @bejtullahulenti cilen e perdor?,@bejtullahulenti,Mon Feb 24 22:33:33 +0000 2020,,,,https://twitter.com/viganbrst/status/1232071089142083585,1232071089142083585,878616540723236865
2020-02-24 22:31:18+00:00,viganbrst,ardielshani1,1,0,0,E te ju aty me qka? U don’t wipe a,,Mon Feb 24 22:31:18 +0000 2020,,,,https://twitter.com/viganbrst/status/1232070522671947778,1232070522671947778,878616540723236865
2020-02-24 22:30:12+00:00,viganbrst,ardielshani1,1,0,1,Hmhmm all of a sudden I’m not lactose intolerant anymore ,,Mon Feb 24 22:30:12 +0000 2020,,,,https://twitter.com/viganbrst/status/1232070247559188480,1232070247559188480,878616540723236865
2020-02-24 20:58:25+00:00,viganbrst,ado1z,1,0,0,E veta ku e ka TTn,,Mon Feb 24 20:58:25 +0000 2020,,,,https://twitter.com/viganbrst/status/1232047150147817473,1232047150147817473,878616540723236865
2020-02-24 20:53:01+00:00,viganbrst,ardielshani1,1,0,0,Ku e ki TTn ?,,Mon Feb 24 20:53:01 +0000 2020,,,,https://twitter.com/viganbrst/status/1232045792325775360,1232045792325775360,878616540723236865
2020-02-24 18:28:51+00:00,viganbrst,ardielshani1,1,0,0,Osht ka i han plazmat ,,Mon Feb 24 18:28:51 +0000 2020,,,,https://twitter.com/viganbrst/status/1232009512065929216,1232009512065929216,878616540723236865
2020-02-24 18:28:04+00:00,viganbrst,therickypat,0,0,5,Qysh i dha hyxhym thu ti mrena nzyre o ka do me ja shti,,Mon Feb 24 18:28:04 +0000 2020,,,https://twitter.com/therickypat/status/1231964499705548817,https://twitter.com/viganbrst/status/1232009314908430336,1232009314908430336,878616540723236865
2020-02-24 15:09:32+00:00,viganbrst,king_issues,0,0,15,Qka osht ‘pak’ per marakli bre?,,Mon Feb 24 15:09:32 +0000 2020,,,https://twitter.com/king_issues/status/1231898959515471875,https://twitter.com/viganbrst/status/1231959351411257345,1231959351411257345,878616540723236865
2020-02-24 11:56:57+00:00,viganbrst,elmhedjinn,0,0,1,"Smujta mi rezistu, i kerkoj falje qupes",,Mon Feb 24 11:56:57 +0000 2020,,,,https://twitter.com/viganbrst/status/1231910884789948416,1231910884789948416,878616540723236865
2020-02-24 11:52:49+00:00,viganbrst,uratenashta,1,0,1,I got u,,Mon Feb 24 11:52:49 +0000 2020,,,,https://twitter.com/viganbrst/status/1231909844761878528,1231909844761878528,878616540723236865
2020-02-24 11:51:02+00:00,viganbrst,elmhedjinn,1,0,1,Op e di veq mqelloj e para qaty e e viktimizova me meme,,Mon Feb 24 11:51:02 +0000 2020,,,,https://twitter.com/viganbrst/status/1231909396105613312,1231909396105613312,878616540723236865
2020-02-24 11:47:29+00:00,viganbrst,,0,1,8,Sinusitis_irl,,Mon Feb 24 11:47:29 +0000 2020,,,,https://twitter.com/viganbrst/status/1231908501657735169,1231908501657735169,878616540723236865
2020-02-24 11:43:23+00:00,viganbrst,taulant___,0,0,0,:&&,,Mon Feb 24 11:43:23 +0000 2020,,,,https://twitter.com/viganbrst/status/1231907472937570305,1231907472937570305,878616540723236865
2020-02-24 11:36:04+00:00,viganbrst,,2,0,12,https://twitter.com/theliljuju/status/1228065776281759745,,Mon Feb 24 11:36:04 +0000 2020,,,https://twitter.com/theliljuju/status/1228065776281759745,https://twitter.com/viganbrst/status/1231905630430072835,1231905630430072835,878616540723236865
2020-02-24 11:30:48+00:00,viganbrst,,0,0,5,:$,,Mon Feb 24 11:30:48 +0000 2020,,,,https://twitter.com/viganbrst/status/1231904304715485185,1231904304715485185,878616540723236865
2020-02-24 11:29:50+00:00,viganbrst,,0,0,10,,,Mon Feb 24 11:29:50 +0000 2020,,,,https://twitter.com/viganbrst/status/1231904059612958720,1231904059612958720,878616540723236865
2020-02-24 11:26:36+00:00,viganbrst,,0,0,5,Me mehmetin tu pi kafe,,Mon Feb 24 11:26:36 +0000 2020,,,,https://twitter.com/viganbrst/status/1231903247159480322,1231903247159480322,878616540723236865
2020-02-23 22:29:37+00:00,viganbrst,liza_haliti,2,0,0,If you believe in your sauce than raise a toast,,Sun Feb 23 22:29:37 +0000 2020,,,,https://twitter.com/viganbrst/status/1231707714608340993,1231707714608340993,878616540723236865
2020-02-23 22:27:02+00:00,viganbrst,,2,0,4,Vossi Bop,,Sun Feb 23 22:27:02 +0000 2020,,,,https://twitter.com/viganbrst/status/1231707063992057856,1231707063992057856,878616540723236865
2020-02-23 19:58:14+00:00,viganbrst,,0,0,4,The boredom has hit me bad my dudes,,Sun Feb 23 19:58:14 +0000 2020,,,,https://twitter.com/viganbrst/status/1231669616965013504,1231669616965013504,878616540723236865
2020-02-23 18:16:39+00:00,viganbrst,popthefunk,0,0,13,I gained some weight just by looking at it,,Sun Feb 23 18:16:39 +0000 2020,,,https://twitter.com/popthefunk/status/1231574875531304966,https://twitter.com/viganbrst/status/1231644053546131457,1231644053546131457,878616540723236865
2020-02-23 18:13:49+00:00,viganbrst,,0,0,0,Françoise Hardy - Le Temps de l'Amour,,Sun Feb 23 18:13:49 +0000 2020,,,https://youtu.be/ITYVXUvMtHI,https://twitter.com/viganbrst/status/1231643339704995845,1231643339704995845,878616540723236865
2020-02-23 16:35:21+00:00,viganbrst,fandomhuub,0,0,1, ,,Sun Feb 23 16:35:21 +0000 2020,,,https://twitter.com/fandomhuub/status/1231008713990799361,https://twitter.com/viganbrst/status/1231618557819203584,1231618557819203584,878616540723236865
2020-02-23 13:54:49+00:00,viganbrst,elmhedjinn,0,0,1,Elhamdulilah,,Sun Feb 23 13:54:49 +0000 2020,,,,https://twitter.com/viganbrst/status/1231578161126739968,1231578161126739968,878616540723236865
2020-02-23 13:49:11+00:00,viganbrst,klarakami,1,0,1,Like,,Sun Feb 23 13:49:11 +0000 2020,,,,https://twitter.com/viganbrst/status/1231576743556919296,1231576743556919296,878616540723236865
2020-02-23 13:41:00+00:00,viganbrst,,0,1,29,On my way to fuck your bitch!,,Sun Feb 23 13:41:00 +0000 2020,,,,https://twitter.com/viganbrst/status/1231574680995336199,1231574680995336199,878616540723236865
2020-02-23 13:33:39+00:00,viganbrst,,0,3,59,https://twitter.com/saylildaddyy/status/1224222391280132096,,Sun Feb 23 13:33:39 +0000 2020,,,https://twitter.com/saylildaddyy/status/1224222391280132096,https://twitter.com/viganbrst/status/1231572834163580928,1231572834163580928,878616540723236865
2020-02-23 13:28:04+00:00,viganbrst,,0,1,3,"Jo shoq menxi u shoqnova me qeta njerz, tash eksik mka met me dal mu njoftu me tjer, ik lem rahat",,Sun Feb 23 13:28:04 +0000 2020,,,,https://twitter.com/viganbrst/status/1231571426987167745,1231571426987167745,878616540723236865
2020-02-23 13:24:32+00:00,viganbrst,LorikKajtazi,2,30,314,"Damn, My role model Avnia out here putting bros before hoes, don’t @me LMAOO",,Sun Feb 23 13:24:32 +0000 2020,,,https://twitter.com/LorikKajtazi/status/1231518860639178752,https://twitter.com/viganbrst/status/1231570539816398849,1231570539816398849,878616540723236865
2020-02-23 13:17:06+00:00,viganbrst,helen,0,1,1,Me_irl,,Sun Feb 23 13:17:06 +0000 2020,,,https://twitter.com/helen/status/1231262819397468164,https://twitter.com/viganbrst/status/1231568666199810050,1231568666199810050,878616540723236865
2020-02-23 10:35:21+00:00,viganbrst,,0,0,12,Mirmengjesi,,Sun Feb 23 10:35:21 +0000 2020,,,,https://twitter.com/viganbrst/status/1231527964086587393,1231527964086587393,878616540723236865
2020-02-23 10:31:00+00:00,viganbrst,zhan_dArkk,0,0,1,Seksi,,Sun Feb 23 10:31:00 +0000 2020,,,,https://twitter.com/viganbrst/status/1231526866416218118,1231526866416218118,878616540723236865
2020-02-22 23:04:40+00:00,viganbrst,gashhan,0,0,0,2010 me sta kish jep kurr fuckin nerd LMAO,,Sat Feb 22 23:04:40 +0000 2020,,,,https://twitter.com/viganbrst/status/1231354145493438464,1231354145493438464,878616540723236865
