date,username,to,replies,retweets,favorites,text,mentions,formatted_date,geo,hashtags,urls,permalink,ID,author_id
2020-02-28 17:53:09+00:00,villanevelle,,0,27,124,yes i do the cooking yes i do the cleaning,,Fri Feb 28 17:53:09 +0000 2020,,,,https://twitter.com/villanevelle/status/1233450078557425665,1233450078557425665,1001183729195331589
2020-02-28 17:51:03+00:00,villanevelle,,0,11,64,intimidating baby ,,Fri Feb 28 17:51:03 +0000 2020,,,,https://twitter.com/villanevelle/status/1233449548846108673,1233449548846108673,1001183729195331589
2020-02-28 17:49:46+00:00,villanevelle,,1,109,510,the way i’m never going to be fine now they’ve released this my life will revolve around this and this only,,Fri Feb 28 17:49:46 +0000 2020,,,,https://twitter.com/villanevelle/status/1233449227772186624,1233449227772186624,1001183729195331589
2020-02-28 17:48:35+00:00,villanevelle,,1,22,104,THE HANDS THE LEG THE TITTIES THE DRESSES THE HAIR THE LOOKS I CANT,,Fri Feb 28 17:48:35 +0000 2020,,,,https://twitter.com/villanevelle/status/1233448927959158784,1233448927959158784,1001183729195331589
2020-02-28 17:48:09+00:00,villanevelle,,0,14,107,hello unfollow me right now because this is all i’m going to talk about,,Fri Feb 28 17:48:09 +0000 2020,,,,https://twitter.com/villanevelle/status/1233448820685623297,1233448820685623297,1001183729195331589
2020-02-28 17:45:49+00:00,villanevelle,,3,220,750,THEIR POWER IS UNMATCHED,,Fri Feb 28 17:45:49 +0000 2020,,,,https://twitter.com/villanevelle/status/1233448230651908099,1233448230651908099,1001183729195331589
2020-02-28 17:42:45+00:00,villanevelle,,4,423,1423,THE WAY THEY ARE HOLDING HANDS THE WAY THEY ARE TIED TOGETHER THE WAY THEY LOOK AT EACH OTHER I CANT HANDLE IT,,Fri Feb 28 17:42:45 +0000 2020,,,,https://twitter.com/villanevelle/status/1233447460611248135,1233447460611248135,1001183729195331589
2020-02-28 17:04:09+00:00,villanevelle,,0,5,39,the way he has my heart,,Fri Feb 28 17:04:09 +0000 2020,,,,https://twitter.com/villanevelle/status/1233437747383349248,1233437747383349248,1001183729195331589
2020-02-28 16:56:03+00:00,villanevelle,Villanelle27,1,0,0,it’s me,,Fri Feb 28 16:56:03 +0000 2020,,,,https://twitter.com/villanevelle/status/1233435707345166337,1233435707345166337,1001183729195331589
2020-02-28 16:34:01+00:00,villanevelle,killingesmee,2,0,0,dhsksjs not even,,Fri Feb 28 16:34:01 +0000 2020,,,,https://twitter.com/villanevelle/status/1233430161221128192,1233430161221128192,1001183729195331589
2020-02-28 16:29:48+00:00,villanevelle,kristenscomer,1,0,1,did it out of love x,,Fri Feb 28 16:29:48 +0000 2020,,,,https://twitter.com/villanevelle/status/1233429103694557189,1233429103694557189,1001183729195331589
2020-02-28 16:29:36+00:00,villanevelle,killingesmee,1,0,0,yes but they aren’t FEET,,Fri Feb 28 16:29:36 +0000 2020,,,,https://twitter.com/villanevelle/status/1233429052112932864,1233429052112932864,1001183729195331589
2020-02-28 16:14:41+00:00,villanevelle,,0,0,0, — i think it will be too!!,,Fri Feb 28 16:14:41 +0000 2020,,,https://curiouscat.me/villanevelle/post/1062324147?t=1582906480,https://twitter.com/villanevelle/status/1233425295421722624,1233425295421722624,1001183729195331589
2020-02-28 16:14:28+00:00,villanevelle,,0,0,0, — it wouldn’t surprise me! https://curiouscat.me/villanevelle/post/1062333299?t=1582906468,,Fri Feb 28 16:14:28 +0000 2020,,,https://curiouscat.me/villanevelle/post/1062333299?t=1582906468,https://twitter.com/villanevelle/status/1233425241747197953,1233425241747197953,1001183729195331589
2020-02-28 15:33:55+00:00,villanevelle,kiIIcomander,1,0,1,happy birthday cutie give her the biggest cuddles ever pls,,Fri Feb 28 15:33:55 +0000 2020,,,,https://twitter.com/villanevelle/status/1233415037932523520,1233415037932523520,1001183729195331589
2020-02-28 15:33:14+00:00,villanevelle,villanellesarms,1,0,1,and what ABOUT IT,,Fri Feb 28 15:33:14 +0000 2020,,,,https://twitter.com/villanevelle/status/1233414864313384960,1233414864313384960,1001183729195331589
2020-02-28 15:05:31+00:00,villanevelle,,1,1,53,ok but why is this so hot ITS JUST HER SHOES,,Fri Feb 28 15:05:31 +0000 2020,,,,https://twitter.com/villanevelle/status/1233407891043950592,1233407891043950592,1001183729195331589
2020-02-27 21:17:10+00:00,villanevelle,,0,0,0, — sounds great! https://curiouscat.me/villanevelle/post/1062314272?t=1582838230,,Thu Feb 27 21:17:10 +0000 2020,,,https://curiouscat.me/villanevelle/post/1062314272?t=1582838230,https://twitter.com/villanevelle/status/1233139032185589760,1233139032185589760,1001183729195331589
2020-02-27 21:07:36+00:00,villanevelle,vxllanxlle,1,0,0,,,Thu Feb 27 21:07:36 +0000 2020,,,,https://twitter.com/villanevelle/status/1233136622478204928,1233136622478204928,1001183729195331589
2020-02-27 20:54:29+00:00,villanevelle,,2,31,159,just taking a moment to remember how a literal assassin who has murdered several people (creatively might i add) didn't want to hear about a young boys injuries from a car accident because she found it gross?? yeah thats my baby,,Thu Feb 27 20:54:29 +0000 2020,,,,https://twitter.com/villanevelle/status/1233133321900691457,1233133321900691457,1001183729195331589
2020-02-27 20:39:49+00:00,villanevelle,vxllanxlle,1,0,0,making* ,,Thu Feb 27 20:39:49 +0000 2020,,,,https://twitter.com/villanevelle/status/1233129634243469313,1233129634243469313,1001183729195331589
2020-02-27 20:39:16+00:00,villanevelle,,0,1,23,yes she killed gabriel in this episode what’s your point,,Thu Feb 27 20:39:16 +0000 2020,,,,https://twitter.com/villanevelle/status/1233129493402988551,1233129493402988551,1001183729195331589
2020-02-27 20:38:46+00:00,villanevelle,drunkjodie,0,0,5,her softest moment in the whole of the show ,,Thu Feb 27 20:38:46 +0000 2020,,,,https://twitter.com/villanevelle/status/1233129368697942031,1233129368697942031,1001183729195331589
2020-02-27 20:33:13+00:00,villanevelle,,5,49,363,ok i can't lie she was actually so soft in this episode,,Thu Feb 27 20:33:13 +0000 2020,,,,https://twitter.com/villanevelle/status/1233127970451206147,1233127970451206147,1001183729195331589
2020-02-27 18:20:20+00:00,villanevelle,villanxellez,0,0,8,the way i hate you,,Thu Feb 27 18:20:20 +0000 2020,,,,https://twitter.com/villanevelle/status/1233094531178016768,1233094531178016768,1001183729195331589
2020-02-27 17:10:06+00:00,villanevelle,,0,0,2,@KillingEve the way yall make me love you and then hate you again we want new content,@KillingEve,Thu Feb 27 17:10:06 +0000 2020,,,,https://twitter.com/villanevelle/status/1233076854501801987,1233076854501801987,1001183729195331589
2020-02-27 16:44:10+00:00,villanevelle,Villanelle27,0,19,126,jodie we gonna get you that oscar as consolation for having to be in a movie with people looking like that ,,Thu Feb 27 16:44:10 +0000 2020,,,https://twitter.com/Villanelle27/status/1233069381342638080,https://twitter.com/villanevelle/status/1233070331126001664,1233070331126001664,1001183729195331589
2020-02-27 16:31:46+00:00,villanevelle,killingjudy,1,0,0,ur oomf ,,Thu Feb 27 16:31:46 +0000 2020,,,,https://twitter.com/villanevelle/status/1233067209821425664,1233067209821425664,1001183729195331589
2020-02-27 16:27:04+00:00,villanevelle,,0,5,46,god the way i love you,,Thu Feb 27 16:27:04 +0000 2020,,,,https://twitter.com/villanevelle/status/1233066025010237440,1233066025010237440,1001183729195331589
2020-02-27 13:18:14+00:00,villanevelle,,0,47,238,baby daddy ,,Thu Feb 27 13:18:14 +0000 2020,,,,https://twitter.com/villanevelle/status/1233018502417715200,1233018502417715200,1001183729195331589
2020-02-27 13:17:27+00:00,villanevelle,,0,22,111,please please please step on my neck and choke me and anything else you wanna do,,Thu Feb 27 13:17:27 +0000 2020,,,,https://twitter.com/villanevelle/status/1233018309316161537,1233018309316161537,1001183729195331589
2020-02-27 09:00:22+00:00,villanevelle,,0,11,77,"good morning to sandra oh, the softest cutest human around",,Thu Feb 27 09:00:22 +0000 2020,,,,https://twitter.com/villanevelle/status/1232953609945538560,1232953609945538560,1001183729195331589
2020-02-27 07:55:38+00:00,villanevelle,jodiecomer,0,0,14,the way you use your platform for so many important things. ,,Thu Feb 27 07:55:38 +0000 2020,,,,https://twitter.com/villanevelle/status/1232937317490397185,1232937317490397185,1001183729195331589
2020-02-27 07:36:48+00:00,villanevelle,,0,1,4,@jodiecomer and we all miss you. ,@jodiecomer,Thu Feb 27 07:36:48 +0000 2020,,,,https://twitter.com/villanevelle/status/1232932580883881984,1232932580883881984,1001183729195331589
2020-02-27 07:35:33+00:00,villanevelle,,0,0,3,@jodiecomer i hope you know you are loved. ,@jodiecomer,Thu Feb 27 07:35:33 +0000 2020,,,,https://twitter.com/villanevelle/status/1232932266969632769,1232932266969632769,1001183729195331589
2020-02-27 07:34:28+00:00,villanevelle,,0,0,1,@jodiecomer have a great day today ,@jodiecomer,Thu Feb 27 07:34:28 +0000 2020,,,,https://twitter.com/villanevelle/status/1232931994415325186,1232931994415325186,1001183729195331589
2020-02-26 22:08:30+00:00,villanevelle,MerrilyDrifting,1,0,0,get your eyes tested then cause she doesn’t ,,Wed Feb 26 22:08:30 +0000 2020,,,,https://twitter.com/villanevelle/status/1232789563455803393,1232789563455803393,1001183729195331589
2020-02-26 21:59:11+00:00,villanevelle,,0,20,133,i hate how hot i find this goodnight,,Wed Feb 26 21:59:11 +0000 2020,,,,https://twitter.com/villanevelle/status/1232787219167039490,1232787219167039490,1001183729195331589
2020-02-26 20:24:06+00:00,villanevelle,,5,81,501,,,Wed Feb 26 20:24:06 +0000 2020,,,,https://twitter.com/villanevelle/status/1232763288775274497,1232763288775274497,1001183729195331589
2020-02-26 19:05:36+00:00,villanevelle,,1,4,57,i wonder how jodie and sandra felt about this photo shoot in comparison to the ones they’ve done for the other seasons ,,Wed Feb 26 19:05:36 +0000 2020,,,,https://twitter.com/villanevelle/status/1232743533251092482,1232743533251092482,1001183729195331589
2020-02-26 18:16:16+00:00,villanevelle,,1,0,1,@thirteensmissy happy birthday!,,Wed Feb 26 18:16:16 +0000 2020,,,,https://twitter.com/villanevelle/status/1232731117922476032,1232731117922476032,1001183729195331589
2020-02-26 17:58:18+00:00,villanevelle,,0,1,8,@KillingEve ignore all my tweets about the posters i love you don’t unfollow me,@KillingEve,Wed Feb 26 17:58:18 +0000 2020,,,,https://twitter.com/villanevelle/status/1232726596823453697,1232726596823453697,1001183729195331589
2020-02-26 17:56:52+00:00,villanevelle,wonderscoven,1,0,3,i saw you,,Wed Feb 26 17:56:52 +0000 2020,,,,https://twitter.com/villanevelle/status/1232726236448858112,1232726236448858112,1001183729195331589
2020-02-26 17:43:51+00:00,villanevelle,,0,17,122,,,Wed Feb 26 17:43:51 +0000 2020,,,,https://twitter.com/villanevelle/status/1232722959325966336,1232722959325966336,1001183729195331589
2020-02-26 17:36:40+00:00,villanevelle,,0,0,18,irish for me ,,Wed Feb 26 17:36:40 +0000 2020,,,,https://twitter.com/villanevelle/status/1232721155213209606,1232721155213209606,1001183729195331589
2020-02-26 17:35:46+00:00,villanevelle,,0,1,24,i really need to believe that those aren’t the final promo posters for s3 or im going to lose my mind,,Wed Feb 26 17:35:46 +0000 2020,,,,https://twitter.com/villanevelle/status/1232720926799781889,1232720926799781889,1001183729195331589
2020-02-26 17:34:42+00:00,villanevelle,,0,17,98,is villanelle gonna spend all season whispering “oops i did it again” in eves ear or ,,Wed Feb 26 17:34:42 +0000 2020,,,,https://twitter.com/villanevelle/status/1232720660574679041,1232720660574679041,1001183729195331589
2020-02-26 17:32:30+00:00,villanevelle,,0,4,32,I HATE THE WAY THESE PROMO PHOTOS HAVE BEEN DONE BUT IM SO DEPRIVED OF VILLANEVE THAT THESE HAVE ME SO HORNY,,Wed Feb 26 17:32:30 +0000 2020,,,,https://twitter.com/villanevelle/status/1232720102925176832,1232720102925176832,1001183729195331589
2020-02-26 17:28:44+00:00,villanevelle,,28,2,37,what’s one accent you would like to see villanelle do and we haven’t seen yet?,,Wed Feb 26 17:28:44 +0000 2020,,,,https://twitter.com/villanevelle/status/1232719156673466371,1232719156673466371,1001183729195331589
2020-02-26 17:06:36+00:00,villanevelle,,1,11,62,ITS ABOUT THE WAY EVE FEELS ABOUT VILLANELLE..... *chefs kiss*,,Wed Feb 26 17:06:36 +0000 2020,,,,https://twitter.com/villanevelle/status/1232713586671312896,1232713586671312896,1001183729195331589
2020-02-26 17:04:53+00:00,villanevelle,,1,44,159,"“eve sees villanelle as human, fully in a way no one else does” “eve grapples with her dark self and is truly seen by villanelle.... eve feels fully seen” “i think it’s about these two women understanding each other in a way that no one ever has” the way season 3 has my heart",,Wed Feb 26 17:04:53 +0000 2020,,,,https://twitter.com/villanevelle/status/1232713155383635968,1232713155383635968,1001183729195331589
2020-02-26 17:01:40+00:00,villanevelle,,0,7,55,we get to see DARK EVE and see her fully accept that side of her in s3. suzanne heathcote gave us our RIGHTS,,Wed Feb 26 17:01:40 +0000 2020,,,,https://twitter.com/villanevelle/status/1232712343752146944,1232712343752146944,1001183729195331589
2020-02-26 16:12:58+00:00,villanevelle,BBCAMERICA,0,1,3,give us the s3 trailer and i might,,Wed Feb 26 16:12:58 +0000 2020,,,,https://twitter.com/villanevelle/status/1232700088268525568,1232700088268525568,1001183729195331589
2020-02-26 13:39:54+00:00,villanevelle,viIIanelles,1,0,3,kick him,,Wed Feb 26 13:39:54 +0000 2020,,,,https://twitter.com/villanevelle/status/1232661569269620736,1232661569269620736,1001183729195331589
2020-02-26 13:37:49+00:00,villanevelle,vllanelle_,1,0,1,tag urself i’m @azahuhh,@azahuhh,Wed Feb 26 13:37:49 +0000 2020,,,,https://twitter.com/villanevelle/status/1232661046042730497,1232661046042730497,1001183729195331589
2020-02-26 09:03:06+00:00,villanevelle,,1,42,305,good morning to their titty touch only,,Wed Feb 26 09:03:06 +0000 2020,,,,https://twitter.com/villanevelle/status/1232591908226117633,1232591908226117633,1001183729195331589
2020-02-25 22:04:35+00:00,villanevelle,,0,8,106,goodnight to my smol soft baby,,Tue Feb 25 22:04:35 +0000 2020,,,,https://twitter.com/villanevelle/status/1232426190058774529,1232426190058774529,1001183729195331589
2020-02-25 21:21:42+00:00,villanevelle,,3,30,207,you’re always fucking looking at me dude shut the fuck up cause i alwaysssss catch u staring,,Tue Feb 25 21:21:42 +0000 2020,,,,https://twitter.com/villanevelle/status/1232415397518958593,1232415397518958593,1001183729195331589
2020-02-25 20:12:49+00:00,villanevelle,,1,1,25, https://twitter.com/badpostjcomer/status/1232367963845615616,,Tue Feb 25 20:12:49 +0000 2020,,,https://twitter.com/badpostjcomer/status/1232367963845615616,https://twitter.com/villanevelle/status/1232398062263439366,1232398062263439366,1001183729195331589
2020-02-25 19:46:00+00:00,villanevelle,missvillaneve,1,0,1,what else are u meant to have with it ,,Tue Feb 25 19:46:00 +0000 2020,,,,https://twitter.com/villanevelle/status/1232391313707933698,1232391313707933698,1001183729195331589
2020-02-25 19:44:29+00:00,villanevelle,missvillaneve,1,0,1,that’s normal no??,,Tue Feb 25 19:44:29 +0000 2020,,,,https://twitter.com/villanevelle/status/1232390931598499842,1232390931598499842,1001183729195331589
2020-02-25 18:47:23+00:00,villanevelle,killingjudy,1,0,1,i just intimidate them ,,Tue Feb 25 18:47:23 +0000 2020,,,,https://twitter.com/villanevelle/status/1232376560868614146,1232376560868614146,1001183729195331589
2020-02-25 18:30:51+00:00,villanevelle,,1,0,0,what am i for you? 1 mutual 2 mutual crush 3 mutual fav 4 mutual boring,,Tue Feb 25 18:30:51 +0000 2020,,,,https://twitter.com/villanevelle/status/1232372401373163523,1232372401373163523,1001183729195331589
2020-02-25 17:39:32+00:00,villanevelle,,0,2,37,,,Tue Feb 25 17:39:32 +0000 2020,,,,https://twitter.com/villanevelle/status/1232359487442489347,1232359487442489347,1001183729195331589
2020-02-25 17:30:44+00:00,villanevelle,wonderscoven,3,3,76,"well, please don't",,Tue Feb 25 17:30:44 +0000 2020,,,https://twitter.com/wonderscoven/status/1232349814412709890,https://twitter.com/villanevelle/status/1232357273370079233,1232357273370079233,1001183729195331589
2020-02-25 16:22:19+00:00,villanevelle,,1,15,159,me after sending my daily tweet to @KillingEve begging for the trailer https://twitter.com/LordOfDaMeme/status/1230724999532597250/video/1,@KillingEve,Tue Feb 25 16:22:19 +0000 2020,,,https://twitter.com/LordOfDaMeme/status/1230724999532597250/video/1,https://twitter.com/villanevelle/status/1232340055915671552,1232340055915671552,1001183729195331589
2020-02-25 16:21:31+00:00,villanevelle,,0,0,7,@KillingEve the way you ignore my dms.. like the way eve ignores villanelles texts are you the eve to my villanelle,@KillingEve,Tue Feb 25 16:21:31 +0000 2020,,,,https://twitter.com/villanevelle/status/1232339853607686146,1232339853607686146,1001183729195331589
2020-02-25 13:02:07+00:00,villanevelle,villanellejodie,1,0,2,that doesn’t make it any better,,Tue Feb 25 13:02:07 +0000 2020,,,,https://twitter.com/villanevelle/status/1232289670828056576,1232289670828056576,1001183729195331589
2020-02-25 07:01:50+00:00,villanevelle,detectivegerm,0,0,2,if they don’t then ion want it,,Tue Feb 25 07:01:50 +0000 2020,,,,https://twitter.com/villanevelle/status/1232199005863542785,1232199005863542785,1001183729195331589
2020-02-25 06:50:24+00:00,villanevelle,detectivegerm,1,0,2,the only acceptable explanation,,Tue Feb 25 06:50:24 +0000 2020,,,,https://twitter.com/villanevelle/status/1232196128772362245,1232196128772362245,1001183729195331589
2020-02-24 22:00:08+00:00,villanevelle,,2,48,282,goodnight to my two girlfriends ,,Mon Feb 24 22:00:08 +0000 2020,,,,https://twitter.com/villanevelle/status/1232062681487740931,1232062681487740931,1001183729195331589
2020-02-24 21:46:09+00:00,villanevelle,,3,7,117,the way i forget that j*die c*mers dad searches her name sometimes and the shit he must see ,,Mon Feb 24 21:46:09 +0000 2020,,,,https://twitter.com/villanevelle/status/1232059162911236101,1232059162911236101,1001183729195331589
2020-02-24 21:17:04+00:00,villanevelle,viIIanelles,0,0,1,,,Mon Feb 24 21:17:04 +0000 2020,,,,https://twitter.com/villanevelle/status/1232051843418730498,1232051843418730498,1001183729195331589
2020-02-24 20:43:04+00:00,villanevelle,cvzzies,0,0,0,,,Mon Feb 24 20:43:04 +0000 2020,,,,https://twitter.com/villanevelle/status/1232043286396837890,1232043286396837890,1001183729195331589
2020-02-24 20:25:23+00:00,villanevelle,,0,5,33,@KillingEve GIVE US THE TRAILER,@KillingEve,Mon Feb 24 20:25:23 +0000 2020,,,,https://twitter.com/villanevelle/status/1232038834755469314,1232038834755469314,1001183729195331589
2020-02-24 20:09:01+00:00,villanevelle,villaclowns,0,0,1,dm me yours!,,Mon Feb 24 20:09:01 +0000 2020,,,,https://twitter.com/villanevelle/status/1232034719044440064,1232034719044440064,1001183729195331589
2020-02-24 19:37:10+00:00,villanevelle,,1,45,295,i have so many thoughts oh my,,Mon Feb 24 19:37:10 +0000 2020,,,,https://twitter.com/villanevelle/status/1232026702861230080,1232026702861230080,1001183729195331589
2020-02-24 19:31:31+00:00,villanevelle,killingemily,0,0,1,hmu...,,Mon Feb 24 19:31:31 +0000 2020,,,,https://twitter.com/villanevelle/status/1232025279809359874,1232025279809359874,1001183729195331589
2020-02-24 19:16:14+00:00,villanevelle,morphinelolipop,0,0,1,i agree,,Mon Feb 24 19:16:14 +0000 2020,,,,https://twitter.com/villanevelle/status/1232021434530181120,1232021434530181120,1001183729195331589
2020-02-24 19:12:53+00:00,villanevelle,,1,5,83,an outfit that divided a fandom,,Mon Feb 24 19:12:53 +0000 2020,,,,https://twitter.com/villanevelle/status/1232020590665568258,1232020590665568258,1001183729195331589
2020-02-24 19:08:00+00:00,villanevelle,,0,0,40,the way i want villanelle to take eve on a killing spree is kind of worrying,,Mon Feb 24 19:08:00 +0000 2020,,,,https://twitter.com/villanevelle/status/1232019361784836097,1232019361784836097,1001183729195331589
2020-02-24 16:53:54+00:00,villanevelle,,0,0,49,taking one fo the team guys,,Mon Feb 24 16:53:54 +0000 2020,,,,https://twitter.com/villanevelle/status/1231985613450153984,1231985613450153984,1001183729195331589
2020-02-24 16:20:58+00:00,villanevelle,killingjudy,1,0,0,imdb can be changed and edited by anyone btw so just be wary,,Mon Feb 24 16:20:58 +0000 2020,,,,https://twitter.com/villanevelle/status/1231977326231064577,1231977326231064577,1001183729195331589
2020-02-24 16:17:15+00:00,villanevelle,,0,9,119,there’s so many things to appreciate in this photo and so many things to say about it,,Mon Feb 24 16:17:15 +0000 2020,,,,https://twitter.com/villanevelle/status/1231976391631163394,1231976391631163394,1001183729195331589
2020-02-24 12:51:52+00:00,villanevelle,,4,2,63,jodie comer please go on your instagram stories and make marmalade i’m begging,,Mon Feb 24 12:51:52 +0000 2020,,,,https://twitter.com/villanevelle/status/1231924703822012427,1231924703822012427,1001183729195331589
2020-02-23 11:23:46+00:00,villanevelle,villanelleves,1,0,3,omg the softness of it all i love them gjdkdn,,Sun Feb 23 11:23:46 +0000 2020,,,,https://twitter.com/villanevelle/status/1231540147335966720,1231540147335966720,1001183729195331589
2020-02-23 10:17:43+00:00,villanevelle,softxvillanelle,0,0,0,omg fjdkd i couldn’t handle that,,Sun Feb 23 10:17:43 +0000 2020,,,,https://twitter.com/villanevelle/status/1231523523522375681,1231523523522375681,1001183729195331589
2020-02-23 10:08:03+00:00,villanevelle,villanevelle,1,0,1,,,Sun Feb 23 10:08:03 +0000 2020,,,,https://twitter.com/villanevelle/status/1231521093757870080,1231521093757870080,1001183729195331589
2020-02-23 10:06:15+00:00,villanevelle,softxvillanelle,2,0,2,you can just press down on the video on your screen and “tweet video” will come up! so much easier :),,Sun Feb 23 10:06:15 +0000 2020,,,,https://twitter.com/villanevelle/status/1231520637174394881,1231520637174394881,1001183729195331589
2020-02-23 09:09:04+00:00,villanevelle,,4,24,249,well,,Sun Feb 23 09:09:04 +0000 2020,,,,https://twitter.com/villanevelle/status/1231506248371040256,1231506248371040256,1001183729195331589
2020-02-23 09:07:21+00:00,villanevelle,,0,0,1,what vibe do i have (stolen from tl) 1. 2. 3. 4. ,,Sun Feb 23 09:07:21 +0000 2020,,,,https://twitter.com/villanevelle/status/1231505816039108608,1231505816039108608,1001183729195331589
2020-02-23 07:25:52+00:00,villanevelle,,0,1,6,i just NEED A THE NEW SEASON AND VILLANEVE CONTENT NOW IM DESPERATE,,Sun Feb 23 07:25:52 +0000 2020,,,,https://twitter.com/villanevelle/status/1231480277907755008,1231480277907755008,1001183729195331589
2020-02-23 07:25:30+00:00,villanevelle,,1,2,63,i dreamt i was watching season 3. eve was getting on with her life and she saw a mysterious figure in a red dress. she had a red veil covering her face. eve’s first instinctive thought was that it was villanelle. she followed her but lost her ,,Sun Feb 23 07:25:30 +0000 2020,,,,https://twitter.com/villanevelle/status/1231480184878051329,1231480184878051329,1001183729195331589
2020-02-22 23:39:12+00:00,villanevelle,,0,59,226,https://twitter.com/isapphic/status/1231357198615351297,,Sat Feb 22 23:39:12 +0000 2020,,,https://twitter.com/isapphic/status/1231357198615351297,https://twitter.com/villanevelle/status/1231362835747348487,1231362835747348487,1001183729195331589
2020-02-22 11:08:50+00:00,villanevelle,,0,22,212,thinking about my family and missing them on this day,,Sat Feb 22 11:08:50 +0000 2020,,,,https://twitter.com/villanevelle/status/1231174002636414977,1231174002636414977,1001183729195331589
2020-02-22 00:42:57+00:00,villanevelle,comerjodie_,2,0,0,why you acting like she did something... i just told the truth,,Sat Feb 22 00:42:57 +0000 2020,,,,https://twitter.com/villanevelle/status/1231016491157463040,1231016491157463040,1001183729195331589
2020-02-22 00:35:31+00:00,villanevelle,comerjodie_,0,0,0,it’s all lies,,Sat Feb 22 00:35:31 +0000 2020,,,,https://twitter.com/villanevelle/status/1231014622293090304,1231014622293090304,1001183729195331589
2020-02-22 00:33:56+00:00,villanevelle,ChannyyXOXO,1,0,0,the tweets lowkey slapped they were worth it fhdidn,,Sat Feb 22 00:33:56 +0000 2020,,,,https://twitter.com/villanevelle/status/1231014221544132608,1231014221544132608,1001183729195331589
2020-02-22 00:29:25+00:00,villanevelle,ChannyyXOXO,1,0,0,BC I HAD TWEETS I NEEDED TO GET OUT THEN I LEFT SHUT,,Sat Feb 22 00:29:25 +0000 2020,,,,https://twitter.com/villanevelle/status/1231013086401875971,1231013086401875971,1001183729195331589
2020-02-22 00:28:07+00:00,villanevelle,sckberry,0,0,0,bitch i haven’t really talked to you in a few days ur crush dm intrigued me,,Sat Feb 22 00:28:07 +0000 2020,,,,https://twitter.com/villanevelle/status/1231012759057453058,1231012759057453058,1001183729195331589
