date,username,to,replies,retweets,favorites,text,mentions,formatted_date,geo,hashtags,urls,permalink,ID,author_id
2020-02-28 17:43:21+00:00,Vordb,UnworldlyOrigin,0,0,2,"Just never heard of em, I’ll check it out",,Fri Feb 28 17:43:21 +0000 2020,,,,https://twitter.com/Vordb/status/1233447610335272960,1233447610335272960,229651780
2020-02-28 17:20:26+00:00,Vordb,eternalruler61,1,0,1,I saw the song titles and listened to like 30 seconds of the first track and was like “yep”,,Fri Feb 28 17:20:26 +0000 2020,,,,https://twitter.com/Vordb/status/1233441842924081152,1233441842924081152,229651780
2020-02-28 17:19:45+00:00,Vordb,,2,0,3,ytmnd,,Fri Feb 28 17:19:45 +0000 2020,,,,https://twitter.com/Vordb/status/1233441670399696897,1233441670399696897,229651780
2020-02-28 17:19:05+00:00,Vordb,ProgPro,1,0,4,Ooooh the new Envy is great,,Fri Feb 28 17:19:05 +0000 2020,,,,https://twitter.com/Vordb/status/1233441503755804675,1233441503755804675,229651780
2020-02-28 17:17:51+00:00,Vordb,,0,0,6,I am going to try to get some baller ass sleep today,,Fri Feb 28 17:17:51 +0000 2020,,,,https://twitter.com/Vordb/status/1233441193528299521,1233441193528299521,229651780
2020-02-28 17:15:45+00:00,Vordb,Vomit_Dragon,1,0,7,yeah cult of fire casually put out two albums,,Fri Feb 28 17:15:45 +0000 2020,,,,https://twitter.com/Vordb/status/1233440666035933190,1233440666035933190,229651780
2020-02-28 17:14:26+00:00,Vordb,MegaTron2400,1,0,0,it's because they have the same scent,,Fri Feb 28 17:14:26 +0000 2020,,,,https://twitter.com/Vordb/status/1233440331980591104,1233440331980591104,229651780
2020-02-28 17:14:09+00:00,Vordb,eternalruler61,2,0,2,look at that goat,,Fri Feb 28 17:14:09 +0000 2020,,,https://twitter.com/eternalruler61/status/1233439946574307329,https://twitter.com/Vordb/status/1233440263412031488,1233440263412031488,229651780
2020-02-28 17:13:53+00:00,Vordb,Vordb,0,0,2,"so it's easy to forget i've loved metal and music in general since i was a kid, and i've been regularly buying music since i was like 15 years old. i think it also just feels weird to have things be a little quiet right now and figure out how to fill the void with something else",,Fri Feb 28 17:13:53 +0000 2020,,,,https://twitter.com/Vordb/status/1233440197490171906,1233440197490171906,229651780
2020-02-28 17:11:57+00:00,Vordb,riffspreader,1,0,3,"i keep trying to type a longer version of this but yeah, 2019 was crazy because of all the sick albums that came out, all the sick shows that i managed to go to, and of course getting sucked into this twitter shit lol +",,Fri Feb 28 17:11:57 +0000 2020,,,,https://twitter.com/Vordb/status/1233439709633949696,1233439709633949696,229651780
2020-02-28 16:58:35+00:00,Vordb,,2,2,15,ceweebwal wot,,Fri Feb 28 16:58:35 +0000 2020,,,,https://twitter.com/Vordb/status/1233436343214264326,1233436343214264326,229651780
2020-02-28 16:57:20+00:00,Vordb,,0,0,0,and this,,Fri Feb 28 16:57:20 +0000 2020,,,https://rotted.bandcamp.com/album/coalescing-putrefaction,https://twitter.com/Vordb/status/1233436030709137409,1233436030709137409,229651780
2020-02-28 16:56:23+00:00,Vordb,,1,0,0,mad that this is sold out,,Fri Feb 28 16:56:23 +0000 2020,,,https://disembowel-maggotstomp.bandcamp.com/album/echoes-of-terror,https://twitter.com/Vordb/status/1233435793294811136,1233435793294811136,229651780
2020-02-28 16:53:39+00:00,Vordb,pissbucket4983,1,0,1,"I miss being able to get blasted enough that I have shit like two years ago where I walked up a hill by the beach with my gf at the time and asked right afterward ""hey, uh, how long did it feel like it took to walk up that little hill?""",,Fri Feb 28 16:53:39 +0000 2020,,,,https://twitter.com/Vordb/status/1233435104162258945,1233435104162258945,229651780
2020-02-28 16:50:42+00:00,Vordb,,1,0,3,I wonder if Alex Jones is coming out to Oblivion Access this year,,Fri Feb 28 16:50:42 +0000 2020,,,,https://twitter.com/Vordb/status/1233434360604430341,1233434360604430341,229651780
2020-02-28 16:49:59+00:00,Vordb,pissbucket4983,1,0,1,Do you remember if the five minutes feel shorter or longer given that you were high,,Fri Feb 28 16:49:59 +0000 2020,,,,https://twitter.com/Vordb/status/1233434179070722049,1233434179070722049,229651780
2020-02-28 16:41:26+00:00,Vordb,,1,0,8,Benadryl got me typing screwed and chopped,,Fri Feb 28 16:41:26 +0000 2020,,,,https://twitter.com/Vordb/status/1233432030324699137,1233432030324699137,229651780
2020-02-28 16:31:29+00:00,Vordb,Redar_Chris,1,0,4,"the cool thing about ""simpleton"" is that you can use it in a polysyllable rhyme like ""yea my bars are dumb, but don't take me for a simpleton, blasting on these haters, i ain't even put the missile in""",,Fri Feb 28 16:31:29 +0000 2020,,,,https://twitter.com/Vordb/status/1233429524383227904,1233429524383227904,229651780
2020-02-28 16:30:15+00:00,Vordb,,1,0,5,nvm i found it,,Fri Feb 28 16:30:15 +0000 2020,,,,https://twitter.com/Vordb/status/1233429216928071680,1233429216928071680,229651780
2020-02-28 16:29:19+00:00,Vordb,,1,0,6,dropped some oregano under my desk and now it's gone forever,,Fri Feb 28 16:29:19 +0000 2020,,,,https://twitter.com/Vordb/status/1233428980537217024,1233428980537217024,229651780
2020-02-28 16:28:16+00:00,Vordb,Redar_Chris,1,0,3,it actually goes way further back than 4chan. hate that it looks like i'm defending 4chan but rappers were using it in the 80s and 90s lol. just found that out like yesterday,,Fri Feb 28 16:28:16 +0000 2020,,,,https://twitter.com/Vordb/status/1233428716186894336,1233428716186894336,229651780
2020-02-28 16:24:44+00:00,Vordb,,0,0,0,you know i'm not joshin' when i pull up with that draco,,Fri Feb 28 16:24:44 +0000 2020,,,,https://twitter.com/Vordb/status/1233427828663820288,1233427828663820288,229651780
2020-02-28 16:20:28+00:00,Vordb,,0,0,3,had to wear the dress cuz i had a stick,,Fri Feb 28 16:20:28 +0000 2020,,,,https://twitter.com/Vordb/status/1233426751151321098,1233426751151321098,229651780
2020-02-28 16:11:27+00:00,Vordb,,0,0,1,posted up in the bando cuttin' yayo with GFuel,,Fri Feb 28 16:11:27 +0000 2020,,,,https://twitter.com/Vordb/status/1233424481772851210,1233424481772851210,229651780
2020-02-28 16:01:32+00:00,Vordb,,2,0,4,I am freaky deaky,,Fri Feb 28 16:01:32 +0000 2020,,,,https://twitter.com/Vordb/status/1233421989156737027,1233421989156737027,229651780
2020-02-28 16:01:27+00:00,Vordb,,0,0,0,freaky deaky,,Fri Feb 28 16:01:27 +0000 2020,,,,https://twitter.com/Vordb/status/1233421967576924160,1233421967576924160,229651780
2020-02-28 16:00:21+00:00,Vordb,Redar_Chris,1,0,1,"yea i think you're right, that shit lookin' like a XXXL hoodie",,Fri Feb 28 16:00:21 +0000 2020,,,,https://twitter.com/Vordb/status/1233421688601239552,1233421688601239552,229651780
2020-02-28 15:56:04+00:00,Vordb,,2,0,11,when the opening is just .....00000000000000000 with a fade-in,,Fri Feb 28 15:56:04 +0000 2020,,,,https://twitter.com/Vordb/status/1233420611323678731,1233420611323678731,229651780
2020-02-28 15:55:07+00:00,Vordb,Vordb,0,0,1,this was funny and clever,,Fri Feb 28 15:55:07 +0000 2020,,,https://twitter.com/Vordb/status/1233292025866473478,https://twitter.com/Vordb/status/1233420375385612296,1233420375385612296,229651780
2020-02-28 15:54:22+00:00,Vordb,Irradiccus,1,0,0,yeah how wide is the opening of her clit,,Fri Feb 28 15:54:22 +0000 2020,,,,https://twitter.com/Vordb/status/1233420184045703170,1233420184045703170,229651780
2020-02-28 15:50:01+00:00,Vordb,,1,2,13,Bruce Dickin' Son,,Fri Feb 28 15:50:01 +0000 2020,,,,https://twitter.com/Vordb/status/1233419089995014144,1233419089995014144,229651780
2020-02-28 15:49:50+00:00,Vordb,sheepexcrement,2,0,1,"I like them, there's just also the nostalgia factor plus there are definitely moments that get too cheesy/corny for me to be able to listen to them all the time. so i just don't bother defending them because I 100% get not fucking with them",,Fri Feb 28 15:49:50 +0000 2020,,,,https://twitter.com/Vordb/status/1233419044495253505,1233419044495253505,229651780
2020-02-28 15:48:16+00:00,Vordb,Vordb,0,0,1,"okay I don't ""love"" them but whatever",,Fri Feb 28 15:48:16 +0000 2020,,,,https://twitter.com/Vordb/status/1233418648863301632,1233418648863301632,229651780
2020-02-28 15:48:02+00:00,Vordb,Vomit_Dragon,1,0,2,I am my own worst enemy,,Fri Feb 28 15:48:02 +0000 2020,,,,https://twitter.com/Vordb/status/1233418591980130304,1233418591980130304,229651780
2020-02-28 15:46:59+00:00,Vordb,pylonsound,0,0,0,LOL,,Fri Feb 28 15:46:59 +0000 2020,,,,https://twitter.com/Vordb/status/1233418325956403202,1233418325956403202,229651780
2020-02-28 15:43:38+00:00,Vordb,,0,0,0,,,Fri Feb 28 15:43:38 +0000 2020,,,https://www.youtube.com/watch?v=ZxRIAHsHVNM,https://twitter.com/Vordb/status/1233417484641996801,1233417484641996801,229651780
2020-02-28 15:35:41+00:00,Vordb,,0,0,3,That’s like chunking a hot dog into a big ass fucking pussy,,Fri Feb 28 15:35:41 +0000 2020,,,,https://twitter.com/Vordb/status/1233415484831404033,1233415484831404033,229651780
2020-02-28 15:26:42+00:00,Vordb,,0,0,2,why the fuck you prevaricating,,Fri Feb 28 15:26:42 +0000 2020,,,,https://twitter.com/Vordb/status/1233413221337501696,1233413221337501696,229651780
2020-02-28 15:25:07+00:00,Vordb,,1,0,2,just sat here clenched up in a weird ass position for a solid few minutes,,Fri Feb 28 15:25:07 +0000 2020,,,,https://twitter.com/Vordb/status/1233412822928896001,1233412822928896001,229651780
2020-02-28 15:20:39+00:00,Vordb,Itslikeameme,1,0,1,"The song I mentioned is from them, about a car crash. Had to google “list of post-hardcore songs about car crashes” LOL",,Fri Feb 28 15:20:39 +0000 2020,,,,https://twitter.com/Vordb/status/1233411701246242816,1233411701246242816,229651780
2020-02-28 15:17:39+00:00,Vordb,Itslikeameme,1,0,0,is this about Napoleon Solo,,Fri Feb 28 15:17:39 +0000 2020,,,,https://twitter.com/Vordb/status/1233410943587143680,1233410943587143680,229651780
2020-02-28 15:16:46+00:00,Vordb,,0,0,0,,,Fri Feb 28 15:16:46 +0000 2020,,,https://youtu.be/wUL5lnd9iXI,https://twitter.com/Vordb/status/1233410723109384192,1233410723109384192,229651780
2020-02-28 15:15:52+00:00,Vordb,,1,0,0,,,Fri Feb 28 15:15:52 +0000 2020,,,https://youtu.be/B9dVDKYsmu0,https://twitter.com/Vordb/status/1233410495035641856,1233410495035641856,229651780
2020-02-28 15:14:52+00:00,Vordb,,0,0,0,,,Fri Feb 28 15:14:52 +0000 2020,,,https://www.youtube.com/watch?v=eAFLvV2E88w,https://twitter.com/Vordb/status/1233410244694466561,1233410244694466561,229651780
2020-02-28 15:13:16+00:00,Vordb,,2,0,1,,,Fri Feb 28 15:13:16 +0000 2020,,,https://www.youtube.com/watch?v=fM9O7Wmkg7I,https://twitter.com/Vordb/status/1233409840359362565,1233409840359362565,229651780
2020-02-28 15:11:40+00:00,Vordb,,0,0,0,"@lLUdeathmetal hey, quick question. Do leprechauns fuck?",@lLUdeathmetal,Fri Feb 28 15:11:40 +0000 2020,,,,https://twitter.com/Vordb/status/1233409439660683266,1233409439660683266,229651780
2020-02-28 15:10:00+00:00,Vordb,,4,3,30,insurance companies raising premiums on post-hardcore musicians that write songs about car crashes,,Fri Feb 28 15:10:00 +0000 2020,,,,https://twitter.com/Vordb/status/1233409018149781504,1233409018149781504,229651780
2020-02-28 15:08:03+00:00,Vordb,markonilmar,1,0,1,yes,,Fri Feb 28 15:08:03 +0000 2020,,,,https://twitter.com/Vordb/status/1233408528146206721,1233408528146206721,229651780
2020-02-28 15:06:33+00:00,Vordb,,2,2,28,I am a centrist because I have homies that love Iron Maiden and other homies that hate Iron Maiden,,Fri Feb 28 15:06:33 +0000 2020,,,,https://twitter.com/Vordb/status/1233408150537150464,1233408150537150464,229651780
2020-02-28 15:01:07+00:00,Vordb,,0,0,5,sorry I shared a NY Post link it was just for the joke,,Fri Feb 28 15:01:07 +0000 2020,,,,https://twitter.com/Vordb/status/1233406784951537664,1233406784951537664,229651780
2020-02-28 15:00:49+00:00,Vordb,,3,0,16,what a fucking dumbass,,Fri Feb 28 15:00:49 +0000 2020,,,https://nypost.com/2020/02/27/pope-francis-sick-a-day-after-supporting-coronavirus-sufferers/,https://twitter.com/Vordb/status/1233406709978320896,1233406709978320896,229651780
2020-02-28 14:58:04+00:00,Vordb,,1,0,3,Lil Vordb,,Fri Feb 28 14:58:04 +0000 2020,,,,https://twitter.com/Vordb/status/1233406017637158914,1233406017637158914,229651780
2020-02-28 14:52:38+00:00,Vordb,,0,0,2,I am the Master of Ceremonies and the Disc Jockey of Twitter,,Fri Feb 28 14:52:38 +0000 2020,,,,https://twitter.com/Vordb/status/1233404649006338048,1233404649006338048,229651780
2020-02-28 14:50:20+00:00,Vordb,,0,1,2,Rapid Browneye Movement,,Fri Feb 28 14:50:20 +0000 2020,,,,https://twitter.com/Vordb/status/1233404069747838978,1233404069747838978,229651780
2020-02-28 14:50:04+00:00,Vordb,blvckvomit,0,0,1,Documenting Reality,,Fri Feb 28 14:50:04 +0000 2020,,,,https://twitter.com/Vordb/status/1233404001619714048,1233404001619714048,229651780
2020-02-28 14:46:37+00:00,Vordb,,1,2,23,“Are you ever gonna cut your hair?” idk bitch are you ever gonna suck my FUCKING,,Fri Feb 28 14:46:37 +0000 2020,,,,https://twitter.com/Vordb/status/1233403135533735938,1233403135533735938,229651780
2020-02-28 14:44:48+00:00,Vordb,,0,0,4,I am fixing to gorge on some chorizo potato and egg tacos,,Fri Feb 28 14:44:48 +0000 2020,,,,https://twitter.com/Vordb/status/1233402677868089345,1233402677868089345,229651780
2020-02-28 14:42:21+00:00,Vordb,blvckvomit,1,0,1,I remember him,,Fri Feb 28 14:42:21 +0000 2020,,,,https://twitter.com/Vordb/status/1233402062823739392,1233402062823739392,229651780
2020-02-28 14:30:59+00:00,Vordb,sheepexcrement,1,0,1,I put on Reanimation while finishing some shit up at work so basically yes,,Fri Feb 28 14:30:59 +0000 2020,,,,https://twitter.com/Vordb/status/1233399200928407553,1233399200928407553,229651780
2020-02-28 14:13:30+00:00,Vordb,,1,0,3,The “face” inside is right beneath my “skin”,,Fri Feb 28 14:13:30 +0000 2020,,,,https://twitter.com/Vordb/status/1233394802043080707,1233394802043080707,229651780
2020-02-28 14:11:21+00:00,Vordb,,0,0,1,Whole damn squad bennied out,,Fri Feb 28 14:11:21 +0000 2020,,,,https://twitter.com/Vordb/status/1233394259426004993,1233394259426004993,229651780
2020-02-28 14:10:55+00:00,Vordb,,1,0,2,Just got out,,Fri Feb 28 14:10:55 +0000 2020,,,,https://twitter.com/Vordb/status/1233394149065478150,1233394149065478150,229651780
2020-02-28 12:29:48+00:00,Vordb,,1,0,8,I’m thinking about chorizo tacos,,Fri Feb 28 12:29:48 +0000 2020,,,,https://twitter.com/Vordb/status/1233368703103668225,1233368703103668225,229651780
2020-02-28 12:08:52+00:00,Vordb,roun_sa_ville,0,0,0,Damn girl you valid as fuck,,Fri Feb 28 12:08:52 +0000 2020,,,,https://twitter.com/Vordb/status/1233363436446175233,1233363436446175233,229651780
2020-02-28 11:29:00+00:00,Vordb,,1,1,7,Channeling a resonant frequency from rubbing my dick in circles along the mouth of a wine glass,,Fri Feb 28 11:29:00 +0000 2020,,,,https://twitter.com/Vordb/status/1233353403436355584,1233353403436355584,229651780
2020-02-28 10:53:15+00:00,Vordb,,0,1,5,Oh fuck I’m gonna xôm,,Fri Feb 28 10:53:15 +0000 2020,,,,https://twitter.com/Vordb/status/1233344407241252864,1233344407241252864,229651780
2020-02-28 10:41:15+00:00,Vordb,,0,0,3,"moshi moshi, you fucking bitch",,Fri Feb 28 10:41:15 +0000 2020,,,,https://twitter.com/Vordb/status/1233341385274732544,1233341385274732544,229651780
2020-02-28 10:33:34+00:00,Vordb,,0,0,1,I’m a rascal,,Fri Feb 28 10:33:34 +0000 2020,,,,https://twitter.com/Vordb/status/1233339451901911040,1233339451901911040,229651780
2020-02-28 10:30:23+00:00,Vordb,,0,1,2,40 Watt Sun melody,,Fri Feb 28 10:30:23 +0000 2020,,,https://open.spotify.com/track/03Rp4pwYfmSVVwyv046AyI?si=RQhCRJOFSZ-RsXlPmyt8pg,https://twitter.com/Vordb/status/1233338650735321088,1233338650735321088,229651780
2020-02-28 10:22:03+00:00,Vordb,,1,0,3,HMU bro I got that placebo OG,,Fri Feb 28 10:22:03 +0000 2020,,,,https://twitter.com/Vordb/status/1233336552337657856,1233336552337657856,229651780
2020-02-28 10:13:40+00:00,Vordb,,0,1,2,,,Fri Feb 28 10:13:40 +0000 2020,,,https://open.spotify.com/track/5zBhMjKwt2blhEMgnLGiSa?si=jlSJKOlMS1uvwP3xG1LfZg,https://twitter.com/Vordb/status/1233334445920444416,1233334445920444416,229651780
2020-02-28 10:02:13+00:00,Vordb,,0,0,3,"Diamonds dancing on me, look like Chaos Emeralds",,Fri Feb 28 10:02:13 +0000 2020,,,,https://twitter.com/Vordb/status/1233331561078165504,1233331561078165504,229651780
2020-02-28 09:49:41+00:00,Vordb,,2,0,7,Freezer went down,,Fri Feb 28 09:49:41 +0000 2020,,,,https://twitter.com/Vordb/status/1233328408685371392,1233328408685371392,229651780
2020-02-28 09:46:03+00:00,Vordb,,0,0,2,"Yeah you stupid and you smelly, need to get that Degree",,Fri Feb 28 09:46:03 +0000 2020,,,,https://twitter.com/Vordb/status/1233327493769289729,1233327493769289729,229651780
2020-02-28 09:39:31+00:00,Vordb,,0,0,1,Damn girl you a cutie but that pussy mad obtuse,,Fri Feb 28 09:39:31 +0000 2020,,,,https://twitter.com/Vordb/status/1233325852450000896,1233325852450000896,229651780
2020-02-28 09:21:36+00:00,Vordb,,0,0,2,Breathing In Rot,,Fri Feb 28 09:21:36 +0000 2020,,,,https://twitter.com/Vordb/status/1233321341866139651,1233321341866139651,229651780
2020-02-28 09:19:33+00:00,Vordb,,0,0,2,,,Fri Feb 28 09:19:33 +0000 2020,,,https://open.spotify.com/track/1A9BVdunOlBPQU2Hroejxn?si=GZ7-rvSRSBaty1-DKAlmHw,https://twitter.com/Vordb/status/1233320823844409345,1233320823844409345,229651780
2020-02-28 09:06:59+00:00,Vordb,,0,0,0,,,Fri Feb 28 09:06:59 +0000 2020,,,https://open.spotify.com/track/5peIDj99T19z6dhP7QJzr7?si=A8bt8lRsQlapm0qOdCSgOQ,https://twitter.com/Vordb/status/1233317664510095361,1233317664510095361,229651780
2020-02-28 08:53:51+00:00,Vordb,thedeafhorse,1,1,1,,,Fri Feb 28 08:53:51 +0000 2020,,,,https://twitter.com/Vordb/status/1233314358794608640,1233314358794608640,229651780
2020-02-28 08:47:00+00:00,Vordb,thedeafhorse,1,0,1,Blackgaze demo cover,,Fri Feb 28 08:47:00 +0000 2020,,,,https://twitter.com/Vordb/status/1233312633589239810,1233312633589239810,229651780
2020-02-28 08:39:02+00:00,Vordb,liferips,1,1,2,plot twist: she’s listening to Amesoeurs,,Fri Feb 28 08:39:02 +0000 2020,,,,https://twitter.com/Vordb/status/1233310628607074311,1233310628607074311,229651780
2020-02-28 08:38:16+00:00,Vordb,,0,4,8,"Shawty got a big head, I call her big head",,Fri Feb 28 08:38:16 +0000 2020,,,,https://twitter.com/Vordb/status/1233310437489463296,1233310437489463296,229651780
2020-02-28 08:31:03+00:00,Vordb,,2,1,18,lol,,Fri Feb 28 08:31:03 +0000 2020,,,,https://twitter.com/Vordb/status/1233308621670420480,1233308621670420480,229651780
2020-02-28 08:07:36+00:00,Vordb,,0,0,5,She got the whole pack in her mouth like a chain smoker,,Fri Feb 28 08:07:36 +0000 2020,,,,https://twitter.com/Vordb/status/1233302717931704320,1233302717931704320,229651780
2020-02-28 08:01:33+00:00,Vordb,,0,0,14,Should I run for Coolest Motherfucker in Corpus Christi again? Getting kinda boring with how many times I’ve won in a row,,Fri Feb 28 08:01:33 +0000 2020,,,,https://twitter.com/Vordb/status/1233301195697029121,1233301195697029121,229651780
2020-02-28 07:51:43+00:00,Vordb,lunarmacuahuitl,0,0,1,RIP,,Fri Feb 28 07:51:43 +0000 2020,,,,https://twitter.com/Vordb/status/1233298721246453760,1233298721246453760,229651780
2020-02-28 07:41:27+00:00,Vordb,,1,2,10,Me and all my goons stay faded off that Benadryl,,Fri Feb 28 07:41:27 +0000 2020,,,,https://twitter.com/Vordb/status/1233296139539165184,1233296139539165184,229651780
2020-02-28 07:38:33+00:00,Vordb,pissbucket4983,1,0,1,Only for the sake of the punch line!!!,,Fri Feb 28 07:38:33 +0000 2020,,,,https://twitter.com/Vordb/status/1233295409033949186,1233295409033949186,229651780
2020-02-28 07:35:22+00:00,Vordb,pissbucket4983,1,0,1,Head!!! Brain!!!,,Fri Feb 28 07:35:22 +0000 2020,,,,https://twitter.com/Vordb/status/1233294606701416451,1233294606701416451,229651780
2020-02-28 07:31:36+00:00,Vordb,Vomit_Dragon,1,0,1,You’re making me wanna do that. Feels good to just nod off involuntarily in front of your desk. Doesn’t feel good when the Benadryl randomly gives you restless leg,,Fri Feb 28 07:31:36 +0000 2020,,,,https://twitter.com/Vordb/status/1233293658851545090,1233293658851545090,229651780
2020-02-28 07:30:39+00:00,Vordb,,0,0,0,“I’m in the loop with the woo” - @1future,@1future,Fri Feb 28 07:30:39 +0000 2020,,,,https://twitter.com/Vordb/status/1233293421084860416,1233293421084860416,229651780
2020-02-28 07:25:07+00:00,Vordb,,2,0,6,"Need some top in my dream, like Inception",,Fri Feb 28 07:25:07 +0000 2020,,,,https://twitter.com/Vordb/status/1233292025866473478,1233292025866473478,229651780
2020-02-28 07:21:41+00:00,Vordb,,0,0,0,Why does every beat have this bounce now lol,,Fri Feb 28 07:21:41 +0000 2020,,,https://open.spotify.com/track/2B9wgj9XzbJZLty03PRbVo?si=8P5BHQxESKCI3BVEXOIjFg,https://twitter.com/Vordb/status/1233291163844665345,1233291163844665345,229651780
2020-02-28 07:19:56+00:00,Vordb,Vomit_Dragon,1,0,1,Me last week except I felt like shit even if I slept,,Fri Feb 28 07:19:56 +0000 2020,,,,https://twitter.com/Vordb/status/1233290722662547456,1233290722662547456,229651780
2020-02-28 07:11:44+00:00,Vordb,idWRY,1,0,2,Reply guy status: replying to my tweet with my joke,,Fri Feb 28 07:11:44 +0000 2020,,,,https://twitter.com/Vordb/status/1233288658725298177,1233288658725298177,229651780
2020-02-28 07:05:42+00:00,Vordb,,2,0,4,What’s the move,,Fri Feb 28 07:05:42 +0000 2020,,,,https://twitter.com/Vordb/status/1233287140844490753,1233287140844490753,229651780
2020-02-28 05:18:53+00:00,Vordb,idWRY,1,0,1,Your style you say,,Fri Feb 28 05:18:53 +0000 2020,,,,https://twitter.com/Vordb/status/1233260259835334658,1233260259835334658,229651780
2020-02-28 04:37:41+00:00,Vordb,,0,0,0,,,Fri Feb 28 04:37:41 +0000 2020,,,https://open.spotify.com/track/4NeioZ97QrelO02IXj4uYf?si=MXdinoxrSu2LwLrnc58fyQ,https://twitter.com/Vordb/status/1233249891759071232,1233249891759071232,229651780
2020-02-28 04:18:10+00:00,Vordb,peeled_veins,0,0,1,,,Fri Feb 28 04:18:10 +0000 2020,,,,https://twitter.com/Vordb/status/1233244981785243648,1233244981785243648,229651780
2020-02-28 04:01:36+00:00,Vordb,Vordb,1,0,8,lol,,Fri Feb 28 04:01:36 +0000 2020,,,https://twitter.com/Vordb/status/1233064633331863559,https://twitter.com/Vordb/status/1233240809715228674,1233240809715228674,229651780
