date,username,to,replies,retweets,favorites,text,mentions,formatted_date,geo,hashtags,urls,permalink,ID,author_id
2020-02-28 23:23:15+00:00,weirdblondee,,0,0,0,Ai cuni vogel esht dashuri ,,Fri Feb 28 23:23:15 +0000 2020,,,,https://twitter.com/weirdblondee/status/1233533151504470016,1233533151504470016,1206727543971295239
2020-02-28 23:20:28+00:00,weirdblondee,,1,35,76, ,,Fri Feb 28 23:20:28 +0000 2020,,,,https://twitter.com/weirdblondee/status/1233532449868611584,1233532449868611584,1206727543971295239
2020-02-28 21:56:44+00:00,weirdblondee,bzztook,0,0,1,@specidjegss,,Fri Feb 28 21:56:44 +0000 2020,,,,https://twitter.com/weirdblondee/status/1233511378243203074,1233511378243203074,1206727543971295239
2020-02-28 21:06:53+00:00,weirdblondee,alifesizeghost,1,0,1,O sa cute,,Fri Feb 28 21:06:53 +0000 2020,,,,https://twitter.com/weirdblondee/status/1233498831372869634,1233498831372869634,1206727543971295239
2020-02-28 20:58:42+00:00,weirdblondee,majorwinters7,1,0,1,jm asnjeanese ne shum gjera ,,Fri Feb 28 20:58:42 +0000 2020,,,,https://twitter.com/weirdblondee/status/1233496772867170304,1233496772867170304,1206727543971295239
2020-02-28 20:48:52+00:00,weirdblondee,katerqineizet,1,0,1,me asnji,,Fri Feb 28 20:48:52 +0000 2020,,,,https://twitter.com/weirdblondee/status/1233494299377098752,1233494299377098752,1206727543971295239
2020-02-28 20:09:48+00:00,weirdblondee,katerqineizet,1,0,0,"Ropt sjam me asnjonin, dhe partizani tfitonte tnjejten gje do thoja ",,Fri Feb 28 20:09:48 +0000 2020,,,,https://twitter.com/weirdblondee/status/1233484467320295425,1233484467320295425,1206727543971295239
2020-02-28 20:07:54+00:00,weirdblondee,,0,1,10,Presim te na cahet kari me postime per fitoren e Tiranes!,,Fri Feb 28 20:07:54 +0000 2020,,,,https://twitter.com/weirdblondee/status/1233483988242780161,1233483988242780161,1206727543971295239
2020-02-27 20:05:00+00:00,weirdblondee,imxsmolowox,1,0,0,Cute,,Thu Feb 27 20:05:00 +0000 2020,,,,https://twitter.com/weirdblondee/status/1233120870173937664,1233120870173937664,1206727543971295239
2020-02-27 20:03:42+00:00,weirdblondee,specicuori,0,0,0,,,Thu Feb 27 20:03:42 +0000 2020,,,,https://twitter.com/weirdblondee/status/1233120542951170048,1233120542951170048,1206727543971295239
2020-02-27 19:17:57+00:00,weirdblondee,babaiiiiii,1,0,1,Kejli m,,Thu Feb 27 19:17:57 +0000 2020,,,,https://twitter.com/weirdblondee/status/1233109031633506309,1233109031633506309,1206727543971295239
2020-02-27 18:45:05+00:00,weirdblondee,,0,0,2,Apo skupto shqip ky vk,,Thu Feb 27 18:45:05 +0000 2020,,,,https://twitter.com/weirdblondee/status/1233100758029086723,1233100758029086723,1206727543971295239
2020-02-27 18:44:29+00:00,weirdblondee,Jb_XIIVI,1,0,6,e kujt i plasi kari?,,Thu Feb 27 18:44:29 +0000 2020,,,https://twitter.com/Jb_XIIVI/status/1232714396092313600,https://twitter.com/weirdblondee/status/1233100609873575937,1233100609873575937,1206727543971295239
2020-02-27 18:31:25+00:00,weirdblondee,itsb0a,1,0,1,"hmm ore kto bodybuildersave si ju thon ktyre, su duket gj me then tdrejten po njs pamja te genjen ndsht ",,Thu Feb 27 18:31:25 +0000 2020,,,,https://twitter.com/weirdblondee/status/1233097318171389959,1233097318171389959,1206727543971295239
2020-02-27 18:23:27+00:00,weirdblondee,itsb0a,1,0,1,A thu se sa ti permendsh kto tpalestres njerzit jan direkt “ehe ata e kan tvogel” prnd pys ,,Thu Feb 27 18:23:27 +0000 2020,,,,https://twitter.com/weirdblondee/status/1233095314250387458,1233095314250387458,1206727543971295239
2020-02-27 18:20:00+00:00,weirdblondee,pishinaevdekur,0,0,0,thanks,,Thu Feb 27 18:20:00 +0000 2020,,,,https://twitter.com/weirdblondee/status/1233094446163660801,1233094446163660801,1206727543971295239
2020-02-27 18:19:42+00:00,weirdblondee,pishinaevdekur,0,0,0, ,,Thu Feb 27 18:19:42 +0000 2020,,,,https://twitter.com/weirdblondee/status/1233094372759134208,1233094372759134208,1206727543971295239
2020-02-27 18:08:10+00:00,weirdblondee,,1,0,0,Gjatsine* ja qr,,Thu Feb 27 18:08:10 +0000 2020,,,,https://twitter.com/weirdblondee/status/1233091468115554304,1233091468115554304,1206727543971295239
2020-02-27 18:07:18+00:00,weirdblondee,,2,0,12,ore esht e vertet legjenda urbane qe ata qe merren me palester kan probleme me gjetsine? ,,Thu Feb 27 18:07:18 +0000 2020,,,,https://twitter.com/weirdblondee/status/1233091251228094466,1233091251228094466,1206727543971295239
2020-02-27 17:59:16+00:00,weirdblondee,pishinaevdekur,1,0,0,cop ylli,,Thu Feb 27 17:59:16 +0000 2020,,,,https://twitter.com/weirdblondee/status/1233089228596273155,1233089228596273155,1206727543971295239
2020-02-27 17:51:03+00:00,weirdblondee,,0,0,2,#NewProfilePic,,Thu Feb 27 17:51:03 +0000 2020,,#NewProfilePic,,https://twitter.com/weirdblondee/status/1233087162343706624,1233087162343706624,1206727543971295239
2020-02-27 17:48:39+00:00,weirdblondee,xhenz3,2,0,1,ncncn ai e di qe un jam nje engjell si i mendon kto ,,Thu Feb 27 17:48:39 +0000 2020,,,,https://twitter.com/weirdblondee/status/1233086556212285440,1233086556212285440,1206727543971295239
2020-02-27 09:50:15+00:00,weirdblondee,xhenz3,1,0,0,ca halli mund tket nkto raste? ,,Thu Feb 27 09:50:15 +0000 2020,,,,https://twitter.com/weirdblondee/status/1232966164382453762,1232966164382453762,1206727543971295239
2020-02-27 09:06:18+00:00,weirdblondee,Wparks91,0,0,0,27+8=35 35+40=75,,Thu Feb 27 09:06:18 +0000 2020,,,https://twitter.com/Wparks91/status/1143666051793788928,https://twitter.com/weirdblondee/status/1232955102950051841,1232955102950051841,1206727543971295239
2020-02-27 09:04:33+00:00,weirdblondee,wiceri69,0,0,0,Gynajden,,Thu Feb 27 09:04:33 +0000 2020,,,,https://twitter.com/weirdblondee/status/1232954661444952064,1232954661444952064,1206727543971295239
2020-02-27 09:03:16+00:00,weirdblondee,,2,0,12,"ishit tim sdo i bjeri shpirti rehat pa e bo gjith fisin e shoqerin tme fusin bllok ne insta, se marr vesh ropt",,Thu Feb 27 09:03:16 +0000 2020,,,,https://twitter.com/weirdblondee/status/1232954338349330432,1232954338349330432,1206727543971295239
2020-02-27 08:57:27+00:00,weirdblondee,3podiii,0,0,1,ncncnc,,Thu Feb 27 08:57:27 +0000 2020,,,,https://twitter.com/weirdblondee/status/1232952877032837120,1232952877032837120,1206727543971295239
2020-02-27 08:55:45+00:00,weirdblondee,nejdzz,0,0,3,mos e ke gje babin terrorrist se qenke shum BoMb,,Thu Feb 27 08:55:45 +0000 2020,,,https://twitter.com/nejdzz/status/1232727105898713088,https://twitter.com/weirdblondee/status/1232952449658478593,1232952449658478593,1206727543971295239
2020-02-27 08:55:14+00:00,weirdblondee,nejdzz,0,0,1,Esht mami pasticiere jo babi,,Thu Feb 27 08:55:14 +0000 2020,,,,https://twitter.com/weirdblondee/status/1232952317953138688,1232952317953138688,1206727543971295239
2020-02-27 08:54:30+00:00,weirdblondee,Jesuscondom_,1,0,1,"kta kshu jan si vitparistat qe sa shkojn ngjimnaz fillojn pijn cigare e bejn tipin, me u duk dmth por qe do i kaloj po h ",,Thu Feb 27 08:54:30 +0000 2020,,,,https://twitter.com/weirdblondee/status/1232952131952488449,1232952131952488449,1206727543971295239
2020-02-27 08:51:42+00:00,weirdblondee,Jesuscondom_,1,0,0,Pse ja prish qefin ,,Thu Feb 27 08:51:42 +0000 2020,,,,https://twitter.com/weirdblondee/status/1232951430153211904,1232951430153211904,1206727543971295239
2020-02-27 08:51:24+00:00,weirdblondee,Jesuscondom_,1,0,0,lere te argetohet ,,Thu Feb 27 08:51:24 +0000 2020,,,,https://twitter.com/weirdblondee/status/1232951354131468299,1232951354131468299,1206727543971295239
2020-02-27 08:33:38+00:00,weirdblondee,,0,0,5,,,Thu Feb 27 08:33:38 +0000 2020,,,,https://twitter.com/weirdblondee/status/1232946883686957056,1232946883686957056,1206727543971295239
2020-02-27 08:30:54+00:00,weirdblondee,3podiii,1,0,0,ik pyt natalin,,Thu Feb 27 08:30:54 +0000 2020,,,,https://twitter.com/weirdblondee/status/1232946193896017921,1232946193896017921,1206727543971295239
2020-02-27 08:26:16+00:00,weirdblondee,3podiii,1,0,0,Tradhtar,,Thu Feb 27 08:26:16 +0000 2020,,,,https://twitter.com/weirdblondee/status/1232945028315697158,1232945028315697158,1206727543971295239
2020-02-27 08:25:46+00:00,weirdblondee,specicuori,0,0,1,"lum ai qe do te ti kapi, do pendohet qe ska ardh m para ",,Thu Feb 27 08:25:46 +0000 2020,,,,https://twitter.com/weirdblondee/status/1232944903820365825,1232944903820365825,1206727543971295239
2020-02-26 16:40:55+00:00,weirdblondee,specicuori,0,0,1,,,Wed Feb 26 16:40:55 +0000 2020,,,,https://twitter.com/weirdblondee/status/1232707125123612672,1232707125123612672,1206727543971295239
2020-02-26 16:28:12+00:00,weirdblondee,xhuljanosulajj,0,0,0,ta kesh me jet,,Wed Feb 26 16:28:12 +0000 2020,,,,https://twitter.com/weirdblondee/status/1232703923028406272,1232703923028406272,1206727543971295239
2020-02-26 14:31:50+00:00,weirdblondee,,0,0,0,skishim gje me mirditen,,Wed Feb 26 14:31:50 +0000 2020,,,,https://twitter.com/weirdblondee/status/1232674639899512832,1232674639899512832,1206727543971295239
2020-02-26 05:01:44+00:00,weirdblondee,faaakju,1,0,0,e m mir njs se sa jemi zgjuar ,,Wed Feb 26 05:01:44 +0000 2020,,,,https://twitter.com/weirdblondee/status/1232531166252732417,1232531166252732417,1206727543971295239
2020-02-26 05:01:06+00:00,weirdblondee,katerqineizet,1,0,1,do t thoja hajde ke un po un skam gjoks kshuqe prap ste ndihmoj dot ,,Wed Feb 26 05:01:06 +0000 2020,,,,https://twitter.com/weirdblondee/status/1232531008198758400,1232531008198758400,1206727543971295239
2020-02-26 04:59:11+00:00,weirdblondee,danjogetmoney,0,0,0,,,Wed Feb 26 04:59:11 +0000 2020,,,,https://twitter.com/weirdblondee/status/1232530524993998848,1232530524993998848,1206727543971295239
2020-02-26 04:56:24+00:00,weirdblondee,weirdblondee,1,0,0,lajmrojm*,,Wed Feb 26 04:56:24 +0000 2020,,,,https://twitter.com/weirdblondee/status/1232529828135436288,1232529828135436288,1206727543971295239
2020-02-26 04:56:09+00:00,weirdblondee,faaakju,1,0,0,aa ok mir shum ja ta lajmrojn djalin,,Wed Feb 26 04:56:09 +0000 2020,,,,https://twitter.com/weirdblondee/status/1232529764436541441,1232529764436541441,1206727543971295239
2020-02-26 04:55:04+00:00,weirdblondee,faaakju,0,0,0,amiinn me jet e sa me shum ishalla ,,Wed Feb 26 04:55:04 +0000 2020,,,,https://twitter.com/weirdblondee/status/1232529489864855553,1232529489864855553,1206727543971295239
2020-02-26 04:51:18+00:00,weirdblondee,faaakju,1,0,0,Qofshi me jet te gjith ,,Wed Feb 26 04:51:18 +0000 2020,,,,https://twitter.com/weirdblondee/status/1232528543197859845,1232528543197859845,1206727543971295239
2020-02-26 04:49:23+00:00,weirdblondee,,1,0,8,Hmmm ?!?!?!?,,Wed Feb 26 04:49:23 +0000 2020,,,,https://twitter.com/weirdblondee/status/1232528058927734789,1232528058927734789,1206727543971295239
2020-02-26 04:45:31+00:00,weirdblondee,faaakju,1,0,0,pse sa adminër jeni ju?,,Wed Feb 26 04:45:31 +0000 2020,,,,https://twitter.com/weirdblondee/status/1232527088755912704,1232527088755912704,1206727543971295239
2020-02-26 04:44:57+00:00,weirdblondee,3podiii,0,0,1,Asgje drit ,,Wed Feb 26 04:44:57 +0000 2020,,,,https://twitter.com/weirdblondee/status/1232526943578468353,1232526943578468353,1206727543971295239
2020-02-26 04:43:24+00:00,weirdblondee,faaakju,1,0,0,jojo flm ,,Wed Feb 26 04:43:24 +0000 2020,,,,https://twitter.com/weirdblondee/status/1232526555055828992,1232526555055828992,1206727543971295239
2020-02-25 23:06:49+00:00,weirdblondee,katerqineizet,0,0,1,good boy,,Tue Feb 25 23:06:49 +0000 2020,,,,https://twitter.com/weirdblondee/status/1232441850935402497,1232441850935402497,1206727543971295239
2020-02-25 23:06:10+00:00,weirdblondee,katerqineizet,2,0,0,vec maska doktoresh sic vejn njerzit e qe sju ben pun jo se do mbjeri tfiket... o bleja tamam o hic mos ma genje djalin,,Tue Feb 25 23:06:10 +0000 2020,,,,https://twitter.com/weirdblondee/status/1232441687684763648,1232441687684763648,1206727543971295239
2020-02-25 23:04:23+00:00,weirdblondee,3podiii,1,0,0,"te kam then mos mi thuj kto npublik ... pse nuk e respekton privatesine tonee , Përsee??",,Tue Feb 25 23:04:23 +0000 2020,,,,https://twitter.com/weirdblondee/status/1232441237799464963,1232441237799464963,1206727543971295239
2020-02-25 23:03:14+00:00,weirdblondee,katerqineizet,1,0,0,mir ben se t’hyn naj cop coron,,Tue Feb 25 23:03:14 +0000 2020,,,,https://twitter.com/weirdblondee/status/1232440950225424397,1232440950225424397,1206727543971295239
2020-02-25 23:00:02+00:00,weirdblondee,katerqineizet,1,0,0,rri urt ti pse mfut nllafe,,Tue Feb 25 23:00:02 +0000 2020,,,,https://twitter.com/weirdblondee/status/1232440143543336960,1232440143543336960,1206727543971295239
2020-02-25 22:59:34+00:00,weirdblondee,3podiii,1,0,0,jo mor se vec un e di at pun,,Tue Feb 25 22:59:34 +0000 2020,,,,https://twitter.com/weirdblondee/status/1232440025498865664,1232440025498865664,1206727543971295239
2020-02-25 22:57:05+00:00,weirdblondee,3podiii,1,0,1,se kam vendos akm shpirt,,Tue Feb 25 22:57:05 +0000 2020,,,,https://twitter.com/weirdblondee/status/1232439400899833856,1232439400899833856,1206727543971295239
2020-02-25 22:30:04+00:00,weirdblondee,specicuori,1,0,0,eh mj moter,,Tue Feb 25 22:30:04 +0000 2020,,,,https://twitter.com/weirdblondee/status/1232432603212345346,1232432603212345346,1206727543971295239
2020-02-25 22:28:19+00:00,weirdblondee,bashbeka,0,0,0,po rëpt po sna plas mo kari kur kthehen,,Tue Feb 25 22:28:19 +0000 2020,,,,https://twitter.com/weirdblondee/status/1232432163317940225,1232432163317940225,1206727543971295239
2020-02-25 22:25:59+00:00,weirdblondee,imxsmolowox,1,0,0,Pse moter?,,Tue Feb 25 22:25:59 +0000 2020,,,,https://twitter.com/weirdblondee/status/1232431572965634049,1232431572965634049,1206727543971295239
2020-02-25 22:19:31+00:00,weirdblondee,wiceri69,0,0,1,"I kan ber vrasjet e njerzve si loj ntelefon, vrasin pa pik prb sikur esht dicka normale",,Tue Feb 25 22:19:31 +0000 2020,,,,https://twitter.com/weirdblondee/status/1232429947513425927,1232429947513425927,1206727543971295239
2020-02-25 22:16:35+00:00,weirdblondee,iissaddd,1,1,6,Te gjith kemi nje shoqe me emrin Ana,,Tue Feb 25 22:16:35 +0000 2020,,,https://twitter.com/iissaddd/status/1231958476466814976,https://twitter.com/weirdblondee/status/1232429208447733763,1232429208447733763,1206727543971295239
2020-02-25 22:14:53+00:00,weirdblondee,,0,0,8,"Kjo eshte semundje kjo, jo corona ",,Tue Feb 25 22:14:53 +0000 2020,,,,https://twitter.com/weirdblondee/status/1232428779831779329,1232428779831779329,1206727543971295239
2020-02-25 21:33:16+00:00,weirdblondee,specicuori,1,0,0,"Robi o e nxjerr tamam o ic , cesht kjo ncnnc",,Tue Feb 25 21:33:16 +0000 2020,,,,https://twitter.com/weirdblondee/status/1232418306075897856,1232418306075897856,1206727543971295239
2020-02-25 21:32:28+00:00,weirdblondee,specicuori,0,0,0,Ku asht maj se spo shof sen,,Tue Feb 25 21:32:28 +0000 2020,,,,https://twitter.com/weirdblondee/status/1232418107844632577,1232418107844632577,1206727543971295239
2020-02-25 21:30:58+00:00,weirdblondee,specicuori,0,0,1,"Ore prit, po si heret po flen",,Tue Feb 25 21:30:58 +0000 2020,,,,https://twitter.com/weirdblondee/status/1232417728616636422,1232417728616636422,1206727543971295239
2020-02-25 21:30:39+00:00,weirdblondee,specicuori,0,0,1,naten ,,Tue Feb 25 21:30:39 +0000 2020,,,,https://twitter.com/weirdblondee/status/1232417647746338824,1232417647746338824,1206727543971295239
2020-02-25 21:28:52+00:00,weirdblondee,weirdblondee,0,0,0,"btw un pr vete karin , jm ne periudhen e te qenit single ",,Tue Feb 25 21:28:52 +0000 2020,,,,https://twitter.com/weirdblondee/status/1232417201036185607,1232417201036185607,1206727543971295239
2020-02-25 21:28:19+00:00,weirdblondee,specicuori,1,0,0,Nuk bejn gje jo se kan frik se i kap corona ,,Tue Feb 25 21:28:19 +0000 2020,,,,https://twitter.com/weirdblondee/status/1232417061235806208,1232417061235806208,1206727543971295239
2020-02-24 23:51:11+00:00,weirdblondee,,0,0,0,give him an oscar ,,Mon Feb 24 23:51:11 +0000 2020,,,,https://twitter.com/weirdblondee/status/1232090629053861896,1232090629053861896,1206727543971295239
2020-02-24 22:54:05+00:00,weirdblondee,faaakju,0,0,0,O qia ropttttt ca mboneeeee tsh sdo haj dot per nja 1 mujjjjj,,Mon Feb 24 22:54:05 +0000 2020,,,,https://twitter.com/weirdblondee/status/1232076257707352064,1232076257707352064,1206727543971295239
2020-02-24 20:59:06+00:00,weirdblondee,imxsmolowox,0,0,1,Nthg ,,Mon Feb 24 20:59:06 +0000 2020,,,,https://twitter.com/weirdblondee/status/1232047320591630339,1232047320591630339,1206727543971295239
2020-02-24 20:57:56+00:00,weirdblondee,imxsmolowox,1,0,1,Urdhero,,Mon Feb 24 20:57:56 +0000 2020,,,,https://twitter.com/weirdblondee/status/1232047029813227525,1232047029813227525,1206727543971295239
2020-02-24 17:46:40+00:00,weirdblondee,weirdblondee,0,0,1,"Ah po dhe mos harrojm qe pothuajse tgjith rastet me viktima kan qen mosha e vjeter dhe ata qe kan pas semundje kronike ... kshuqe mos beni panik kot.. sic u be per luften botrore e tn u harru si ngjarje komplet .. kshu dmth, njs",,Mon Feb 24 17:46:40 +0000 2020,,,https://twitter.com/weirdblondee/status/1231995262438199296,https://twitter.com/weirdblondee/status/1231998893312892930,1231998893312892930,1206727543971295239
2020-02-24 17:34:21+00:00,weirdblondee,vet97a,1,0,1,kerkoke shum ti ncncn,,Mon Feb 24 17:34:21 +0000 2020,,,,https://twitter.com/weirdblondee/status/1231995792665260032,1231995792665260032,1206727543971295239
2020-02-24 17:32:15+00:00,weirdblondee,,0,0,1,btw qe te marresh masa nuk esht te vesh doren e shallin etj para turinjve ,,Mon Feb 24 17:32:15 +0000 2020,,,,https://twitter.com/weirdblondee/status/1231995264585605120,1231995264585605120,1206727543971295239
2020-02-24 17:32:14+00:00,weirdblondee,,1,0,8,"Ore srz se me habisnin njerzit sot ... nuk e di dmth a se kuptoni qe nese esht shkrujt me vdek do vdesim dhe nga nje grip i thjesht.. nuk esht e then se erdh coronavirus e do na shfarosi tgjithve , wtf.. merrni masat per sigurine tuaj po mos e ben kaq tmerr ",,Mon Feb 24 17:32:14 +0000 2020,,,,https://twitter.com/weirdblondee/status/1231995262438199296,1231995262438199296,1206727543971295239
2020-02-24 14:05:01+00:00,weirdblondee,,0,0,0,Patjeter ,,Mon Feb 24 14:05:01 +0000 2020,,,,https://twitter.com/weirdblondee/status/1231943113884807170,1231943113884807170,1206727543971295239
2020-02-24 12:08:38+00:00,weirdblondee,katerqineizet,1,0,0,kam ngelur pa degju voicin ku thot fshijeni ms e shperndani ,,Mon Feb 24 12:08:38 +0000 2020,,,,https://twitter.com/weirdblondee/status/1231913826372681729,1231913826372681729,1206727543971295239
2020-02-24 12:06:06+00:00,weirdblondee,katerqineizet,0,0,1,Popo se esht skizofren ai harrova un,,Mon Feb 24 12:06:06 +0000 2020,,,,https://twitter.com/weirdblondee/status/1231913186619777024,1231913186619777024,1206727543971295239
2020-02-24 12:05:49+00:00,weirdblondee,katerqineizet,1,0,0,Un isha shum e qet der dje ne darke se dija ca behej fjal der sa ma coj dikush ktu ntwitter se isha kurioze... pst filluan tu ma cu dhe mu nwp ,,Mon Feb 24 12:05:49 +0000 2020,,,,https://twitter.com/weirdblondee/status/1231913114922364928,1231913114922364928,1206727543971295239
2020-02-24 12:03:38+00:00,weirdblondee,katerqineizet,1,0,0,Feron e ka zen me koh mor,,Mon Feb 24 12:03:38 +0000 2020,,,,https://twitter.com/weirdblondee/status/1231912566588354560,1231912566588354560,1206727543971295239
2020-02-24 12:01:47+00:00,weirdblondee,,2,1,17,gjendje.,,Mon Feb 24 12:01:47 +0000 2020,,,,https://twitter.com/weirdblondee/status/1231912101565870082,1231912101565870082,1206727543971295239
2020-02-23 22:02:01+00:00,weirdblondee,imxsmolowox,0,0,1,po lere moj te argetohet ,,Sun Feb 23 22:02:01 +0000 2020,,,,https://twitter.com/weirdblondee/status/1231700766026543104,1231700766026543104,1206727543971295239
2020-02-23 21:15:14+00:00,weirdblondee,saylildaddyy,1,0,0,@specidjegss te ta bej dhurat nje,,Sun Feb 23 21:15:14 +0000 2020,,,,https://twitter.com/weirdblondee/status/1231688994158792707,1231688994158792707,1206727543971295239
2020-02-23 20:56:49+00:00,weirdblondee,injorantz,0,0,1,ka mundesi sa te duash ,,Sun Feb 23 20:56:49 +0000 2020,,,,https://twitter.com/weirdblondee/status/1231684359004065792,1231684359004065792,1206727543971295239
2020-02-23 20:31:23+00:00,weirdblondee,,0,0,0,Gjithcka te burri se po ti beje m para dilje automatikisht nga rruga zotit ,,Sun Feb 23 20:31:23 +0000 2020,,,,https://twitter.com/weirdblondee/status/1231677959779602432,1231677959779602432,1206727543971295239
2020-02-23 19:58:35+00:00,weirdblondee,imxsmolowox,0,0,1,"pst esht five feet apart, midnight sun",,Sun Feb 23 19:58:35 +0000 2020,,,,https://twitter.com/weirdblondee/status/1231669702365237251,1231669702365237251,1206727543971295239
2020-02-23 19:57:47+00:00,weirdblondee,imxsmolowox,0,0,1,"sadece sen, senden bana kalan & bir nefes yeter (km qen duke vdek nga tqarat me ket ) kto dmth qe km qar m shum .. esht dhe delibali nqs nk e ke par akm",,Sun Feb 23 19:57:47 +0000 2020,,,,https://twitter.com/weirdblondee/status/1231669501302845440,1231669501302845440,1206727543971295239
2020-02-23 19:54:01+00:00,weirdblondee,imxsmolowox,0,0,1,"Shof filma depresivë qe te qaj der ne piken e fundit te lotit pst lodhem duke qare e flej gjum pst kur cohem, ose ndihem m mir ose mkap e qara automatikisht sa hap syt .. varet dmth ",,Sun Feb 23 19:54:01 +0000 2020,,,,https://twitter.com/weirdblondee/status/1231668556611379201,1231668556611379201,1206727543971295239
2020-02-23 19:48:15+00:00,weirdblondee,imxsmolowox,0,0,0,HAHAHAHAH,,Sun Feb 23 19:48:15 +0000 2020,,,,https://twitter.com/weirdblondee/status/1231667102156718081,1231667102156718081,1206727543971295239
2020-02-23 19:35:19+00:00,weirdblondee,,0,0,3,ore si u harrua lufta e III boterore kshu si pa tkeq,,Sun Feb 23 19:35:19 +0000 2020,,,,https://twitter.com/weirdblondee/status/1231663850954657797,1231663850954657797,1206727543971295239
2020-02-23 19:31:34+00:00,weirdblondee,ZonjaBovari,1,1,3,Psh pr mua si ha asnjerit ,,Sun Feb 23 19:31:34 +0000 2020,,,,https://twitter.com/weirdblondee/status/1231662906955173889,1231662906955173889,1206727543971295239
2020-02-23 19:30:42+00:00,weirdblondee,,0,0,4,Cer ka thon naudio kjo tipja se po vdes pa e marr vesh,,Sun Feb 23 19:30:42 +0000 2020,,,,https://twitter.com/weirdblondee/status/1231662689027592193,1231662689027592193,1206727543971295239
2020-02-23 19:23:57+00:00,weirdblondee,3podiii,1,0,0,Tkm then mos kshu gjerash npublikk,,Sun Feb 23 19:23:57 +0000 2020,,,,https://twitter.com/weirdblondee/status/1231660987574620162,1231660987574620162,1206727543971295239
2020-02-23 19:18:29+00:00,weirdblondee,3podiii,1,0,0,Po njs ciqiropt po h,,Sun Feb 23 19:18:29 +0000 2020,,,,https://twitter.com/weirdblondee/status/1231659613461864451,1231659613461864451,1206727543971295239
2020-02-23 19:18:10+00:00,weirdblondee,3podiii,0,0,0,Se di ropt di vtm q kur km pas qen n9 vjecare e km pas ngju shpesh ket. (Se mua sme ka ndaluar kush gj dmth),,Sun Feb 23 19:18:10 +0000 2020,,,,https://twitter.com/weirdblondee/status/1231659534223073283,1231659534223073283,1206727543971295239
2020-02-23 19:14:57+00:00,weirdblondee,21gjonax,1,0,0,Ore ku ta degjoj ket un mooor,,Sun Feb 23 19:14:57 +0000 2020,,,,https://twitter.com/weirdblondee/status/1231658723925426176,1231658723925426176,1206727543971295239
2020-02-23 19:14:31+00:00,weirdblondee,3podiii,1,0,0,Cdo te thuash me shum larg? ,,Sun Feb 23 19:14:31 +0000 2020,,,,https://twitter.com/weirdblondee/status/1231658612893847552,1231658612893847552,1206727543971295239
2020-02-23 19:11:59+00:00,weirdblondee,CajZanash,0,0,0, ,,Sun Feb 23 19:11:59 +0000 2020,,,,https://twitter.com/weirdblondee/status/1231657975955279873,1231657975955279873,1206727543971295239
