date,username,to,replies,retweets,favorites,text,mentions,formatted_date,geo,hashtags,urls,permalink,ID,author_id
2020-02-28 22:43:50+00:00,witchious,,0,1,19,im screaming,,Fri Feb 28 22:43:50 +0000 2020,,,,https://twitter.com/witchious/status/1233523231061090306,1233523231061090306,178668309
2020-02-28 22:09:50+00:00,witchious,,0,0,16,stop invalidating/erasing experiences of a group of women to lift up other women under the name of feminism,,Fri Feb 28 22:09:50 +0000 2020,,,,https://twitter.com/witchious/status/1233514675175903232,1233514675175903232,178668309
2020-02-28 22:00:38+00:00,witchious,delfinamosq,0,0,8,this is a peak at fake feminism,,Fri Feb 28 22:00:38 +0000 2020,,,https://twitter.com/delfinamosq/status/1233210057145409537,https://twitter.com/witchious/status/1233512359907528704,1233512359907528704,178668309
2020-02-28 21:56:02+00:00,witchious,sabrinaswh0re,0,0,1,"oh i thought you knew what peta is? yes its an organization, it wasnt a ""talking bad"", it was definitely misleading and encouraging to islamophobia",,Fri Feb 28 21:56:02 +0000 2020,,,,https://twitter.com/witchious/status/1233511201910480901,1233511201910480901,178668309
2020-02-28 21:49:07+00:00,witchious,lucashedgesfilm,1,0,0,maAm,,Fri Feb 28 21:49:07 +0000 2020,,,,https://twitter.com/witchious/status/1233509461135851522,1233509461135851522,178668309
2020-02-28 21:48:52+00:00,witchious,sabrinaswh0re,1,0,1,"idk what are you talking about?? but they called muslim's holy feast ""slaughter"" and added a whole thread of disturbing pictures that are not even from the said feast, then liked bunch of islamophobic replies to them",,Fri Feb 28 21:48:52 +0000 2020,,,,https://twitter.com/witchious/status/1233509397890031622,1233509397890031622,178668309
2020-02-28 21:42:06+00:00,witchious,sabrinaswh0re,1,0,0,peta?,,Fri Feb 28 21:42:06 +0000 2020,,,,https://twitter.com/witchious/status/1233507696285974534,1233507696285974534,178668309
2020-02-28 21:40:45+00:00,witchious,lucashedgesfilm,1,0,0,peta,,Fri Feb 28 21:40:45 +0000 2020,,,,https://twitter.com/witchious/status/1233507356694188034,1233507356694188034,178668309
2020-02-28 21:37:21+00:00,witchious,,2,1,16,"p*ta is the definition of fake wokeness honestly and they are bunch of islamophobes if you rt or like their material on my tl, you will get blocked idc who you are",,Fri Feb 28 21:37:21 +0000 2020,,,,https://twitter.com/witchious/status/1233506499185516545,1233506499185516545,178668309
2020-02-28 21:16:40+00:00,witchious,,0,0,9,my ★★★★ review of hereditary on @letterboxd:,@letterboxd,Fri Feb 28 21:16:40 +0000 2020,,,https://boxd.it/10Bbsn,https://twitter.com/witchious/status/1233501294515630082,1233501294515630082,178668309
2020-02-28 20:49:56+00:00,witchious,vadersridley,0,0,1,ikr thise cute stars on the top ,,Fri Feb 28 20:49:56 +0000 2020,,,,https://twitter.com/witchious/status/1233494565119721473,1233494565119721473,178668309
2020-02-28 20:43:01+00:00,witchious,witchious,3,0,19,this was scary af omg,,Fri Feb 28 20:43:01 +0000 2020,,,https://twitter.com/witchious/status/1233436351380545540,https://twitter.com/witchious/status/1233492827063058436,1233492827063058436,178668309
2020-02-28 20:19:52+00:00,witchious,,0,0,39,im sorry i have zero sympathy to pedophiles zero i say,,Fri Feb 28 20:19:52 +0000 2020,,,,https://twitter.com/witchious/status/1233486998612119552,1233486998612119552,178668309
2020-02-28 20:16:30+00:00,witchious,nomadsharon,0,0,7,what,,Fri Feb 28 20:16:30 +0000 2020,,,https://twitter.com/nomadsharon/status/1233485359473922058,https://twitter.com/witchious/status/1233486153854148609,1233486153854148609,178668309
2020-02-28 17:42:57+00:00,witchious,,0,0,14,is seeing invisble man on imax a mistake or???,,Fri Feb 28 17:42:57 +0000 2020,,,,https://twitter.com/witchious/status/1233447512087957504,1233447512087957504,178668309
2020-02-28 17:38:10+00:00,witchious,,0,0,4,here its,,Fri Feb 28 17:38:10 +0000 2020,,,,https://twitter.com/witchious/status/1233446305155944449,1233446305155944449,178668309
2020-02-28 17:14:26+00:00,witchious,THR,0,0,12,she called it what? werent they engaged,,Fri Feb 28 17:14:26 +0000 2020,,,https://twitter.com/THR/status/1232408612280184832,https://twitter.com/witchious/status/1233440334144778246,1233440334144778246,178668309
2020-02-28 17:05:22+00:00,witchious,,1,0,17,"i got a star wars poster but its a smaller and on a iron plate it looks so cool! once other posters that ive ordered arrive, i will redesign my wall and post it here",,Fri Feb 28 17:05:22 +0000 2020,,,,https://twitter.com/witchious/status/1233438052447608832,1233438052447608832,178668309
2020-02-28 17:00:57+00:00,witchious,DANCE0FDRAG0NS,0,0,1,taste! its a really good movie,,Fri Feb 28 17:00:57 +0000 2020,,,,https://twitter.com/witchious/status/1233436940562837505,1233436940562837505,178668309
2020-02-28 16:58:36+00:00,witchious,,1,1,24,hereditary (2018) dir. ari aster,,Fri Feb 28 16:58:36 +0000 2020,,,,https://twitter.com/witchious/status/1233436351380545540,1233436351380545540,178668309
2020-02-28 16:56:17+00:00,witchious,LiamLitman,0,0,1,finally someone said it!!!,,Fri Feb 28 16:56:17 +0000 2020,,,,https://twitter.com/witchious/status/1233435765989871618,1233435765989871618,178668309
2020-02-28 15:55:48+00:00,witchious,guccisnasa,1,0,1,meeeee,,Fri Feb 28 15:55:48 +0000 2020,,,,https://twitter.com/witchious/status/1233420546735513602,1233420546735513602,178668309
2020-02-28 15:53:29+00:00,witchious,guccisnasa,1,0,1,HMMM IDK OMG,,Fri Feb 28 15:53:29 +0000 2020,,,,https://twitter.com/witchious/status/1233419961416155137,1233419961416155137,178668309
2020-02-28 15:50:09+00:00,witchious,guccisnasa,1,0,1,so weird imo,,Fri Feb 28 15:50:09 +0000 2020,,,,https://twitter.com/witchious/status/1233419124837101571,1233419124837101571,178668309
2020-02-27 23:03:08+00:00,witchious,,1,0,14,one of my irls is engaged and he looks just like her middle school/highschool crush ohmygod,,Thu Feb 27 23:03:08 +0000 2020,,,,https://twitter.com/witchious/status/1233165698609881090,1233165698609881090,178668309
2020-02-27 20:22:08+00:00,witchious,,0,2,22,yes,,Thu Feb 27 20:22:08 +0000 2020,,,,https://twitter.com/witchious/status/1233125182539227136,1233125182539227136,178668309
2020-02-27 20:16:41+00:00,witchious,hestlouver,0,0,6,this really aint it,,Thu Feb 27 20:16:41 +0000 2020,,,https://twitter.com/hestlouver/status/1233021169231704064,https://twitter.com/witchious/status/1233123811274391553,1233123811274391553,178668309
2020-02-27 20:06:29+00:00,witchious,thewaterslams,1,0,1,YUP,,Thu Feb 27 20:06:29 +0000 2020,,,,https://twitter.com/witchious/status/1233121241910972417,1233121241910972417,178668309
2020-02-27 17:13:50+00:00,witchious,rivleos,0,0,0,JDDJDHDHDHS,,Thu Feb 27 17:13:50 +0000 2020,,,,https://twitter.com/witchious/status/1233077797159161859,1233077797159161859,178668309
2020-02-27 17:12:15+00:00,witchious,filmsbye,1,0,2,who would do that? -- cuts to 5 white teen girls ,,Thu Feb 27 17:12:15 +0000 2020,,,,https://twitter.com/witchious/status/1233077397681065990,1233077397681065990,178668309
2020-02-27 16:54:36+00:00,witchious,AdamDriverBRA,0,0,26,what is this luv,,Thu Feb 27 16:54:36 +0000 2020,,,https://twitter.com/AdamDriverBRA/status/1233063981092425730,https://twitter.com/witchious/status/1233072955682361346,1233072955682361346,178668309
2020-02-27 15:45:51+00:00,witchious,DANCE0FDRAG0NS,1,0,1,i think we can,,Thu Feb 27 15:45:51 +0000 2020,,,,https://twitter.com/witchious/status/1233055654308433923,1233055654308433923,178668309
2020-02-27 15:45:28+00:00,witchious,ladvbirds,0,0,5,EYEDJDHDHDD,,Thu Feb 27 15:45:28 +0000 2020,,,,https://twitter.com/witchious/status/1233055555360579586,1233055555360579586,178668309
2020-02-27 15:34:48+00:00,witchious,,77,4,163,"film twitter, name the BEST villain",,Thu Feb 27 15:34:48 +0000 2020,,,,https://twitter.com/witchious/status/1233052872096591879,1233052872096591879,178668309
2020-02-27 15:28:04+00:00,witchious,70sidaho,0,0,1, ,,Thu Feb 27 15:28:04 +0000 2020,,,,https://twitter.com/witchious/status/1233051179401326593,1233051179401326593,178668309
2020-02-27 15:21:09+00:00,witchious,,0,0,20,"anakin stans, watching him k word some younglings",,Thu Feb 27 15:21:09 +0000 2020,,,,https://twitter.com/witchious/status/1233049438081429505,1233049438081429505,178668309
2020-02-27 13:02:47+00:00,witchious,DANCE0FDRAG0NS,1,0,1,"what they did in movies/shows is actually the definition of villian, i dont think we should say ""label as villian"" but maybe say that they have god character developments or have depth",,Thu Feb 27 13:02:47 +0000 2020,,,,https://twitter.com/witchious/status/1233014614771802120,1233014614771802120,178668309
2020-02-27 12:53:46+00:00,witchious,DANCE0FDRAG0NS,1,0,1,"i think that they are well-written characters and its totally normal to stan them but they are indeed villians they killed, bullied people they are criminals",,Thu Feb 27 12:53:46 +0000 2020,,,,https://twitter.com/witchious/status/1233012345175203841,1233012345175203841,178668309
2020-02-27 12:47:49+00:00,witchious,,0,0,21,im screaming,,Thu Feb 27 12:47:49 +0000 2020,,,,https://twitter.com/witchious/status/1233010847951224832,1233010847951224832,178668309
2020-02-27 12:16:19+00:00,witchious,stilIgotdemi,0,0,10,or her dad,,Thu Feb 27 12:16:19 +0000 2020,,,,https://twitter.com/witchious/status/1233002921173889026,1233002921173889026,178668309
2020-02-27 12:07:22+00:00,witchious,stilIgotdemi,1,0,0,its from an atricle and the writer was not about the vice versa as far as i read,,Thu Feb 27 12:07:22 +0000 2020,,,,https://twitter.com/witchious/status/1233000668622983168,1233000668622983168,178668309
2020-02-27 09:52:36+00:00,witchious,,0,0,15,you know what i needed that,,Thu Feb 27 09:52:36 +0000 2020,,,,https://twitter.com/witchious/status/1232966757163446273,1232966757163446273,178668309
2020-02-27 09:49:11+00:00,witchious,,0,2,29,"daily reminder that having an abusive relationship past doesnt give you right to belittle/erase others' experiences everyone has different experiences with abuse, everyone's story and feelings are valid",,Thu Feb 27 09:49:11 +0000 2020,,,,https://twitter.com/witchious/status/1232965897159135232,1232965897159135232,178668309
2020-02-27 09:31:56+00:00,witchious,,0,0,0,its so funny how yall baby grown-ass men,,Thu Feb 27 09:31:56 +0000 2020,,,,https://twitter.com/witchious/status/1232961555806982145,1232961555806982145,178668309
2020-02-27 09:26:27+00:00,witchious,guccisnasa,1,0,1,IKR ,,Thu Feb 27 09:26:27 +0000 2020,,,,https://twitter.com/witchious/status/1232960175318949888,1232960175318949888,178668309
2020-02-27 09:25:36+00:00,witchious,tcfiIms,0,0,0,same same honestly,,Thu Feb 27 09:25:36 +0000 2020,,,,https://twitter.com/witchious/status/1232959959786250241,1232959959786250241,178668309
2020-02-27 08:47:57+00:00,witchious,guccisnasa,1,0,1,IKR HOW,,Thu Feb 27 08:47:57 +0000 2020,,,,https://twitter.com/witchious/status/1232950483544924163,1232950483544924163,178668309
2020-02-27 08:45:20+00:00,witchious,TheOnion,2,5,79,"nobody: film twitter, talking about people who go to cinemas by themselves:",,Thu Feb 27 08:45:20 +0000 2020,,,https://twitter.com/TheOnion/status/908845154966089729,https://twitter.com/witchious/status/1232949828033929216,1232949828033929216,178668309
2020-02-27 08:44:22+00:00,witchious,Wparks91,0,0,5,27+3=30 30+45=75,,Thu Feb 27 08:44:22 +0000 2020,,,https://twitter.com/Wparks91/status/1143666051793788928,https://twitter.com/witchious/status/1232949584357396482,1232949584357396482,178668309
2020-02-27 08:40:42+00:00,witchious,99danvers,0,0,1,that looks like the hmm we- meme,,Thu Feb 27 08:40:42 +0000 2020,,,,https://twitter.com/witchious/status/1232948661757370376,1232948661757370376,178668309
2020-02-27 08:09:00+00:00,witchious,lovatossIut,0,0,0,makes sense or maybe i was mutuals/friends with someone who harrassed her,,Thu Feb 27 08:09:00 +0000 2020,,,,https://twitter.com/witchious/status/1232940683998171136,1232940683998171136,178668309
2020-02-27 08:07:47+00:00,witchious,commonpeeople,0,0,0,hmm maybe im mutuals with someone who harrassed her bc back then i didnt even liked ariana or her stans i dont think i was involved in the drama,,Thu Feb 27 08:07:47 +0000 2020,,,,https://twitter.com/witchious/status/1232940377763667969,1232940377763667969,178668309
2020-02-27 07:50:19+00:00,witchious,lovatossIut,1,0,0,"im not an ariana stan, i dont think i was involved in a ariana stan drama but idk",,Thu Feb 27 07:50:19 +0000 2020,,,,https://twitter.com/witchious/status/1232935982242189314,1232935982242189314,178668309
2020-02-27 07:41:58+00:00,witchious,kissychalamets,1,0,1,thats the most libra thing to say ,,Thu Feb 27 07:41:58 +0000 2020,,,,https://twitter.com/witchious/status/1232933881843798021,1232933881843798021,178668309
2020-02-27 07:39:14+00:00,witchious,,1,0,14,i dont even know who they are ,,Thu Feb 27 07:39:14 +0000 2020,,,,https://twitter.com/witchious/status/1232933190802825217,1232933190802825217,178668309
2020-02-27 07:32:03+00:00,witchious,witchious,1,0,1,velvet buzzsaw and enemy were really good too,,Thu Feb 27 07:32:03 +0000 2020,,,,https://twitter.com/witchious/status/1232931383816880129,1232931383816880129,178668309
2020-02-27 07:31:20+00:00,witchious,capitanadanvers,0,0,1,im screaming,,Thu Feb 27 07:31:20 +0000 2020,,,,https://twitter.com/witchious/status/1232931204795682817,1232931204795682817,178668309
2020-02-27 07:28:03+00:00,witchious,heavenlyhelI,2,0,1,watch noctural animals maam one of his best performances,,Thu Feb 27 07:28:03 +0000 2020,,,,https://twitter.com/witchious/status/1232930378974998528,1232930378974998528,178668309
2020-02-27 07:08:07+00:00,witchious,devilwearspugh,0,0,0, ,,Thu Feb 27 07:08:07 +0000 2020,,,,https://twitter.com/witchious/status/1232925361735901184,1232925361735901184,178668309
2020-02-27 07:06:54+00:00,witchious,withenemylines,0,0,1,ilysm sym thank you! you are absolutely right,,Thu Feb 27 07:06:54 +0000 2020,,,,https://twitter.com/witchious/status/1232925056067608576,1232925056067608576,178668309
2020-02-27 07:06:07+00:00,witchious,maximxff_bae,0,0,0,maam eye,,Thu Feb 27 07:06:07 +0000 2020,,,,https://twitter.com/witchious/status/1232924857983217664,1232924857983217664,178668309
2020-02-27 00:58:16+00:00,witchious,,0,0,2,it looks like i meant adam and john read the caption on the pic,,Thu Feb 27 00:58:16 +0000 2020,,,,https://twitter.com/witchious/status/1232832284413304833,1232832284413304833,178668309
2020-02-27 00:56:55+00:00,witchious,,1,3,40,still a better love story than twilight,,Thu Feb 27 00:56:55 +0000 2020,,,,https://twitter.com/witchious/status/1232831945089966081,1232831945089966081,178668309
2020-02-27 00:52:06+00:00,witchious,ShitReylosSay,0,0,11,im screaming,,Thu Feb 27 00:52:06 +0000 2020,,,https://twitter.com/ShitReylosSay/status/1231062056842989569,https://twitter.com/witchious/status/1232830732181086214,1232830732181086214,178668309
2020-02-27 00:47:10+00:00,witchious,suspiriorm,1,0,0,i will cry myself to sleep probably,,Thu Feb 27 00:47:10 +0000 2020,,,,https://twitter.com/witchious/status/1232829492961447936,1232829492961447936,178668309
2020-02-27 00:39:43+00:00,witchious,suspiriorm,1,0,0,honestly same ,,Thu Feb 27 00:39:43 +0000 2020,,,,https://twitter.com/witchious/status/1232827616152956928,1232827616152956928,178668309
2020-02-27 00:31:14+00:00,witchious,vanelloki,0,0,1,apple is giving us everything ,,Thu Feb 27 00:31:14 +0000 2020,,,,https://twitter.com/witchious/status/1232825484255416321,1232825484255416321,178668309
2020-02-27 00:28:20+00:00,witchious,gngsoph,0,0,0, ,,Thu Feb 27 00:28:20 +0000 2020,,,,https://twitter.com/witchious/status/1232824751518822401,1232824751518822401,178668309
2020-02-27 00:26:03+00:00,witchious,vanelloki,1,0,1,you can also crop your videos after you record them you can crop,,Thu Feb 27 00:26:03 +0000 2020,,,,https://twitter.com/witchious/status/1232824179730386944,1232824179730386944,178668309
2020-02-27 00:23:44+00:00,witchious,,0,0,0,"it happened, you warned me i didnt listen i hate it here",,Thu Feb 27 00:23:44 +0000 2020,,,,https://twitter.com/witchious/status/1232823595224752128,1232823595224752128,178668309
2020-02-27 00:18:59+00:00,witchious,BlondDaya,0,0,1, ,,Thu Feb 27 00:18:59 +0000 2020,,,,https://twitter.com/witchious/status/1232822399743201280,1232822399743201280,178668309
2020-02-27 00:17:09+00:00,witchious,BlondDaya,0,0,0,23,,Thu Feb 27 00:17:09 +0000 2020,,,,https://twitter.com/witchious/status/1232821937543557120,1232821937543557120,178668309
2020-02-27 00:16:52+00:00,witchious,gngsoph,1,0,0,"imagine someone saying ""twinkle twinkle little snitch"" irl ",,Thu Feb 27 00:16:52 +0000 2020,,,,https://twitter.com/witchious/status/1232821866395553794,1232821866395553794,178668309
2020-02-27 00:15:57+00:00,witchious,,1,1,40,"i said it before, i will say it again my followers/mutuals who are minors, if any of my tweets ever make you feel even a little bit uncomfortable, feel free to dm me to inform me or directly unfollow. if you feel uncomfortable following an adult, feel free to unfollow me now",,Thu Feb 27 00:15:57 +0000 2020,,,,https://twitter.com/witchious/status/1232821636971290624,1232821636971290624,178668309
2020-02-27 00:08:20+00:00,witchious,,0,0,8,oomfs dming me screenshots of them reporting i didnt even thought of it i love my mutuals,,Thu Feb 27 00:08:20 +0000 2020,,,,https://twitter.com/witchious/status/1232819720694501377,1232819720694501377,178668309
2020-02-26 23:52:22+00:00,witchious,snollygoster123,1,0,20,i dare someone to say one of these with a straight face irl ,,Wed Feb 26 23:52:22 +0000 2020,,,https://twitter.com/snollygoster123/status/1232689509676015617,https://twitter.com/witchious/status/1232815701242589184,1232815701242589184,178668309
2020-02-26 23:37:59+00:00,witchious,greedydemie,1,0,1,"thank you ily i know that they are young, but to be called something that i fight against in real life and on twitter is very hurtful i hope i didnt trigger or hurt any of my followers today",,Wed Feb 26 23:37:59 +0000 2020,,,,https://twitter.com/witchious/status/1232812082237669378,1232812082237669378,178668309
2020-02-26 23:16:24+00:00,witchious,DanySolo420_,1,0,0,"i did not fight or harrass anyone, i replied to you because you disrespected me by calling me uneducated",,Wed Feb 26 23:16:24 +0000 2020,,,,https://twitter.com/witchious/status/1232806650110730240,1232806650110730240,178668309
2020-02-26 23:13:04+00:00,witchious,,2,1,20,"tw/ harrassment ive always been open about my age and i tty to protect my minor followers. i always say that im here for them as a big sister. i even helped a few of my mutuals report accounts that tried to take advantage from them, i would never ever harrass anyone",,Wed Feb 26 23:13:04 +0000 2020,,,,https://twitter.com/witchious/status/1232805813384814598,1232805813384814598,178668309
2020-02-26 23:05:11+00:00,witchious,chokebey,0,0,1, ,,Wed Feb 26 23:05:11 +0000 2020,,,,https://twitter.com/witchious/status/1232803828380073989,1232803828380073989,178668309
2020-02-26 23:01:40+00:00,witchious,earthlyfay,0,0,2,"show me where i draw the line, maam if you are mad at people who ship or stan these villians go rent under their tweets, not mine",,Wed Feb 26 23:01:40 +0000 2020,,,https://twitter.com/earthlyfay/status/1232802313812578305,https://twitter.com/witchious/status/1232802941565906944,1232802941565906944,178668309
2020-02-26 23:00:18+00:00,witchious,mantisnebula,0,0,1,"honestly i have no idea, ididnt understand half of what they were saying",,Wed Feb 26 23:00:18 +0000 2020,,,,https://twitter.com/witchious/status/1232802599004446720,1232802599004446720,178668309
2020-02-26 22:58:07+00:00,witchious,,0,0,12,the fact that i completed a whole psychiatry internship and people think i dont know what toxicity and abuse means ,,Wed Feb 26 22:58:07 +0000 2020,,,,https://twitter.com/witchious/status/1232802047650672645,1232802047650672645,178668309
2020-02-26 22:51:01+00:00,witchious,,2,0,26,twitter is a fucked up place someone is telling me i dont know what a toxic/abusive relationship is because they been through one please stop assuming what people been through its really triggering for me i hope yall learn how not to be an disgusting person someday,,Wed Feb 26 22:51:01 +0000 2020,,,,https://twitter.com/witchious/status/1232800261611106306,1232800261611106306,178668309
2020-02-26 22:47:11+00:00,witchious,jeditaika,1,0,1,i cant believe someone actually told me that idk what a toxic relationship without knowing who iam or what i mean through lmao,,Wed Feb 26 22:47:11 +0000 2020,,,,https://twitter.com/witchious/status/1232799296191332353,1232799296191332353,178668309
2020-02-26 22:43:22+00:00,witchious,earthlyfay,0,0,3,yall make shit up like this just to drag people and to get likes honestly its just funny i dont even know a regina ,,Wed Feb 26 22:43:22 +0000 2020,,,https://twitter.com/earthlyfay/status/1232797726531653633,https://twitter.com/witchious/status/1232798336723431424,1232798336723431424,178668309
2020-02-26 22:35:34+00:00,witchious,,0,0,6,nobody: me:,,Wed Feb 26 22:35:34 +0000 2020,,,,https://twitter.com/witchious/status/1232796373747208192,1232796373747208192,178668309
2020-02-26 22:34:18+00:00,witchious,,0,0,11,BoP in imax was an experience like a WHOLE EXPERIENCE,,Wed Feb 26 22:34:18 +0000 2020,,,,https://twitter.com/witchious/status/1232796053763653632,1232796053763653632,178668309
2020-02-26 21:32:45+00:00,witchious,,0,0,18,"if this means she wont be mystique again, im ready",,Wed Feb 26 21:32:45 +0000 2020,,,,https://twitter.com/witchious/status/1232780563813142537,1232780563813142537,178668309
2020-02-26 21:00:53+00:00,witchious,,0,0,6,then why are you showing me??,,Wed Feb 26 21:00:53 +0000 2020,,,,https://twitter.com/witchious/status/1232772547810332672,1232772547810332672,178668309
2020-02-26 20:08:20+00:00,witchious,,0,0,4,"last week a patient yelled at our resident because she was wearing a mask, apparently ""it makes them feel like they have a contiguous illness"" idk what to tell yall there is something wrong but im not sure what is",,Wed Feb 26 20:08:20 +0000 2020,,,,https://twitter.com/witchious/status/1232759321202692103,1232759321202692103,178668309
2020-02-26 20:05:37+00:00,witchious,,1,0,13,"since im an atopic person, today at the subway, i started sneezing because of someone's parfume and the this lady next me thought i was sick and she covered her mouth and nose with her hand and got up from her seats",,Wed Feb 26 20:05:37 +0000 2020,,,,https://twitter.com/witchious/status/1232758638932090880,1232758638932090880,178668309
2020-02-26 19:24:47+00:00,witchious,dianaprinec,1,0,1,also true but idk we should've known white men celebrities are disgusting,,Wed Feb 26 19:24:47 +0000 2020,,,,https://twitter.com/witchious/status/1232748361121443843,1232748361121443843,178668309
2020-02-26 19:23:10+00:00,witchious,,0,0,7,i thot i was hufflepuff how is this possible,,Wed Feb 26 19:23:10 +0000 2020,,,,https://twitter.com/witchious/status/1232747956299800576,1232747956299800576,178668309
2020-02-26 19:05:47+00:00,witchious,,0,0,12,i just cant believe i lit rally said paul is underrated like i would like to apologize,,Wed Feb 26 19:05:47 +0000 2020,,,,https://twitter.com/witchious/status/1232743579489067009,1232743579489067009,178668309
2020-02-26 19:03:05+00:00,witchious,stilIgotdemi,0,0,2,"imo they are both abusive and disgusting, but i was shocked what paul said its so sick and disturbing",,Wed Feb 26 19:03:05 +0000 2020,,,,https://twitter.com/witchious/status/1232742902599737353,1232742902599737353,178668309
2020-02-26 18:42:47+00:00,witchious,,0,0,0,they both are so toxic,,Wed Feb 26 18:42:47 +0000 2020,,,,https://twitter.com/witchious/status/1232737792939216896,1232737792939216896,178668309
2020-02-26 18:41:19+00:00,witchious,,0,0,4,i lit rally can never trust a men like EVER,,Wed Feb 26 18:41:19 +0000 2020,,,,https://twitter.com/witchious/status/1232737424645685249,1232737424645685249,178668309
2020-02-26 16:51:26+00:00,witchious,witchious,0,0,12,"when i first watched this i was 13/14 and i was scared as hell wasnt able finish it, i watched it last night and i was like why tf was i scared ",,Wed Feb 26 16:51:26 +0000 2020,,,https://twitter.com/witchious/status/1232707023202082817,https://twitter.com/witchious/status/1232709768239775746,1232709768239775746,178668309
2020-02-26 16:40:31+00:00,witchious,,1,0,19,sucker punch (2011) dir. zack snyder,,Wed Feb 26 16:40:31 +0000 2020,,,,https://twitter.com/witchious/status/1232707023202082817,1232707023202082817,178668309
