date,username,to,replies,retweets,favorites,text,mentions,formatted_date,geo,hashtags,urls,permalink,ID,author_id
2020-02-28 22:45:38+00:00,xdiordepp,,0,3,22,MA DOVE STANNO RICKY MARTIN CHE URLA UEPPAAA RAFAEL CO TUTTA CUBA APPRESSO UMBERTO A PETTO NUDO CHE SCUOTE LE CHIAPPE MA CHE É STA BARACCONATA VI PREGO IO MI RIFIUTO #Amici19,,Fri Feb 28 22:45:38 +0000 2020,,#Amici19,,https://twitter.com/xdiordepp/status/1233523683827867648,1233523683827867648,1193512360188825600
2020-02-28 22:40:02+00:00,xdiordepp,,0,36,355,Timor Steffens che per la prima volta balla al serale di Amici. L'unica cosa bella vista finora. RENDIAMO GRAZIE AL SIGNORE #Amici19,,Fri Feb 28 22:40:02 +0000 2020,,#Amici19,,https://twitter.com/xdiordepp/status/1233522272486535168,1233522272486535168,1193512360188825600
2020-02-28 22:33:34+00:00,xdiordepp,babycake2512,0,0,0,Non credo che il budget centri. Boh so solo che fa schifo,,Fri Feb 28 22:33:34 +0000 2020,,,,https://twitter.com/xdiordepp/status/1233520647399145472,1233520647399145472,1193512360188825600
2020-02-28 22:30:00+00:00,xdiordepp,gaiaphalange,0,0,0,volo,,Fri Feb 28 22:30:00 +0000 2020,,,,https://twitter.com/xdiordepp/status/1233519747884572677,1233519747884572677,1193512360188825600
2020-02-28 22:26:03+00:00,xdiordepp,RosWinchester,1,0,8,CHE COSA CAZZO STO VEDENDO SONO SENZA FIATO,,Fri Feb 28 22:26:03 +0000 2020,,,,https://twitter.com/xdiordepp/status/1233518753431932937,1233518753431932937,1193512360188825600
2020-02-28 22:20:36+00:00,xdiordepp,babycake2512,1,0,0,Infatti. Non capisco il senso di tutto ciò,,Fri Feb 28 22:20:36 +0000 2020,,,,https://twitter.com/xdiordepp/status/1233517383538663425,1233517383538663425,1193512360188825600
2020-02-28 22:12:55+00:00,xdiordepp,,0,0,1,Questo serale é talmente osceno che rimpiango Vittorio Grigolo #Amici19,,Fri Feb 28 22:12:55 +0000 2020,,#Amici19,,https://twitter.com/xdiordepp/status/1233515448983007232,1233515448983007232,1193512360188825600
2020-02-28 22:11:11+00:00,xdiordepp,babycake2512,1,0,0,Seguo amici da anni e non ho mai visto un serale più schifoso.,,Fri Feb 28 22:11:11 +0000 2020,,,,https://twitter.com/xdiordepp/status/1233515012125265921,1233515012125265921,1193512360188825600
2020-02-28 22:05:01+00:00,xdiordepp,,1,1,3,Cioè fatemi capire sono le 23 e abbiamo già il primo eliminato e il primo accesso alla seconda puntata ma che é sta pagliacciata ma ridateci le sfide a squadre di corsa #Amici19,,Fri Feb 28 22:05:01 +0000 2020,,#Amici19,,https://twitter.com/xdiordepp/status/1233513460945883139,1233513460945883139,1193512360188825600
2020-02-28 20:50:12+00:00,xdiordepp,roxx8825,1,0,2,He's really cute,,Fri Feb 28 20:50:12 +0000 2020,,,,https://twitter.com/xdiordepp/status/1233494635131088899,1233494635131088899,1193512360188825600
2020-02-28 20:24:58+00:00,xdiordepp,xdiordepp,0,0,2,-quando vincerà il processo non riporteranno nemmeno la notizia. Ormai la loro missione é di distruggerlo. Ha fatto la stessa fine di Michael Jackson.,,Fri Feb 28 20:24:58 +0000 2020,,,,https://twitter.com/xdiordepp/status/1233488283365146628,1233488283365146628,1193512360188825600
2020-02-28 20:24:01+00:00,xdiordepp,itsrdrm,1,0,2,No questo era un pre hearing. Il processo comincia a marzo. Vi consiglio di non leggerli più i giornali perché tanto diffondono solo menzogne su Johnny. Le uniche fonti affidabili sono i documenti sul sito del tribunale. Tanto scommetto che-,,Fri Feb 28 20:24:01 +0000 2020,,,,https://twitter.com/xdiordepp/status/1233488044738650124,1233488044738650124,1193512360188825600
2020-02-28 20:06:14+00:00,xdiordepp,LordStarkPotter,1,0,0,We just have to wait and see,,Fri Feb 28 20:06:14 +0000 2020,,,,https://twitter.com/xdiordepp/status/1233483569550544898,1233483569550544898,1193512360188825600
2020-02-28 20:04:50+00:00,xdiordepp,itsrdrm,1,0,1,Fra un paio di settimane comincerà il processo contro il The Sun per diffamazione e questa storia finirà. Ad agosto ci sarà quello contro Amber Heard.,,Fri Feb 28 20:04:50 +0000 2020,,,,https://twitter.com/xdiordepp/status/1233483214695665666,1233483214695665666,1193512360188825600
2020-02-28 20:01:24+00:00,xdiordepp,LordStarkPotter,1,0,0,But if we want good content we have to wait,,Fri Feb 28 20:01:24 +0000 2020,,,,https://twitter.com/xdiordepp/status/1233482350639669248,1233482350639669248,1193512360188825600
2020-02-28 19:52:06+00:00,xdiordepp,LordStarkPotter,1,0,0,Same. Super excited to see the new movie,,Fri Feb 28 19:52:06 +0000 2020,,,,https://twitter.com/xdiordepp/status/1233480011010756609,1233480011010756609,1193512360188825600
2020-02-28 19:46:14+00:00,xdiordepp,LordStarkPotter,1,0,0,Before joining the dark side,,Fri Feb 28 19:46:14 +0000 2020,,,,https://twitter.com/xdiordepp/status/1233478535647506433,1233478535647506433,1193512360188825600
2020-02-28 19:41:07+00:00,xdiordepp,LordStarkPotter,1,0,0,Yess,,Fri Feb 28 19:41:07 +0000 2020,,,,https://twitter.com/xdiordepp/status/1233477246859563010,1233477246859563010,1193512360188825600
2020-02-28 19:11:47+00:00,xdiordepp,,2,0,3,Serious question. I've been wondering about this and I need an answer. As a bi curious/questioning can I consider myself as part of the LGBQT community?,,Fri Feb 28 19:11:47 +0000 2020,,,,https://twitter.com/xdiordepp/status/1233469864490262530,1233469864490262530,1193512360188825600
2020-02-28 18:29:15+00:00,xdiordepp,,0,0,0,"@ClaireShrugged you are a liar, an abuse apologist, a hypocrite, unprofessional and unethical. You are not a feminist, you're simply a man hater and we don't wanna be associated with your abusive ass. I hope Johnny Depp's legal team sees your slanderous lies and sues you. Clown.",@ClaireShrugged,Fri Feb 28 18:29:15 +0000 2020,,,,https://twitter.com/xdiordepp/status/1233459161100365826,1233459161100365826,1193512360188825600
2020-02-28 17:05:08+00:00,xdiordepp,,1,3,13,Grindelwald and Arthur Wesley in a suit shop,,Fri Feb 28 17:05:08 +0000 2020,,,,https://twitter.com/xdiordepp/status/1233437992221540358,1233437992221540358,1193512360188825600
2020-02-28 16:54:42+00:00,xdiordepp,applexead,2,0,2,If she's referring to that phone conversation he did say he didn't have actual sex with his gfs cause he believed in sex after marriage or something like that. But I don't see why it's such a big deal for these people. His sex life is none of our business,,Fri Feb 28 16:54:42 +0000 2020,,,,https://twitter.com/xdiordepp/status/1233435369179435009,1233435369179435009,1193512360188825600
2020-02-28 15:39:14+00:00,xdiordepp,,0,2,13,Jake Gyllenhaal has no idea how to hold a dog,,Fri Feb 28 15:39:14 +0000 2020,,,,https://twitter.com/xdiordepp/status/1233416375617630208,1233416375617630208,1193512360188825600
2020-02-28 15:08:04+00:00,xdiordepp,concretemikey,1,0,5,But even if he was WHO CARES. Why are they so obsessed with his sex life.,,Fri Feb 28 15:08:04 +0000 2020,,,,https://twitter.com/xdiordepp/status/1233408534727004160,1233408534727004160,1193512360188825600
2020-02-28 14:47:34+00:00,xdiordepp,xdiordepp,1,0,3,-indirizzati a lei. E per questo non saranno ammissibili come prova al processo. Tutto ciò si trova sul sito del tribunale http://fairfax.com I tabloid che scrivono a pezzi e bocconi li lascio a voi.,,Fri Feb 28 14:47:34 +0000 2020,,,http://fairfax.com,https://twitter.com/xdiordepp/status/1233403372134379521,1233403372134379521,1193512360188825600
2020-02-28 14:46:01+00:00,xdiordepp,xdiordepp,1,0,2,"-sono due sms scambiati con un amico, in cui dice che vorrebbe ucciderla ma aggiunge anche che non potrebbe farlo mai perché la ama. Parole the chiunque usa contro i propri carnefici, mi sembra normale. Di fatto non costituisce alcuna minaccia perché non erano-",,Fri Feb 28 14:46:01 +0000 2020,,,,https://twitter.com/xdiordepp/status/1233402983305666561,1233402983305666561,1193512360188825600
2020-02-28 14:44:42+00:00,xdiordepp,xdiordepp,1,0,2,-presentato in tribunale le prove che avesse mentito. Tra l'altro gli stessi manager di produzione hanno testimoniato in suo favore. 4. Non esiste alcun video in cui Johnny metta le mani addosso ad Amber. 5. Non esistono audio in cui Johnny dica ad Amber di volerla uccidere.,,Fri Feb 28 14:44:42 +0000 2020,,,,https://twitter.com/xdiordepp/status/1233402653989834752,1233402653989834752,1193512360188825600
2020-02-28 14:43:20+00:00,xdiordepp,xdiordepp,1,0,2,"2. L'ordine restrittivo era ambo le parti per precauzione (tra l'altro lei non lo ha neanche rispettato perché continuava a contattare Johnny) 3. L'unico che ha detto che Johnny era violento sul set ha ritirato le accuse prima di andare a processo, una volta che Johnny ha-",,Fri Feb 28 14:43:20 +0000 2020,,,,https://twitter.com/xdiordepp/status/1233402306802089985,1233402306802089985,1193512360188825600
2020-02-28 14:41:14+00:00,xdiordepp,xdiordepp,1,0,2,"1. I soldi che Johnny ha dovuto dare ad Amber erano per il divorzio, perché non avevano firmato un accordo pre matrimoniale. Inoltre non risulta da nessuna parte che abbia dato i soldi in beneficenza. Le sue accuse sono state rigettate dal tribunale. Dropped with prejudice""",,Fri Feb 28 14:41:14 +0000 2020,,,,https://twitter.com/xdiordepp/status/1233401778131152896,1233401778131152896,1193512360188825600
2020-02-28 14:34:55+00:00,xdiordepp,xdiordepp,1,0,0,*incastrarlo,,Fri Feb 28 14:34:55 +0000 2020,,,,https://twitter.com/xdiordepp/status/1233400191975333894,1233400191975333894,1193512360188825600
2020-02-28 14:34:07+00:00,xdiordepp,xdiordepp,1,0,0,Non capisco perché sia così difficile da accettare che l'unica violenta tra i due era lei.,,Fri Feb 28 14:34:07 +0000 2020,,,,https://twitter.com/xdiordepp/status/1233399989306523649,1233399989306523649,1193512360188825600
2020-02-28 14:33:06+00:00,xdiordepp,xdiordepp,2,0,0,"Ci sono prove di ogni tipo che dimostrano che lei abbia mentito e organizzato tutto per incontrarlo. Più di 40 testimoni, registrazioni telefoniche, foto con metadata, dichiarazioni della polizia e più di 80 video delle telecamere di sorveglianza.",,Fri Feb 28 14:33:06 +0000 2020,,,,https://twitter.com/xdiordepp/status/1233399731713388544,1233399731713388544,1193512360188825600
2020-02-28 14:31:26+00:00,xdiordepp,xdiordepp,1,0,0,Sanno che perderanno il processo quindi l'unica cosa che possono fare é diffondere altre bugie per tentare di metterlo in cattiva luce.,,Fri Feb 28 14:31:26 +0000 2020,,,,https://twitter.com/xdiordepp/status/1233399313511960576,1233399313511960576,1193512360188825600
2020-02-28 14:30:42+00:00,xdiordepp,Magic_Charly,2,0,0,"Hanno pubblicato questi sms, tra l'altro senza contesto semplicemente per cercare di infangare Johnny dal punto di vista dell'immagine. Perché non sono ammissibili al processo come prova, dato che non hanno alcuna rilevanza o correlazione.",,Fri Feb 28 14:30:42 +0000 2020,,,,https://twitter.com/xdiordepp/status/1233399130753576965,1233399130753576965,1193512360188825600
2020-02-28 14:28:52+00:00,xdiordepp,BarbieXanax,1,0,1,Sei tu che devi imparare l'italiano. Io infatti mi riferivo al tuo punto dove dici che nei documenti legali Johnny afferma di aver confessato di averla menata. É una menzogna. Non esiste niente di tutto ciò.,,Fri Feb 28 14:28:52 +0000 2020,,,,https://twitter.com/xdiordepp/status/1233398669019402240,1233398669019402240,1193512360188825600
2020-02-28 13:53:01+00:00,xdiordepp,ElettraLambo,1,1,163,E pure elettra Lamborghini ruba i tweet,,Fri Feb 28 13:53:01 +0000 2020,,,,https://twitter.com/xdiordepp/status/1233389644777172993,1233389644777172993,1193512360188825600
2020-02-28 13:51:48+00:00,xdiordepp,scarletfrxst,0,0,1,Yikes,,Fri Feb 28 13:51:48 +0000 2020,,,,https://twitter.com/xdiordepp/status/1233389339721293825,1233389339721293825,1193512360188825600
2020-02-28 13:49:59+00:00,xdiordepp,TortugaHoe,0,0,1,"Journalism is literally dead. We're experiencing their total lack of professionalism in my country as well, from politics to gossip and everything in between.",,Fri Feb 28 13:49:59 +0000 2020,,,,https://twitter.com/xdiordepp/status/1233388884458905601,1233388884458905601,1193512360188825600
2020-02-28 11:46:36+00:00,xdiordepp,,1,1,4,happy #StupidLove day,,Fri Feb 28 11:46:36 +0000 2020,,#StupidLove #StupidLove,,https://twitter.com/xdiordepp/status/1233357831082061824,1233357831082061824,1193512360188825600
2020-02-28 11:36:03+00:00,xdiordepp,paccopolacco,0,0,0,Ma come avete fatto a capire che é lui?,,Fri Feb 28 11:36:03 +0000 2020,,,,https://twitter.com/xdiordepp/status/1233355177819803649,1233355177819803649,1193512360188825600
2020-02-28 11:33:42+00:00,xdiordepp,paccopolacco,1,0,0,Aspetta ma ha Twitter???,,Fri Feb 28 11:33:42 +0000 2020,,,,https://twitter.com/xdiordepp/status/1233354587203080192,1233354587203080192,1193512360188825600
2020-02-28 11:33:29+00:00,xdiordepp,paccopolacco,0,0,0,Ahahahaahahah,,Fri Feb 28 11:33:29 +0000 2020,,,,https://twitter.com/xdiordepp/status/1233354532857548800,1233354532857548800,1193512360188825600
2020-02-28 11:12:57+00:00,xdiordepp,,2,4,28,Jack Depp is turning into young Johnny I need to lay down...,,Fri Feb 28 11:12:57 +0000 2020,,,,https://twitter.com/xdiordepp/status/1233349364564856832,1233349364564856832,1193512360188825600
2020-02-28 11:05:16+00:00,xdiordepp,ultracheeesee,0,0,1,Quante coincidenze ,,Fri Feb 28 11:05:16 +0000 2020,,,,https://twitter.com/xdiordepp/status/1233347431858917379,1233347431858917379,1193512360188825600
2020-02-28 10:59:32+00:00,xdiordepp,ultracheeesee,1,0,2,Proprio ieri mi é capitata davanti questa foto su IG,,Fri Feb 28 10:59:32 +0000 2020,,,,https://twitter.com/xdiordepp/status/1233345985524297728,1233345985524297728,1193512360188825600
2020-02-28 10:51:01+00:00,xdiordepp,xdiordepp,0,2,2,The fans need to learn not to be deceived by a couple of boosted tweets. They don't represent the real world and the public opinion.,,Fri Feb 28 10:51:01 +0000 2020,,,,https://twitter.com/xdiordepp/status/1233343843724091394,1233343843724091394,1193512360188825600
2020-02-28 10:49:41+00:00,xdiordepp,fantasticleak16,1,0,0,Yea but they've discredited themselves at this point. The entire world saw their hypocrisy. Me too has died and it's considered a joke now. The masses are on Johnny's side finally.,,Fri Feb 28 10:49:41 +0000 2020,,,,https://twitter.com/xdiordepp/status/1233343507168944133,1233343507168944133,1193512360188825600
2020-02-28 10:46:39+00:00,xdiordepp,fantasticleak16,1,0,1,Yea same. We've been seeing this for years now. Whenever Johnny's team spills new tea we get a wave of trolls spreading lies right before and after. It's a calculated PR smear campaign. But this time is not working.,,Fri Feb 28 10:46:39 +0000 2020,,,,https://twitter.com/xdiordepp/status/1233342744409640960,1233342744409640960,1193512360188825600
2020-02-28 10:42:56+00:00,xdiordepp,xdiordepp,0,0,0,*than her,,Fri Feb 28 10:42:56 +0000 2020,,,,https://twitter.com/xdiordepp/status/1233341810015113216,1233341810015113216,1193512360188825600
2020-02-28 10:42:11+00:00,xdiordepp,xdiordepp,2,0,1,"Like, who is Amber Heard? What has she done to have fans? IG influencers are more relevant than. That's why I don't even waste time fighting with her supporters on Twitter. They're doing their job.",,Fri Feb 28 10:42:11 +0000 2020,,,,https://twitter.com/xdiordepp/status/1233341622496219138,1233341622496219138,1193512360188825600
2020-02-28 10:40:01+00:00,xdiordepp,fantasticleak16,1,0,2,I absolutely agree. It's so transparent that her support is not organic. Also why would all these people be so obsessed in defending a Z list actress that has not a single relevant role?,,Fri Feb 28 10:40:01 +0000 2020,,,,https://twitter.com/xdiordepp/status/1233341075705692160,1233341075705692160,1193512360188825600
2020-02-28 10:30:55+00:00,xdiordepp,jacxpearl,2,0,2,Her stans are very likely paid bots. She's a no one I doubt she has real fans these days.,,Fri Feb 28 10:30:55 +0000 2020,,,,https://twitter.com/xdiordepp/status/1233338785188007936,1233338785188007936,1193512360188825600
2020-02-28 10:09:17+00:00,xdiordepp,xdiordepp,0,0,0,"-""questo però non sono io, non potrei mai fare nulla alla persona che amo"". FATE SCHIFO. IPOCRITE DI MERDA.",,Fri Feb 28 10:09:17 +0000 2020,,,,https://twitter.com/xdiordepp/status/1233333339995725824,1233333339995725824,1193512360188825600
2020-02-28 10:08:25+00:00,xdiordepp,Noviolenzadonne,2,0,0,"Ma vai a cagare. Questa l'ha quasi ucciso e ti aspetti che non si sfoghi con un amico? Chiunque ha certi pensieri sui propri carnefici, anche se poi non fa niente. E mi sorprenderebbe il contrario. Tant'è che nel messaggio successivo Johnny dice-",,Fri Feb 28 10:08:25 +0000 2020,,,,https://twitter.com/xdiordepp/status/1233333124077178880,1233333124077178880,1193512360188825600
2020-02-28 09:24:38+00:00,xdiordepp,,0,8,35,Friendly reminder that Amber Heard has paid bots on both instagram and Twitter that fake support for her and spread lie after lie about Johnny Depp.,,Fri Feb 28 09:24:38 +0000 2020,,,,https://twitter.com/xdiordepp/status/1233322105460187137,1233322105460187137,1193512360188825600
2020-02-28 09:15:15+00:00,xdiordepp,DarlaDru2,0,0,5,If they didn't fire him when the whole thing started and the entire world was against him and thought he was guilty they're not gonna fire him now that his reputation has been redeemed. You guys need to stay rational,,Fri Feb 28 09:15:15 +0000 2020,,,,https://twitter.com/xdiordepp/status/1233319742187937792,1233319742187937792,1193512360188825600
2020-02-27 22:21:35+00:00,xdiordepp,,0,1,4,The only bad thing Johnny ever did was not doing what he said he wanted to do in those texts,,Thu Feb 27 22:21:35 +0000 2020,,,,https://twitter.com/xdiordepp/status/1233155242214203397,1233155242214203397,1193512360188825600
2020-02-27 20:41:33+00:00,xdiordepp,CCianniello,2,0,1,"E sei libera di fare quello che vuoi infatti ma chi non sa come stanno le cose, proprio per questo non deve parlare e mettere in giro roba totalmente inventata. O ci si documenta o si sta zitti.",,Thu Feb 27 20:41:33 +0000 2020,,,,https://twitter.com/xdiordepp/status/1233130066948894727,1233130066948894727,1193512360188825600
2020-02-27 20:37:25+00:00,xdiordepp,DarlaDru2,0,0,2,Not an actor but MJ went through that and sadly even worse.,,Thu Feb 27 20:37:25 +0000 2020,,,,https://twitter.com/xdiordepp/status/1233129029848510476,1233129029848510476,1193512360188825600
2020-02-27 20:36:04+00:00,xdiordepp,TortugaHoe,0,0,1,No thankfully. Fandom names are cringe af ,,Thu Feb 27 20:36:04 +0000 2020,,,,https://twitter.com/xdiordepp/status/1233128687371005954,1233128687371005954,1193512360188825600
2020-02-27 20:30:51+00:00,xdiordepp,CCianniello,1,0,1,Lo vedi che non sapete niente? Non é vero. Johnny l'ha denunciata per diffamazione e andranno a processo ad Agosto. I documenti sono tutti online sul sito del tribunale perché Johnny vuole che sia reso tutto pubblico per chiarire la sua immagine una volta per tutte.,,Thu Feb 27 20:30:51 +0000 2020,,,,https://twitter.com/xdiordepp/status/1233127375166222340,1233127375166222340,1193512360188825600
2020-02-27 20:29:36+00:00,xdiordepp,roxx8825,0,0,0,Literally the best in the world. It has been a traumatic loss for me. I'll never accept it.,,Thu Feb 27 20:29:36 +0000 2020,,,,https://twitter.com/xdiordepp/status/1233127059733520385,1233127059733520385,1193512360188825600
2020-02-27 19:24:32+00:00,xdiordepp,,1,1,4,"A year ago I lost my cat. I haven't been able to talk about him or mention him ever since, but I haven't gone a single day without thinking about him at least once a day. A part of me died with him.",,Thu Feb 27 19:24:32 +0000 2020,,,,https://twitter.com/xdiordepp/status/1233110688127705098,1233110688127705098,1193512360188825600
2020-02-27 19:10:51+00:00,xdiordepp,xdiordepp,0,1,3,Non ci sono documenti che attestano che Johnny abbia mai detto di averla menata. Nemmeno uno. Non diffondere stronzate grazie,,Thu Feb 27 19:10:51 +0000 2020,,,,https://twitter.com/xdiordepp/status/1233107241731010561,1233107241731010561,1193512360188825600
2020-02-27 19:07:55+00:00,xdiordepp,xdiordepp,2,1,4,Se non sai di cosa stai parlando dovresti continuare a tacere.,,Thu Feb 27 19:07:55 +0000 2020,,,,https://twitter.com/xdiordepp/status/1233106506943549440,1233106506943549440,1193512360188825600
2020-02-27 19:07:21+00:00,xdiordepp,BarbieXanax,2,1,8,"Non c'è un singolo documento legale che provi che Johnny abbia mai toccato Amber. Al contrario, Johnny ha testimoni, referti, video, foto e documenti che provano la sua innocenza e le violenze subite, tra cui la stessa confessione di lei. Tutto sul sito del tribunale.",,Thu Feb 27 19:07:21 +0000 2020,,,,https://twitter.com/xdiordepp/status/1233106362583912449,1233106362583912449,1193512360188825600
2020-02-27 18:30:14+00:00,xdiordepp,_justhal,0,0,96,Already sued. Trial starts next August,,Thu Feb 27 18:30:14 +0000 2020,,,,https://twitter.com/xdiordepp/status/1233097022690988035,1233097022690988035,1193512360188825600
2020-02-27 17:17:13+00:00,xdiordepp,ultracheeesee,1,0,1, ,,Thu Feb 27 17:17:13 +0000 2020,,,,https://twitter.com/xdiordepp/status/1233078644643332101,1233078644643332101,1193512360188825600
2020-02-27 14:25:25+00:00,xdiordepp,,0,0,1,Walk on water is one of Eminem's best songs of all time. It makes me emotional every time.,,Thu Feb 27 14:25:25 +0000 2020,,,,https://twitter.com/xdiordepp/status/1233035412735746048,1233035412735746048,1193512360188825600
2020-02-27 14:16:55+00:00,xdiordepp,BodaciousKeanuu,1,0,1,"Yea but no only that, my main problem is how they constantly spread (by replying and quoting) negative tweets full of lies and bs that would go unnoticed if they didn't engage with them. They need to ignore accounts that have no interaction.",,Thu Feb 27 14:16:55 +0000 2020,,,,https://twitter.com/xdiordepp/status/1233033273716199431,1233033273716199431,1193512360188825600
2020-02-27 14:03:51+00:00,xdiordepp,BodaciousKeanuu,1,0,1,It's not hard to be reasonable. Hope they get it sooner or later cause this behaviour will do us no good,,Thu Feb 27 14:03:51 +0000 2020,,,,https://twitter.com/xdiordepp/status/1233029984446447616,1233029984446447616,1193512360188825600
2020-02-27 14:01:34+00:00,xdiordepp,BodaciousKeanuu,1,0,1,IT'S CRAZY HOW THEY DON'T UNDERSTAND IT AND GET PRESSED IF YOU POINT IT OUT,,Thu Feb 27 14:01:34 +0000 2020,,,,https://twitter.com/xdiordepp/status/1233029409793290240,1233029409793290240,1193512360188825600
2020-02-27 12:50:38+00:00,xdiordepp,inesfguerreiro,1,0,3,That hand gesture has a meaning. We do it when it's required. If you started doing it for no reason while talking you'd look stupid af,,Thu Feb 27 12:50:38 +0000 2020,,,,https://twitter.com/xdiordepp/status/1233011558474747904,1233011558474747904,1193512360188825600
2020-02-27 12:42:27+00:00,xdiordepp,Aithusa44,0,0,0,Bello come il sole,,Thu Feb 27 12:42:27 +0000 2020,,,,https://twitter.com/xdiordepp/status/1233009500799500293,1233009500799500293,1193512360188825600
2020-02-27 10:49:46+00:00,xdiordepp,__sobriii,0,0,1,Smart kid,,Thu Feb 27 10:49:46 +0000 2020,,,,https://twitter.com/xdiordepp/status/1232981140673355782,1232981140673355782,1193512360188825600
2020-02-27 10:37:59+00:00,xdiordepp,,1,0,8,I hope Johnny's fans are proud of themselves. Smh,,Thu Feb 27 10:37:59 +0000 2020,,,,https://twitter.com/xdiordepp/status/1232978174558064640,1232978174558064640,1193512360188825600
2020-02-27 01:37:35+00:00,xdiordepp,queenbpip,0,0,0,I don't even know why I'm talking about this but I thought about wanting to see my father de*d more than once. There's nothing wrong with Johnny's texts. He has every right to have ugly thoughts about his abuser.,,Thu Feb 27 01:37:35 +0000 2020,,,,https://twitter.com/xdiordepp/status/1232842180512952321,1232842180512952321,1193512360188825600
2020-02-27 01:30:51+00:00,xdiordepp,hyukainist,0,0,1,Never thought that being scared by numbers or by virtual accounts on a social network could actually be a thing,,Thu Feb 27 01:30:51 +0000 2020,,,,https://twitter.com/xdiordepp/status/1232840483568865283,1232840483568865283,1193512360188825600
2020-02-27 01:23:56+00:00,xdiordepp,Mione48,1,0,1,"I mean she actually is exposed now, but still not legally so yea",,Thu Feb 27 01:23:56 +0000 2020,,,,https://twitter.com/xdiordepp/status/1232838743435960321,1232838743435960321,1193512360188825600
2020-02-27 01:14:29+00:00,xdiordepp,Mione48,1,0,2,"As I already said, we've been through hell and back and they've already done everything they could possibly do to smear him so it can only get better from now on. We've already seen it all",,Thu Feb 27 01:14:29 +0000 2020,,,,https://twitter.com/xdiordepp/status/1232836368717447168,1232836368717447168,1193512360188825600
2020-02-27 01:12:28+00:00,xdiordepp,,0,2,8,This is the face of a man who has this in the bag and he knows it. Justice is coming,,Thu Feb 27 01:12:28 +0000 2020,,,,https://twitter.com/xdiordepp/status/1232835859927441408,1232835859927441408,1193512360188825600
2020-02-27 01:08:34+00:00,xdiordepp,Mione48,1,0,1,They got this. Can't wait for this trial to start,,Thu Feb 27 01:08:34 +0000 2020,,,,https://twitter.com/xdiordepp/status/1232834879202656259,1232834879202656259,1193512360188825600
2020-02-27 01:06:01+00:00,xdiordepp,SkLumos,0,0,1,Ahahahah yes,,Thu Feb 27 01:06:01 +0000 2020,,,,https://twitter.com/xdiordepp/status/1232834237184782337,1232834237184782337,1193512360188825600
2020-02-26 21:28:22+00:00,xdiordepp,concretemikey,0,0,10,That just shows he didn't want social media. And they immediately made an account right after his death to exploit him.,,Wed Feb 26 21:28:22 +0000 2020,,,,https://twitter.com/xdiordepp/status/1232779462456041473,1232779462456041473,1193512360188825600
2020-02-26 21:26:47+00:00,xdiordepp,JaneHegemon,0,0,0,No sorry that's not how it works. If the tweet goes unnoticed there'll be like 10 people who read and wonder what the truth is. If the tweet gets spread there'll be 1000s of them who see it and it'll automatically attracts haters and Amber supporters,,Wed Feb 26 21:26:47 +0000 2020,,,,https://twitter.com/xdiordepp/status/1232779062738915330,1232779062738915330,1193512360188825600
2020-02-26 21:23:51+00:00,xdiordepp,JaneHegemon,1,0,0,What I'm saying is that if bs is posted by accounts who have no interaction you should let it go and ignore it. If big media outlets post it then it's a different thing and obviously we need to jump on it. But engaging with accounts that 99% of Twitter ignores is not smart.,,Wed Feb 26 21:23:51 +0000 2020,,,,https://twitter.com/xdiordepp/status/1232778327611650048,1232778327611650048,1193512360188825600
2020-02-26 21:21:11+00:00,xdiordepp,xdiordepp,0,0,0,-one about Z list Amber Heard if deppheads didn't spread it.,,Wed Feb 26 21:21:11 +0000 2020,,,,https://twitter.com/xdiordepp/status/1232777653603766274,1232777653603766274,1193512360188825600
2020-02-26 21:20:22+00:00,xdiordepp,xdiordepp,1,0,0,And it happens systematically. Because of Johnny's own fans. Along with the truth and the positive things you also spread the bs. These tweets would literally be unnoticed if his fans simply ignored them. If a tweet about Harry Styles has 3 RTs and 1 reply imagine-,,Wed Feb 26 21:20:22 +0000 2020,,,,https://twitter.com/xdiordepp/status/1232777449655668747,1232777449655668747,1193512360188825600
2020-02-26 21:18:31+00:00,xdiordepp,JaneHegemon,2,0,0,"But by quoting and replying, the algorithm of Twitter automatically spreads the tweet 1000 times faster. This is not the first time I'm seeing it. It's been going on for years. All these accounts with no interaction always get the most when the tweet is about Johnny or Amber-",,Wed Feb 26 21:18:31 +0000 2020,,,,https://twitter.com/xdiordepp/status/1232776982942953472,1232776982942953472,1193512360188825600
2020-02-26 20:58:14+00:00,xdiordepp,xhyuck,0,0,0,So you guys are allowed to say whatever you want under any tweet but I can't express my disappointment towards something that actually does Johnny no good?,,Wed Feb 26 20:58:14 +0000 2020,,,,https://twitter.com/xdiordepp/status/1232771880014114816,1232771880014114816,1193512360188825600
2020-02-26 20:51:56+00:00,xdiordepp,JaneHegemon,1,0,0,"Again, it's because Johnny's fans spread the tweet by replying and quoting. This is the average interaction they get on a daily basis. And this is a tweet on Harry styles. Again, it's your fault. I know you have good intentions but it actually does the opposite.",,Wed Feb 26 20:51:56 +0000 2020,,,,https://twitter.com/xdiordepp/status/1232770292025614337,1232770292025614337,1193512360188825600
2020-02-26 20:50:04+00:00,xdiordepp,,1,4,9,Look at this shit. It happens all the fucking time. I love the fandom but Johnny Depp's own fans are the reason why negative bs gets spread. For the love of god y'all need to learn to ignore tweets from accounts with no interaction that people wouldn't even notice without yall,,Wed Feb 26 20:50:04 +0000 2020,,,,https://twitter.com/xdiordepp/status/1232769824591405057,1232769824591405057,1193512360188825600
2020-02-26 20:39:55+00:00,xdiordepp,xdiordepp,1,0,0,"If you look at all the other articles, they have 2 RTs and 1 like maybe. But the articles about Johnny and Amber are always the ones with the most interaction because of his own fans. If y'all learned to ignore them, people wouldn't even notice them.",,Wed Feb 26 20:39:55 +0000 2020,,,,https://twitter.com/xdiordepp/status/1232767268943212545,1232767268943212545,1193512360188825600
2020-02-26 20:38:19+00:00,xdiordepp,JaneHegemon,1,0,1,"The only reason why tweets from such accounts and tabloids with small interaction get attention is because Johnny's own fans quote them and reply. Amber has like 2 fans, if y'all ignored them, it wouldn't spread.",,Wed Feb 26 20:38:19 +0000 2020,,,,https://twitter.com/xdiordepp/status/1232766866310955015,1232766866310955015,1193512360188825600
2020-02-26 20:25:24+00:00,xdiordepp,jacxpearl,1,0,4,I suggest you guys stop replying to this tweet and bring unwanted attention to it.,,Wed Feb 26 20:25:24 +0000 2020,,,,https://twitter.com/xdiordepp/status/1232763618585972736,1232763618585972736,1193512360188825600
2020-02-26 20:24:05+00:00,xdiordepp,GagasCardellini,0,0,0,BAR PISELLINO,,Wed Feb 26 20:24:05 +0000 2020,,,,https://twitter.com/xdiordepp/status/1232763286329970689,1232763286329970689,1193512360188825600
2020-02-26 20:20:42+00:00,xdiordepp,xhyuck,0,0,0,I READ I LOVE YOUR TARTS AND I WAS LIKE WTF IS GOING ON,,Wed Feb 26 20:20:42 +0000 2020,,,,https://twitter.com/xdiordepp/status/1232762433908957186,1232762433908957186,1193512360188825600
2020-02-26 20:14:00+00:00,xdiordepp,e_phemera,0,0,1, ,,Wed Feb 26 20:14:00 +0000 2020,,,,https://twitter.com/xdiordepp/status/1232760745709928448,1232760745709928448,1193512360188825600
2020-02-26 20:13:37+00:00,xdiordepp,jacxpearl,0,0,1,We'll see.,,Wed Feb 26 20:13:37 +0000 2020,,,,https://twitter.com/xdiordepp/status/1232760651443003395,1232760651443003395,1193512360188825600
2020-02-26 20:08:00+00:00,xdiordepp,jacxpearl,2,0,0,What's msm,,Wed Feb 26 20:08:00 +0000 2020,,,,https://twitter.com/xdiordepp/status/1232759236553252864,1232759236553252864,1193512360188825600
