date,username,to,replies,retweets,favorites,text,mentions,formatted_date,geo,hashtags,urls,permalink,ID,author_id
2020-02-28 19:11:27+00:00,bitellxhus,smajllo,0,0,0, lmao,,Fri Feb 28 19:11:27 +0000 2020,,,,https://twitter.com/bitellxhus/status/1233469781023522817,1233469781023522817,1146404690185338881
2020-02-27 17:52:45+00:00,bitellxhus,Dijonfwt,1,0,1,today on stupid shit that i dont wanna see again we present -,,Thu Feb 27 17:52:45 +0000 2020,,,,https://twitter.com/bitellxhus/status/1233087588535357446,1233087588535357446,1146404690185338881
2020-02-27 17:34:25+00:00,bitellxhus,amaliqaj45,0,0,2,,,Thu Feb 27 17:34:25 +0000 2020,,,,https://twitter.com/bitellxhus/status/1233082973270036483,1233082973270036483,1146404690185338881
2020-02-22 19:17:00+00:00,bitellxhus,,0,0,0,Bet yall know her,,Sat Feb 22 19:17:00 +0000 2020,,,,https://twitter.com/bitellxhus/status/1231296851028119553,1231296851028119553,1146404690185338881
2020-02-17 19:08:18+00:00,bitellxhus,,0,0,0,mood,,Mon Feb 17 19:08:18 +0000 2020,,,,https://twitter.com/bitellxhus/status/1229482722718048257,1229482722718048257,1146404690185338881
2020-02-17 19:01:31+00:00,bitellxhus,pickmepIease,0,0,0,Can i just...,,Mon Feb 17 19:01:31 +0000 2020,,,,https://twitter.com/bitellxhus/status/1229481017158832132,1229481017158832132,1146404690185338881
2020-02-15 13:40:41+00:00,bitellxhus,Di2Qa,0,1,3,"Zoti i meshiroft kta katila,qendro i fort mret ,jemi ne anen tende ,ksaj here do ta fitojm jo vetem betejen por edhe luften ndaj te djathtes ekstreme te seleqve #prayforgjizi @carladelponte @marttiahtisaari @kmdlnj @okb",@CarlaDelponte @marttiahtisaari @okb,Sat Feb 15 13:40:41 +0000 2020,,#prayforgjizi,,https://twitter.com/bitellxhus/status/1228675499532148736,1228675499532148736,1146404690185338881
2020-02-15 13:30:08+00:00,bitellxhus,,1,1,16,"Mreti yne @kari_qa eshte zene peng nga e djathta ekstreme e seleqve ,keni kohe 24 ore ta lironi mretin perndryshe do te kete pasoja te mdhaja! @Twitter @Di2Qa",@kari_qa @Twitter @Di2Qa,Sat Feb 15 13:30:08 +0000 2020,,,,https://twitter.com/bitellxhus/status/1228672844684496897,1228672844684496897,1146404690185338881
2020-02-15 11:54:16+00:00,bitellxhus,,1,1,8,@Di2Qa,@Di2Qa,Sat Feb 15 11:54:16 +0000 2020,,,,https://twitter.com/bitellxhus/status/1228648717231775749,1228648717231775749,1146404690185338881
2020-02-11 20:32:45+00:00,bitellxhus,camila65370492,0,0,2,Jo bre mos kesh ti se per fifin ke kjo foto qyyyy,,Tue Feb 11 20:32:45 +0000 2020,,,,https://twitter.com/bitellxhus/status/1227329648519938048,1227329648519938048,1146404690185338881
2020-02-10 21:42:41+00:00,bitellxhus,SuperPolitician,1,0,0,,,Mon Feb 10 21:42:41 +0000 2020,,,,https://twitter.com/bitellxhus/status/1226984861568770048,1226984861568770048,1146404690185338881
2020-02-10 20:19:25+00:00,bitellxhus,DianeBConde,0,0,0,,,Mon Feb 10 20:19:25 +0000 2020,,,,https://twitter.com/bitellxhus/status/1226963906297507842,1226963906297507842,1146404690185338881
2020-02-08 22:39:16+00:00,bitellxhus,deprexon,0,0,0,,,Sat Feb 08 22:39:16 +0000 2020,,,,https://twitter.com/bitellxhus/status/1226274321930358784,1226274321930358784,1146404690185338881
2020-02-08 18:56:39+00:00,bitellxhus,jaykaiiii,0,2,21,,,Sat Feb 08 18:56:39 +0000 2020,,,,https://twitter.com/bitellxhus/status/1226218300817977344,1226218300817977344,1146404690185338881
2020-02-07 23:34:06+00:00,bitellxhus,esmerarba,1,0,0,Urime ,,Fri Feb 07 23:34:06 +0000 2020,,,,https://twitter.com/bitellxhus/status/1225925734172110848,1225925734172110848,1146404690185338881
2020-02-07 23:31:00+00:00,bitellxhus,arbaliu_,0,0,0,,,Fri Feb 07 23:31:00 +0000 2020,,,,https://twitter.com/bitellxhus/status/1225924955734511616,1225924955734511616,1146404690185338881
2020-02-07 23:28:05+00:00,bitellxhus,cunatantiplumb,0,0,0,,,Fri Feb 07 23:28:05 +0000 2020,,,,https://twitter.com/bitellxhus/status/1225924220061962240,1225924220061962240,1146404690185338881
2020-02-07 23:23:34+00:00,bitellxhus,godfatherpart4_,0,0,0,Hahahahahhahahahahahahahahahha,,Fri Feb 07 23:23:34 +0000 2020,,,,https://twitter.com/bitellxhus/status/1225923085397831682,1225923085397831682,1146404690185338881
2020-02-07 22:32:07+00:00,bitellxhus,bekomoni,0,0,0,We miss riad baba,,Fri Feb 07 22:32:07 +0000 2020,,,,https://twitter.com/bitellxhus/status/1225910135937216512,1225910135937216512,1146404690185338881
2020-02-07 22:31:32+00:00,bitellxhus,ShGezim,0,0,1,Mccc 2tohnnnnnn,,Fri Feb 07 22:31:32 +0000 2020,,,,https://twitter.com/bitellxhus/status/1225909989023342600,1225909989023342600,1146404690185338881
2020-02-07 22:29:29+00:00,bitellxhus,bekomoni,1,0,0,,,Fri Feb 07 22:29:29 +0000 2020,,,,https://twitter.com/bitellxhus/status/1225909475787366401,1225909475787366401,1146404690185338881
2020-02-07 19:20:49+00:00,bitellxhus,eruditxhemaili,0,0,0,"yall need to chill and not make fun of this ,it was a tragedy for all of us.this is not funny",,Fri Feb 07 19:20:49 +0000 2020,,,,https://twitter.com/bitellxhus/status/1225861994902888449,1225861994902888449,1146404690185338881
2020-02-07 14:30:21+00:00,bitellxhus,albanberisha111,0,0,0,50$for yall non csgo players,,Fri Feb 07 14:30:21 +0000 2020,,,,https://twitter.com/bitellxhus/status/1225788895452975110,1225788895452975110,1146404690185338881
2020-02-06 20:38:11+00:00,bitellxhus,12_shitpost,0,0,2,He did a 360,,Thu Feb 06 20:38:11 +0000 2020,,,https://twitter.com/12_shitpost/status/1225390368474181632,https://twitter.com/bitellxhus/status/1225519077025832961,1225519077025832961,1146404690185338881
2020-02-06 20:22:08+00:00,bitellxhus,bzztook,0,0,0,,,Thu Feb 06 20:22:08 +0000 2020,,,,https://twitter.com/bitellxhus/status/1225515036573159427,1225515036573159427,1146404690185338881
2020-02-06 20:00:38+00:00,bitellxhus,yekmaan,0,0,0,Un areolen e kisha lon veq me jau bajt ujin ktyne tjerve,,Thu Feb 06 20:00:38 +0000 2020,,,,https://twitter.com/bitellxhus/status/1225509628487913472,1225509628487913472,1146404690185338881
2020-02-04 20:20:29+00:00,bitellxhus,nikol__dhima,0,0,0,,,Tue Feb 04 20:20:29 +0000 2020,,,,https://twitter.com/bitellxhus/status/1224789845471584256,1224789845471584256,1146404690185338881
2020-02-04 20:09:19+00:00,bitellxhus,,0,0,0,Oxygen Potassium,,Tue Feb 04 20:09:19 +0000 2020,,,,https://twitter.com/bitellxhus/status/1224787034843361280,1224787034843361280,1146404690185338881
2020-02-04 20:01:36+00:00,bitellxhus,,0,0,0,"Sooo I was gonna tell a joke about sodium and hydrogen,but NaH",,Tue Feb 04 20:01:36 +0000 2020,,,,https://twitter.com/bitellxhus/status/1224785093467758593,1224785093467758593,1146404690185338881
2020-02-03 18:45:20+00:00,bitellxhus,l3ndrt,0,0,1, ,,Mon Feb 03 18:45:20 +0000 2020,,,,https://twitter.com/bitellxhus/status/1224403513603739650,1224403513603739650,1146404690185338881
2020-02-03 18:38:43+00:00,bitellxhus,artthmd,0,0,0,Ceo of those,,Mon Feb 03 18:38:43 +0000 2020,,,,https://twitter.com/bitellxhus/status/1224401849559719936,1224401849559719936,1146404690185338881
2020-02-03 18:33:18+00:00,bitellxhus,,0,0,1,,,Mon Feb 03 18:33:18 +0000 2020,,,,https://twitter.com/bitellxhus/status/1224400483105886219,1224400483105886219,1146404690185338881
2020-02-03 18:29:37+00:00,bitellxhus,ferdinanddi_,0,0,0,I feel bad for laughing at this,,Mon Feb 03 18:29:37 +0000 2020,,,,https://twitter.com/bitellxhus/status/1224399557121007620,1224399557121007620,1146404690185338881
2020-02-02 06:44:46+00:00,bitellxhus,saucyymatty26,2,0,31,This thread i cant fr ,,Sun Feb 02 06:44:46 +0000 2020,,,,https://twitter.com/bitellxhus/status/1223859788209119238,1223859788209119238,1146404690185338881
2020-02-02 06:38:44+00:00,bitellxhus,deprexon,0,1,8,,,Sun Feb 02 06:38:44 +0000 2020,,,,https://twitter.com/bitellxhus/status/1223858269099307008,1223858269099307008,1146404690185338881
2020-02-02 06:35:41+00:00,bitellxhus,,0,0,2,slapps hard,,Sun Feb 02 06:35:41 +0000 2020,,,,https://twitter.com/bitellxhus/status/1223857503882051584,1223857503882051584,1146404690185338881
2020-02-02 06:19:52+00:00,bitellxhus,deprexon,0,0,0,NLE SALI,,Sun Feb 02 06:19:52 +0000 2020,,,,https://twitter.com/bitellxhus/status/1223853524414537734,1223853524414537734,1146404690185338881
2020-02-01 23:08:06+00:00,bitellxhus,danjo_egoisti,0,0,0,@this_vid,@this_vid,Sat Feb 01 23:08:06 +0000 2020,,,,https://twitter.com/bitellxhus/status/1223744865844047875,1223744865844047875,1146404690185338881
2020-02-01 23:03:00+00:00,bitellxhus,,0,0,1,https://twitter.com/zahramerlot/status/1223643974352691201,,Sat Feb 01 23:03:00 +0000 2020,,,https://twitter.com/zahramerlot/status/1223643974352691201,https://twitter.com/bitellxhus/status/1223743581187465216,1223743581187465216,1146404690185338881
2020-02-01 22:46:12+00:00,bitellxhus,bitellxhus,0,0,0,,,Sat Feb 01 22:46:12 +0000 2020,,,,https://twitter.com/bitellxhus/status/1223739355551936512,1223739355551936512,1146404690185338881
2020-02-01 22:44:03+00:00,bitellxhus,albanberisha111,3,0,0,I swear to god u the same person,,Sat Feb 01 22:44:03 +0000 2020,,,,https://twitter.com/bitellxhus/status/1223738813673037831,1223738813673037831,1146404690185338881
2020-02-01 22:39:27+00:00,bitellxhus,,0,0,0,https://twitter.com/contenthoe/status/1223349311074979842,,Sat Feb 01 22:39:27 +0000 2020,,,https://twitter.com/contenthoe/status/1223349311074979842,https://twitter.com/bitellxhus/status/1223737655600521216,1223737655600521216,1146404690185338881
2020-02-01 22:38:06+00:00,bitellxhus,endritdhomi,0,0,0,the 2nd one i stg is so true,,Sat Feb 01 22:38:06 +0000 2020,,,,https://twitter.com/bitellxhus/status/1223737315668918272,1223737315668918272,1146404690185338881
2020-02-01 22:20:30+00:00,bitellxhus,_sejddii,0,0,0,,,Sat Feb 01 22:20:30 +0000 2020,,,,https://twitter.com/bitellxhus/status/1223732885028593668,1223732885028593668,1146404690185338881
2020-02-01 22:04:56+00:00,bitellxhus,justtardi,0,0,1,,,Sat Feb 01 22:04:56 +0000 2020,,,,https://twitter.com/bitellxhus/status/1223728969037631488,1223728969037631488,1146404690185338881
2020-02-01 21:15:55+00:00,bitellxhus,lmmddd,0,0,0,Dorentina be like,,Sat Feb 01 21:15:55 +0000 2020,,,,https://twitter.com/bitellxhus/status/1223716631861506048,1223716631861506048,1146404690185338881
2020-02-01 21:12:56+00:00,bitellxhus,Arlindxg,0,0,0,HAHAHAHAH TU QIFSHA ME NON BOSS,,Sat Feb 01 21:12:56 +0000 2020,,,,https://twitter.com/bitellxhus/status/1223715882960064513,1223715882960064513,1146404690185338881
2020-02-01 20:13:56+00:00,bitellxhus,Bllenk1,0,0,1,U better dont,,Sat Feb 01 20:13:56 +0000 2020,,,,https://twitter.com/bitellxhus/status/1223701034574516228,1223701034574516228,1146404690185338881
2020-02-01 20:10:56+00:00,bitellxhus,kosovanfooty_EN,0,0,0,What u mean?,,Sat Feb 01 20:10:56 +0000 2020,,,,https://twitter.com/bitellxhus/status/1223700278618267650,1223700278618267650,1146404690185338881
2020-02-01 20:06:32+00:00,bitellxhus,gjimini1,0,0,0,,,Sat Feb 01 20:06:32 +0000 2020,,,,https://twitter.com/bitellxhus/status/1223699169992421376,1223699169992421376,1146404690185338881
2020-02-01 20:04:34+00:00,bitellxhus,Aitorobert,1,0,2,,,Sat Feb 01 20:04:34 +0000 2020,,,,https://twitter.com/bitellxhus/status/1223698677505634306,1223698677505634306,1146404690185338881
2020-02-01 19:59:40+00:00,bitellxhus,allmajra,0,0,0,,,Sat Feb 01 19:59:40 +0000 2020,,,,https://twitter.com/bitellxhus/status/1223697443788873729,1223697443788873729,1146404690185338881
2020-02-01 15:48:32+00:00,bitellxhus,bxbyIust,0,0,0,,,Sat Feb 01 15:48:32 +0000 2020,,,,https://twitter.com/bitellxhus/status/1223634245127737350,1223634245127737350,1146404690185338881
2020-02-01 13:57:11+00:00,bitellxhus,psikomanjak,0,0,1,Dschevo,,Sat Feb 01 13:57:11 +0000 2020,,,,https://twitter.com/bitellxhus/status/1223606221917343745,1223606221917343745,1146404690185338881
2020-01-31 23:21:31+00:00,bitellxhus,justtardi,1,0,3,,,Fri Jan 31 23:21:31 +0000 2020,,,,https://twitter.com/bitellxhus/status/1223385854506405889,1223385854506405889,1146404690185338881
2020-01-31 23:19:27+00:00,bitellxhus,ado1z,1,0,2,,,Fri Jan 31 23:19:27 +0000 2020,,,,https://twitter.com/bitellxhus/status/1223385333573791744,1223385333573791744,1146404690185338881
2020-01-31 23:13:25+00:00,bitellxhus,ThisIsToussaint,1,0,2,,,Fri Jan 31 23:13:25 +0000 2020,,,,https://twitter.com/bitellxhus/status/1223383816066211840,1223383816066211840,1146404690185338881
2020-01-31 23:04:38+00:00,bitellxhus,bitellxhus,1,0,9,,,Fri Jan 31 23:04:38 +0000 2020,,,,https://twitter.com/bitellxhus/status/1223381603969392646,1223381603969392646,1146404690185338881
2020-01-31 23:04:19+00:00,bitellxhus,Taijuutsu,1,0,9,,,Fri Jan 31 23:04:19 +0000 2020,,,,https://twitter.com/bitellxhus/status/1223381525657460736,1223381525657460736,1146404690185338881
2020-01-31 23:02:25+00:00,bitellxhus,ogboontang,2,0,16,,,Fri Jan 31 23:02:25 +0000 2020,,,,https://twitter.com/bitellxhus/status/1223381047456477184,1223381047456477184,1146404690185338881
2020-01-31 18:48:52+00:00,bitellxhus,,0,0,0,,,Fri Jan 31 18:48:52 +0000 2020,,,,https://twitter.com/bitellxhus/status/1223317239853699073,1223317239853699073,1146404690185338881
2020-01-30 19:45:49+00:00,bitellxhus,endritdhomi,0,0,0,Gjakova?,,Thu Jan 30 19:45:49 +0000 2020,,,,https://twitter.com/bitellxhus/status/1222969181664088065,1222969181664088065,1146404690185338881
2020-01-30 18:49:23+00:00,bitellxhus,,0,0,0,Roddy Ricch - The Box (INDIAN VERSION),,Thu Jan 30 18:49:23 +0000 2020,,,https://youtu.be/4Ol9opc4MIQ,https://twitter.com/bitellxhus/status/1222954979222269953,1222954979222269953,1146404690185338881
2020-01-29 21:48:58+00:00,bitellxhus,itsmeeeeee000,0,0,0,Here u go,,Wed Jan 29 21:48:58 +0000 2020,,,,https://twitter.com/bitellxhus/status/1222637788509757440,1222637788509757440,1146404690185338881
2020-01-29 21:46:13+00:00,bitellxhus,,0,0,0,https://twitter.com/llinzej/status/1222620808922705922,,Wed Jan 29 21:46:13 +0000 2020,,,https://twitter.com/llinzej/status/1222620808922705922,https://twitter.com/bitellxhus/status/1222637094490779648,1222637094490779648,1146404690185338881
2020-01-29 21:33:45+00:00,bitellxhus,,0,0,1,https://twitter.com/suattademi/status/1222486944019615744,,Wed Jan 29 21:33:45 +0000 2020,,,https://twitter.com/suattademi/status/1222486944019615744,https://twitter.com/bitellxhus/status/1222633957478555650,1222633957478555650,1146404690185338881
2020-01-29 21:31:59+00:00,bitellxhus,alberinaavdiu1,0,1,2,,,Wed Jan 29 21:31:59 +0000 2020,,,,https://twitter.com/bitellxhus/status/1222633510625857538,1222633510625857538,1146404690185338881
2020-01-29 21:29:41+00:00,bitellxhus,aisheashh,1,0,0,"It was my mom who usually beat the shit outta me ,so i didnt fear the gajtan to much",,Wed Jan 29 21:29:41 +0000 2020,,,,https://twitter.com/bitellxhus/status/1222632935741886470,1222632935741886470,1146404690185338881
2020-01-29 21:08:45+00:00,bitellxhus,FokYouSel,0,0,3,,,Wed Jan 29 21:08:45 +0000 2020,,,,https://twitter.com/bitellxhus/status/1222627664080535553,1222627664080535553,1146404690185338881
2020-01-29 20:56:34+00:00,bitellxhus,scw_it7,0,0,0,Woman*,,Wed Jan 29 20:56:34 +0000 2020,,,,https://twitter.com/bitellxhus/status/1222624600858812420,1222624600858812420,1146404690185338881
2020-01-29 20:50:41+00:00,bitellxhus,endritdhomi,0,0,0,,,Wed Jan 29 20:50:41 +0000 2020,,,,https://twitter.com/bitellxhus/status/1222623119086628865,1222623119086628865,1146404690185338881
2020-01-29 20:46:35+00:00,bitellxhus,bitellxhus,1,0,0,Edhe mu hahahahhhhhahah,,Wed Jan 29 20:46:35 +0000 2020,,,,https://twitter.com/bitellxhus/status/1222622087979905027,1222622087979905027,1146404690185338881
2020-01-29 20:46:24+00:00,bitellxhus,endritdhomi,1,0,0,Fuck dem hoes,,Wed Jan 29 20:46:24 +0000 2020,,,,https://twitter.com/bitellxhus/status/1222622041909747712,1222622041909747712,1146404690185338881
2020-01-29 20:33:47+00:00,bitellxhus,aisheashh,0,0,0,hvorfor? Lmao,,Wed Jan 29 20:33:47 +0000 2020,,,,https://twitter.com/bitellxhus/status/1222618866544775169,1222618866544775169,1146404690185338881
2020-01-29 20:28:11+00:00,bitellxhus,endritdhomi,0,0,0,,,Wed Jan 29 20:28:11 +0000 2020,,,,https://twitter.com/bitellxhus/status/1222617458198171650,1222617458198171650,1146404690185338881
2020-01-29 20:24:58+00:00,bitellxhus,aisheashh,1,0,0,Det fortjener vi ikke,,Wed Jan 29 20:24:58 +0000 2020,,,,https://twitter.com/bitellxhus/status/1222616646826807296,1222616646826807296,1146404690185338881
2020-01-29 20:21:46+00:00,bitellxhus,endritdhomi,1,0,0,From yet to yeet real quick,,Wed Jan 29 20:21:46 +0000 2020,,,,https://twitter.com/bitellxhus/status/1222615843638587392,1222615843638587392,1146404690185338881
2020-01-29 19:01:59+00:00,bitellxhus,,0,0,0,"I love you ,you love me ,lets hang barney on a tree",,Wed Jan 29 19:01:59 +0000 2020,,,,https://twitter.com/bitellxhus/status/1222595765509464064,1222595765509464064,1146404690185338881
2020-01-29 18:57:31+00:00,bitellxhus,,0,0,0,,,Wed Jan 29 18:57:31 +0000 2020,,,,https://twitter.com/bitellxhus/status/1222594641339600897,1222594641339600897,1146404690185338881
2020-01-26 23:02:33+00:00,bitellxhus,aisheashh,0,0,0,A martohmi?,,Sun Jan 26 23:02:33 +0000 2020,,,,https://twitter.com/bitellxhus/status/1221569141431205891,1221569141431205891,1146404690185338881
2020-01-26 22:56:04+00:00,bitellxhus,mota_ben,0,0,1,,,Sun Jan 26 22:56:04 +0000 2020,,,,https://twitter.com/bitellxhus/status/1221567511310802947,1221567511310802947,1146404690185338881
2020-01-26 17:27:00+00:00,bitellxhus,eronarifii,0,0,0,Urime kulmi ri,,Sun Jan 26 17:27:00 +0000 2020,,,,https://twitter.com/bitellxhus/status/1221484696477093888,1221484696477093888,1146404690185338881
2020-01-26 17:25:57+00:00,bitellxhus,bitellxhus,0,0,0,Dang y’all already posted dis one,,Sun Jan 26 17:25:57 +0000 2020,,,,https://twitter.com/bitellxhus/status/1221484431543799808,1221484431543799808,1146404690185338881
2020-01-26 17:24:24+00:00,bitellxhus,eronarifii,1,0,0,,,Sun Jan 26 17:24:24 +0000 2020,,,,https://twitter.com/bitellxhus/status/1221484042677379072,1221484042677379072,1146404690185338881
2020-01-26 17:19:22+00:00,bitellxhus,gashilulekuqe,0,0,3,,,Sun Jan 26 17:19:22 +0000 2020,,,,https://twitter.com/bitellxhus/status/1221482773917192192,1221482773917192192,1146404690185338881
2020-01-26 16:50:30+00:00,bitellxhus,Gamzesaraci,0,0,0,,,Sun Jan 26 16:50:30 +0000 2020,,,,https://twitter.com/bitellxhus/status/1221475512494718976,1221475512494718976,1146404690185338881
2020-01-26 16:47:45+00:00,bitellxhus,scwit_,0,0,1, ,,Sun Jan 26 16:47:45 +0000 2020,,,,https://twitter.com/bitellxhus/status/1221474818584907776,1221474818584907776,1146404690185338881
2020-01-25 17:27:45+00:00,bitellxhus,Mrlla4,0,0,1,JO,,Sat Jan 25 17:27:45 +0000 2020,,,https://twitter.com/Mrlla4/status/1221122194761232385,https://twitter.com/bitellxhus/status/1221122498126909442,1221122498126909442,1146404690185338881
2020-01-24 22:38:52+00:00,bitellxhus,tombliprisht,0,0,0,,,Fri Jan 24 22:38:52 +0000 2020,,,,https://twitter.com/bitellxhus/status/1220838407020122112,1220838407020122112,1146404690185338881
2020-01-24 22:27:45+00:00,bitellxhus,FatzTwitta,1,0,1,,,Fri Jan 24 22:27:45 +0000 2020,,,,https://twitter.com/bitellxhus/status/1220835605619363842,1220835605619363842,1146404690185338881
2020-01-24 22:20:25+00:00,bitellxhus,aabaliiu,0,0,0,,,Fri Jan 24 22:20:25 +0000 2020,,,,https://twitter.com/bitellxhus/status/1220833762092683265,1220833762092683265,1146404690185338881
2020-01-24 22:09:42+00:00,bitellxhus,bitellxhus,0,0,0,Sooo?,,Fri Jan 24 22:09:42 +0000 2020,,,,https://twitter.com/bitellxhus/status/1220831066832941056,1220831066832941056,1146404690185338881
2020-01-24 22:08:37+00:00,bitellxhus,ffjolle,1,0,1,,,Fri Jan 24 22:08:37 +0000 2020,,,,https://twitter.com/bitellxhus/status/1220830791615352837,1220830791615352837,1146404690185338881
2020-01-24 18:57:33+00:00,bitellxhus,KlassicLuka,0,0,1,,,Fri Jan 24 18:57:33 +0000 2020,,,,https://twitter.com/bitellxhus/status/1220782708756025344,1220782708756025344,1146404690185338881
2020-01-24 18:57:31+00:00,bitellxhus,aa11nn22xx,0,0,0,MUST!,,Fri Jan 24 18:57:31 +0000 2020,,,,https://twitter.com/bitellxhus/status/1220782699843072005,1220782699843072005,1146404690185338881
2020-01-24 16:26:56+00:00,bitellxhus,FlakaFej,0,0,1,He said,,Fri Jan 24 16:26:56 +0000 2020,,,,https://twitter.com/bitellxhus/status/1220744804784574466,1220744804784574466,1146404690185338881
2020-01-24 14:12:22+00:00,bitellxhus,petritk1,0,0,0,,,Fri Jan 24 14:12:22 +0000 2020,,,,https://twitter.com/bitellxhus/status/1220710941496614914,1220710941496614914,1146404690185338881
2020-01-24 13:56:56+00:00,bitellxhus,elmhedjinn,0,0,0,,,Fri Jan 24 13:56:56 +0000 2020,,,,https://twitter.com/bitellxhus/status/1220707058066038784,1220707058066038784,1146404690185338881
2020-01-24 12:33:17+00:00,bitellxhus,,0,0,0,OK.,,Fri Jan 24 12:33:17 +0000 2020,,,,https://twitter.com/bitellxhus/status/1220686005474340866,1220686005474340866,1146404690185338881
2020-01-24 12:21:44+00:00,bitellxhus,tooliefie,0,0,0,,,Fri Jan 24 12:21:44 +0000 2020,,,,https://twitter.com/bitellxhus/status/1220683097110388737,1220683097110388737,1146404690185338881
