status_id,reply_status_id,reply_user_id,is_quote_status,lang,created_at,favorite_count,retweet_count,text
1257652189633277956,,,False,en,Tue May 05 12:43:42 +0000 2020,0,3203,"RT @ramboreports: Why we must #StandWithABSCBN—A THREAD
#IStandWithABSCBN 
#DefendPressFreedom
#NoToABSCBNShutDown https://t.co/OZWzhfEqPK"
1257651846010638336,,,False,en,Tue May 05 12:42:20 +0000 2020,0,27808,RT @notyourperry: solid abs cbn since when I was kid!!!
1252318789913309184,1252273522413453321,1080476744291762176,False,in,Mon Apr 20 19:30:41 +0000 2020,0,0,@nikuh_minaj jombodog help daw
1251851099390177283,1251842834824458240,1080476744291762176,False,tl,Sun Apr 19 12:32:15 +0000 2020,0,0,@nikuh_minaj nagpaparinig ka ah nikuhdog
1245385701052440576,,,False,en,Wed Apr 01 16:21:03 +0000 2020,0,14966,RT @glennndiaz: ‘Do not intimidate the government. Do not challenge the government. Tatalo kayo diyan.’ https://t.co/coF2Ceuvui
1245327092998275072,,,False,en,Wed Apr 01 12:28:10 +0000 2020,0,9111,RT @ivanskie00: Please share. Not my photo. Ctto #SaHabaNgQuarantine #Covid_19PH #COVIDー19 https://t.co/sDZndct9cf
1240266175491108864,,,True,hu,Wed Mar 18 13:17:53 +0000 2020,11,0,tiktok.mp4 https://t.co/XnWD5u3omm
1238130656472752128,1238130446208077824,1080476744291762176,False,und,Thu Mar 12 15:52:06 +0000 2020,0,0,@nikuh_minaj https://t.co/2rEvzHK6Bo
1238130082964623362,1238129917805473793,1080476744291762176,False,tl,Thu Mar 12 15:49:49 +0000 2020,0,0,@nikuh_minaj AY GANON SAN BANDA ATE GHORL???
1238009184483827713,,,False,tl,Thu Mar 12 07:49:25 +0000 2020,6,0,ANO PEDE GAWINNN WAAHHH
1236604517891731456,,,False,tl,Sun Mar 08 10:47:46 +0000 2020,21,0,free trial ulet HAHAHA
1225025451740950528,,,False,tl,Wed Feb 05 11:56:42 +0000 2020,10,0,3 day trial pull out pa nga
1224283653561184256,,,False,und,Mon Feb 03 10:49:03 +0000 2020,35,0,#NewProfilePic https://t.co/k8eD8P7Qgj
1222153754524303364,,,False,en,Tue Jan 28 13:45:36 +0000 2020,30,0,"Lord, please guide me.
I really need you."
1221789635363237893,,,False,tl,Mon Jan 27 13:38:43 +0000 2020,14,0,laban lang.
1221772576055119872,,,False,en,Mon Jan 27 12:30:56 +0000 2020,0,232181,RT @TheMavsQueen: This is the one.  https://t.co/mLdCWaJCvG
1221084367847473152,,,False,en,Sat Jan 25 14:56:14 +0000 2020,43,0,"toxic people,,,, hate them so much,, want to die."
1216397654898266113,,,False,en,Sun Jan 12 16:32:55 +0000 2020,0,8806,"RT @Lwrnzagre: Dangerous volcano
.
.
-a thread"
1215943365549641731,1215816733283340288,1005269116184190976,False,en,Sat Jan 11 10:27:44 +0000 2020,1,0,@Lardsss @lijanagarcia woahh
1212039904512733184,,,False,tl,Tue Dec 31 15:56:46 +0000 2019,26,0,flex ko lang bago magtapos 2019 https://t.co/HTCko3Dpwe
1210898287877709825,,,False,en,Sat Dec 28 12:20:23 +0000 2019,0,84603,RT @itsliusaidh: rt for a new phone https://t.co/Ar7Y89Em6P
1209522228737404928,,,False,und,Tue Dec 24 17:12:25 +0000 2019,17,0,https://t.co/slgsRVax2i
1208621425055023104,,,False,en,Sun Dec 22 05:32:57 +0000 2019,0,34221,RT @mikeeangelo_: rt if you need peraaaa! https://t.co/OBgCTBjJbH
1206548344027271169,,,False,tl,Mon Dec 16 12:15:16 +0000 2019,0,35757,RT @http_urydice: retweet para magkapera https://t.co/c4r6I3Fujf
1206544855637192705,,,False,tl,Mon Dec 16 12:01:24 +0000 2019,0,56051,RT @nikkibellaaaaa2: RETWEET MO NA PARA MAGKAPERA KA SA PASKOOO https://t.co/XKrgJdKzxN
1204611631142948864,,,False,en,Wed Dec 11 03:59:28 +0000 2019,0,31271,RT @cclrraaa: share this lucky bluebook to pass your exams https://t.co/mg7qSWKwnP
1203975937533956097,,,False,und,Mon Dec 09 09:53:26 +0000 2019,8,4,#aalisNaSiDawn #WalaSamgy @silos_dawn
1203975671384440832,,,False,und,Mon Dec 09 09:52:23 +0000 2019,10,1,#WeWinAsOne
1203975141379543040,,,False,und,Mon Dec 09 09:50:17 +0000 2019,5,1,#FakeFriend #nOcAke #LeishaSurla
1201421125508485122,,,False,en,Mon Dec 02 08:41:32 +0000 2019,0,49492,"RT @Space2Mal: December will be filled with blessings
December will be filled with blessings
December will be filled with blessings
Decembe…"
1201122132811382784,,,False,en,Sun Dec 01 12:53:26 +0000 2019,0,108941,"RT @mrckpld: 🔴🔴🔴🔴
                🔴 
🔴🔴🔴🔴
🔴
🔴🔴🔴🔴

🔴🔴🔴🔴
🔴           🔴
🔴           🔴
🔴           🔴
🔴🔴🔴🔴

🔴🔴🔴🔴
                🔴
🔴🔴🔴🔴
🔴
🔴🔴🔴🔴…"
1200370044372340736,,,False,en,Fri Nov 29 11:04:55 +0000 2019,0,32211,RT @_ohsnapitsreele: Me after watching Frozen 2: https://t.co/PiJpCsqWmh
1200036517810294784,,,False,und,Thu Nov 28 12:59:36 +0000 2019,21,0,TyL!
1200036221260460033,,,False,tl,Thu Nov 28 12:58:25 +0000 2019,0,22378,RT @softmansx: retweet in 1 mins to have a clear skin choUr inom ka kasi lagi ng tubig siz https://t.co/S1vLMEcNaM
1200035750961565696,1199996688527527936,958572305352941569,False,en,Thu Nov 28 12:56:33 +0000 2019,1,0,@imaltimbol28 congrats!!
1198974757896503297,1198973736088506370,1192407976176316420,False,in,Mon Nov 25 14:40:32 +0000 2019,0,0,@prvp_10 @Lardsss bukas sir set tane
1198973000915152896,1198972597284700160,1005269116184190976,False,tl,Mon Nov 25 14:33:33 +0000 2019,1,0,@Lardsss @prvp_10 ay bet ra gawa
1192054558706397184,,,False,und,Wed Nov 06 12:22:08 +0000 2019,14,0,🏳️🧠
1191348052449083394,,,False,en,Mon Nov 04 13:34:44 +0000 2019,0,18,RT @silos_dawn: cheers to the high grades that we can’t have🍻
1191327064353193984,1191320443795341312,1120546294508900352,False,in,Mon Nov 04 12:11:20 +0000 2019,1,0,@alyssadizon10 bet q yan
1189833797119832064,,,False,en,Thu Oct 31 09:17:37 +0000 2019,0,4434,"RT @ItsZarina: Our Mayor from Tulunan,Cotabato. Na exhaust na lahat ng possible resources to help his fellow Tulunenses. I guess it’s time…"
1189513354622038017,1189501991115902978,946562221957554176,False,tl,Wed Oct 30 12:04:18 +0000 2019,1,0,@Bastee_0812 arat kain
1188690550527942657,1188690423071440896,1066330190974832640,False,und,Mon Oct 28 05:34:46 +0000 2019,1,0,@silos_dawn hi
1187698407395037185,1187338471892930560,1186851460052443137,False,hu,Fri Oct 25 11:52:21 +0000 2019,0,0,@pontillas10 esemel?
1187603065148329984,1187339514903052289,4888062088,False,und,Fri Oct 25 05:33:29 +0000 2019,1,0,@alexpquiroz https://t.co/6CiLEFajeC
1185113041022541824,,,False,en,Fri Oct 18 08:39:01 +0000 2019,55,1,"Ut In Omnibus Glorificetur Deus!
All for you! ☝🏻🤩"
1184813296311885824,,,False,en,Thu Oct 17 12:47:57 +0000 2019,0,83377,RT @NeriahBeenPaid: Open to see the secret. https://t.co/jH5XHNVL08
1184800397686214656,1184800292597981186,852171464296083458,False,tl,Thu Oct 17 11:56:41 +0000 2019,1,0,@nika_cay uN KAPATID KO PALAKA NA YEY
1184780505394356224,1184780386162765824,872819686618128384,False,tl,Thu Oct 17 10:37:39 +0000 2019,1,0,@aly_dizon08 @keNN_Cnlpn @tats_sulok support naman pala
1184777476641148929,1184764083922329600,1120546294508900352,False,und,Thu Oct 17 10:25:37 +0000 2019,0,0,@alyssadizon10 tru!!
1184432408071790592,1184429821490655232,1066330190974832640,False,tl,Wed Oct 16 11:34:26 +0000 2019,0,0,@tats_sulok @sntsmikeee hindi po sir huhuhu
1184425013794836482,1184394865175433217,1164528614269784069,False,en,Wed Oct 16 11:05:03 +0000 2019,0,0,@sntsmikeee congrats mikee!! 🤩
1184092326496362497,,,False,tl,Tue Oct 15 13:03:04 +0000 2019,67,12,goodluck sa lahat na lalaban bukas! 🤩✊🏻
1183387786105065473,,,True,tl,Sun Oct 13 14:23:29 +0000 2019,9,0,flex ko lang sila solid dabest mga yan pero nagsawa nako sa mga mukha nila everyday ba naman kasama mo sila HAHAHAH… https://t.co/BOTqGTlnJz
1183157063775473664,,,False,en,Sat Oct 12 23:06:40 +0000 2019,0,21442,RT @endwey_: Retweet to pass your exam! ✨ https://t.co/9CWfTQ0i3I
1183001560688685058,,,False,en,Sat Oct 12 12:48:45 +0000 2019,0,6708,"RT @roylee9011: #TyphoonHagibis one of the worst storms to hit Japan this year..
be safe out there minna-san from 🇲🇾 
#PrayForJapan https:/…"
1182859479978635265,,,False,und,Sat Oct 12 03:24:11 +0000 2019,0,2150,RT @maymayentrata07: #PrayForJapan https://t.co/8NfCcOu61V
1182266428717580288,,,False,en,Thu Oct 10 12:07:36 +0000 2019,0,28270,RT @denjamyr: you can only retweet this every year https://t.co/uSWbznBOio
1181561315644493826,,,False,en,Tue Oct 08 13:25:44 +0000 2019,0,6788,"RT @chinolouiepio: Hi! I'm selling an 8000 mAh gameboy powerbank for 1000php only. It has 416 games, including Plants vs Zombies!! Perfect…"
1180435538643341312,,,False,en,Sat Oct 05 10:52:18 +0000 2019,0,2935,"RT @talabykyla: Show off your sign with our new zodiac constellation necklaces! ✨
 
• Constellation with Petite Moon (₱299)
• Constellation…"
1180101572849614849,,,False,en,Fri Oct 04 12:45:14 +0000 2019,0,10773,RT @its_isabela32: i want these omggg👻 https://t.co/6heBYZrshV
1179160913472978944,,,False,en,Tue Oct 01 22:27:24 +0000 2019,0,134078,RT @_danibradleey: OPEN FOR A LIL SECRET 😏 https://t.co/aulz8AVxME
1178668944946712576,1178647420013408256,873094948282810368,False,und,Mon Sep 30 13:52:29 +0000 2019,1,0,@balanga_mae https://t.co/t1cR3A7Lr1
1178300880430329857,1178287467058864129,946562221957554176,False,tr,Sun Sep 29 13:29:56 +0000 2019,1,0,@Bastee_0812 sana all
1176493028615344129,,,False,tl,Tue Sep 24 13:46:10 +0000 2019,0,19,"RT @Lardsss: Bat ang rami kong ""sana all"" sa buhay???"
1176472318001827840,,,False,en,Tue Sep 24 12:23:53 +0000 2019,0,6114,RT @talabykyla: Our new solis &amp; moonshine bracelet 🌞🌙 https://t.co/PXCN0usbEa
1175414921179217921,1175413474500808704,1080476744291762176,False,und,Sat Sep 21 14:22:10 +0000 2019,0,0,@nikuh_minaj aww :(
1175412506359033857,1175389196757827584,1080476744291762176,False,tl,Sat Sep 21 14:12:34 +0000 2019,0,0,@nikuh_minaj pinagpalit ka?
1175412480417267717,1175389196757827584,1080476744291762176,False,en,Sat Sep 21 14:12:28 +0000 2019,0,0,@nikuh_minaj ughh
1174641029414191105,,,False,tl,Thu Sep 19 11:06:59 +0000 2019,0,20110,"RT @alchenibe_: hOYYY!!! TOTOO NGA, MEDJO UTO UTO AKO PERO SIZ KAKA-RT KO LANG TAS BIGLA DUMATING NANAY KO BITBIT YAN!!! https://t.co/29M4l…"
1174293983251456000,,,False,en,Wed Sep 18 12:07:57 +0000 2019,0,65815,RT @yowittlefrend: And I be getting 0 https://t.co/UpB8WRX0YE
1174099090067427328,,,False,en,Tue Sep 17 23:13:31 +0000 2019,0,12938,"RT @skycimanez: NEW SHOES 👟 
NEW SHOES 👟 
NEW SHOES 👟 
NEW SHOES 👟 
NEW SHOES 👟 
NEW SHOES 👟 
NEW SHOES 👟 
NEW SHOES 👟 
NEW SHOES 👟 
NEW SH…"
1172823814171873280,,,False,en,Sat Sep 14 10:46:01 +0000 2019,0,23213,RT @up0nthatrise: This is The only week you can RT this https://t.co/wHZ73POqXa
1172101106253434880,,,False,tl,Thu Sep 12 10:54:14 +0000 2019,26,0,"bat ang cute mo,,, https://t.co/N0Gj0Q0HOQ"
1171007388582760449,1170988062752423941,1066330190974832640,False,tl,Mon Sep 09 10:28:12 +0000 2019,0,0,@tats_sulok ta may pasok bukas?
1170111634112561152,1169603797364068352,1066330190974832640,False,tl,Fri Sep 06 23:08:47 +0000 2019,0,0,@tats_sulok pasalubong
1169393917587931136,,,False,tl,Wed Sep 04 23:36:50 +0000 2019,0,26713,"RT @crithicko: Save AMAZON ba ka mo???
Pwede ring;
#SAVEZAMBALES
#SAVESURIGAODELNORTE
#SAVESURIGAODELSUR
#SAVESIERAMADRE
#SAVEMINDANAO

O d…"
1169009794281332742,,,False,und,Tue Sep 03 22:10:28 +0000 2019,12,0,TyL!
1168906945295765507,1168892700340473857,946562221957554176,False,es,Tue Sep 03 15:21:47 +0000 2019,1,0,@Bastee_0812 hoOoy ano yann
1168868628671995905,1168867223818997760,1066330190974832640,False,tl,Tue Sep 03 12:49:32 +0000 2019,0,0,@tats_sulok @nika_cay onga
1168651576120004608,,,False,tl,Mon Sep 02 22:27:02 +0000 2019,0,2,RT @reginecriszhaf: habadu sainyo kambal! 🥳 check mssngr nagpm ako. Godbless ❤ @nika_cay @DaniellaCynn
1168651027752448000,1168641372221345792,929683488894152705,False,und,Mon Sep 02 22:24:52 +0000 2019,1,0,@reginecriszhaf @nika_cay tenk u a
1168508318282764288,1168506830886072321,1080476744291762176,False,tl,Mon Sep 02 12:57:47 +0000 2019,1,0,@nikuh_minaj kilala naman sya
1168508299878092800,1168506830886072321,1080476744291762176,False,it,Mon Sep 02 12:57:43 +0000 2019,1,0,@nikuh_minaj di mo invite HAHAHA
1168175087452741632,,,False,en,Sun Sep 01 14:53:39 +0000 2019,0,9230,"RT @avpersona: BER MONTHS, MONEY COME WITH ME
BER MONTHS, MONEY COME WITH ME
BER MONTHS, MONEY COME WITH ME
BER MONTHS, MONEY COME WITH ME…"
1168147565688131589,,,True,en,Sun Sep 01 13:04:17 +0000 2019,0,42808,RT @PrimePG13: rt or 2020 will be your worst year yet. https://t.co/kGqGnotfks
1167829520465813505,1167821368378843136,946562221957554176,False,tl,Sat Aug 31 16:00:29 +0000 2019,1,0,@Bastee_0812 @ElluhB ba ba ba
1167087716674064384,1167077852698669057,1016271610343579653,False,tl,Thu Aug 29 14:52:49 +0000 2019,0,0,@tffnytgl ayaw mo nun haha
1166694617669963776,,,False,en,Wed Aug 28 12:50:47 +0000 2019,0,218706,RT @SabiChief: Open to see this Secret. https://t.co/v2KlAUgIwa
1166677671918497792,,,False,tl,Wed Aug 28 11:43:27 +0000 2019,0,7688,"RT @imdrwlp: Everytime na may birthday, auto focus ako dito 🤣 https://t.co/h0gud93TWZ"
1166365444816523264,1166364008649089024,946562221957554176,False,und,Tue Aug 27 15:02:46 +0000 2019,0,0,@Bastee_0812 @_clarysss @drei_bathan13 @keyt_miclat @ic_tadeo bogus
1166359313780301828,1166359074549698567,946562221957554176,False,eu,Tue Aug 27 14:38:24 +0000 2019,1,0,@Bastee_0812 otologo?
1165608159848759296,1165607774945865728,1099698933813497856,False,und,Sun Aug 25 12:53:35 +0000 2019,1,0,@jvcynn tru :&lt;&lt;
1164905983153451008,1164842995541110785,1005269116184190976,False,und,Fri Aug 23 14:23:23 +0000 2019,0,0,@Lardsss https://t.co/lSCvkobIDx
1164690523224862720,1164689053989474304,852171464296083458,False,eu,Fri Aug 23 00:07:14 +0000 2019,0,0,@nika_cay otologo?
1164556060943892481,1164504229962141696,1005269116184190976,False,tl,Thu Aug 22 15:12:55 +0000 2019,0,0,@Lardsss ganon?
1164552094746992640,1164551880287981570,946562221957554176,False,en,Thu Aug 22 14:57:10 +0000 2019,0,0,@Bastee_0812 nameee
1164551659038507008,1164551491245363201,946562221957554176,False,tl,Thu Aug 22 14:55:26 +0000 2019,0,0,@Bastee_0812 talaga?
1164531233700769792,1164520252111085571,872819686618128384,False,und,Thu Aug 22 13:34:16 +0000 2019,3,0,@aly_dizown https://t.co/2GTYNq1HvB
1164447751918084096,1164447310002081793,792533703108853760,False,tl,Thu Aug 22 08:02:33 +0000 2019,0,0,@lhncsilo @hlrynacpil bat ka galet? :&lt;
1164443083749990401,1164441316706545664,4888062088,False,es,Thu Aug 22 07:44:00 +0000 2019,1,0,@alexpquiroz ella_cayanan
1164436309743562753,1164435606023225344,734021644436414465,False,tl,Thu Aug 22 07:17:05 +0000 2019,1,0,@frncsncle17 hindi poo
1164436274465214465,1164416892032827394,851753418293092352,False,tl,Thu Aug 22 07:16:56 +0000 2019,0,0,@hlrynacpil hindi naman sir :&lt;&lt;
1164406244150374401,,,False,tl,Thu Aug 22 05:17:36 +0000 2019,8,0,hi hello streak tayo
1164404668027375617,1164404239742849024,929683488894152705,False,tl,Thu Aug 22 05:11:21 +0000 2019,0,0,@reginecriszhaf hehehe sorry
1164156364840529921,,,False,tl,Wed Aug 21 12:44:41 +0000 2019,0,7,"RT @frncsncle17: may narealize ako.. kapag di ka source of happiness ng isang tao, kahit anong gawin mong pagpapasaya sakanya kapag malungk…"
1163768253149093889,1163764421023293441,873094948282810368,False,en,Tue Aug 20 11:02:27 +0000 2019,1,0,@balanga_mae headband ko :((
1163414052669775872,,,False,tl,Mon Aug 19 11:35:00 +0000 2019,10,0,bat ang daming kailangan? wala nako pera rugoo
1163100485370310657,1163099920515002368,946562221957554176,False,eu,Sun Aug 18 14:48:59 +0000 2019,1,0,@Bastee_0812 tologo?
1163097117805576192,1163095376397787138,734021644436414465,False,en,Sun Aug 18 14:35:36 +0000 2019,2,0,@frncsncle17 daming alam af
1163088298182504448,1163087962629795841,1064760747039776770,False,und,Sun Aug 18 14:00:34 +0000 2019,2,0,@SantosQueon https://t.co/JrmKyjGtkk
1163087739031392256,1163087656298807297,1064760747039776770,False,und,Sun Aug 18 13:58:20 +0000 2019,1,0,@SantosQueon ka
1163079801449529345,1163079637510938626,734021644436414465,False,lv,Sun Aug 18 13:26:48 +0000 2019,1,0,@frncsncle17 wow kdot
1163079535098650625,1163079107959091200,734021644436414465,False,in,Sun Aug 18 13:25:44 +0000 2019,0,0,@frncsncle17 hi hello HAHAHQ
1163079494611062784,1163078552763301888,1016271610343579653,False,tl,Sun Aug 18 13:25:35 +0000 2019,1,0,@tffnytgl hi hello HAHA
1163076294055096320,1163071344373710850,792533703108853760,False,en,Sun Aug 18 13:12:52 +0000 2019,0,0,@lhncsilo thank u 🤠
1163075845587496961,1163075009947979776,872819686618128384,False,tl,Sun Aug 18 13:11:05 +0000 2019,1,0,@aly_dizown @jvcynn wala ako sinasabe HAHAH
1163073887866720259,1163060816658096129,1099698933813497856,False,tl,Sun Aug 18 13:03:18 +0000 2019,1,0,@jvcynn @aly_dizown tutu mo yan? HAHAHA
1163073771604852736,1163056152109699072,872819686618128384,False,tl,Sun Aug 18 13:02:50 +0000 2019,0,0,@aly_dizown ganon? :&lt;&lt;
1163071150320078848,1163070754977566721,792533703108853760,False,tr,Sun Aug 18 12:52:25 +0000 2019,1,0,@lhncsilo ew esemel
1163071081155985408,1163070567898943489,1080476744291762176,False,tl,Sun Aug 18 12:52:09 +0000 2019,1,0,@nikuh_minaj paasa amp
1163060032180592640,,,False,tl,Sun Aug 18 12:08:14 +0000 2019,13,0,hingi kausap mehehe
1162979052099010561,1162977664912592896,1099698933813497856,False,eu,Sun Aug 18 06:46:27 +0000 2019,0,0,@jvcynn @Lardsss tologo?
1162731447498657792,,,True,tl,Sat Aug 17 14:22:34 +0000 2019,4,0,sana nga :&lt;&lt; hahaha https://t.co/WgbHWEtX1f
1162578096412774401,1162555976723005440,946562221957554176,False,tl,Sat Aug 17 04:13:12 +0000 2019,1,0,@Bastee_0812 sge mamaya para sayo
1162355148003274758,,,False,en,Fri Aug 16 13:27:17 +0000 2019,0,0,@eaureeeeeeee yehey :&lt;&lt;
1162345623988740096,,,False,en,Fri Aug 16 12:49:26 +0000 2019,8,0,im so sorryy :&lt;&lt;
1161634347058782208,,,False,en,Wed Aug 14 13:43:05 +0000 2019,0,2,RT @Lardsss: I prefer actions than words.
1161628933617438720,1161614518100697088,792533703108853760,False,und,Wed Aug 14 13:21:34 +0000 2019,1,0,@lhncsilo https://t.co/DkPCyPHpRK
1161613849289584640,1161613535559860224,734021644436414465,False,en,Wed Aug 14 12:21:38 +0000 2019,0,0,@frncsncle17 who dat
1161247507323604992,,,False,tl,Tue Aug 13 12:05:55 +0000 2019,0,21441,"RT @DKoAlamUsername: PAPASA TAYO SA EXAMS 💯💯💯
PAPASA TAYO SA EXAMS 💯💯💯
PAPASA TAYO SA EXAMS 💯💯💯
PAPASA TAYO SA EXAMS 💯💯💯
PAPASA TAYO SA EXA…"
1160912606271459329,1160911074037645312,1005269116184190976,False,und,Mon Aug 12 13:55:08 +0000 2019,0,0,@Lardsss @aly_dizown @frncsncle17 @tats_sulok @jvcynn ba
1160900997486534656,1160900804460462080,734021644436414465,False,tl,Mon Aug 12 13:09:00 +0000 2019,0,0,@frncsncle17 @tats_sulok @aly_dizown @jvcynn @Lardsss ay ganon?
1160900697140842496,1160900581436743682,1066330190974832640,False,tl,Mon Aug 12 13:07:49 +0000 2019,0,0,@tats_sulok @frncsncle17 @aly_dizown @jvcynn @Lardsss sino ba un? kilala mo?
1160900487228473350,1160900385495666688,734021644436414465,False,tl,Mon Aug 12 13:06:59 +0000 2019,0,0,@frncsncle17 @tats_sulok @aly_dizown @jvcynn @Lardsss ba bat ako iiyak?
1160899980233605121,1160898802644996102,734021644436414465,False,no,Mon Aug 12 13:04:58 +0000 2019,0,0,@frncsncle17 @tats_sulok @aly_dizown @jvcynn @Lardsss nye nye mye
1160898698672398338,1160898577087942656,872819686618128384,False,tl,Mon Aug 12 12:59:52 +0000 2019,0,0,@aly_dizown @frncsncle17 @tats_sulok @jvcynn @Lardsss kalat nyo masyado HAHAHA
1160897211376394242,1160896679668670464,915912609907449857,False,tl,Mon Aug 12 12:53:58 +0000 2019,0,0,@ITSYABOILILJMS ganon?
1160896565558435840,1160896467457888256,1099698933813497856,False,tl,Mon Aug 12 12:51:24 +0000 2019,0,0,@jvcynn @frncsncle17 @aly_dizown @tats_sulok hakdog HAHAHA mcdo ko ah
1160838592303730688,1160832391729963008,946562221957554176,False,tl,Mon Aug 12 09:01:02 +0000 2019,1,0,@Bastee_0812 ayoko
1159078657408716800,,,False,en,Wed Aug 07 12:27:41 +0000 2019,0,11444,"RT @jerbyyvonne: HIGH SCORE ON EXAMS 
HIGH SCORE ON EXAMS
HIGH SCORE ON EXAMS
HIGH SCORE ON EXAMS
HIGH SCORE ON EXAMS
HIGH SCORE ON EXAMS
H…"
1158379246798008320,,,False,en,Mon Aug 05 14:08:28 +0000 2019,0,31496,"RT @vjvictolero: summoning circle:

                   📚
          📚            📚
   📚                          📚
              mataas na
📚…"
1157710094240370688,1157707958442057728,929683488894152705,False,tl,Sat Aug 03 17:49:30 +0000 2019,1,0,@reginecriszhaf waw HAHAHA hello
1157703497573228545,1157702472846082048,1005269116184190976,False,tl,Sat Aug 03 17:23:17 +0000 2019,0,0,@Lardsss kailan ba?
1156199290240241664,1156199157951938562,1080476744291762176,False,en,Tue Jul 30 13:46:06 +0000 2019,1,0,@nikuh_minaj @tats_sulok @frncsncle17 @Lardsss reng maissue
1156198165554450433,1156197505790382080,1066330190974832640,False,und,Tue Jul 30 13:41:38 +0000 2019,0,0,@tats_sulok @Lardsss tss
1156197327595421698,1156197248717320192,1005269116184190976,False,tl,Tue Jul 30 13:38:18 +0000 2019,1,0,@Lardsss @tats_sulok hangang dito ba naman
1156197149069070336,1156197072577548288,1005269116184190976,False,es,Tue Jul 30 13:37:36 +0000 2019,0,0,@Lardsss @tats_sulok mete
1155845947504467968,1155803376392654848,946562221957554176,False,tl,Mon Jul 29 14:22:03 +0000 2019,1,0,@Bastee_0812 ganon?
1155845841199886337,1155822752877539328,734021644436414465,False,und,Mon Jul 29 14:21:37 +0000 2019,1,0,@frncsncle17 https://t.co/RtXlzObHhO
1155831947723071488,1155646156866633728,2875012494,False,tl,Mon Jul 29 13:26:25 +0000 2019,1,0,@TheaOrbe nanay uwi ka muna
1152556556518453250,,,True,und,Sat Jul 20 12:31:11 +0000 2019,13,3,🤩🤩🤩🤩 https://t.co/w304zPnFzP
1152544557596172288,,,True,en,Sat Jul 20 11:43:30 +0000 2019,4,2,CHICHI 💝💖 https://t.co/8oTSKMdezc
1147901893697392640,1147863377118502913,1005269116184190976,False,tl,Sun Jul 07 16:15:13 +0000 2019,1,0,@Lardsss ganon?
1147708657469018112,,,False,en,Sun Jul 07 03:27:21 +0000 2019,0,20,RT @frncsncle17: i wrote a very short song//  full version soon!! hahaha 🥺❤️ https://t.co/6JSKhS126M
1147354618575257602,,,False,en,Sat Jul 06 04:00:32 +0000 2019,0,59,RT @frncsncle17: i wrote a song//  🙃💔 https://t.co/OgLV9aB34N
1144211769889476610,,,False,tl,Thu Jun 27 11:51:59 +0000 2019,25,0,gusto ko na pumasok :))
1142747353306157056,1142747027773673472,734021644436414465,False,tr,Sun Jun 23 10:52:54 +0000 2019,1,0,@frncsncle17 hayy
1142715278469427201,,,False,en,Sun Jun 23 08:45:27 +0000 2019,0,25260,"RT @ManEnthusiastic: Cum Laude soon.........
Magna Cum Laude soon.........
Summa Cum Laude soon.........
Cum Laude soon.........
Magna Cum…"
1140589447659941889,1140589020289748992,734021644436414465,False,tl,Mon Jun 17 11:58:10 +0000 2019,0,0,@frncsncle17 @HFAStuCOfficial magaling
1139903110443175938,1139841755979718657,715753613382000640,False,tl,Sat Jun 15 14:30:54 +0000 2019,2,0,@Ram_Catap ende eh hahahaha
1139548784747110400,1139456465184284674,715753613382000640,False,in,Fri Jun 14 15:02:56 +0000 2019,1,0,@Ram_Catap marupok 4 evEr
1138338643997646848,,,False,in,Tue Jun 11 06:54:16 +0000 2019,0,5,RT @frncsncle17: mema https://t.co/YiZrykzuus
1138090063475011584,,,False,tl,Mon Jun 10 14:26:30 +0000 2019,0,19,RT @frncsncle17: wala lang https://t.co/StZ9eVGG7R
1128614367384104960,1128283681955516417,1057635278561542145,False,tl,Wed May 15 10:53:28 +0000 2019,0,0,@garciafaithh pano mo nasabi?
1127135883256258560,,,False,en,Sat May 11 08:58:30 +0000 2019,0,279,"RT @thrynxcdz: Dahil walang La Salle sa finals, GOOOO USTEEEEE!!! Sisi needs this grand exit!!! #UAAPVolleyballFinals #UAAPS81WomensVolleyb…"
1125980154126147584,1125767306980651008,1066330190974832640,False,tl,Wed May 08 04:26:03 +0000 2019,1,0,@tats_sulok @frncsncle17 ba di sino yan?
1125975279799681024,,,False,und,Wed May 08 04:06:40 +0000 2019,15,0,#NewProfilePic https://t.co/e3oZemSE4z
1125754071896379392,1125753648279982080,734021644436414465,False,tl,Tue May 07 13:27:40 +0000 2019,1,0,@frncsncle17 HAHAHAHAHAHAHAHAHA
1125380150651047937,1125379765920157697,1066330190974832640,False,tl,Mon May 06 12:41:51 +0000 2019,1,0,@tats_sulok @frncsncle17 @nika_cay masarap naman
1124291850251018241,1123952484966445058,734021644436414465,False,tl,Fri May 03 12:37:20 +0000 2019,1,0,@frncsncle17 miss ko na un cabinet
1123893818191958016,1123609070110367744,734021644436414465,False,tl,Thu May 02 10:15:41 +0000 2019,1,0,@frncsncle17 woah HAHAHA
1121016262706860033,1121015753157689344,971487771813584896,False,tl,Wed Apr 24 11:41:19 +0000 2019,0,0,@_snmark lilipat ka?
1120302867703746560,,,False,tl,Mon Apr 22 12:26:32 +0000 2019,12,0,natatakot padin ako :((
1118101320005607424,1118096850454626304,1066330190974832640,False,tl,Tue Apr 16 10:38:22 +0000 2019,0,0,@tats_sulok nagreply napo wag na sad
1118002241955356672,1117766523647483905,792533703108853760,False,en,Tue Apr 16 04:04:40 +0000 2019,1,0,@lhncsilo arat
1116975166989328384,,,False,tl,Sat Apr 13 08:03:26 +0000 2019,10,0,happy birthday @alexpquiroz gbu!! sana tumangkad kana! hehe labyu hehe 😘🤗 https://t.co/LLvOeLBJHK
1114535486737932288,,,False,en,Sat Apr 06 14:29:01 +0000 2019,0,6,"RT @tats_sulok: Hey guys! We invite you to join our summer camp training at HFA. It's OPEN FOR ALL ASPIRANTS. For those who are interested,…"
1112047664290369536,,,False,en,Sat Mar 30 17:43:18 +0000 2019,25,0,it was a blast :)) https://t.co/FtT7C2iLqc
1112046564871028736,1112018091674750978,872819686618128384,False,en,Sat Mar 30 17:38:56 +0000 2019,0,0,@aly_dizown anyare?
1111645390820896768,,,False,tl,Fri Mar 29 15:04:49 +0000 2019,0,18,RT @tats_sulok: Karamia ng FORBS https://t.co/Wo6nHbq12D
1111616682856837120,1111608506610679809,869195056837787652,False,und,Fri Mar 29 13:10:44 +0000 2019,0,0,@GhervynLiguid hmm?
1109424795488129025,,,False,en,Sat Mar 23 12:00:58 +0000 2019,11,0,i need a hug rt :((
1109310385524367360,,,False,en,Sat Mar 23 04:26:20 +0000 2019,21,0,"still, Thank you Lord! That in all things God maybe glorified!"
1106772378648899584,1106766299508760576,921722414584627201,False,tl,Sat Mar 16 04:21:12 +0000 2019,0,0,@MERCADO313 weh talaga?
1106289991406092288,,,False,en,Thu Mar 14 20:24:22 +0000 2019,11,0,see you isabela 🙋🏻‍♀️🤟🏻
1105457708398833665,1105456883266015234,1066330190974832640,False,en,Tue Mar 12 13:17:10 +0000 2019,0,0,@tats_sulok aww cheer up ate dawn :))
1105454729105006592,,,False,en,Tue Mar 12 13:05:20 +0000 2019,6,0,deep talks? hahaha
1105100116774477824,1105090324823592961,2518173000,False,und,Mon Mar 11 13:36:14 +0000 2019,1,0,@YturraldeDylan :((
1105085172716695552,,,False,in,Mon Mar 11 12:36:51 +0000 2019,4,0,konting motivation pa :((
1103994536315871232,1103979909301653505,921722414584627201,False,tl,Fri Mar 08 12:23:03 +0000 2019,0,0,@MERCADO313 bet ko to HAHA omay hilory shantol
1103993903840059392,1103950031940247553,921722414584627201,False,tl,Fri Mar 08 12:20:32 +0000 2019,0,0,@MERCADO313 @DREWMAZING1 wth HAHAHA
1103627610502754304,1103568577204969472,921722414584627201,False,tl,Thu Mar 07 12:05:01 +0000 2019,0,0,@MERCADO313 + cute pa hahaha mamimiss mo nyan cute mong katabi HAHAHA
1103627353664585729,1103568158496092161,921722414584627201,False,tl,Thu Mar 07 12:04:00 +0000 2019,0,0,@MERCADO313 weh talaga?
1103296536190959616,1102937030076510208,1066330190974832640,False,und,Wed Mar 06 14:09:27 +0000 2019,0,0,@tats_sulok aww :((
1101870298431815681,1101869919543541760,1066330190974832640,False,und,Sat Mar 02 15:42:05 +0000 2019,0,0,@tats_sulok oo!!!! 🤪
1099670922569469952,1099608047284940800,1029185029983756288,False,tl,Sun Feb 24 14:02:33 +0000 2019,0,0,@DREWMAZING1 hoy ang bad:((
1097468513642409984,,,False,tl,Mon Feb 18 12:10:58 +0000 2019,0,39,RT @frncsncle17: Balang Araw by I belong to the zoo (short cover) HAHAHAHA https://t.co/oRGpCPz0Yp
1093875275463442432,1093842784358780928,1029185029983756288,False,tl,Fri Feb 08 14:12:43 +0000 2019,0,0,@DREWMAZING1 Hahaha true infairness masarap kaysa bottled water hahahaha
1092429387524259840,,,False,en,Mon Feb 04 14:27:16 +0000 2019,0,9228,RT @poberss: HONEY BUTTER CHIPS XXL AAAAAAAAA https://t.co/VozpSGeBVE
1091996872594448384,,,False,en,Sun Feb 03 09:48:37 +0000 2019,4,0,SUPPORT OUR ATE’S BAZAAR 🤪@lyzethnocom https://t.co/TBUxkTPnXL
1090535710778523648,,,False,en,Wed Jan 30 09:02:29 +0000 2019,3,0,Happy Birthday @nikkijavieeer gbu and enjoy ur day!!! Luv yah 🤪🤗 https://t.co/krBaNErfj3
1086433914204315648,1086433037372469248,1029185029983756288,False,tl,Sat Jan 19 01:23:24 +0000 2019,1,0,@DREWMAZING1 HAHAHA kala mo sino https://t.co/rLq5Jj0Pz7
1086245580878147585,1086245231421341697,1029185029983756288,False,tl,Fri Jan 18 12:55:02 +0000 2019,0,0,@DREWMAZING1 Alabyo2 💖💖😘😘 HAHAHAHAHA
1085914193318928385,1085913929543344129,734021644436414465,False,und,Thu Jan 17 14:58:13 +0000 2019,1,0,@frncsncle17 🤪
1085887946522161156,1085878405617266688,734021644436414465,False,it,Thu Jan 17 13:13:55 +0000 2019,1,0,@frncsncle17 Lab u chi HAHAHAHA
1084052947288215554,,,False,en,Sat Jan 12 11:42:18 +0000 2019,9,0,Happy birthday team adobo hahah gbu!! Love u always hehe 😘💖@KeeshaMinaaa https://t.co/ibiGt18g8u
1082987243235504131,,,False,en,Wed Jan 09 13:07:34 +0000 2019,0,22457,RT @MaceyMathis11: New semester starts tomorrow. RT for good luck. https://t.co/YMWa4naAtJ
1081026575930318848,,,False,tl,Fri Jan 04 03:16:34 +0000 2019,0,73227,RT @glypstonesimbre: Pag ni retweet mo to. Buong taon ka hindi mauubusan ng pera! 💵💸
1079790049187622912,,,False,en,Mon Dec 31 17:23:03 +0000 2018,20,0,- Appreciation post https://t.co/wCfn9ojjJx
1079394208975282176,,,False,tl,Sun Dec 30 15:10:08 +0000 2018,0,7537,"RT @neilmarkhuan: Pls.

TUMANGKAD NEXT YEAR

TUMANGKAD NEXT YEAR

TUMANGKAD NEXT YEAR

TUMANGKAD NEXT YEAR

TUMANGKAD NEXT YEAR

TUMANGKAD…"
1079090226838945792,,,False,en,Sat Dec 29 19:02:13 +0000 2018,0,15854,"RT @icecreamcakeee: I 

J 
U 
S 
T 

W 
A 
N 
T 

T 
O 

T 
H 
A 
N 
K 

G 
O 
D 

F 
O 
R 

E 
V 
E 
R 
Y 
T 
H 
I 
N 
G 
.

RETWEET IF YO…"
1078203619038482432,,,False,tl,Thu Dec 27 08:19:09 +0000 2018,0,7606,RT @gelsarabss: Nabunga na ang pag rt kooo!!! Rt ramooo!!😂💵💰✨ https://t.co/4GjscRNPxJ
1077953674029129728,,,False,en,Wed Dec 26 15:45:57 +0000 2018,13,0,Bird box 👌🏻💯
1077393608553058304,,,False,tl,Tue Dec 25 02:40:27 +0000 2018,0,16533,RT @sardan_john: Pera bato? O pera talaga! tiwala lang kayo sa Retweet kasi ako hindi😂😔 https://t.co/5sMRijgAt8
1077393531566604288,,,False,tl,Tue Dec 25 02:40:09 +0000 2018,0,17157,"RT @KylieDurian: Kaka rt lang rt para mas rarami pera mo.

HAHAHAHAHA https://t.co/HSKoZm2H20"
1077132276842979328,,,False,tl,Mon Dec 24 09:22:01 +0000 2018,0,25103,RT @mrgrttvllbn: Retweet para magkapera ngayong darating na pasko. ;)))) https://t.co/G5KUIeXVCe
1076710084560904192,,,False,it,Sun Dec 23 05:24:23 +0000 2018,0,17037,"RT @reyshitt: pera
per
pe
p
pe
per
pera
per
pe
p
pe
per
pera
per
pe
p
pe
per
pera
per
pe
p
pe
per
pera
per
pe
p
pe
per
pera
per
pe
p
pe
per…"
1072487927446425600,,,False,tl,Tue Dec 11 13:47:02 +0000 2018,5,0,Ayoko na pumasok ahehez jok
1070252585917939712,,,False,en,Wed Dec 05 09:44:35 +0000 2018,5,0,Happy birthday @Ram_Catap gbu!! 🤗🧓🏻 https://t.co/wsqZOiAyxS
1069236504193421312,1069234180335124481,740355329620213760,False,tl,Sun Dec 02 14:27:02 +0000 2018,0,0,@nikkijavieeer Ano nanaman? HAHAHA
1069230355041796096,,,False,en,Sun Dec 02 14:02:36 +0000 2018,10,0,Back to reality :((
1069229735840899073,1069169166232342528,852171464296083458,False,tl,Sun Dec 02 14:00:09 +0000 2018,0,0,@nika_cay Is dat kuya?? Jok HAHAHAHA
1068874450571952128,,,False,en,Sat Dec 01 14:28:22 +0000 2018,2,0,"Happy birthday @lijanagarcia!!
gbu!!! 😘💖"
1068486822383112192,,,False,en,Fri Nov 30 12:48:04 +0000 2018,0,26380,RT @vinnybrack: LMFAOOOOOOO THEY HOLDING A PLANT HOSTAGE https://t.co/xr9HIZYUFL
1068342841955430400,,,False,en,Fri Nov 30 03:15:57 +0000 2018,13,0,power wer u at?
1066337228446519296,1066003643638390784,2875012494,False,tl,Sat Nov 24 14:26:21 +0000 2018,1,0,@TheaOrbe Uwi kana nanay!!! miss u nakaredi na pasalubong mo hahaha
1065997216332959749,,,False,tl,Fri Nov 23 15:55:16 +0000 2018,11,0,Namiss ko kama ko ah infairness sarap sa feeling it’s good to be home hahaha
1065816340852862978,,,False,ko,Fri Nov 23 03:56:32 +0000 2018,0,10921,"RT @BigHitShop: #BTS 2019 SEASON’S GREETINGS와 WALL CALENDAR 예약 판매가 #BigHitShop에서 진행됩니다. 
지금 예약 구매하고, 1차 예약 구매자 대상 특전과 5%의 #MyNX point도 적립 받…"
1065474456896729088,,,False,tl,Thu Nov 22 05:18:00 +0000 2018,0,12331,"RT @itsyoboiiMJ: |￣￣￣￣￣￣￣￣￣￣￣|
 Free data para sa Twitter        
|＿＿＿＿＿＿＿＿＿＿＿| 
                \ (•◡•) / 
                  \      /…"
1063628639307214848,,,True,tl,Sat Nov 17 03:03:23 +0000 2018,7,0,Minsan gusto ko nalang mag away tayo ng walang dahilan hahaha jok https://t.co/vMkeasIJk4
1060886884094640129,1060886773444730880,851753418293092352,False,tl,Fri Nov 09 13:28:38 +0000 2018,1,0,@hlrynacpil @frncsncle17 Hoy iba naman ah
1060885031399256064,1060884888042127361,734021644436414465,False,und,Fri Nov 09 13:21:16 +0000 2018,1,0,@frncsncle17 😉
1057191382744391680,,,False,tl,Tue Oct 30 08:44:01 +0000 2018,0,4192,"RT @mcllhdeniz: nakita ko lang to sa fb so gusto ko ishare sainyo hahaha medyo mahaba 😛 

December Avenue ~ a thread https://t.co/Co8C4QjRJc"
1056833812036898816,1056832918356545536,1016296019691069440,False,tl,Mon Oct 29 09:03:10 +0000 2018,2,0,@JorrielAlyn @frncsncle17 @nika_cay @hlrynacpil @alexpquiroz @lhncsilo @lijanagarcia ha ha ha sml? La ka pangarap sa buhay mitda :))
1054979043454582784,,,False,tl,Wed Oct 24 06:12:59 +0000 2018,0,8627,"RT @krlsxbnsnx: PAPASA TAYO SA EXAMS!
PAPASA TAYO SA EXAMS!
PAPASA TAYO SA EXAMS!
PAPASA TAYO SA EXAMS!
PAPASA TAYO SA EXAMS!
PAPASA TAYO S…"
1053564312667582465,,,False,tl,Sat Oct 20 08:31:21 +0000 2018,0,425,"RT @IRRAJUANDER: ""GINAWA KONG MUNDO YUNG DAPAT SCHOOL LANG""

Nafifeel mo ba ako?

_t h r e a d"
1053196766500147202,,,False,en,Fri Oct 19 08:10:51 +0000 2018,7,0,Happy birthday! gbu! @lhncsilo https://t.co/cR52Mzwc6w
1051824400247312385,,,False,tl,Mon Oct 15 13:17:33 +0000 2018,5,0,di pako redi pumasok bukas :&gt;
1051152459559628801,,,False,tl,Sat Oct 13 16:47:30 +0000 2018,13,0,sana maayos na. Nakakamiss din un dating tayo. Masaya lng walang gulo or away. masakit din sa feeling nagaaway mga kaibigan mo.
1050397214583873536,1050393964560281601,852171464296083458,False,tl,Thu Oct 11 14:46:26 +0000 2018,0,0,@nika_cay Talaga? Si ano ba yan?haha
1050350620299808770,,,False,en,Thu Oct 11 11:41:17 +0000 2018,20,0,"All for the glory of God,
We Fight 👆🏻💙"
1049618099538866178,1049617989287305217,4888062088,False,tl,Tue Oct 09 11:10:30 +0000 2018,0,0,@alexpquiroz @nika_cay @lijanagarcia @d Ugh di man nga
1049617863806345216,1049617674697814016,810344932703539200,False,tl,Tue Oct 09 11:09:34 +0000 2018,0,0,@lijanagarcia @nika_cay @alexpquiroz @d Send ko pic nyo peyt
1049617816947552256,1049617674697814016,810344932703539200,False,en,Tue Oct 09 11:09:23 +0000 2018,0,0,@lijanagarcia @nika_cay @alexpquiroz @d Yuck pls no
1049614606392418304,1049613959437766656,810344932703539200,False,tl,Tue Oct 09 10:56:37 +0000 2018,0,0,@lijanagarcia D = Daniella ahehez
1048909874833182720,,,True,in,Sun Oct 07 12:16:16 +0000 2018,11,0,Hai bunso🙊 https://t.co/5hGlPICpH7
1047468551513104384,1047468402363719681,852171464296083458,False,und,Wed Oct 03 12:48:58 +0000 2018,1,0,@nika_cay 🙄
1046332279583178752,,,False,en,Sun Sep 30 09:33:50 +0000 2018,0,78301,RT @emilyschoustra: Rt for good luck https://t.co/cQoHT8AGwv
1043136108064718851,,,False,tl,Fri Sep 21 13:53:23 +0000 2018,6,0,mete karakal assignment 🙇🏻‍♀️
1040979961425739776,1040979739614167040,734021644436414465,False,tl,Sat Sep 15 15:05:37 +0000 2018,1,0,@frncsncle17 @nika_cay Obviously ako 🙄😂
1040837467782311936,,,False,tl,Sat Sep 15 05:39:24 +0000 2018,0,17975,"RT @yuanalbano28: GRABE. gusto ko rin ng Filipino-themed prom.

Pagandahan ng barong lalaki and pabonggahan ng gown babae.

Tapos maraming…"
1040581002257551363,1040576461269131264,971487771813584896,False,tl,Fri Sep 14 12:40:18 +0000 2018,0,0,@SeanMark8808 No prob wag papadown stay positive:&gt;
1038377648412491776,,,False,und,Sat Sep 08 10:44:58 +0000 2018,18,0,TyL💖🙏🏻
1038259051870674944,,,False,en,Sat Sep 08 02:53:42 +0000 2018,0,28,RT @HFAStuCOfficial: God bless and goodluck to all the athletes who will represent HFA in the Milo Little Olympics at Baguio City. You have…
1037709611803934720,1037701403571965954,867616680637345792,False,en,Thu Sep 06 14:30:25 +0000 2018,0,0,@FyCnnn_ thAnK yOu💖🌝
1036995566603923456,1036634730274279431,345958215,False,en,Tue Sep 04 15:13:04 +0000 2018,0,0,@dizonmatthewII Thank you coach matt!!!
1036614802523619333,1036614307281162240,792533703108853760,False,tl,Mon Sep 03 14:00:02 +0000 2018,0,0,@lhncsilo @Ram_Catap Ihh Birthday ko nmn HAHAHAHHA joke
1036594623487987712,1036569179845885952,810344932703539200,False,en,Mon Sep 03 12:39:51 +0000 2018,0,0,@lijanagarcia Thank you!! wOw
1036594504709488640,1036564915673133056,852171464296083458,False,en,Mon Sep 03 12:39:23 +0000 2018,1,0,@nika_cay @alexpquiroz Thank you!! amazing hahah
1036594232125939712,1036565127158411264,715753613382000640,False,en,Mon Sep 03 12:38:18 +0000 2018,1,0,@Ram_Catap Thank you!! myghafd ganda padin still
1034039098833428480,,,False,ko,Mon Aug 27 11:25:07 +0000 2018,0,45470,"RT @pumakorea: PUMA BASKET MADE BY BTS 
2018 8월 31일 시작됩니다.

#PUMA #BASKET #madebyBTS #BTS #PUMAXBTS 
#푸마 #방탄소년단 #BTS바스켓 #방탄신발 https://t.co/…"
1029302661873426432,1029017425138708481,873094948282810368,False,tl,Tue Aug 14 09:44:12 +0000 2018,0,0,@balanga_mae witwiw sino yan mind to share 🤣
1029015233287745539,1029008921883631618,925236077656383488,False,tl,Mon Aug 13 14:42:04 +0000 2018,1,0,@miclat_kyla Hahaha oo naman 🤣
1028333602688229376,,,False,en,Sat Aug 11 17:33:31 +0000 2018,0,2686,RT @lzldjem: i have this resting btch face that makes all the ppl think i hate them. but nooOooOo idk why my face is always lAyK dis
1028209808233521152,,,False,en,Sat Aug 11 09:21:36 +0000 2018,0,1151,RT @taehyungjd_: THE LY ANSWER ALBUM “SELF” IS HOLLOGRAPHIC OMYGOD THIS IS SO BEAUTIFUL AF ISTG TAKE ALL MY MONEY BIGHIT &amp; BTS TAKE IT http…
1026825241148846080,1026813494149009409,734021644436414465,False,und,Tue Aug 07 13:39:49 +0000 2018,1,0,@frncsncle17 🙊
1024961923744391170,,,False,en,Thu Aug 02 10:15:40 +0000 2018,0,169087,"RT @bts_bighit: #BTS #방탄소년단 #LOVE_YOURSELF 轉 'Tear' U version Photoshoot Sketch 
(https://t.co/xvFrtzfFJA) https://t.co/5LFOIdmoty"
1022812402981584899,,,False,en,Fri Jul 27 11:54:14 +0000 2018,0,22688,"RT @bncmoreno: a thread on how i create my ppts 📌 
(this is how i personally do it so it's ok if u don't dig it or smthn these are just a f…"
1021721806644731905,1021055347304173568,873094948282810368,False,tl,Tue Jul 24 11:40:36 +0000 2018,1,0,@balanga_mae kaKelEg nMn🙊
1021721536426729472,1021293222197276674,1002716032065200128,False,tl,Tue Jul 24 11:39:31 +0000 2018,0,0,@maeganashleee yiEe keLegS nMn
1021721400216715264,1021249323743379456,4888062088,False,und,Tue Jul 24 11:38:59 +0000 2018,0,0,@alexpquiroz @nika_cay 🤦🏻‍♀️
1021721201096314883,1021307516515315713,2875012494,False,tl,Tue Jul 24 11:38:11 +0000 2018,1,0,@TheaOrbe I miss u nanayyy uwe na u ☹️😘
1021720610190241793,,,False,en,Tue Jul 24 11:35:50 +0000 2018,0,27268,"RT @BT21_: ✨Action on feet👟
More Styles, More Fun!
What’s your choice?

👇🏻Check here👇🏻
https://t.co/Om06julFRO

#ConverseXBT21
#JULY27 #BT2…"
1020286478713204736,,,False,tl,Fri Jul 20 12:37:07 +0000 2018,0,3170,"RT @damnclareyn: “MgA sTüDeNt AtHlEtEs KüNö KaLA mO NaMAn TaLAgA eH nAg-AaRaL” 

Maybe you see some student-athletes na inaantok or natutul…"
1020283819545440256,1020279181098172417,867616680637345792,False,tl,Fri Jul 20 12:26:33 +0000 2018,0,0,@FayeCunanan1 Hehehehehe ily!!
1019943784681857025,1019917495392595969,867616680637345792,False,und,Thu Jul 19 13:55:22 +0000 2018,0,0,@FayeCunanan1 Pre order shux
1019908559478304768,,,False,en,Thu Jul 19 11:35:24 +0000 2018,1,0,Ur the best kam!! /@FayeCunanan1
1018330118194847744,,,False,tl,Sun Jul 15 03:03:14 +0000 2018,0,5370,"RT @tellemjewl: P8.00 binayad ko sa jeep kanina. Tapos binalik ni manong driver yung piso. 

Sabi niya: “may .25 cents ka diyan? P7.20 lang…"
1018127475405041664,1018124444726910976,852171464296083458,False,tl,Sat Jul 14 13:38:00 +0000 2018,0,0,@nika_cay wOw HAHAHAHA dm mo ko aujujuu
1018118722983096320,,,False,tl,Sat Jul 14 13:03:13 +0000 2018,0,8876,"RT @dizonalyanna__: ""call? usap tayo""
""can I call?""
""tawag ako, tas ilabas mo sama ng loob mo makikinig lang ako""
""can I stay up late with…"
1018117238472097792,,,False,tl,Sat Jul 14 12:57:20 +0000 2018,3,0,Happy birthday @hlrynacpil  gbu!!  Team danggit ajujujuju miss u hoy libre nyan nmen HAHAHAHAHA and many more ily 😘… https://t.co/vePosxB6wN
1017384881737777152,,,False,tl,Thu Jul 12 12:27:12 +0000 2018,0,10264,RT @itsprcs: yung 500 pesos ngayon parang bente pesos nalang 🤧
1014496033076908033,,,False,en,Wed Jul 04 13:07:57 +0000 2018,0,15389,"RT @itsprcs: Students are not robots ‼️ 

— a thread 🤖"
1014111377739223042,1014091588857933824,4888062088,False,und,Tue Jul 03 11:39:28 +0000 2018,1,0,@alexpquiroz Ewwww
1013388306745184256,,,False,tl,Sun Jul 01 11:46:14 +0000 2018,1,0,wOw lapit na test
1012702781096902657,1012344405888339969,345958215,False,en,Fri Jun 29 14:22:12 +0000 2018,1,0,@dizonmatthewII Thank u po coach matt
1012672188351053825,,,False,en,Fri Jun 29 12:20:38 +0000 2018,0,65218,RT @billboard: 50 of @BTS_twt's best songs in one place! 🙌 https://t.co/wHsLF01mSz
1012668711990222849,1012422696011902976,2875012494,False,ht,Fri Jun 29 12:06:50 +0000 2018,1,0,@TheaOrbe Thankk uuu miss u nanayyyy 😘🤗
1012326877334130688,,,False,in,Thu Jun 28 13:28:30 +0000 2018,5,0,ihh back pain again😪
1012301645613395969,1012274345194938368,971487771813584896,False,in,Thu Jun 28 11:48:14 +0000 2018,0,0,@SeanMark8808 Weh? Sml?
1011572981477150720,,,False,tl,Tue Jun 26 11:32:47 +0000 2018,7,0,Wag masyado pabibs wOw
1009785279299768320,,,False,tl,Thu Jun 21 13:09:06 +0000 2018,0,0,Saya pala sa sec ko wOw
1009412968067420160,,,False,tl,Wed Jun 20 12:29:40 +0000 2018,4,0,Wowerz bat ganyan sec ko
1004966058426445824,,,False,en,Fri Jun 08 05:59:14 +0000 2018,0,21222,RT @jeonsatellite: And the saga continues https://t.co/u2JBmzMWL5
1004731797115060224,,,False,tl,Thu Jun 07 14:28:22 +0000 2018,0,1004,RT @shashleyyy: IIYAKAN MO LANG TALAGA EH https://t.co/Zb2RF3ko31
1004611291208511491,,,False,ko,Thu Jun 07 06:29:31 +0000 2018,0,157800,"RT @bts_bighit: 📶#2018BTSFESTA
📀방탄소년단 5주년 기념 가족사진✌✌ (2/2)
#방탄가족사진 #영원히함께니까 
(https://t.co/aq7CGzDkx8) https://t.co/dVrgZaIGRo"
1003986699439894529,,,False,en,Tue Jun 05 13:07:36 +0000 2018,0,13859,"RT @BadBoojhe: LADIES AND GENTS..

IS IT JUST ME, OR TALAGANG THIS IS THE BEST FLAVOR OF FRUTOS CHEWABLE CANDY EVER!!! 

FRUTOS TAMARIND FL…"
1003508099527761920,,,False,en,Mon Jun 04 05:25:49 +0000 2018,0,1970,"RT @lorenzo_arada: So I was rushing through an escalator at Rob, apparently annoyed with how people still don't get the ""stand on the right…"
998866419231031296,,,False,en,Tue May 22 10:01:27 +0000 2018,0,70,RT @HFAStuCOfficial: Attention parents and students! 📣 https://t.co/EvG78NUY2r
996397161980903424,996384411380662275,925236077656383488,False,tl,Tue May 15 14:29:30 +0000 2018,0,0,@miclat_kyla Yiee si ano ba?
995951330739994624,,,False,en,Mon May 14 08:57:55 +0000 2018,1,0,Happy Birthday @balanga_mae gbu! 😘❤️
995483034030784513,,,False,en,Sun May 13 01:57:05 +0000 2018,0,19132,"RT @icecreamcakeee: I 

J 
U 
S 
T 

W 
A 
N 
T 

T 
O 

T 
H 
A 
N 
K 

G 
O 
D 

F 
O 
R 

E 
V 
E 
R 
Y 
T 
H 
I 
N 
G 
.

RETWEET IF YO…"
994538962998853632,,,False,tl,Thu May 10 11:25:41 +0000 2018,0,19294,RT @hueyceniza: “hindi na ako babangon” starterpack https://t.co/NYHsIN3hEN
994461164879863808,,,False,en,Thu May 10 06:16:32 +0000 2018,0,10130,RT @lvstbleu: this is what pain and heartbreak sounds like https://t.co/o2cmukV6DQ
992300667992621056,992261070055067653,725316829095157761,False,en,Fri May 04 07:11:29 +0000 2018,0,0,@ruannyeaam Totoo??
992260731415314436,992239176845348864,725316829095157761,False,tl,Fri May 04 04:32:48 +0000 2018,0,0,@ruannyeaam Haha lol
991615774950215680,,,False,tl,Wed May 02 09:49:58 +0000 2018,5,0,"Sugat + pasa + wala sa sarili 
Walang kwenta"
991275389761634304,,,False,es,Tue May 01 11:17:24 +0000 2018,2,0,Hoy pldt
989494657359921152,,,False,und,Thu Apr 26 13:21:24 +0000 2018,0,44573,"RT @skxaii: #Loki  
#Hulk
#Drax
#Thor
#Shuri
#Groot
#Nakia
#Okoye
#Vision
#Falcon
#Mantis
#Gamora
#IronMan
#StarLord
#NebulaIW 
#DrStrange…"
986601942594945030,,,False,en,Wed Apr 18 13:46:47 +0000 2018,1,0,Boom chicken pls
986601640688930821,,,False,en,Wed Apr 18 13:45:35 +0000 2018,0,86887,"RT @Darrenharman_: As some of you may know I am the recent $5 million lotto winner. I’d like to spread some positivity so I’m sending $1,00…"
986573866184073217,,,False,en,Wed Apr 18 11:55:14 +0000 2018,0,25970,RT @kyraavalentin: TAKE YOUR CHANCES GUYS!!! WOKE UP TO THIS FROM MY DAD!!! 15K FOR AN RT????? WAHHHHH SURREAL!!!! LEGIT JD DIAY!! TYG ❤️ h…
986573841005608960,,,False,tl,Wed Apr 18 11:55:08 +0000 2018,0,27268,RT @GabySoursauce: Uyy gagu sumpa iz real HAHAHAHA BINIGYAN AKONG 5K SANA SAINYO RIN GUMANA YUNG RETWEET HAHAHAHAHA https://t.co/GrBVZAlzCB
986573833720160257,,,False,tl,Wed Apr 18 11:55:06 +0000 2018,0,13154,"RT @RaymNierras: Tatay: PSST NAA HATAG ATE LOVE NMO SA IMO, NAAS COUNTER BAR!
Me:
too much rt jd sguro yates 
LEGIT AF😭❤️ https://t.co/UECj…"
986079736051806210,,,False,tl,Tue Apr 17 03:11:44 +0000 2018,0,8130,RT @bellamaranan: legit nga HAHAHAHA sa karamihan ng retweet ko naging tunay na HAHAHAHA https://t.co/WTOCkHrnW8
985921949657219072,985918831871717376,734021644436414465,False,tl,Mon Apr 16 16:44:44 +0000 2018,0,0,@frncsncle17 mas gusto kita hahah
985900606563860480,,,False,tl,Mon Apr 16 15:19:56 +0000 2018,1,0,gusto ko ng kape hahaha
985860671274303488,,,False,tl,Mon Apr 16 12:41:15 +0000 2018,0,1633,"RT @thisisevaaan_: ate: oh may nagpapaabot sayo

GRABE GUYS LEGIT NGA HAHAHA DI PAMO AKO NANINIWALA 😂😂😂 MAY GIFT CARD PANG KASAMA 😭🖤💛 https…"
985560980930248704,,,False,tl,Sun Apr 15 16:50:23 +0000 2018,0,26554,"RT @heyjanmiranda: Mama: oh pera mo chaka bigay ni lolo mo 

BELIEVE ME OR NOT KAKARETWEET KO LANG!!! https://t.co/aFU7zngSkR"
985560964622725120,,,False,tl,Sun Apr 15 16:50:19 +0000 2018,0,6596,RT @_pautolentino: LEGIT SYA GUYS! JUT GOT MY MONEEY FROM MADEEER HAHAHAHAHAH PAYDAY KO DAAW DAHIL SA PAGBABANTAY KO 😌 nakadalawang rt ako…
985560955290451969,,,False,tl,Sun Apr 15 16:50:17 +0000 2018,0,3506,RT @jaaambik: kailangan mo lang talagang maghintay. https://t.co/pmaJPa9Wrc
985410584865722368,,,False,en,Sun Apr 15 06:52:46 +0000 2018,0,10579,"RT @annafsyan: My family and I are going through a difficult time. I need twitter to do its thing. 

(My Lola still doesn't know about my L…"
985104625559744512,,,False,tl,Sat Apr 14 10:36:59 +0000 2018,0,56586,RT @neilycollins: Retweet this lucky 🍀 500’s para magkapera this Summer! 😃 https://t.co/DbDZvSDmnm
985104567082762240,,,False,tl,Sat Apr 14 10:36:45 +0000 2018,0,55060,"RT @mrgemtmrsa_: ETO LANG NAMAN NAPALA KO KAKARETWEET HAHAHAHAHA SHET I LAB MY LAYP.

I RT NYO NA WALA NAMANG MAWAWALA🤣😂❤ https://t.co/k73W…"
984739158546513920,,,False,tl,Fri Apr 13 10:24:45 +0000 2018,0,39054,RT @itsdanicubero: LEGIT SIYA!! DON’T STOP RT’ING THESE KIND OF TWEETS BITAW HAHAHAHAHAHA DAMN https://t.co/RIYK0kLwIb
983935067469656069,983758637679038466,715753613382000640,False,tl,Wed Apr 11 05:09:35 +0000 2018,0,0,@Ram_Catap Pumapagibig ka ah
983752094774513672,,,False,en,Tue Apr 10 17:02:31 +0000 2018,0,65296,RT @IvyBLinsangan: Rainbow of life.rt for good luck and fortune 🍀 https://t.co/LG14Ln1snS
983585787244527621,,,False,tl,Tue Apr 10 06:01:40 +0000 2018,0,23924,RT @ginsandroses: HALA PAG RT KO NITO BINIGYAN AKO NILA MAMA!!! IT FUCKING WORKS! TRY NIYO DIN!!!! I’m freaking out!!! https://t.co/e4ygmSp…
982171970623045632,,,False,tl,Fri Apr 06 08:23:40 +0000 2018,1,0,Kapagal😵
981160724155133952,980955686380228608,851753418293092352,False,tl,Tue Apr 03 13:25:20 +0000 2018,0,0,@hlrynacpil Nu mo yan
977955439492055040,,,False,in,Sun Mar 25 17:08:40 +0000 2018,1,0,Sayangg un ticket :&lt;
976732623295823872,976732360971468801,873094948282810368,False,tl,Thu Mar 22 08:09:38 +0000 2018,0,0,@balanga_mae @SeanMark8808 Sakin HAHAHAHAHA
976661109041065984,976238651876126720,971487771813584896,False,tl,Thu Mar 22 03:25:28 +0000 2018,0,0,@SeanMark8808 Dapat un sa slide HAHAHAHA
975413368407310336,,,False,en,Sun Mar 18 16:47:23 +0000 2018,0,206,"RT @_MichaellaVM: Petition to bring back @_FullyBooked at MarQuee Mall, Angeles City"
975316875105071105,,,False,und,Sun Mar 18 10:23:58 +0000 2018,2,0,TyL!❤
974969968193236992,974631426753667072,933687236456886272,False,de,Sat Mar 17 11:25:29 +0000 2018,0,0,@Patjing_17 wowerz
974623651487039488,,,False,tl,Fri Mar 16 12:29:20 +0000 2018,5,0,Wag kayong bomba @/humility
970634601893838848,970301928792928257,867616680637345792,False,en,Mon Mar 05 12:18:17 +0000 2018,0,0,@FayeCunanan1 Drama kid :))
969789980758368256,969561660041043970,867616680637345792,False,tl,Sat Mar 03 04:22:03 +0000 2018,1,0,@FayeCunanan1 ako talaga nagdala ea HAHAHAHAHAHA
967711693596868608,,,False,en,Sun Feb 25 10:43:41 +0000 2018,1,0,Thank you!!
967627065905184768,,,False,tl,Sun Feb 25 05:07:24 +0000 2018,1,0,Ang kj mo naman di mo ba alam un salitang joke
963778835979280386,963777535703121921,734021644436414465,False,tl,Wed Feb 14 14:15:55 +0000 2018,1,0,@frncsncle17 Wala wala
963778772485906432,963777729911914502,792533703108853760,False,tl,Wed Feb 14 14:15:40 +0000 2018,0,0,@lhncsilo Wala wala
963774058486669312,,,False,tl,Wed Feb 14 13:56:56 +0000 2018,5,0,Bat kailangan mo pa kame idamay sa sinabe mo
963772883586596864,,,False,en,Wed Feb 14 13:52:16 +0000 2018,0,1,"RT @Patjing_17: Never underestimate the heart, leadership, and discipline of an athlete💪"
963013575680737280,963005606972936195,933687236456886272,False,tl,Mon Feb 12 11:35:03 +0000 2018,0,0,@Patjing_17 HAHAHAHAHA
959790081555890177,,,False,tl,Sat Feb 03 14:06:02 +0000 2018,6,0,HAHAHAHA ang dry ng funtime HA HA HA
957728399820079104,,,False,en,Sun Jan 28 21:33:38 +0000 2018,0,17524,"RT @AllanaTabs: Underrated gifts for students:

USB Flash Drive yas
Yellow pad legit like ung 1/4
Gtech ballpen or refills
Grocery items fo…"
957516833929625600,,,False,en,Sun Jan 28 07:32:57 +0000 2018,0,67,RT @HFAStuCOfficial: #HFAFuntime2018 Schedule and Activities 🎟️🎡🐙🍴🎶🎉 https://t.co/RKtkwJvVbD
954247767299317762,,,False,en,Fri Jan 19 07:02:51 +0000 2018,0,44883,"RT @NicholeclaireT: "" what do u want rn? "" 
ME: https://t.co/ZBqAbLMF2q"
954245051571294209,,,True,tl,Fri Jan 19 06:52:03 +0000 2018,3,0,HAHAHAHA https://t.co/RxRkB5bZpo
954231568150683648,954230624985890816,933687236456886272,False,tl,Fri Jan 19 05:58:29 +0000 2018,0,0,@Patjing_17 Talino dapat yan ea HAHAHAHA
953549190704988160,,,False,tl,Wed Jan 17 08:46:57 +0000 2018,2,0,Photocopy oks na HAHAHAHA
953549090922508288,953547602284371968,873094948282810368,False,tl,Wed Jan 17 08:46:34 +0000 2018,1,0,@balanga_mae Heh! Hinde!
953207562781929472,,,False,en,Tue Jan 16 10:09:27 +0000 2018,0,0,Hell week ha ha ha
953021365711290369,,,False,en,Mon Jan 15 21:49:34 +0000 2018,0,227,RT @danielltibss: life tip: if nothing goes right go to sleep.
950028751106015232,949901136835764225,873094948282810368,False,in,Sun Jan 07 15:37:59 +0000 2018,0,0,@balanga_mae Keri lng yan!
948219599941656576,,,False,tl,Tue Jan 02 15:49:04 +0000 2018,0,1437,RT @AngTanongKoSayo: Short horror story: May pasok na bukas.
948219004799168512,,,False,tl,Tue Jan 02 15:46:42 +0000 2018,0,23,"RT @markgeronimo_: time check: 10pm

and nawawala lahat ng gamit ko pang school ayoko na"
947401464162402304,,,False,en,Sun Dec 31 09:38:05 +0000 2017,0,3135,RT @biticonjustine: whats your motive with me baby cuz i dont trust nobody lately
946267230169264128,,,False,en,Thu Dec 28 06:31:03 +0000 2017,0,8062,"RT @franzalaver: Better academic/work performance this 2018.

Better academic/work performance this 2018.

Better academic/work performance…"
946267123160031233,945983486178889729,861480892891639808,False,tl,Thu Dec 28 06:30:37 +0000 2017,1,0,@KeeshaMinaaa Wag na kayong umasa mahirap yan...
945965631379193858,,,False,en,Wed Dec 27 10:32:36 +0000 2017,0,11524,RT @brentxjericho: I miss the 2000-2010 type of christmas
945964758095687681,,,False,en,Wed Dec 27 10:29:08 +0000 2017,0,2618,RT @kimpoyfeliciano: 2017.. We’re almost there 😔 I don’t know what to feel 😭 This year was a roller coaster!! 😞
945161443158065152,945157685426642944,861480892891639808,False,tl,Mon Dec 25 05:17:02 +0000 2017,1,0,@KeeshaMinaaa @balanga_mae ahh si ano? HAHAHAHA
944997554105622528,,,False,en,Sun Dec 24 18:25:48 +0000 2017,3,0,"Merry Christmas! ❤
Happy birthday Jesus! ❤"
944995379409334272,944911068819734530,873094948282810368,False,en,Sun Dec 24 18:17:10 +0000 2017,0,0,@balanga_mae Who dis?
939737290166878208,939735058738376704,851753418293092352,False,tl,Sun Dec 10 06:03:24 +0000 2017,0,0,@hlrynacpil @KeeshaMinaaa Woi magkasama kayo?
938365559686623232,,,False,und,Wed Dec 06 11:12:38 +0000 2017,3,0,pft.
937696354809274371,,,False,tl,Mon Dec 04 14:53:27 +0000 2017,1,0,may nalalaman pa kayong ganyan hahaha pilit pft.
937696017973100544,,,False,tl,Mon Dec 04 14:52:06 +0000 2017,1,0,kayo na kase. lol
937695776842465280,937691446806593538,725316829095157761,False,und,Mon Dec 04 14:51:09 +0000 2017,1,0,@ruannyeaam @rhyanbangs .-.
937347037795827713,,,False,en,Sun Dec 03 15:45:23 +0000 2017,0,1093,RT @IoadingError: i really hope 2018 would be better
936651092460412928,936567478947213313,725316829095157761,False,tl,Fri Dec 01 17:39:57 +0000 2017,1,0,@ruannyeaam HAHAHAHAHA waw ah
936197657097256960,,,False,en,Thu Nov 30 11:38:09 +0000 2017,0,11571,RT @morenteangeli: 4 sides of me 🙃 https://t.co/mnqmg7DTFG
936103206433652736,935876152840765440,725316829095157761,False,tl,Thu Nov 30 05:22:51 +0000 2017,0,0,@ruannyeaam HAHAHAHHA suri
935862709165289475,935861006017769473,725316829095157761,False,in,Wed Nov 29 13:27:12 +0000 2017,1,0,@ruannyeaam Di ren
935860825541058561,935853797624111104,725316829095157761,False,tl,Wed Nov 29 13:19:42 +0000 2017,1,0,@ruannyeaam Kilala ko to myghafd HAHAHAHHA
935277576922132480,935144212286160896,725316829095157761,False,tl,Mon Nov 27 22:42:05 +0000 2017,1,0,@ruannyeaam HAHAHAHA
934488048410042368,,,False,und,Sat Nov 25 18:24:47 +0000 2017,4,0,"2 - 0
TyL! 💚"
934024278084804608,,,False,en,Fri Nov 24 11:41:55 +0000 2017,4,0,Let's go green team let's go💪💚
932234499827499009,932233738196357126,861480892891639808,False,tl,Sun Nov 19 13:09:59 +0000 2017,0,0,@KeeshaMinaaa @balanga_mae Sorry na :(
932230267808264193,932229988186701824,861480892891639808,False,tl,Sun Nov 19 12:53:10 +0000 2017,1,0,@KeeshaMinaaa @balanga_mae HAHAHAHAH LABYUU
932229373851181056,932228148594225152,861480892891639808,False,tl,Sun Nov 19 12:49:37 +0000 2017,1,0,@KeeshaMinaaa @balanga_mae HAHAGAHAGHA GALENG KO MAG PIC
931526361524473858,931524319028461569,725316829095157761,False,tl,Fri Nov 17 14:16:06 +0000 2017,2,0,@ruannyeaam Sino ba yan? HAHAHAHAH
931526182301876225,931526077242937344,725316829095157761,False,tl,Fri Nov 17 14:15:23 +0000 2017,2,0,@ruannyeaam HAHAHAHHA
930693665617571840,,,False,in,Wed Nov 15 07:07:15 +0000 2017,0,765,"RT @iPampanga: *Sesermunan ke ing asu ku*

Aku: Akakit me yan?? Pinsan me yan, anya ika loko patse eka megtinu len mu man gawan dakang akdo…"
930452680811593729,,,False,tl,Tue Nov 14 15:09:40 +0000 2017,1,0,Buset di kase ako pinayagan nun sembreak
930452253512671233,,,False,tl,Tue Nov 14 15:07:58 +0000 2017,1,0,"Kaiyaq bukas na start
Hayy maghihintay nanamn next year why so tagal :(("
930450983078969344,929709560381652992,873094948282810368,False,tl,Tue Nov 14 15:02:55 +0000 2017,1,0,@balanga_mae Si ano yan si JOLLIBEE BABY
930096152522792961,,,False,en,Mon Nov 13 15:32:57 +0000 2017,0,1151,RT @ST_Posts: When Stranger Things season 2 was amazing but you have to wait until 2019 for season 3... https://t.co/gKuhfmFFYm
930025546871795712,,,False,nl,Mon Nov 13 10:52:24 +0000 2017,1,0,"Jollibee or mcdonalds? 
Hmmm HAHAHAHAHA shookt"
930017955311583235,,,False,tl,Mon Nov 13 10:22:14 +0000 2017,2,0,Love ko to HAHAHAHAHAH lodi
929314653888380928,,,False,tl,Sat Nov 11 11:47:33 +0000 2017,1,0,Bida ang saya HAHAHAHA
927178161774669824,,,False,tl,Sun Nov 05 14:17:54 +0000 2017,0,9224,RT @tweetstodiane: Si Sharon Cuneta talaga yung pang apat sa Bad Genius kaso di kaya ng sched https://t.co/gtgVc2vsnw
926772515472416768,,,False,en,Sat Nov 04 11:26:00 +0000 2017,0,0,Black eye❌
926772085061427203,926771993122242560,873094948282810368,False,hu,Sat Nov 04 11:24:18 +0000 2017,2,0,@balanga_mae @ruannyeaam @Ram_Catap @nika_cay Utot
926769351679623170,926759275401117696,873094948282810368,False,en,Sat Nov 04 11:13:26 +0000 2017,1,0,@balanga_mae @ruannyeaam @Ram_Catap @nika_cay Anyare?
925340669396205569,,,False,en,Tue Oct 31 12:36:22 +0000 2017,0,14222,"RT @hellohanina: Here in the Philippines we don't carve pumpkins, we eat them because it's pampalinaw ng mata, yet we still fall for the wr…"
923554050360016896,923551990105358336,873094948282810368,False,tl,Thu Oct 26 14:16:59 +0000 2017,1,0,@balanga_mae Oo HAHAHAHA
923551831799631878,923550600205185025,873094948282810368,False,tl,Thu Oct 26 14:08:10 +0000 2017,0,0,@balanga_mae HAHAHAHAHA i know
923549991951507457,923549253699452928,873094948282810368,False,und,Thu Oct 26 14:00:51 +0000 2017,0,0,@balanga_mae Ikr
923545004995371010,923541192259731456,873094948282810368,False,und,Thu Oct 26 13:41:02 +0000 2017,0,0,@balanga_mae ya
923511939619176449,,,False,tl,Thu Oct 26 11:29:39 +0000 2017,2,0,"Di nakaka enjoy un kanina 
Legit."
923459272607801344,,,False,tl,Thu Oct 26 08:00:22 +0000 2017,2,0,Sembreak on the go HAHAHAHAHA
922695208914972672,922674050530340864,725316829095157761,False,tl,Tue Oct 24 05:24:15 +0000 2017,0,0,@ruannyeaam Amazing HAHAHAHA
922118218893836293,,,False,und,Sun Oct 22 15:11:30 +0000 2017,1,0,11:11
920337498886123520,920336315991732225,725316829095157761,False,tl,Tue Oct 17 17:15:33 +0000 2017,1,0,@ruannyeaam ha ha ha
920335990996180992,920335648363384832,725316829095157761,False,tl,Tue Oct 17 17:09:33 +0000 2017,1,0,@ruannyeaam Oks pa yan HAHAHAHAHAHA
920335541043785728,920335440229494785,725316829095157761,False,tl,Tue Oct 17 17:07:46 +0000 2017,1,0,@ruannyeaam Sya lng tumawa HAHAHAHHAHA
920335058229067776,920334791706214400,725316829095157761,False,tl,Tue Oct 17 17:05:51 +0000 2017,1,0,@ruannyeaam Di ata joke yan
920334581038854144,920334493491195905,725316829095157761,False,ht,Tue Oct 17 17:03:57 +0000 2017,1,0,@ruannyeaam Corny pa ren
920334171632832512,920334018976956416,725316829095157761,False,tl,Tue Oct 17 17:02:20 +0000 2017,1,0,@ruannyeaam HAHAHAHAHA
920333836562571265,920332291859030016,725316829095157761,False,tl,Tue Oct 17 17:01:00 +0000 2017,1,0,@ruannyeaam Di ako makatulog :((
920274777050198016,,,False,en,Tue Oct 17 13:06:19 +0000 2017,1,0,Still corny.
920274235154579456,,,False,tl,Tue Oct 17 13:04:10 +0000 2017,2,0,📍Angeles HAHAHAHA
920146113763598336,920124860990234625,725316829095157761,False,tl,Tue Oct 17 04:35:03 +0000 2017,1,0,@ruannyeaam @aeioumali Sanay ka naman .-.
919968292932001792,919966383328215040,725316829095157761,False,und,Mon Oct 16 16:48:27 +0000 2017,1,0,@ruannyeaam @aeioumali Asa
919965432966086656,919965209502007296,725316829095157761,False,en,Mon Oct 16 16:37:06 +0000 2017,1,0,@ruannyeaam @aeioumali Corny
919964868731551744,919964760631779329,725316829095157761,False,in,Mon Oct 16 16:34:51 +0000 2017,1,0,@ruannyeaam @aeioumali Di ah
919953376946790400,,,False,tl,Mon Oct 16 15:49:11 +0000 2017,1,0,10 pages pa kailangan woah
919940742805467136,919940462873423873,725316829095157761,False,tl,Mon Oct 16 14:58:59 +0000 2017,1,0,@ruannyeaam Wala di na babalik.
919940260208959488,919940170010390528,725316829095157761,False,und,Mon Oct 16 14:57:04 +0000 2017,1,0,@ruannyeaam Asa
919940008118599680,919939860470816770,725316829095157761,False,tl,Mon Oct 16 14:56:04 +0000 2017,1,0,@ruannyeaam *Mabaho*
919939946391023616,919939860470816770,725316829095157761,False,tl,Mon Oct 16 14:55:49 +0000 2017,1,0,@ruannyeaam Utttot mo
919939671819370497,919939549425307648,725316829095157761,False,tl,Mon Oct 16 14:54:44 +0000 2017,1,0,@ruannyeaam Shh wala!
919939149800419328,919938887992033281,725316829095157761,False,tl,Mon Oct 16 14:52:39 +0000 2017,1,0,@ruannyeaam Nasanay HAHAHAHA
919938486337077248,919938161328848896,725316829095157761,False,en,Mon Oct 16 14:50:01 +0000 2017,1,0,@ruannyeaam waw amazing
919937965517824000,919929402556801029,725316829095157761,False,tl,Mon Oct 16 14:47:57 +0000 2017,1,0,@ruannyeaam Sanay ka naman HAHAHA
919928970887405568,919927877767872512,725316829095157761,False,tl,Mon Oct 16 14:12:12 +0000 2017,1,0,@ruannyeaam Hahahahaha wawa naman kayo HAHAHAHA
919927666228072448,919927108553523201,725316829095157761,False,tl,Mon Oct 16 14:07:01 +0000 2017,1,0,@ruannyeaam Wala yan nag announce HAHAHA
919927096071176193,,,False,tl,Mon Oct 16 14:04:45 +0000 2017,1,0,"Walang pasok = walang baon 
Amazing"
919926955398406145,,,False,tl,Mon Oct 16 14:04:12 +0000 2017,1,0,For sure wala ren kayong pasok HAHAHAHA
919924429555089413,,,False,tl,Mon Oct 16 13:54:10 +0000 2017,1,0,Walang pasok 🎉
919881363871883264,,,False,tl,Mon Oct 16 11:03:02 +0000 2017,1,0,Tinatamad parin ako
919881017866911744,919879738855907328,715753613382000640,False,en,Mon Oct 16 11:01:39 +0000 2017,0,0,@Ram_Catap AMAZING!
919876100594872320,,,False,tl,Mon Oct 16 10:42:07 +0000 2017,1,0,"Dear kasipagan, 
Kanina pa kita hinihintay
Tagal mo
Where na ba u"
919875319992946689,,,False,tl,Mon Oct 16 10:39:01 +0000 2017,1,0,"Kasipagan 
bat wala ka pa?"
919874778705436673,919872209451065344,715753613382000640,False,tl,Mon Oct 16 10:36:52 +0000 2017,0,0,@Ram_Catap @nika_cay @Ram_Catap  baka bago nya HAHAHAHA
919874706001477633,919872209451065344,715753613382000640,False,tl,Mon Oct 16 10:36:35 +0000 2017,0,0,@Ram_Catap @nika_cay May bago ka na ba? HAHAHHAA
919863563023347712,,,False,en,Mon Oct 16 09:52:18 +0000 2017,0,9541,RT @tinemaine: me during finals: https://t.co/NRIbwHCpH7
919854590920613889,,,False,en,Mon Oct 16 09:16:39 +0000 2017,0,7907,"RT @PATdesal: sobrang warm ng feeling when ppl message u out of nowhere??

like wow thank u for remembering me. may role ako sa buhay mo, w…"
919850898125291520,,,False,en,Mon Oct 16 09:01:58 +0000 2017,1,0,Respect. ✔💯
919850514182840320,,,False,en,Mon Oct 16 09:00:27 +0000 2017,0,749,"RT @kdramaesthetic: while you were sleeping
while you were
while you
while
while i am
while i am waiting
while i am waiting for a new episo…"
919761234752180225,,,False,en,Mon Oct 16 03:05:41 +0000 2017,0,329,RT @vfmnr: Don’t call him Xander Ford. Such disrespect to the name of the man who’d go to hell and back again for Kathryn.
919760084342784000,,,False,tl,Mon Oct 16 03:01:07 +0000 2017,0,11549,"RT @dyedyeflat: Friend: Tara gala us? 

Me: Ayoko, bawal ako e. 

Friend: Ayaw ng magulang mo?

Me: Hindi, ayaw ng wallet ko. 

HAHAHAHAHAH…"
917781023055679489,,,False,tl,Tue Oct 10 15:57:02 +0000 2017,0,5490,"RT @alfonsojmmm: 2 Kinds Of Mom

1.Kulang baon mo? Heto dagdag. 

2.Kulang baon mo? KAMI NGA NOONG BATA KAMI. NAPAPAGKASYA NAMEN YUNG SAMPU…"
914025652344328192,,,False,en,Sat Sep 30 07:14:31 +0000 2017,0,0,Missin' the old days :((
908667441869348864,,,False,en,Fri Sep 15 12:22:55 +0000 2017,0,693,"RT @signofhestyless: choose one, if you touch the most voted give RT and make a wish"
905396745416224769,,,False,tl,Wed Sep 06 11:46:20 +0000 2017,0,6502,"RT @dompqz: GUYS MASAMA PALA MATULOG BAGO MAGARAL, KASI PWEDENG HINDI TAYO MAGISING SA ALARM NATIN. AND THAT COULD CAUSE YOUR FAILURE. FRIE…"
903849062054617089,,,False,en,Sat Sep 02 05:16:23 +0000 2017,0,65,"RT @HFAStuCOfficial: Let us show our support to The Academy tomorrow at Marquee Mall, Pampanga from 4 P.M. ownwards. See you there, Familia…"
901446249894690816,,,False,tl,Sat Aug 26 14:08:28 +0000 2017,0,34,"RT @HFACorUnum: Ako ngayon: 
Patay na Si Hesus
100 Tula para kay Stella

Ako sa Cards out:
Patay Ako sa Nanay Ko
100 Sorry para kay Mama

-…"
886560926052134912,,,False,en,Sun Jul 16 12:19:30 +0000 2017,0,7698,"RT @reyaud1e: 143: I love you
153: I loved you
163: Bantay bata"
872821416176959488,,,False,en,Thu Jun 08 14:23:36 +0000 2017,0,52,RT @HFAStuCOfficial: Grade 7! #HFACountdown
