status_id,reply_status_id,reply_user_id,is_quote_status,lang,created_at,favorite_count,retweet_count,text
1259170325788372999,,,False,en,Sat May 09 17:16:14 +0000 2020,111,28,bitches that listen to 6ix9ine have the worst pussy
1258661618725957634,,,False,en,Fri May 08 07:34:49 +0000 2020,15,2,sad &amp; lonley but mostly sad
1258605786097319936,1258605661946023937,897621100640837636,False,ht,Fri May 08 03:52:57 +0000 2020,0,0,@maIadresse uymph
1258605498250571776,1258605081471193088,897621100640837636,False,en,Fri May 08 03:51:49 +0000 2020,0,0,@maIadresse i don’t make tiktoks that’s my problem
1258485487997603841,,,False,en,Thu May 07 19:54:56 +0000 2020,356,30,"this is our little secret, you tell anyone else and i’ll rip your mouth out. https://t.co/Q4EMrKbign"
1257949807760379906,,,False,en,Wed May 06 08:26:20 +0000 2020,16,4,all men burn in hell
1257930574209011712,,,False,en,Wed May 06 07:09:54 +0000 2020,0,113,RT @sIitswrist: i swear cutting ppl off is getting easier n easier
1257921936618737664,,,False,en,Wed May 06 06:35:35 +0000 2020,14,1,crying over me cuz u don’t wanna b stuck w yo ugly sidehoe. i’d cry too.
1257707976762159104,1257485569573126147,1965122462,False,en,Tue May 05 16:25:23 +0000 2020,2,0,@nicdarko this is the funniest thread omG
1257457084540518405,,,False,und,Mon May 04 23:48:26 +0000 2020,0,11,RT @plushieguttz: https://t.co/QSiREBYmyZ
1257441581466083328,,,False,en,Mon May 04 22:46:49 +0000 2020,39,11,me vs yo new bitch https://t.co/FMNmT8Pa0R
1257305469661483011,,,False,en,Mon May 04 13:45:58 +0000 2020,70,0,i just dumped my toxic ex boyfriend after 1 1/2 years of being mentally abused:))
1257201561605791745,,,False,en,Mon May 04 06:53:04 +0000 2020,13,3,i don’t wanna b here i don’t wanna b around
1257024778218553344,1257024544830828549,2300408911,False,en,Sun May 03 19:10:36 +0000 2020,2,0,"@ghostgrlkat nah love, just make it make sense next time"
1255315067958169600,,,False,en,Wed Apr 29 01:56:49 +0000 2020,0,46,RT @Lederrick_: I’m not the same person I was five minutes ago
1254126016294866944,,,False,en,Sat Apr 25 19:11:57 +0000 2020,14,3,"time never stops, no one will remember you once you die. we have no purpose."
1253896174131503104,1253896114513707010,802958889171832833,False,en,Sat Apr 25 03:58:38 +0000 2020,4,0,like all the time
1253896114513707010,,,False,en,Sat Apr 25 03:58:24 +0000 2020,33,5,is anyone else jus rlly scared
1252422311304552450,,,False,en,Tue Apr 21 02:22:02 +0000 2020,16,5,toss me around it’s ok
1252328595285929985,,,False,fr,Mon Apr 20 20:09:38 +0000 2020,86,10,new pfp + 3 https://t.co/nmnWLDMUAq
1252050713753972738,,,False,en,Mon Apr 20 01:45:26 +0000 2020,31,6,f*ck me 2 death
1252049848720715776,,,False,en,Mon Apr 20 01:42:00 +0000 2020,9,1,bitches listen to sosmula and think they’re emo
1251382981324767232,1251350613264400384,1965122462,False,und,Sat Apr 18 05:32:06 +0000 2020,0,0,@nicdarko https://t.co/jg2hgZvtOT
1250863560575430656,,,False,en,Thu Apr 16 19:08:07 +0000 2020,13,3,she like me but she think that i’m a weirdo
1250532065851748352,,,False,en,Wed Apr 15 21:10:52 +0000 2020,12,3,my brain is only empty when i need it
1250171072919400448,,,False,en,Tue Apr 14 21:16:25 +0000 2020,614,53,u should smile more https://t.co/S04ncqh5gS
1249860739109507073,,,False,en,Tue Apr 14 00:43:16 +0000 2020,0,96,RT @hezwap: romance https://t.co/RIyTTaQOw0
1249042071802892288,,,False,en,Sat Apr 11 18:30:10 +0000 2020,0,3896,RT @arabthot: [with cum dripping from my mouth] do you hate me?
1248789441805578240,,,False,en,Sat Apr 11 01:46:18 +0000 2020,10,2,i crave affection
1248498562939281408,,,False,en,Fri Apr 10 06:30:28 +0000 2020,13,3,i’m reading an oli sykes wattpad fanfic
1248497083293687809,,,False,en,Fri Apr 10 06:24:35 +0000 2020,0,690,RT @dumbricardo: void https://t.co/jTIPTtFdZR
1247375341460443136,1247368982417551364,1163288696826675200,False,en,Tue Apr 07 04:07:11 +0000 2020,1,0,@ghoreyy the shoes i-
1246915505358688256,,,False,en,Sun Apr 05 21:39:57 +0000 2020,426,24,i miss her https://t.co/HPcNk57snU
1246880648402358276,,,False,en,Sun Apr 05 19:21:27 +0000 2020,0,7039,RT @usuck333: Only ugly bitches hate me
1246706438233149442,,,False,es,Sun Apr 05 07:49:12 +0000 2020,7,5,y are men
1246222913516126209,,,False,en,Fri Apr 03 23:47:50 +0000 2020,0,10,RT @uymph: i hope this year gives me big enough balls to kill myself
1245777087908069378,1245727325473275905,894080389379006464,False,en,Thu Apr 02 18:16:17 +0000 2020,1,0,@dewynut and ur still perfect
1245414447830597640,1245413118236397570,709061566528888833,False,en,Wed Apr 01 18:15:17 +0000 2020,3,0,@dai_fluu i couldn’t be bothered hence the argument did not involve me. but your finger pointing proves my point. humble yourself.
1245412838899773446,1245405188518752256,709061566528888833,False,en,Wed Apr 01 18:08:54 +0000 2020,3,1,@dai_fluu you must b realllllly bothered to STILL b going a whole day after the fact... embarrassing.（’ಠ__ಠ)
1245411713945460736,,,False,en,Wed Apr 01 18:04:25 +0000 2020,51,18,fuck every1 who says it gets better bitch it’s getting worse
1245200596879065088,1245185559275941894,1012833960,False,en,Wed Apr 01 04:05:31 +0000 2020,7,0,@ghoul_spice her “emo” card is being revoked by yours truly https://t.co/uRmUtnFNIc
1245073736031592448,1245067949766930433,948024572468760581,False,en,Tue Mar 31 19:41:25 +0000 2020,1,0,@stxrlalax SAMEEE BUT EVERYONE IS CLOSED
1244453802402430976,1244453703857377280,894080389379006464,False,en,Mon Mar 30 02:38:01 +0000 2020,1,0,@dewynut thank u&lt;3 n yay c:
1244381547454541824,,,False,en,Sun Mar 29 21:50:55 +0000 2020,0,108,RT @ByElgiiin: some things never change
1244381207380389888,,,False,en,Sun Mar 29 21:49:33 +0000 2020,81,29,i’m feeling: https://t.co/vezgUIqRBc
1244293503489699840,,,False,en,Sun Mar 29 16:01:03 +0000 2020,12,2,i’m miserable &amp; suffering plz sum1 kill me
1244108307658203136,1244091882696654849,1265946950,False,en,Sun Mar 29 03:45:09 +0000 2020,2,0,"@sinisterdarling how r u even real
(*♡∀♡)"
1244002821877444608,1243960508656599043,880830843492720642,False,und,Sat Mar 28 20:45:59 +0000 2020,0,0,@brokenglocks no 😔
1243079975097339904,1243078374966386695,2355819367,False,en,Thu Mar 26 07:38:56 +0000 2020,1,0,@wtfuck2001 i’ll crush ur bones and eat them
1242341162263822337,,,False,en,Tue Mar 24 06:43:09 +0000 2020,14,1,some1 jus called me a bratz doll as an insult???? uhhh bitch yes tf i am
1240886833979912192,,,False,en,Fri Mar 20 06:24:10 +0000 2020,0,37,RT @nicdarko: I wish this was the 1800s so I could be burned at the stake
1240813135159627776,,,False,en,Fri Mar 20 01:31:19 +0000 2020,17,4,i don’t care what you do i’m yours 2 keep hurt me hurt me hurt me hurt me hurt me hurt me
1238991274373312514,1238959429896134656,947364311969579008,False,en,Sun Mar 15 00:51:53 +0000 2020,0,0,@daarkthrone his insecurities are showing
1238697192350572550,1238697007843344385,1965122462,False,tl,Sat Mar 14 05:23:19 +0000 2020,1,0,@nicdarko angel
1238696265363247104,,,False,en,Sat Mar 14 05:19:38 +0000 2020,36,15,if u rlly wanted 2 die i would gladly join ur side
1238607843357364224,1238607155780968448,738697743489634304,False,en,Fri Mar 13 23:28:16 +0000 2020,1,0,@AnnaliseHorror hothothot
1238439367405785088,,,False,en,Fri Mar 13 12:18:48 +0000 2020,0,12,RT @dumgir1: i dont feel good ! u make me feel bad !
1238334429858156544,1238333376437747712,1163288696826675200,False,en,Fri Mar 13 05:21:49 +0000 2020,1,0,@ghoreyy i’m. jealous
1238283736480792577,1238273843451609088,965774826232270849,False,vi,Fri Mar 13 02:00:23 +0000 2020,1,0,@blondedivy (ﾉ∀`♥)ily
1238242738547470336,1237873192611414018,887319779488518144,False,en,Thu Mar 12 23:17:28 +0000 2020,0,0,@backt0nature @betrayalconsult that should b me
1238242286686756864,1238238705111814144,4859347034,False,en,Thu Mar 12 23:15:41 +0000 2020,1,0,@girlsp1t stop ur angel
1238188444771209216,,,False,und,Thu Mar 12 19:41:44 +0000 2020,22,12,https://t.co/KAsCnyk3PI
1238131877719891969,,,False,en,Thu Mar 12 15:56:57 +0000 2020,15,3,4 u i’m bleeding but it’s not painful
1238126186212937728,,,False,und,Thu Mar 12 15:34:20 +0000 2020,0,758,RT @dumbricardo: :(:(:(:(:(:(:(:(:(:(:(:(:(:(:(:(:(:(:(:(:(:(:(:(:(:(:(:(:(:(:(:(:(:(:(:(:(:(:(:(:(:(:(:(:(:(:(:(:(:(:(:(:(:(:(:(:(:(:(:(:(…
1237881093581234177,,,False,en,Wed Mar 11 23:20:26 +0000 2020,0,20,RT @dumgir1: im most comfortable when im in my daydreamzzz &lt;4
1237607560854646786,,,False,en,Wed Mar 11 05:13:30 +0000 2020,14,3,plz stop posting videos of me on youtube i am embarrassed /.\ https://t.co/v1muMyLqU2
1237109380711055365,,,False,en,Mon Mar 09 20:13:55 +0000 2020,14,4,sip my blood till there’s none left 2 spill
1236994862446260224,,,False,en,Mon Mar 09 12:38:52 +0000 2020,5,3,i want dead
1236855485560741888,1236407939033894914,740167681421266944,False,und,Mon Mar 09 03:25:02 +0000 2020,0,0,@wristsbitch @pillystrap
1236682691807936515,,,False,en,Sun Mar 08 15:58:24 +0000 2020,0,5,RT @pornbotvirus: go eat a perc ugly
1236600276758511616,,,False,en,Sun Mar 08 10:30:55 +0000 2020,0,3247,RT @Lilpeep: Everything is meant to be
1236573871731552256,1236573329814888450,1019509592693313536,False,en,Sun Mar 08 08:46:00 +0000 2020,1,0,@kittykuntt thank u bb 🖤
1236571828543524864,1236149304328425472,1019509592693313536,False,en,Sun Mar 08 08:37:52 +0000 2020,1,0,@kittykuntt may i ask where they r from? 🥺👉🏼👈🏼
1236476398077911042,,,False,en,Sun Mar 08 02:18:40 +0000 2020,87,32,"even if u killed me, my ghost would still luv u"
1236451914725961728,1236450104262811648,880830843492720642,False,tl,Sun Mar 08 00:41:23 +0000 2020,1,0,@brokenglocks angel •_•
1236231498300379142,,,False,en,Sat Mar 07 10:05:31 +0000 2020,9,2,will u b there holding my hand wen i’m gone?
1236132663402127360,,,False,en,Sat Mar 07 03:32:47 +0000 2020,16,0,i only have 3 xanz left. help
1235888046580600832,,,False,en,Fri Mar 06 11:20:46 +0000 2020,61,21,"oh to be brutally murdered and have a youtube documentary made about me 
( ཀ͝ ∧ ཀ͝ ).｡ｏ♡"
1235382005015052289,1235292136469417992,842462442861010944,False,en,Thu Mar 05 01:49:56 +0000 2020,1,0,@cottonmouth210 @ghoul_spice i’m in lov w u
1235381722256003072,,,False,ht,Thu Mar 05 01:48:49 +0000 2020,8,1,"iwontdyemyhairblackagain
iwontdyemyhairblackagain
iwontdyemyhairblackagain"
1235346675994169344,,,False,en,Wed Mar 04 23:29:33 +0000 2020,21,4,"my guts r pink n taste so pretty
 (✿ヘᴥヘ)"
1235300780728516610,,,False,en,Wed Mar 04 20:27:11 +0000 2020,30,4,yes plz https://t.co/ixSnvc9M5o
1235037434531868674,1235032865391423488,1012833960,False,en,Wed Mar 04 03:00:44 +0000 2020,12,0,@ghoul_spice also ??? https://t.co/DlhiyTDCG9
1234514753780797451,,,False,en,Mon Mar 02 16:23:48 +0000 2020,12,2,"the thing i think i love
will surely bring me pain"
1234502703469879297,1234319736088883200,3188364762,False,en,Mon Mar 02 15:35:55 +0000 2020,1,0,@SN0TTGiRL i’d walk across lava for 1000 miles just 4 u 2 sneeze on me
1234392885715329025,,,False,und,Mon Mar 02 08:19:32 +0000 2020,0,163,RT @scenesaw: https://t.co/daeHxKTdov
1233283004199391232,1233242390590132224,1027195379161346049,False,en,Fri Feb 28 06:49:16 +0000 2020,1,0,@puppycorpse @LiLBoWeep i remember 1 time she tweeted something abt how she “started the soft cyber goth” trend as… https://t.co/se6gUjruoy
1232772406491500544,1232771979226308611,2158982569,False,und,Wed Feb 26 21:00:20 +0000 2020,1,0,@adoresangelbaby ty🥺
1232763956801835008,,,False,en,Wed Feb 26 20:26:45 +0000 2020,120,19,what year is it? https://t.co/2GBOEWzZt5
1232583046328537088,1232579890706169856,1043349152631902208,False,en,Wed Feb 26 08:27:53 +0000 2020,1,0,@pillystrap guess i am too thx
1232093829760552960,,,False,en,Tue Feb 25 00:03:54 +0000 2020,9,4,bleed for me
1231756362146672641,1231704193800556544,1347684223,False,en,Mon Feb 24 01:42:56 +0000 2020,1,0,@HorrorDeaths sheri moon obviously
1230604975119581185,1230604740624388097,2355819367,False,en,Thu Feb 20 21:27:44 +0000 2020,0,0,@wtfuck2001 jus grab ur balls
1230604389787656192,,,False,en,Thu Feb 20 21:25:24 +0000 2020,23,3,hands https://t.co/I4eS8aJevm
1230307969755054081,,,False,en,Thu Feb 20 01:47:32 +0000 2020,9,3,don’t insult my eye bags karen ur husband loves them
1230286620403716097,,,False,en,Thu Feb 20 00:22:42 +0000 2020,0,35,RT @frogmilker: my pussy is horrifyingly tight
1230269294707122177,,,False,en,Wed Feb 19 23:13:51 +0000 2020,13,2,love won’t cure the emptiness inside
1230255209667915776,1230254476256149504,2355819367,False,en,Wed Feb 19 22:17:53 +0000 2020,0,0,@wtfuck2001 i’ve been here since earths creation
1230246711576018944,,,False,en,Wed Feb 19 21:44:07 +0000 2020,17,3,srry i tried to carve my name into ur skin😔😔 pls call me back
1229897654089334785,,,False,en,Tue Feb 18 22:37:05 +0000 2020,8,0,blueberry poptart
1229872423169748992,,,False,en,Tue Feb 18 20:56:50 +0000 2020,11,1,i love bleeding! i LOVE blood!!!!:)
1229303568521281536,,,False,en,Mon Feb 17 07:16:24 +0000 2020,31,5,my p*ssy tastes like xanax
1226283865523642369,,,True,en,Sat Feb 08 23:17:11 +0000 2020,144,28,“today we’re going to be looking at the salem witch trials” https://t.co/jrLjrjqPIe
1226173985731174400,1225852266869141504,4000521393,False,en,Sat Feb 08 16:00:34 +0000 2020,1,0,@juiicysweatsuit @Iilpixi to die 4
1225995111672102912,,,False,en,Sat Feb 08 04:09:47 +0000 2020,42,27,my brain has been empty
1225129014932590592,,,False,en,Wed Feb 05 18:48:13 +0000 2020,0,24261,RT @yettibandz: If we get arrested &amp; u start cryin ima cut u off
1224128495367811073,,,False,en,Mon Feb 03 00:32:31 +0000 2020,16,2,"listening to nightcore, doing my nails (⺣◡⺣)♡*"
1224088096255266816,,,False,en,Sun Feb 02 21:51:59 +0000 2020,0,6,RT @html98771832: i talked to god but the sky was empty
1224083835970711552,1224079902728687627,712478777637539840,False,en,Sun Feb 02 21:35:03 +0000 2020,1,0,@draingf @ONEY3AR ty luv 💗😭
1223734773438242817,,,False,en,Sat Feb 01 22:28:00 +0000 2020,10,5,life b easy as f*ck when ur pretty as f*ck
1223125283219226625,,,False,en,Fri Jan 31 06:06:06 +0000 2020,17,8,hoes got some nerve
1222714313867030528,1222701312053145600,765269348,False,en,Thu Jan 30 02:53:04 +0000 2020,0,0,@SERENASTY wayment
1222698592902582272,,,False,en,Thu Jan 30 01:50:35 +0000 2020,11,4,the rumors are true....i’m perfect
1222365620710203393,,,False,en,Wed Jan 29 03:47:29 +0000 2020,0,46,RT @tourniquetbrat: being prettier than everyone who dislikes me is really tiring
1221559491637866496,1221558423969398784,1196307800,False,en,Sun Jan 26 22:24:12 +0000 2020,8,0,@scenephaze u should b a album cover
1221421474893852673,,,False,en,Sun Jan 26 13:15:47 +0000 2020,0,58,RT @cutes: thru the good n the bad ima stay choosing u
1220584952229552128,,,False,en,Fri Jan 24 05:51:44 +0000 2020,21,5,i’ll be urs until my skin rots off my bones˖◛⁺⑅♡
1220239216124186625,,,False,en,Thu Jan 23 06:57:54 +0000 2020,13,3,everytime i look in the mirror i get horny
1220226599385059328,,,False,en,Thu Jan 23 06:07:46 +0000 2020,0,32,RT @v1rgosun: girls who are still stuck in their emo phase got the best pussy
1220225930510995456,,,False,en,Thu Jan 23 06:05:07 +0000 2020,23,5,i am so srry u look like that omg
1220205224570150912,,,False,en,Thu Jan 23 04:42:50 +0000 2020,14,3,changing the spelling of the n word still don’t make it ok for u 2 say if ur not black 🤮🤡
1219981498171834368,,,False,en,Wed Jan 22 13:53:49 +0000 2020,0,1618,"RT @nickyY2K: i kno u love fucken me, i can tell by the way u in love w me"
1219867266935746560,,,False,en,Wed Jan 22 06:19:55 +0000 2020,0,7,"RT @umar922_: Saw my first pair of ugly twins, how you ugly twice!!!"
1219510419062050816,,,False,en,Tue Jan 21 06:41:55 +0000 2020,38,12,want u 4ever&amp;ever&amp;ever&amp;ever&amp;ever&amp;ever ever&amp;ever&amp;ever&amp;ever&amp;ever&amp;ever ever&amp;ever&amp;ever&amp;ever&amp;ever&amp;ever!
1219273884249120769,,,False,en,Mon Jan 20 15:02:01 +0000 2020,14,4,"let me bleed, watch me die"
1219020903863865344,,,False,en,Sun Jan 19 22:16:46 +0000 2020,16,4,all ik how 2 do is relapse
1218759786046447617,,,False,en,Sun Jan 19 04:59:11 +0000 2020,21,3,i think very highly of myself but i still want to die hehe
1218660829567959041,,,False,en,Sat Jan 18 22:25:58 +0000 2020,50,9,"imagine having s*x but after u cum he bashes ur skull in w a hammer
(*♡∀♡)"
1218655513451220992,,,False,en,Sat Jan 18 22:04:50 +0000 2020,31,10,i hope this year gives me big enough balls to kill myself
1218440703186833408,,,False,en,Sat Jan 18 07:51:15 +0000 2020,13,1,i think my brain is eternally stuck in the 2008-2012 period
1218381708673744898,,,False,en,Sat Jan 18 03:56:50 +0000 2020,0,13,RT @slavichooker: being an angel is my favourite pastime &lt;3
1218299547362816000,,,False,en,Fri Jan 17 22:30:21 +0000 2020,30,7,imagining getting slapped and choked out rn ( ◡‿◡ ♡)
1218291281572450304,,,False,en,Fri Jan 17 21:57:30 +0000 2020,13,4,f*ck me in the backseat baby make it last
1217252249342103552,,,False,en,Wed Jan 15 01:08:46 +0000 2020,30,8,i live in a dream https://t.co/IYrqqblCmX
1216986667875127296,,,False,en,Tue Jan 14 07:33:26 +0000 2020,0,7,RT @radicaIsuicide: they hate cuz i’m a virgo :/
1216571407775068160,,,False,en,Mon Jan 13 04:03:21 +0000 2020,335,45,as soft as i look https://t.co/4rFboU35ga
1216466440938647553,,,False,en,Sun Jan 12 21:06:15 +0000 2020,28,3,i think i’m hornier than most men
1216282909369200641,,,False,und,Sun Jan 12 08:56:57 +0000 2020,0,29,RT @notyourdad666: https://t.co/KUQdX8UdA0
1216190771159715840,,,False,en,Sun Jan 12 02:50:50 +0000 2020,0,2253,RT @bertocarapia: You can’t search 4 me in other people
1216186795517284354,,,False,en,Sun Jan 12 02:35:02 +0000 2020,22,1,i miss getting my p*ssy ate while listening to the cure ://
1215959759179829248,,,False,en,Sat Jan 11 11:32:52 +0000 2020,22,7,such a fool 4 u
1215798716281475073,,,False,en,Sat Jan 11 00:52:57 +0000 2020,0,4785,"RT @nickyY2K: i rlly cannot go broke, my princess lifestyle wouldn’t allow it."
1215786862725304321,1215786718932226048,3384809919,False,en,Sat Jan 11 00:05:50 +0000 2020,2,0,@queenbenaine @loookatmeimkiad i set an alarm and everything 😭
1215786447522787328,1215785894256553984,160334363,False,en,Sat Jan 11 00:04:11 +0000 2020,9,1,@loookatmeimkiad it sold out while i was buying it i’m going to kms
1215573314984263680,1215563059785322496,166635464,True,und,Fri Jan 10 09:57:17 +0000 2020,1,0,@cogiiiiii https://t.co/1Ng4nqtBV7
1215556391932329984,1215479949429219328,891118286406115328,False,und,Fri Jan 10 08:50:02 +0000 2020,1,0,@cerisegirl6 https://t.co/8oesDAUieM
1215495669349154816,,,False,en,Fri Jan 10 04:48:45 +0000 2020,31,1,sharing a ciggy w my bff https://t.co/zT0McTdkw7
1215333962970619904,1215333883971014657,880830843492720642,False,en,Thu Jan 09 18:06:11 +0000 2020,24,0,@brokenglocks she uses the n word🥱
1215195815632723968,,325306055,False,en,Thu Jan 09 08:57:14 +0000 2020,1,0,@DavidDobrik can i is at ur ass for a telsa
1215157360475267073,1215139205732622336,1036443511468580864,False,und,Thu Jan 09 06:24:25 +0000 2020,0,0,@tahidiot yes
1215034510825246722,1215034401094021123,880830843492720642,False,en,Wed Jan 08 22:16:16 +0000 2020,1,0,@brokenglocks i luv that &lt;3
1214927993161711616,1214926519950331906,880830843492720642,False,in,Wed Jan 08 15:13:00 +0000 2020,1,0,@brokenglocks gn bb
1214858501400346625,,,False,en,Wed Jan 08 10:36:52 +0000 2020,0,5,RT @moldyblunt: i love watching ppl make themselves look stupid sorry!
1214760353340354560,1214759692653748225,1085258544067342338,False,en,Wed Jan 08 04:06:52 +0000 2020,0,0,@vampiremon3y i honestly just chug la croix all day
1214759413803667456,,,True,en,Wed Jan 08 04:03:08 +0000 2020,11,0,no u dnt https://t.co/o9F6Rv7ePz
1214678512214278146,,,False,en,Tue Jan 07 22:41:39 +0000 2020,13,2,i luv tattoos that look like shit
1214599537391587328,,,False,en,Tue Jan 07 17:27:50 +0000 2020,16,2,never 4get &lt;3 https://t.co/hkBYLLxwze
1214529541894361088,,,False,en,Tue Jan 07 12:49:42 +0000 2020,13,4,silly hoe he in luv w me.｡ｏ♡
1214436085339582464,,,False,en,Tue Jan 07 06:38:20 +0000 2020,0,23,RT @lilsweeets: a thousand yous theres only one of me
1214428088185917442,,,False,en,Tue Jan 07 06:06:33 +0000 2020,27,7,i’d die 4 yung lean
1214382921454276609,1214365556289093632,2597243145,False,en,Tue Jan 07 03:07:05 +0000 2020,1,0,@b0ndagefairy cuteee( ◡‿◡ ♡)
1214345517091540992,1214344904249360384,1965122462,False,en,Tue Jan 07 00:38:27 +0000 2020,1,0,@nicdarko absolutely
1214342692580118528,1214339955809378304,1961351696,False,und,Tue Jan 07 00:27:13 +0000 2020,0,0,@Keddaj @millennbiltmore
1214337867037589504,,,False,en,Tue Jan 07 00:08:03 +0000 2020,322,32,went 2 heaven jus 2 swim https://t.co/UG6gD8yo8B
1214319416164241408,,,False,en,Mon Jan 06 22:54:44 +0000 2020,53,16,want u 2 torture me
1214318722703220736,,,False,en,Mon Jan 06 22:51:59 +0000 2020,0,338,RT @bettyboof_: get your own look 2020
1214007863842000896,,,False,en,Mon Jan 06 02:16:44 +0000 2020,24,6,"nvr been scared of another female 
nvr will b"
1213889751175942145,,,False,en,Sun Jan 05 18:27:24 +0000 2020,67,4,neck snapping season https://t.co/POORZaYewt
1212601092682371072,,,False,en,Thu Jan 02 05:06:44 +0000 2020,36,3,irritating /.\ https://t.co/1A7zvO4VEc
1211793118581817344,,,False,en,Mon Dec 30 23:36:08 +0000 2019,14,4,"u make me wanna die
i think ur so cute"
1211358177284870144,1211356314477056000,2355819367,False,en,Sun Dec 29 18:47:50 +0000 2019,1,0,@macaulaycockins the streets got me
1211156829733965824,,,False,en,Sun Dec 29 05:27:45 +0000 2019,17,3,i’m evil 2 but he’s worse than me
1210610470606049281,,,False,en,Fri Dec 27 17:16:42 +0000 2019,15,3,"h8 the way u look at me, as if i rlly shouldn’t b alive"
1210478377393676290,,,False,en,Fri Dec 27 08:31:49 +0000 2019,0,58,RT @ssadcore: its all about me me me
1210343654604394496,1210333836539596800,2536350887,False,und,Thu Dec 26 23:36:29 +0000 2019,1,0,@sarahisyucky https://t.co/6u6BKKAy4S
1210067019602812929,,,False,en,Thu Dec 26 05:17:14 +0000 2019,14,4,i want a hot girl to spit on me
1210020931550273536,1210020830811508736,1036443511468580864,False,en,Thu Dec 26 02:14:05 +0000 2019,1,0,@tahidiot what
1210007164774965249,,,False,de,Thu Dec 26 01:19:23 +0000 2019,15,3,all i want 4 christmas is kakashi sensei 2 rearrange my guts
1209992938945728513,,,False,en,Thu Dec 26 00:22:51 +0000 2019,357,41,merry xxxmas frm ur fav fake ginger https://t.co/1Zz81lKxjW
1209963171798228992,,,False,en,Wed Dec 25 22:24:34 +0000 2019,0,3013,RT @Lilpeep: Leme see them christmas nipples
1209960874833825798,,,False,en,Wed Dec 25 22:15:27 +0000 2019,18,5,if u smoke cigarettes in yo room u a different type of trashy
1209929484826284036,,,False,en,Wed Dec 25 20:10:43 +0000 2019,28,11,ppl who take twitter jokes seriously 🤢
1209355495397580800,1209353658724311042,2355819367,False,en,Tue Dec 24 06:09:53 +0000 2019,1,0,@macaulaycockins sux u wouldn’t know 😖
1208968788458254344,,,False,en,Mon Dec 23 04:33:15 +0000 2019,0,1106,RT @nickyY2K: i jus get prettier &amp; richer
1208886550282432513,1208886423732080641,1123652043950972930,False,ca,Sun Dec 22 23:06:28 +0000 2019,1,0,@wvitchbl4des universal sisters 🥺
1208886211437182976,1208884862276587521,1123652043950972930,False,en,Sun Dec 22 23:05:07 +0000 2019,1,0,@wvitchbl4des we really are the best
1208828803742494720,,,True,en,Sun Dec 22 19:17:00 +0000 2019,28,7,dm me if you look like this https://t.co/vffRXxpXSG
1208823322793824256,,,False,en,Sun Dec 22 18:55:13 +0000 2019,20,6,how the fuck is peeps music even real
1208819440713781248,,,False,en,Sun Dec 22 18:39:48 +0000 2019,29,8,i wanna kiss u but i want it 2 much
1208592819645906944,,,False,en,Sun Dec 22 03:39:17 +0000 2019,19,4,ur wcw gets square nails 🤢🤢🤢
1208540311690940416,,,False,en,Sun Dec 22 00:10:38 +0000 2019,43,14,mood https://t.co/k3RbdRzsiS
1208233761172680704,1208232263592230912,1048832705901674496,False,en,Sat Dec 21 03:52:31 +0000 2019,1,0,@filthyxshy lets make it reality
1207845089306800128,,,False,en,Fri Dec 20 02:08:04 +0000 2019,0,100,RT @sadbabysel: u leave me u downgrading
1207822825161031681,,,False,tl,Fri Dec 20 00:39:36 +0000 2019,1,0,@angelm0rgue angel
1207771341941694465,1207554422089273345,1163288696826675200,False,und,Thu Dec 19 21:15:01 +0000 2019,1,0,@ghoreyy yesssss🥺
1207436505565683712,1207436413471318016,4859347034,False,en,Wed Dec 18 23:04:30 +0000 2019,1,0,@girlsp1t how abt a kiss 🥺
1207419571344265216,,,False,en,Wed Dec 18 21:57:13 +0000 2019,0,132,RT @sandytaboo: your bitch look for me in you
1207278760388513792,1207278566481825793,852219385263607808,False,en,Wed Dec 18 12:37:41 +0000 2019,1,0,@mlstoscano this made me sad snow isn’t actually pink :c
1207151411386994691,1207141322165039105,1123652043950972930,False,in,Wed Dec 18 04:11:38 +0000 2019,1,0,@wvitchbl4des muah ;*
1207137143635603456,1207136939851288578,1036443511468580864,False,und,Wed Dec 18 03:14:57 +0000 2019,1,0,@tahidiot ǝuᴉɟ ɯ’ᴉ
1207135934577176576,,,False,en,Wed Dec 18 03:10:08 +0000 2019,19,5,"gᵒ  ahea𝗗 . . . spit on me.
no, aᶜtuall𝗬. i am 𝗪ᵃitin𝗴.
ᵖˡᵉᵃˢᵉ, it 𝗪oul𝗗
𝗯ᵉ so . . . . re𝗙reshin𝗴"
1207114072438661120,,,False,en,Wed Dec 18 01:43:16 +0000 2019,26,10,"yes i’m cocky, bitch i look better than u"
1207106813377667073,,,False,en,Wed Dec 18 01:14:25 +0000 2019,0,0,@angelm0rgue i luv u 🥺
1207083521304477696,1207048939054096384,2274864913,False,en,Tue Dec 17 23:41:52 +0000 2019,2,0,@Lederrick_ rapture comin
1207081361573466113,1207080849809821696,1012833960,False,en,Tue Dec 17 23:33:17 +0000 2019,1,0,@ghoul_spice u invented makeup
1206905250344386560,,,False,en,Tue Dec 17 11:53:29 +0000 2019,0,67,RT @31x_01: i like 2 b left alone
1206692664264908800,,,False,en,Mon Dec 16 21:48:45 +0000 2019,36,11,i need emo gf pls
1206524720079785985,1206524517214031873,556388850,False,en,Mon Dec 16 10:41:24 +0000 2019,1,0,@moldyblunt thank u
1206465542300684288,,,False,en,Mon Dec 16 06:46:14 +0000 2019,0,822,"RT @nickyY2K: i got an ex that say he gon leave his new bitch whenevr i call him, got an ex that say whenvr he see me is gon b problems GOT…"
1206402463412015104,,,False,en,Mon Dec 16 02:35:35 +0000 2019,12,7,i can have little razorblade as treat
1206388069680607233,,,False,en,Mon Dec 16 01:38:24 +0000 2019,91,8,begging of 2019       end of 2019 https://t.co/Hr79WdN85B
1206382576316764160,,,False,en,Mon Dec 16 01:16:34 +0000 2019,109,31,i could kms in my room and my family wouldn’t notice for an entire week at least
1206062336479358977,,,False,en,Sun Dec 15 04:04:03 +0000 2019,211,52,"he sends u songs, he fucks me to them. we are not the same."
1205964404258308097,,,False,en,Sat Dec 14 21:34:54 +0000 2019,62,8,inevrfuckinsleep https://t.co/ZUA9DSFBGK
1205915596870705157,,,False,en,Sat Dec 14 18:20:57 +0000 2019,0,200,RT @httpeepkin: lil peep’s hands. that’s it. that’s the tweet. https://t.co/uRJbk72GPl
1205910087509766144,,,False,en,Sat Dec 14 17:59:04 +0000 2019,15,6,my baby let me down jus like my drug
1203737428000821248,,,False,en,Sun Dec 08 18:05:41 +0000 2019,8,3,stop doing percs!!!
1202809459518496768,1202667412954333185,964273770532753408,False,und,Fri Dec 06 04:38:16 +0000 2019,3,1,@klownopin me https://t.co/p1o3eCWfBH
1202689824739561472,,,False,en,Thu Dec 05 20:42:53 +0000 2019,14,7,"in the end, it will always be me"
1202557527298211840,1202351388078030850,758410433841602561,False,en,Thu Dec 05 11:57:11 +0000 2019,0,0,@KaylanTamia all LA bitches
1202410148095909888,1202409892180615168,46675058,False,en,Thu Dec 05 02:11:33 +0000 2019,1,0,@paim6n is pretty song 🥺
1202169308605890561,,,False,en,Wed Dec 04 10:14:33 +0000 2019,0,30,RT @d4ny95: im sowwy i made u mad with my depwession it must be so hard for u
1201973931327938560,,,False,en,Tue Dec 03 21:18:11 +0000 2019,134,54,if u want me 2 i’ll kill my self in front of u
1201836773023682560,,,False,en,Tue Dec 03 12:13:10 +0000 2019,15,3,"some people only have social media to vent to, don’t make them feel bad for that."
1201785263489306624,1201673638358863872,711087658915667968,False,en,Tue Dec 03 08:48:29 +0000 2019,2,0,@heavvnsent she can’t rlly talk she’s the wannabe toopoor of ig
1201768143531601920,,,False,en,Tue Dec 03 07:40:27 +0000 2019,18,6,told me i’m the prettiest girl he’s ever had n i said i know
1201750544492068864,,,False,en,Tue Dec 03 06:30:31 +0000 2019,0,26,RT @SiCKOGiRLFRiEND: tearing me apart but i kinda like the pain
1201735613826756608,,,False,en,Tue Dec 03 05:31:12 +0000 2019,93,18,men really b out here ruining one person 2 the next
1201313666794237952,,,True,en,Mon Dec 02 01:34:32 +0000 2019,13,8,"ur right, we hate it https://t.co/vXKQYVEkI3"
1201189886721581056,,,False,en,Sun Dec 01 17:22:40 +0000 2019,12,4,"all i kno is b manipulated, cry and drink la croix"
1200636582929158145,,,False,und,Sat Nov 30 04:44:02 +0000 2019,10,3,https://t.co/ZFgAqZyR5d
1200373981850693632,,,False,en,Fri Nov 29 11:20:33 +0000 2019,0,23,RT @chateaubunni: you guys R crazy.... y’all be eating ??
1200165568101224448,1200137760834641920,734220288,False,en,Thu Nov 28 21:32:24 +0000 2019,3,0,@JxckyArixs feeling: attacked
1199195828591554560,1199195749852090368,712478777637539840,False,en,Tue Nov 26 05:19:00 +0000 2019,0,0,@draingf ofc bb &lt;3
1199139319128023040,,,False,en,Tue Nov 26 01:34:27 +0000 2019,21,3,"crying over a man? couldn’t b me. jk it’s me, i’m crying."
1199072861584945156,1199072693729087493,778804029849686016,False,en,Mon Nov 25 21:10:22 +0000 2019,5,0,@lwood111300 @gorebabbby @ghoul_spice awh ur cats feelings probably were when you fed it to death😢
1199072461276344320,1199071973520891904,778804029849686016,False,en,Mon Nov 25 21:08:47 +0000 2019,7,0,@lwood111300 @gorebabbby @ghoul_spice she’s just mad her ugly ass cat is dead
1199067448999174144,1199064945696002048,802958889171832833,False,en,Mon Nov 25 20:48:52 +0000 2019,2,0,@lwood111300 not ur fault but you were the one attacking an innocent girl online.... righhhhht.
1199064945696002048,1199056037883654146,778804029849686016,False,und,Mon Nov 25 20:38:55 +0000 2019,51,0,@lwood111300 https://t.co/xnbrBVcmCm
1199054631805964288,1199037978896527367,802958889171832833,False,en,Mon Nov 25 19:57:56 +0000 2019,3,0,"@lwood111300 awh ur a pick me girl, how cute."
1199037978896527367,1199012104935657472,778804029849686016,False,en,Mon Nov 25 18:51:45 +0000 2019,104,1,@lwood111300 whew! insecurity got to you
1198054743546810368,,,False,en,Sat Nov 23 01:44:44 +0000 2019,0,28,"RT @radicaIsuicide: maybe if my heart stops beating,,, it won’t hurt this much! :3"
1197653313329627137,1197574504806928385,2355819367,False,en,Thu Nov 21 23:09:35 +0000 2019,1,0,@macaulaycockins but her lyrics....
1197486498938933250,,,False,en,Thu Nov 21 12:06:44 +0000 2019,13,6,i neED some fucking xanax
1197439583308275713,,,False,en,Thu Nov 21 09:00:18 +0000 2019,0,27,RT @nicdarko: pls don’t lie to me just st*b me instead
1197422050580656128,1197410874610327557,1012833960,False,en,Thu Nov 21 07:50:38 +0000 2019,1,0,@ghoul_spice queen
1196971708399308800,1196817647398195207,4559859984,False,en,Wed Nov 20 02:01:08 +0000 2019,0,0,@bladeegf should have spit on them
1196882369405259776,1196834344997806080,1180967053328404480,False,en,Tue Nov 19 20:06:08 +0000 2019,0,0,@greediegreedie i was kneeling! &gt;:|
1195925472883855362,1195925389572485120,1036443511468580864,False,und,Sun Nov 17 04:43:46 +0000 2019,1,0,@tahidiot aw🥺
1195922598510489600,1195920979085664256,1036443511468580864,False,und,Sun Nov 17 04:32:21 +0000 2019,0,0,@tahidiot ooooo me
1195913801092063233,1195855834103738369,953845871946424320,False,en,Sun Nov 17 03:57:23 +0000 2019,1,0,@archivegustav @putridstar he’s to die for
1195894942029107200,1195327790956056578,936000912191049730,False,en,Sun Nov 17 02:42:27 +0000 2019,0,0,@lady_kristaa @izeearc men ain’t shit
1195536624567717888,1195535972206702592,768968099907276800,False,en,Sat Nov 16 02:58:37 +0000 2019,1,0,@austinmoonsgf molly
1195317624592224257,,,False,en,Fri Nov 15 12:28:24 +0000 2019,12,4,i want 2 scream so loud my eardrums burst n my lungs collapse
1194869141028536321,1194311698150281219,948303209843642368,False,en,Thu Nov 14 06:46:17 +0000 2019,1,0,@rigormorticious ight marry me
1194365584047140865,1194337747701387264,1012833960,False,en,Tue Nov 12 21:25:20 +0000 2019,1,0,@ghoul_spice @morguegaIIery anytime i see u on my feed i am amazed
1194355615298015232,1194291439959597056,2355819367,False,es,Tue Nov 12 20:45:43 +0000 2019,0,0,@macaulaycockins liar
1194229480962715648,,,False,en,Tue Nov 12 12:24:30 +0000 2019,12,3,"i am not real 
i do not exist"
1193616786647728128,1193601468776902656,2355819367,False,en,Sun Nov 10 19:49:52 +0000 2019,0,0,@macaulaycockins ew never
1193292704286773248,,,False,und,Sat Nov 09 22:22:05 +0000 2019,115,17,🙂 https://t.co/QoqzX6We63
1192900936936513536,1192900792484679681,802958889171832833,False,vi,Fri Nov 08 20:25:21 +0000 2019,1,0,y am i so dumb (˵༎ຶ  ل͟  ༎ຶ˵)
1192900792484679681,,,False,en,Fri Nov 08 20:24:46 +0000 2019,10,1,crying bc i lost 4 xanz
1192506284974542848,,,False,en,Thu Nov 07 18:17:08 +0000 2019,0,25,RT @31x_01: U live in the pit of my stomach
1190163251092320256,,,False,en,Fri Nov 01 07:06:45 +0000 2019,13,3,i was sad 4 halloween
1189017188503437312,,,False,en,Tue Oct 29 03:12:43 +0000 2019,0,114,RT @bettyboof_: Concept: a foo in clown makeup juggling buzz balls
1187153600385937408,,,False,en,Wed Oct 23 23:47:29 +0000 2019,93,5,"i’m dying my hair n brows, o nnn i’m also crying :-) https://t.co/ayzjiBaOUZ"
1186470051706109956,,,False,en,Tue Oct 22 02:31:18 +0000 2019,36,7,if my heart get broke 1 mo time i’m goin full hoe
1185629684429545472,,,False,en,Sat Oct 19 18:51:59 +0000 2019,0,29,RT @ouhhkarelyy: Jealousy looks so ugly on you bitches
1185444337552781312,,,False,en,Sat Oct 19 06:35:29 +0000 2019,10,5,"yeah i’ll bite a bitch in a fight, and what about it?"
1185356656722370560,,,False,en,Sat Oct 19 00:47:04 +0000 2019,0,21145,RT @AF1PRE: Aye bitch I thought you had freckles and LV face tats 😡
1185350801700470784,,,False,en,Sat Oct 19 00:23:48 +0000 2019,16,3,i jus drank my bong water
1185301204500467713,1185285114122555393,2204164153,False,en,Fri Oct 18 21:06:43 +0000 2019,2,0,"@meigancbernal says u, bitch who tf are u 💀"
1185272303577264129,,,False,en,Fri Oct 18 19:11:53 +0000 2019,19,8,i refuse to argue with an ugly person
1183810540113547264,,,False,en,Mon Oct 14 18:23:21 +0000 2019,25,11,i am ur trash can
1181945761224724482,,,False,en,Wed Oct 09 14:53:23 +0000 2019,0,2,RT @wolfayeedied: I love you 🖤 https://t.co/qc8iSA6Mcw
1181869780426354690,1181860354260951041,256603602,False,en,Wed Oct 09 09:51:28 +0000 2019,2,0,@meuasi pattern stay attacking me
1181853713670885376,,,False,en,Wed Oct 09 08:47:37 +0000 2019,25,14,i wish i didn’t have a heart 2 love u
1181802059147796480,,,False,en,Wed Oct 09 05:22:22 +0000 2019,14,2,soon as i heard ppl were dying from juuls i had 2 cop 1
1181798605683707904,1181737618523996161,427729805,False,en,Wed Oct 09 05:08:39 +0000 2019,1,0,@thegrowlersrule he’s in jail for aggravated sexual assault of a child.
1181790023365976065,,,False,en,Wed Oct 09 04:34:32 +0000 2019,9,1,i want 2 b drunk
1180096136167579650,1180093149105938432,2386697269,False,de,Fri Oct 04 12:23:38 +0000 2019,0,0,@peachringtitty wolfayee
1179868287288532993,,,False,en,Thu Oct 03 21:18:15 +0000 2019,10,5,sleep sleep cry repeat
1178862992974204929,,,False,en,Tue Oct 01 02:43:34 +0000 2019,14,5,i need a blunt so bad omg
1178577241363533824,,,False,en,Mon Sep 30 07:48:05 +0000 2019,24,5,everyone look the same
1178564201867927553,,,False,en,Mon Sep 30 06:56:17 +0000 2019,0,235,RT @SPACEGHOSTJUUL: the vibes were off so i kiIIed myseIf
1177844486241542144,1177838882139836416,724605413568708608,False,en,Sat Sep 28 07:16:23 +0000 2019,3,0,@KhanCrispy i’m literally a princess sorry
1177808193868595201,,,False,en,Sat Sep 28 04:52:10 +0000 2019,547,160,how i’m tryna b https://t.co/RwB52CiyqE
1177691012359061504,,,False,en,Fri Sep 27 21:06:32 +0000 2019,20,8,i cry cuz ur mean 2 me n then u cry cuz i’m crying then i end up feeling bad 4 u ??? my brain😍
1177687700440150016,,,False,en,Fri Sep 27 20:53:22 +0000 2019,14,4,to get relief? take a pill
1177466586996756484,,,False,en,Fri Sep 27 06:14:45 +0000 2019,14,9,separation anxiety?? wtf am i a cat???
1177419709815218178,,,False,en,Fri Sep 27 03:08:28 +0000 2019,11,3,"will nvr b happy 
happy will nvr b me"
1177092919158689792,,,False,en,Thu Sep 26 05:29:55 +0000 2019,16,5,addicted to being in pain
1176997105669267456,,,False,en,Wed Sep 25 23:09:12 +0000 2019,6,4,"when they say it gets better, i think they mean when u die"
1176769722248921088,,,False,en,Wed Sep 25 08:05:39 +0000 2019,11,4,"first name identity, last name crisis"
1176718891617153024,,,False,en,Wed Sep 25 04:43:40 +0000 2019,120,53,"why am i such a fucking pussy, when will i kill myself"
1176692617058254848,1176683661036359680,1089479328818028544,False,en,Wed Sep 25 02:59:16 +0000 2019,2,0,@31x_01 can i eat it
1176692560753872897,,,False,en,Wed Sep 25 02:59:03 +0000 2019,12,2,"being in love sucks, do not recommend"
1174898302459899904,1174897008131203079,2386697269,False,und,Fri Sep 20 04:09:18 +0000 2019,2,0,@peachringtitty plz
1174894409311088641,,,False,en,Fri Sep 20 03:53:50 +0000 2019,13,8,i want someone to punch me so bad
1174826410994622464,,,False,en,Thu Sep 19 23:23:38 +0000 2019,13,4,it never ends
1174812501730418688,1174812457656651776,802958889171832833,False,en,Thu Sep 19 22:28:22 +0000 2019,4,0,"@nicdarko they doesn’t, yes"
1174812457656651776,1174728720294252546,1965122462,False,en,Thu Sep 19 22:28:11 +0000 2019,4,0,"@nicdarko whatever u do don’t get the wrap around ones, they doesn’t work"
1174628751734231040,,,False,en,Thu Sep 19 10:18:12 +0000 2019,17,4,the only reason i haven’t admitted myself to a mental hospital is bc my medical expired lol
1174278865285341189,1174070523602579456,768968099907276800,False,und,Wed Sep 18 11:07:53 +0000 2019,4,0,@austinmoonsgf https://t.co/4TYTwu47XW
1174211939209228289,1174208697838518273,1064325698628829186,False,und,Wed Sep 18 06:41:56 +0000 2019,2,0,@hankdekker88 https://t.co/PxK0pm50Dy
1174143693915209728,1174143557554163712,1196307800,False,en,Wed Sep 18 02:10:45 +0000 2019,2,0,@scenephaze i can’t believe they’ve done this😔
1173834062751924224,1173636847039406083,265066056,False,en,Tue Sep 17 05:40:23 +0000 2019,1,0,@waifujaq i’m in luv xUx
1173812867914588160,1173811696563105792,1048723534426624000,False,und,Tue Sep 17 04:16:10 +0000 2019,2,0,@st6rgirl 💙💙
1173775285327581184,1173774595247214592,902247040977170433,False,und,Tue Sep 17 01:46:50 +0000 2019,2,0,@lildemonbby ;* &lt;3
1173759835751366656,,,False,en,Tue Sep 17 00:45:26 +0000 2019,12,6,i really get prettier everyday:)
1173756574839427073,1173755793516089345,2355819367,False,en,Tue Sep 17 00:32:29 +0000 2019,2,0,@macaulaycockins thank u
1173071078236676097,1173070793808334850,956383402260770816,False,en,Sun Sep 15 03:08:34 +0000 2019,2,0,@etherealbbyy every time i stg like whyyyyyyy
1173070440333377537,1173070342740312064,956383402260770816,False,en,Sun Sep 15 03:06:02 +0000 2019,2,0,@etherealbbyy agree heavily
1173070192122814465,1173070113861332992,802958889171832833,False,en,Sun Sep 15 03:05:03 +0000 2019,9,1,i miss that angel so fkin much GOD
1173070113861332992,,,False,en,Sun Sep 15 03:04:44 +0000 2019,28,9,what the fuck y did it have 2 b peep
1173067501875281920,,,False,en,Sun Sep 15 02:54:21 +0000 2019,26,5,y is blood so pretty
1173015684273467393,1173008691982848000,2345533058,False,und,Sat Sep 14 23:28:27 +0000 2019,1,0,@l3xsweetestjoy &lt;3🥺
1172338520402227201,1172336182044196865,1965122462,False,en,Fri Sep 13 02:37:38 +0000 2019,1,0,"@nicdarko omf ur ribs woman😍
https://t.co/agOT4ah6ki"
1172335865298702338,1172333787339845633,1965122462,False,en,Fri Sep 13 02:27:05 +0000 2019,1,0,@nicdarko omg me
1172323404722032640,1172322185219731459,2355819367,False,und,Fri Sep 13 01:37:35 +0000 2019,2,0,@macaulaycockins fk u rat
1172048272015446017,,,False,en,Thu Sep 12 07:24:18 +0000 2019,15,3,high horny horny high high high high
1172032049303048192,,,False,en,Thu Sep 12 06:19:50 +0000 2019,11,4,i’m srry i like eating ppl
1171313887292997633,,,False,en,Tue Sep 10 06:46:07 +0000 2019,17,5,srry 4 making ur skin crawl
1171286975241846784,1171274056991043585,2345533058,False,und,Tue Sep 10 04:59:11 +0000 2019,1,0,@l3xsweetestjoy &lt;3
1170930180321202176,,,False,en,Mon Sep 09 05:21:24 +0000 2019,20,7,mom the punks were making fun of me for being emo again 😔
1170918210498990080,1170881927177310210,160792082,False,en,Mon Sep 09 04:33:50 +0000 2019,2,0,@C_Leyva_ @nymphvt2 late bloomer
1170892329890111488,,,False,und,Mon Sep 09 02:51:00 +0000 2019,59,15,https://t.co/znoVVfENP0
1170823094954389505,,,False,en,Sun Sep 08 22:15:53 +0000 2019,16,1,y does this look like me https://t.co/r2mx9Ubim3
1170822237269577728,1170818602951434247,803047334909186048,False,en,Sun Sep 08 22:12:28 +0000 2019,2,0,@hannahhighness1 the new national anthem... i think
1170814788928069632,1170800211926626304,1081285959688376321,False,tr,Sun Sep 08 21:42:53 +0000 2019,1,0,@jahsuke @nicdarko barley 20 o_o
1170794894073331712,,,False,en,Sun Sep 08 20:23:49 +0000 2019,386,98,"no one:
me in 7th grade: https://t.co/ysjOOXVmgT"
1170716323749351424,,,False,en,Sun Sep 08 15:11:37 +0000 2019,21,6,i ate my brain cells &lt;3
1170219715379134464,,,False,und,Sat Sep 07 06:18:16 +0000 2019,20,1,how https://t.co/r5TkuVhbD0
1169496668863004672,1169496246672711680,2586835940,False,en,Thu Sep 05 06:25:08 +0000 2019,2,0,@ghostghurl lets have kids
1169458999902625793,1169326749462609920,1141339446,False,en,Thu Sep 05 03:55:27 +0000 2019,4,2,@I_theGiovanni &amp; that pavement by her hand looking pretty warped
1169451190179876867,1169449895209529344,2355819367,False,en,Thu Sep 05 03:24:25 +0000 2019,2,0,@macaulaycockins i feel CRAZY
1169440795176255488,,,False,en,Thu Sep 05 02:43:07 +0000 2019,16,2,i think starbucks put cocaine in my latte
1169413852892524544,1169387331259981824,38414843,False,en,Thu Sep 05 00:56:03 +0000 2019,2,0,@ariasagirl everything abt u is so cute omg
1169338964609601536,1169315904137510913,2355819367,False,en,Wed Sep 04 19:58:29 +0000 2019,2,0,@macaulaycockins i can’t sleep 😣
1169007979615707136,,,False,und,Tue Sep 03 22:03:16 +0000 2019,242,47,https://t.co/GcgVjfRsbS
1168992196630069249,,,False,en,Tue Sep 03 21:00:33 +0000 2019,10,3,"they crawl up on my bed,
wrap their fingers round my throat.
is this what I get for the choices that I made?"
1168784177317076993,1168782331307417600,791536909382144000,False,en,Tue Sep 03 07:13:57 +0000 2019,1,0,@dumbb1tchjuice no u r angel
1168721559126544384,,,False,en,Tue Sep 03 03:05:08 +0000 2019,30,19,idc if u lie abt me cuz i know the truth n i know the real me n das all that matters:)
1168647721831370752,1168641040175292422,1140039192904421377,False,en,Mon Sep 02 22:11:43 +0000 2019,2,0,@Helium__Tea6669 pretty bb🥺
1168580081897201670,1168579940163317760,2586835940,False,en,Mon Sep 02 17:42:57 +0000 2019,1,0,@ghostghurl omg no u!
1168577764506472448,1168577500017856512,2355819367,False,en,Mon Sep 02 17:33:44 +0000 2019,2,0,@macaulaycockins i killed her
1168421511444590592,,,False,en,Mon Sep 02 07:12:51 +0000 2019,6,2,i once knew this girl who told me i was lying when i said syringe and sybr were the same person.
1168370346409414657,1168369839175606272,768968099907276800,False,en,Mon Sep 02 03:49:32 +0000 2019,1,0,@austinmoonsgf i think i’m in love w u
1168369062071525377,1168267470680940544,880830843492720642,True,und,Mon Sep 02 03:44:26 +0000 2019,2,0,@brokenglocks https://t.co/LwzYMoNUUw
1168368523623559168,1168365658096189440,1150245336046325760,True,und,Mon Sep 02 03:42:17 +0000 2019,1,0,@urfortnitegf https://t.co/LwzYMoNUUw
1168365512926957569,1168351908647579650,1150245336046325760,False,en,Mon Sep 02 03:30:20 +0000 2019,1,0,"@urfortnitegf i literally didn’t know AND apologized, idk why you’re still trying to drag me into this but i’m sorr… https://t.co/IrbSzRm4kX"
1168359900507860994,1168357438245859329,802958889171832833,False,en,Mon Sep 02 03:08:02 +0000 2019,1,0,"@emileighsrose seeing as that thread is from 2017 i’m guessing that’s why i’d never seen it, but thank you for info… https://t.co/NkNvewj9BS"
1168357438245859329,1168355691872038912,3188090096,False,en,Mon Sep 02 02:58:14 +0000 2019,2,0,@emileighsrose i don’t keep up with sc drama srry. is there a link to anything abt this?
1168355323356205057,1168350561214914560,3188090096,False,en,Mon Sep 02 02:49:50 +0000 2019,2,0,@emileighsrose u rlly think i’m supposed to know everything about a soundcloud rapper life when i live my own huh?
1168322657743302656,1168322304734060544,3411085017,False,und,Mon Sep 02 00:40:02 +0000 2019,1,0,@shroomgrll &lt;3
1168321451075633155,1168099625770897408,3411085017,False,und,Mon Sep 02 00:35:14 +0000 2019,2,0,@shroomgrll https://t.co/p2NbrJe0Ld
1168314665874513921,1168314582148014080,896824696867606529,False,en,Mon Sep 02 00:08:17 +0000 2019,1,0,@hoodangeI i don’t see y not
1168311806332289024,,,False,en,Sun Sep 01 23:56:55 +0000 2019,20,6,"tried to take a nap, ended up masturbating"
1168230205342666752,1168017012053831681,1118569151021244417,False,en,Sun Sep 01 18:32:40 +0000 2019,2,0,@jackingoffjiIl @boyydivison @boyydivison y’all twins?
1168023822722719744,,,False,en,Sun Sep 01 04:52:34 +0000 2019,9,4,i love girls
1167991549705117697,1167990970387812354,1089479328818028544,False,und,Sun Sep 01 02:44:20 +0000 2019,2,0,@31x_01 🥺&lt;3
1167980003297882112,1167978871410421760,2355819367,False,en,Sun Sep 01 01:58:27 +0000 2019,1,0,@macaulaycockins honestly i hope i die
1167675040797732866,,,False,en,Sat Aug 31 05:46:38 +0000 2019,0,242,"RT @chomikkkk: wasp parts for sale!!!!
50$ per part https://t.co/2biJj44jp8"
1167530252232359936,,,False,und,Fri Aug 30 20:11:18 +0000 2019,24,8,https://t.co/EVNojNnE8X
1167525454003068928,1167509256335028224,2355819367,False,en,Fri Aug 30 19:52:14 +0000 2019,1,0,@macaulaycockins is this a challenge?
1167376474724130816,,,False,en,Fri Aug 30 10:00:15 +0000 2019,0,7,RT @redrumamor: *kicks dirt* yea it was stupid anyways
1167375985404043265,,,False,en,Fri Aug 30 09:58:18 +0000 2019,20,3,"white males aren’t relevant, i’m sorry i don’t make the rules"
1167163089730433024,,,False,de,Thu Aug 29 19:52:20 +0000 2019,12,4,"iwant2die
iwant2die
iwant2die
iwant2die"
1167151759275376640,1167127707525767168,3919071213,False,en,Thu Aug 29 19:07:18 +0000 2019,1,0,@678Qaunkk mind ur business
1166890858190258176,1166890396519059456,1089479328818028544,False,en,Thu Aug 29 01:50:35 +0000 2019,1,0,@31x_01 me after a xan
1166877510971215873,1166578382915723264,321608848,False,en,Thu Aug 29 00:57:32 +0000 2019,0,0,@justkarii @dumbb1tchjuice i want a refund 4 my face
1166510156605050881,,,False,und,Wed Aug 28 00:37:48 +0000 2019,320,63,&lt;3 https://t.co/qCxx3JCrKx
1165337348948680705,,,False,en,Sat Aug 24 18:57:29 +0000 2019,89,58,y do i exist
1164624597272055808,,,False,en,Thu Aug 22 19:45:16 +0000 2019,0,12,RT @hoodangeI: hold hands until we decay
1164426036500557824,1164404249234513920,2904361677,False,en,Thu Aug 22 06:36:15 +0000 2019,3,0,@ShiaLabeouf666 i’d die for him
1164340641637081089,1164256618411941888,2443281068,False,en,Thu Aug 22 00:56:56 +0000 2019,2,0,@westcoastsicko ily omg &lt;3
1163512061462077440,,,False,und,Mon Aug 19 18:04:27 +0000 2019,34,13,https://t.co/k4zgNXRWjz
1163497543369547778,1163497480010555398,1965122462,False,und,Mon Aug 19 17:06:45 +0000 2019,1,0,@nicdarko 🥺❤️❤️
1163304883711172610,,,False,und,Mon Aug 19 04:21:12 +0000 2019,0,3349,RT @NickandCh33se: https://t.co/LaFqaJXeHV
1163218266669535232,1163218125480845312,2904361677,False,en,Sun Aug 18 22:37:00 +0000 2019,0,0,@ShiaLabeouf666 CHRISTWHO
1163217087390609408,1163216831978434560,2904361677,False,en,Sun Aug 18 22:32:19 +0000 2019,0,0,@ShiaLabeouf666 y do they not speak
1163216020670046209,1163215586307919872,2904361677,False,en,Sun Aug 18 22:28:05 +0000 2019,0,0,@ShiaLabeouf666 link me their best song
1163129615851769856,1162835087483985920,1123477840106872832,False,en,Sun Aug 18 16:44:44 +0000 2019,1,0,@morguegaIIery woweee wow wow
1163129461354536960,1163032994942054405,2904361677,False,en,Sun Aug 18 16:44:08 +0000 2019,3,0,@ShiaLabeouf666 she said fat poor people like they ain’t poor cuz they be spending all their money on food
1163103775906656257,,,False,en,Sun Aug 18 15:02:04 +0000 2019,11,1,i left my wax pen at home on accident and i’ve never felt more like a crackhead than i do rn
1162959132468473856,1151145212271403009,736855594540228608,False,en,Sun Aug 18 05:27:18 +0000 2019,1,0,@kimburtonn i would die 4 u
1162912625031696384,,577557024,False,en,Sun Aug 18 02:22:30 +0000 2019,4,2,@emmymhartman ‘s tik toks are the only reason i’m alive at this point
1162598686876024832,,,False,en,Sat Aug 17 05:35:01 +0000 2019,18,8,plz don’t leave wen u realize u can’t fix me i’m broken broken broken
1162598519871397888,,,False,en,Sat Aug 17 05:34:21 +0000 2019,11,5,i’m absolutely not a real human
1162546758829760512,,,False,en,Sat Aug 17 02:08:41 +0000 2019,0,13,RT @nicdarko: banging my head against the wall type beat
1162316781815357440,1162277711085051906,1089479328818028544,False,en,Fri Aug 16 10:54:50 +0000 2019,2,0,@31x_01 yes pls
1162226470241984514,1162225512439136257,1196307800,False,en,Fri Aug 16 04:55:58 +0000 2019,1,0,@scenephaze on my way!u3u
1162220704659410946,1162219881569275905,2345533058,False,en,Fri Aug 16 04:33:03 +0000 2019,0,0,@l3xsweetestjoy thank u &lt;3 🥺
1162218996004818944,,,False,und,Fri Aug 16 04:26:16 +0000 2019,81,9,https://t.co/kCcS9yJUHY
1161887283974295553,,,False,en,Thu Aug 15 06:28:09 +0000 2019,0,20889,RT @nickyY2K: my toxic trait is my pussy 2 tight
1161805374128676865,,,False,en,Thu Aug 15 01:02:41 +0000 2019,258,95,dm me if u look like this https://t.co/mV2FDYBobp
1161736282206167040,,,False,und,Wed Aug 14 20:28:08 +0000 2019,15,8,:) https://t.co/NMcAUw5GrM
1159097534603649024,1159040812333723650,3275257579,False,en,Wed Aug 07 13:42:41 +0000 2019,37,4,@IHateShota me not seeing peep https://t.co/jOSTci3Yva
1158792200135692289,1158791702674468865,2355819367,False,und,Tue Aug 06 17:29:24 +0000 2019,0,0,@macaulaycockins @Irene68812980 kys
1158605161805168640,1158595791553990656,1143458802,False,en,Tue Aug 06 05:06:11 +0000 2019,4,2,@amunangel i’m living it
1158602941181263872,,,False,en,Tue Aug 06 04:57:21 +0000 2019,0,24,RT @beamrgirl: shut up bitch I’ll k*** myself
1158592884708298752,1158592752126451712,1965122462,False,und,Tue Aug 06 04:17:23 +0000 2019,2,0,@nicdarko ily💗
1158535082522447872,,,False,en,Tue Aug 06 00:27:42 +0000 2019,11,4,ur ugly on the inside so u look like a frog 2 me
1158462732959567872,,,False,en,Mon Aug 05 19:40:13 +0000 2019,11,8,don’t mean to brag but i’ve never dated a white male
1157868572636413953,1157868448233357312,2904361677,False,en,Sun Aug 04 04:19:14 +0000 2019,0,0,@ShiaLabeouf666 it’s orgasmic
1157868100391329792,1157864417783975936,2904361677,False,en,Sun Aug 04 04:17:21 +0000 2019,0,0,"@ShiaLabeouf666 5,4,6 i cant choose"
1157819927425798145,,,False,en,Sun Aug 04 01:05:56 +0000 2019,0,9,RT @SPOOK_TUNE: boyfriends https://t.co/HgieRTAqno
1157782013832617984,1157751856577294337,847850492961013760,False,en,Sat Aug 03 22:35:17 +0000 2019,4,0,@RxBORNE @ShiaLabeouf666 dem girls dancing like uncooked chicken
1157514956419371008,1157514674495090689,2904361677,False,en,Sat Aug 03 04:54:05 +0000 2019,0,0,@ShiaLabeouf666 former lead singer of fit for rivals
1157507942632968193,1157506320590729216,2904361677,False,en,Sat Aug 03 04:26:13 +0000 2019,1,0,@ShiaLabeouf666 he’s also the sexiest
1157494561855246336,1157481216750174208,2443281068,False,und,Sat Aug 03 03:33:03 +0000 2019,0,0,@deficienci https://t.co/7xVy1vij88
1157494496361213957,1157481216750174208,2443281068,False,und,Sat Aug 03 03:32:47 +0000 2019,0,0,@deficienci https://t.co/XXVpDkYvrN
1157459918858797056,1157459795965726720,802958889171832833,False,en,Sat Aug 03 01:15:23 +0000 2019,5,1,and is this targeted advertising?
1157459795965726720,,,False,en,Sat Aug 03 01:14:54 +0000 2019,12,1,ok but y is the girl on my hair dye box more emo than me https://t.co/eGTKO1OIHI
1157415167124049920,1157412770012250112,822771971716849666,False,en,Fri Aug 02 22:17:34 +0000 2019,35,6,"@doIIpxrts nobody: 
kpoop stans: https://t.co/n6Qzh3gPdt"
1157332205741338625,,,False,en,Fri Aug 02 16:47:54 +0000 2019,0,95,RT @scenephaze: drown in ur fake personality
1157133923618414598,,,False,en,Fri Aug 02 03:40:00 +0000 2019,9,7,girlz dat h8 on m3 r jus insecure with themselves hehe¯\_(ツ)_/¯
1157130312029069313,,,False,en,Fri Aug 02 03:25:39 +0000 2019,6,1,throwing up so hard u pee a little bit&gt;
1157101518962622464,1157078178755567617,1196307800,False,en,Fri Aug 02 01:31:14 +0000 2019,2,0,@scenephaze @boyydivison i wan cuddle🥺
1157087921943396352,1157087881816506368,802958889171832833,False,en,Fri Aug 02 00:37:12 +0000 2019,2,0,add me @ rimoomoo
1156803101455601665,,,False,en,Thu Aug 01 05:45:26 +0000 2019,0,26,RT @dripwizard: Genuinely feel like I should kill myself
1156653662002794497,1156653487557472256,1156013036,False,en,Wed Jul 31 19:51:37 +0000 2019,2,0,@deadstockshawty i said xans cuz she was talking about xans....
1156598698194788352,1156453975152971776,1156013036,False,en,Wed Jul 31 16:13:12 +0000 2019,2,0,@deadstockshawty i could fit 3-4 xans in between her brows ong🤡
1156315645681606656,,,False,en,Tue Jul 30 21:28:27 +0000 2019,0,3,RT @31x_01: i wanna eat out a cute girl
1156273862146834432,1156273482407145472,2355819367,False,en,Tue Jul 30 18:42:25 +0000 2019,1,0,@macaulaycockins u look like ur in pain
1156260934945394688,1156257926438256640,1043349152631902208,False,en,Tue Jul 30 17:51:03 +0000 2019,2,0,@pillystrap i’ll literally kill u
1156219883996139521,1156219544513519616,1965122462,False,en,Tue Jul 30 15:07:56 +0000 2019,2,0,@nicdarko my personality changing throughout the day
1156018505528930305,1155944883623849986,1054612446957039616,False,en,Tue Jul 30 01:47:44 +0000 2019,2,0,@jaIexandra literally wtf i’m going to kms
1155944108206129152,1155944015981940738,2904361677,False,en,Mon Jul 29 20:52:06 +0000 2019,0,0,@ShiaLabeouf666 ...music box versions
1155943546777587712,1155927508195270656,2904361677,False,und,Mon Jul 29 20:49:52 +0000 2019,0,0,@ShiaLabeouf666 https://t.co/faKKf925l7
1155943286869073920,1155927508195270656,2904361677,False,en,Mon Jul 29 20:48:50 +0000 2019,0,0,@ShiaLabeouf666 i have 1 4 u
1155802668650024960,1155676425959170048,2728666961,False,en,Mon Jul 29 11:30:04 +0000 2019,1,0,@kodonism @fluoros0 this the cutest shit i’ve evr seen🥺
1155505336754688000,1155496362219200512,2904361677,False,en,Sun Jul 28 15:48:35 +0000 2019,0,0,@ShiaLabeouf666 idk who u are
1155489255767986177,1155363941612056577,2904361677,False,en,Sun Jul 28 14:44:41 +0000 2019,1,0,@ShiaLabeouf666 poser
1153815778174464000,1153815637086441473,2904361677,False,en,Tue Jul 23 23:54:53 +0000 2019,0,0,@ShiaLabeouf666 can u read?
1153455915950997504,1153451665695158272,1473183000,False,en,Tue Jul 23 00:04:55 +0000 2019,2,0,@bbycyanide BIG MOOD
1153455806731317248,,,False,en,Tue Jul 23 00:04:29 +0000 2019,0,0,@jobforacow @bbycyanide ok but the right is so disrespectful to all those albums
1153349674205495303,1153349595465826306,802958889171832833,False,und,Mon Jul 22 17:02:45 +0000 2019,4,0,https://t.co/TWUGVzVB6X
1153349595465826306,,,False,en,Mon Jul 22 17:02:26 +0000 2019,9,1,i got mad at this girl n called her out for stealing my shirt n now she’s telling everyone i’m a pedophile?? i rly can’t make this shit up
1153130399553343490,,,False,en,Mon Jul 22 02:31:26 +0000 2019,7,7,being alive is embarrassing
1153110755656421376,1153109036818059264,2991098854,False,und,Mon Jul 22 01:13:22 +0000 2019,0,0,@fluoros0 &lt;3
1153105593948786688,1153093508556709888,1123501933485068288,False,en,Mon Jul 22 00:52:51 +0000 2019,2,0,@scenesaw i cri &lt;3
1152952647025954818,1152818766952062976,1073098475716235264,False,en,Sun Jul 21 14:45:06 +0000 2019,18,1,@sovietmuse i can’t believe ppl murder these angels v~v
1152811923802480640,,,False,en,Sun Jul 21 05:25:55 +0000 2019,0,2,RT @31x_01: i'm fat frog face retard
1152447597870628864,1152443860037066754,767867987458043904,False,en,Sat Jul 20 05:18:13 +0000 2019,1,0,@nizzyl_ heaven
1152426232237064192,1152424225749291010,768968099907276800,False,en,Sat Jul 20 03:53:19 +0000 2019,1,0,@lilpumpswife_ i do this 2 instead of using the thin ass covers they have
1152349484417835008,1152326201924554752,2991098854,False,en,Fri Jul 19 22:48:21 +0000 2019,2,0,@fluoros0 that’s god right there
1152349451924586496,1152326201924554752,2991098854,False,en,Fri Jul 19 22:48:13 +0000 2019,1,0,@fluoros0 lmao me
1152237015829606400,,,False,en,Fri Jul 19 15:21:26 +0000 2019,19,7,"i h8 when people see me
i don’t wanna be seen."
1151993536012701696,1151974917362999296,82208601,False,und,Thu Jul 18 23:13:56 +0000 2019,2,0,@ludburger @nicdarko https://t.co/cTLrrTdSvL
1151965637423460352,,,False,und,Thu Jul 18 21:23:05 +0000 2019,41,13,https://t.co/MbqoWPbXJM
1151653913604415488,1151610483478155264,2904361677,False,und,Thu Jul 18 00:44:24 +0000 2019,0,0,@ShiaLabeouf666 thxxx
1151648214774243329,1151648086219001856,1611750228,False,in,Thu Jul 18 00:21:45 +0000 2019,1,0,@SARAHNFRANCOIS sososoo good. *_*
1151588243688681472,1151587971537219586,2991098854,False,und,Wed Jul 17 20:23:27 +0000 2019,1,0,@fluoros0 ty^~^
1151353817289482240,1151352584109584384,2904361677,False,en,Wed Jul 17 04:51:55 +0000 2019,1,0,@ShiaLabeouf666 what console
1151340694276988929,1151339736134541312,1143458802,False,en,Wed Jul 17 03:59:47 +0000 2019,5,1,@amunangel how cute
1151338058068795393,1151337968285523969,2355819367,False,und,Wed Jul 17 03:49:18 +0000 2019,1,0,@macaulaycockins 🐱
1151280129839996928,,,False,vi,Tue Jul 16 23:59:07 +0000 2019,5,3,"her: ฅ(*°n°*ฅ)
me: :("
1151136949429665792,1151128240104378370,1965122462,False,und,Tue Jul 16 14:30:10 +0000 2019,2,0,@nicdarko omw
1151136546390601728,1151134981021822976,72691752,False,en,Tue Jul 16 14:28:34 +0000 2019,1,0,"@NEDARBNAGROM portland oregon, burgerville truss"
1151135356714016769,,,False,und,Tue Jul 16 14:23:50 +0000 2019,11,7,https://t.co/TVZoWbIVjG
1150985103155191808,,,False,en,Tue Jul 16 04:26:47 +0000 2019,7,3,i think i need 2 b medicated
1150851770454704128,1150850341564321792,2355819367,False,und,Mon Jul 15 19:36:58 +0000 2019,0,0,@macaulaycockins no
1150803437799346176,1150803373953822721,2991098854,False,und,Mon Jul 15 16:24:55 +0000 2019,1,0,@fluoros0 yes /.\
1150798297407168512,1150797660384890880,1965122462,False,en,Mon Jul 15 16:04:29 +0000 2019,2,0,@nicdarko angel  4 real
1150623573242892288,1147966292709826565,1143458802,False,en,Mon Jul 15 04:30:12 +0000 2019,2,0,@amunangel destroy all humans
1150605937528324098,1150599865702834176,1089479328818028544,False,en,Mon Jul 15 03:20:07 +0000 2019,1,0,@31x_01 i wanna hold ur hand🥺
1150603071921070080,1150600471624781826,859237920020025345,False,no,Mon Jul 15 03:08:44 +0000 2019,0,0,@Lohanfuckme skskakskiisj
1150518786165882881,1150246540528635904,1252980949,False,en,Sun Jul 14 21:33:48 +0000 2019,0,0,@thelegendtony5 i’d rather wipe my ass with the flag
1150267938923958272,,,False,en,Sun Jul 14 04:57:02 +0000 2019,5,2,i don’t want to stand out
1150251048855977985,1150250868303962112,2991098854,False,en,Sun Jul 14 03:49:55 +0000 2019,1,0,@fluoros0 they have pesticides in them 🤩
1149868890580631552,,,False,en,Sat Jul 13 02:31:21 +0000 2019,4,2,imagine creating an entire person
1149863945668218880,,,False,en,Sat Jul 13 02:11:42 +0000 2019,0,33,RT @Ppgcasper: I wish that you didn’t need to eat food
1149863743683088384,1149832191515361280,1089479328818028544,False,en,Sat Jul 13 02:10:54 +0000 2019,0,0,@31x_01 wow i luv u
1149860856613593088,1149859663627849730,2991098854,False,en,Sat Jul 13 01:59:26 +0000 2019,0,0,@fluoros0 ~cries~
1149083667639095296,,,False,en,Wed Jul 10 22:31:09 +0000 2019,4,2,i love turkeys
1148758636652400640,1148746090755305472,868275504507387904,False,en,Wed Jul 10 00:59:36 +0000 2019,1,0,@LAIL442 -sigh-
1148745496623636480,1148745220697276416,868275504507387904,False,en,Wed Jul 10 00:07:23 +0000 2019,1,0,@LAIL442 instagram killed tumblr
1148640359615909888,1148638448309481480,2991098854,False,en,Tue Jul 09 17:09:37 +0000 2019,3,1,@fluoros0 i don’t like u i’ll probably leave when i nut
1148626548905299968,,,False,en,Tue Jul 09 16:14:44 +0000 2019,0,1,RT @31x_01: ur what i feel in my soul
1148321375565705216,1148321102805909505,2355819367,False,en,Mon Jul 08 20:02:05 +0000 2019,0,0,@macaulaycockins believe me i try
1148268745233592327,1148263847712546816,802958889171832833,False,en,Mon Jul 08 16:32:57 +0000 2019,1,1,@JacquelineCity @1vomit23 i replied defending someone who suffers from anorexia and was clearly offended by your in… https://t.co/dGIvsDXkt1
1147741451305885704,,,False,en,Sun Jul 07 05:37:40 +0000 2019,0,94,RT @amunangel: i don't understand why ppl care to be understood
1146523308654862337,1125855905239592970,1043349152631902208,False,en,Wed Jul 03 20:57:12 +0000 2019,2,0,@pillystrap i’ll luv u instead
1146521045622411266,1146484796664639489,2355819367,False,en,Wed Jul 03 20:48:13 +0000 2019,2,0,@macaulaycockins women&gt;&gt;&gt;&gt;
1146064185857437696,,,False,en,Tue Jul 02 14:32:49 +0000 2019,13,3,i wish sum1 cared abt me
1144311476733087744,1144302511710322688,765269348,False,en,Thu Jun 27 18:28:10 +0000 2019,0,0,@SERENASTY that’s how many times i wanna kith u uwu 🥴
1143577264061239296,,,False,en,Tue Jun 25 17:50:41 +0000 2019,6,1,i saw my first furry today.
1143532032598745089,,,False,en,Tue Jun 25 14:50:57 +0000 2019,10,4,"picture this: suicide silence - the cleansing album, but tattooed on my ass"
1143526495479988224,1143454970663993344,1002185122743922690,False,en,Tue Jun 25 14:28:56 +0000 2019,1,0,@clownprync3ss that is a ok w me
1140532410271977472,1140432362662236160,919401382884585473,False,und,Mon Jun 17 08:11:31 +0000 2019,0,0,@UNDERGROUNDV4MP https://t.co/WxHQBR5yi9
1131509193725190144,,,False,en,Thu May 23 10:36:28 +0000 2019,0,55,"RT @emotaxi: ur girlfriend///boyfriend should nvr be ur first priority,, ur first priority should always b OLD BMTH ...!!!!"
1128570438706008064,,,False,und,Wed May 15 07:58:55 +0000 2019,0,7,RT @LobMeSomeHoes: https://t.co/rSpc5bZvm6
1122705224005611521,,,False,ja,Mon Apr 29 03:32:38 +0000 2019,13,5,ლ(~•̀︿•́~)つ︻̷┻̿═━一 https://t.co/txRYxSfUqY
1113270730119012353,1113261414846799873,834436297947226113,False,en,Wed Apr 03 02:43:20 +0000 2019,0,0,@eleventhkarma @lilpeepdaily i meant life in general not the song lol
1112889987622625280,,,False,en,Tue Apr 02 01:30:24 +0000 2019,1206,388,this peep verse&gt;life https://t.co/WdgpwHJlHJ
1088274643096547328,,,False,en,Thu Jan 24 03:17:48 +0000 2019,121,44,me talking to my stomach when it growls https://t.co/sb06RrIg6Z
1086403428551520256,1086379309458026496,765269348,False,en,Fri Jan 18 23:22:16 +0000 2019,2,0,@SERENASTY we don’t stan mean oranges in this house 😓
1085919748427177985,,,False,en,Thu Jan 17 15:20:18 +0000 2019,0,2,RT @xsydny: bich why can’t i fall asleep
1064596571394699267,,,False,en,Mon Nov 19 19:09:36 +0000 2018,32,12,"If you got anything negative to say about peep or X, y’all can block me right the fuck now. I’m tired of seeing tha… https://t.co/NRgw7WvMca"
1057547277097725952,,,False,en,Wed Oct 31 08:18:13 +0000 2018,19,8,Happy Halloween from lil peep and lil peepkin 🐣🎃 https://t.co/XrrYBlpjBg
1009768945199398912,,,False,en,Thu Jun 21 12:04:11 +0000 2018,0,36795,RT @xxxtentacion: my heart has been broken for a very long time.
1004096042109812736,,,True,en,Tue Jun 05 20:22:06 +0000 2018,0,79907,"RT @dalizzze: *mom talking to siblings*
“Do you really want to end up like your sister?” 
Me: https://t.co/YHK30bhMaj"
964975637369778176,,,False,en,Sat Feb 17 21:31:34 +0000 2018,0,49674,RT @sasukies: why r u runnin saske ??? https://t.co/xiCPJWk6nR
961727452786520064,961709899313946624,2574090878,False,und,Thu Feb 08 22:24:27 +0000 2018,79,7,@Coldh4rt  https://t.co/BYx2F1eab0
960810999090565120,,,True,en,Tue Feb 06 09:42:47 +0000 2018,58,13,"When you’re 5ft tall, at a concert and the artist yells out “are you ready to mosh?” https://t.co/D0ZVvYndJY"
931928610117533696,,,False,en,Sat Nov 18 16:54:29 +0000 2017,5,3,I'm still waiting for this to be a big joke
931140478874959872,,,False,en,Thu Nov 16 12:42:44 +0000 2017,0,177,RT @omgimwigs: sometimes life gets fucked up
931042557613584385,,,False,en,Thu Nov 16 06:13:38 +0000 2017,4,1,I can't fucking believe this....
928956210803437568,,,False,en,Fri Nov 10 12:03:14 +0000 2017,13,2,"I can’t wait to be depressed in the city, instead of depressed in the middle of nowhere."
922932669205188609,,,True,en,Tue Oct 24 21:07:50 +0000 2017,6,1,I miss you too 💜 https://t.co/7kAAFzIx7Z
921688184685133825,,,False,en,Sat Oct 21 10:42:42 +0000 2017,8,2,I wanna shove my fingers down @Lilpeep ‘s throat
919855520818741249,,,False,en,Mon Oct 16 09:20:20 +0000 2017,0,4726,RT @Lilpeep: Hey love u rt
917469888188313601,,,False,en,Mon Oct 09 19:20:41 +0000 2017,28,2,I love you 🖤 https://t.co/qc8iSA6Mcw
844325394224328704,,,False,und,Tue Mar 21 23:10:35 +0000 2017,0,288,RT @TweetingTokyo: https://t.co/KNsG7mZ1Qp
815752675996368896,,,False,en,Mon Jan 02 02:52:48 +0000 2017,0,15540,RT @chillstrege: hollywood sign looks crazy rn https://t.co/XaFleVx2aB
